사고번호,사고일시,요일,시군구,사고내용,사망자수,중상자수,경상자수,부상신고자수,사고유형,법규위반,노면상태,기상상태,도로형태,가해운전자 차종,가해운전자 성별,가해운전자 연령,가해운전자 상해정도,피해운전자 차종,피해운전자 성별,피해운전자 연령,피해운전자 상해정도
2014010800100169,2014년 1월 8일 11시,수요일,경상북도 상주시 화개동,중상사고,0,1,1,0,차대차 - 기타,신호위반,건조,맑음,교차로 - 교차로안,승용,여,29세,상해없음,승용,남,70세,경상
2014010800100170,2014년 1월 8일 11시,수요일,경상북도 영양군 석보면,중상사고,0,1,1,0,차대차 - 측면직각충돌,안전운전불이행,건조,맑음,단일로 - 기타,농기계,남,47세,상해없음,화물,남,60세,중상
2014010800100196,2014년 1월 8일 12시,수요일,경상북도 경주시 외동읍,중상사고,0,1,0,0,차대차 - 정면충돌,중앙선침범,습기,눈,단일로 - 기타,승용,남,32세,상해없음,화물,남,46세,상해없음
2014010800100197,2014년 1월 8일 12시,수요일,경상북도 안동시 명륜동,경상사고,0,0,1,0,차대사람 - 기타,안전운전불이행,건조,맑음,단일로 - 기타,승용,남,59세,상해없음,보행자,남,61세,경상
2014010800100198,2014년 1월 8일 12시,수요일,경상북도 안동시 옥동,경상사고,0,0,1,0,차대사람 - 기타,안전운전불이행,건조,맑음,교차로 - 교차로부근,승용,남,65세,상해없음,보행자,여,56세,경상
2014010800100222,2014년 1월 8일 13시,수요일,경상북도 포항시 남구 인덕동,경상사고,0,0,3,0,차대차 - 추돌 - 주정차중,안전운전불이행,습기,비,단일로 - 기타,화물,남,33세,상해없음,승용,여,38세,경상
2014010800100240,2014년 1월 8일 14시,수요일,경상북도 영주시 하망동,중상사고,0,1,0,0,차대사람 - 기타,신호위반,건조,맑음,단일로 - 기타,승용,남,64세,상해없음,보행자,남,75세,중상
2014010800100262,2014년 1월 8일 15시,수요일,경상북도 경주시 현곡면,경상사고,0,0,1,0,차대차 - 기타,안전운전불이행,습기,흐림,교차로 - 교차로안,승용,여,36세,상해없음,원동기,남,30세,경상
2014010800100283,2014년 1월 8일 16시,수요일,경상북도 상주시 남성동,중상사고,0,1,0,0,차대차 - 기타,교차로운행방법위반,건조,맑음,교차로 - 교차로안,승용,남,46세,상해없음,승용,여,48세,중상
2014010800100310,2014년 1월 8일 17시,수요일,경상북도 포항시 북구 죽도동,경상사고,0,0,1,0,차대차 - 기타,교차로운행방법위반,건조,맑음,교차로 - 교차로안,승용,남,36세,상해없음,원동기,남,62세,경상
2014010800100311,2014년 1월 8일 17시,수요일,경상북도 청송군 청송읍,중상사고,0,1,0,0,차대차 - 기타,안전운전불이행,건조,맑음,단일로 - 기타,화물,남,27세,상해없음,원동기,남,25세,중상
2014010800100312,2014년 1월 8일 17시,수요일,경상북도 포항시 남구 연일읍,중상사고,0,1,0,0,차대차 - 측면직각충돌,신호위반,습기,비,교차로 - 교차로부근,승용,남,33세,상해없음,원동기,남,77세,중상
2014010800100352,2014년 1월 8일 18시,수요일,경상북도 안동시 용상동,경상사고,0,0,1,0,차대차 - 추돌 - 주정차중,안전운전불이행,건조,맑음,단일로 - 기타,화물,남,56세,상해없음,승용,여,49세,경상
2014010800100353,2014년 1월 8일 18시,수요일,경상북도 영주시 봉현면,중상사고,0,1,0,0,차대차 - 기타,중앙선침범,건조,맑음,단일로 - 기타,원동기,남,56세,중상,승용,남,30세,상해없음
2014010800100354,2014년 1월 8일 18시,수요일,경상북도 영주시 조암동,중상사고,0,1,0,0,차대차 - 추돌 - 주정차중,안전운전불이행,건조,맑음,교차로 - 교차로부근,화물,남,44세,상해없음,승용,여,44세,중상
2014010800100355,2014년 1월 8일 18시,수요일,경상북도 칠곡군 왜관읍,경상사고,0,0,1,0,차대차 - 추돌 - 진행중,안전거리미확보,건조,맑음,단일로 - 기타,승용,남,68세,상해없음,건설기계,남,40세,경상
2014010800100380,2014년 1월 8일 19시,수요일,경상북도 상주시 서성동,경상사고,0,0,1,0,차대사람 - 기타,안전운전불이행,건조,맑음,단일로 - 기타,승용,여,41세,상해없음,보행자,남,56세,경상
2014010800100381,2014년 1월 8일 19시,수요일,경상북도 구미시 공단동,경상사고,0,0,2,0,차대차 - 기타,직진우회전진행방해,건조,맑음,교차로 - 교차로안,승용,남,24세,경상,승용,남,36세,경상
2014010800100382,2014년 1월 8일 19시,수요일,경상북도 포항시 남구 연일읍,경상사고,0,0,1,0,차대차 - 측면직각충돌,중앙선침범,건조,맑음,단일로 - 기타,승용,남,60세,상해없음,승용,여,47세,경상
2014010800100408,2014년 1월 8일 20시,수요일,경상북도 경주시 성동동,중상사고,0,1,0,0,차대차 - 기타,안전운전불이행,건조,맑음,단일로 - 횡단보도상,승용,남,51세,상해없음,자전거,여,41세,중상
2014010800100409,2014년 1월 8일 20시,수요일,경상북도 포항시 북구 용흥동,중상사고,0,1,0,0,차대사람 - 기타,보행자보호의무위반,건조,맑음,교차로 - 교차로부근,승용,남,25세,상해없음,보행자,여,69세,중상
2014010800100410,2014년 1월 8일 20시,수요일,경상북도 구미시 송정동,경상사고,0,0,1,0,차대사람 - 기타,안전운전불이행,건조,맑음,단일로 - 기타,승용,남,57세,상해없음,보행자,여,19세,경상
2014010800100455,2014년 1월 8일 22시,수요일,경상북도 칠곡군 석적읍,경상사고,0,0,2,0,차대차 - 추돌 - 주정차중,안전운전불이행,건조,맑음,교차로 - 교차로부근,승용,남,29세,상해없음,승용,남,34세,경상
2014010800100456,2014년 1월 8일 22시,수요일,경상북도 경산시 사동,경상사고,0,0,1,0,차대차 - 기타,안전운전불이행,건조,맑음,교차로 - 교차로부근,승용,남,42세,상해없음,특수,남,26세,경상
2014010800100457,2014년 1월 8일 22시,수요일,경상북도 구미시 도량동,중상사고,0,4,0,0,차대차 - 기타,교차로운행방법위반,건조,맑음,교차로 - 교차로안,승용,남,50세,상해없음,승용,남,44세,중상
2014010900100031,2014년 1월 9일 01시,목요일,경상북도 포항시 북구 두호동,경상사고,0,0,1,0,차대차 - 추돌 - 주정차중,안전거리미확보,건조,맑음,교차로 - 교차로부근,승용,남,45세,상해없음,승용,여,53세,경상
2014010900100047,2014년 1월 9일 04시,목요일,경상북도 포항시 남구 해도동,중상사고,0,1,0,0,차대차 - 기타,안전운전불이행,건조,맑음,단일로 - 기타,승용,남,60세,상해없음,승용,남,29세,중상
2014010900100069,2014년 1월 9일 06시,목요일,경상북도 경산시 계양동,경상사고,0,0,2,0,차대차 - 기타,신호위반,건조,맑음,교차로 - 교차로안,승용,남,24세,경상,승용,남,36세,경상
2014010900100090,2014년 1월 9일 07시,목요일,경상북도 경산시 중방동,경상사고,0,0,1,0,차대사람 - 기타,보행자보호의무위반,건조,맑음,교차로 - 교차로안,승용,남,57세,상해없음,보행자,여,49세,경상
2014010900100110,2014년 1월 9일 08시,목요일,경상북도 경산시 계양동,경상사고,0,0,1,0,차대차 - 기타,안전운전불이행,건조,맑음,교차로 - 교차로안,기타불명,기타불명,기타불명,기타불명,자전거,남,13세,경상
2014010900100111,2014년 1월 9일 08시,목요일,경상북도 경산시 옥곡동,중상사고,0,1,0,0,차대차 - 기타,안전운전불이행,건조,맑음,교차로 - 교차로안,승용,남,44세,상해없음,자전거,여,71세,중상
2014010900100128,2014년 1월 9일 09시,목요일,경상북도 포항시 북구 우현동,중상사고,0,1,0,0,차대차 - 기타,안전운전불이행,건조,맑음,단일로 - 기타,승용,여,33세,상해없음,원동기,남,68세,중상
2014010900100129,2014년 1월 9일 09시,목요일,경상북도 상주시 부원동,중상사고,0,1,0,0,차대차 - 기타,안전운전불이행,건조,맑음,기타 - 기타,승합,여,42세,상해없음,승용,남,33세,중상
2014010900100130,2014년 1월 9일 09시,목요일,경상북도 영주시 문수면,중상사고,0,1,0,0,차량단독 - 기타,안전운전불이행,결빙,맑음,단일로 - 기타,이륜,남,66세,중상,,,,
2014010900100175,2014년 1월 9일 11시,목요일,경상북도 영천시 화룡동,중상사고,0,1,0,0,차대사람 - 기타,안전운전불이행,건조,맑음,기타 - 기타,승용,여,36세,상해없음,보행자,여,80세,중상
2014010900100176,2014년 1월 9일 11시,목요일,경상북도 경산시 중방동,중상사고,0,1,0,0,차대사람 - 차도통행중,안전운전불이행,건조,맑음,교차로 - 교차로부근,승용,남,45세,상해없음,보행자,남,80세,중상
2014010900100207,2014년 1월 9일 12시,목요일,경상북도 경산시 자인면,사망사고,1,0,0,0,차대차 - 기타,직진우회전진행방해,건조,맑음,교차로 - 교차로안,화물,남,42세,상해없음,이륜,남,40세,사망
2014010900100228,2014년 1월 9일 13시,목요일,경상북도 포항시 북구 남빈동,중상사고,0,1,0,0,차대차 - 기타,중앙선침범,건조,맑음,단일로 - 기타,승용,여,40세,상해없음,원동기,남,35세,중상
2014010900100229,2014년 1월 9일 13시,목요일,경상북도 칠곡군 가산면,중상사고,0,2,2,1,차대차 - 기타,신호위반,건조,맑음,교차로 - 교차로안,승용,남,76세,부상신고,화물,남,38세,경상
2014010900100256,2014년 1월 9일 14시,목요일,경상북도 영천시 야사동,중상사고,0,1,0,0,차대사람 - 보도통행중,보행자보호의무위반,건조,맑음,교차로 - 교차로부근,화물,남,46세,상해없음,보행자,여,71세,중상
2014010900100257,2014년 1월 9일 14시,목요일,경상북도 청도군 청도읍,경상사고,0,0,1,0,차대차 - 측면직각충돌,안전운전불이행,건조,맑음,교차로 - 교차로안,화물,남,68세,상해없음,원동기,남,71세,경상
2014010900100258,2014년 1월 9일 14시,목요일,경상북도 구미시 원평동,경상사고,0,0,2,0,차대차 - 기타,안전운전불이행,건조,맑음,교차로 - 교차로안,승용,남,37세,상해없음,승용,남,23세,경상
2014010900100290,2014년 1월 9일 15시,목요일,경상북도 상주시 함창읍,중상사고,0,1,0,0,차대차 - 기타,안전운전불이행,건조,맑음,단일로 - 기타,승합,남,39세,상해없음,승합,남,51세,중상
2014010900100291,2014년 1월 9일 15시,목요일,경상북도 구미시 황상동,중상사고,0,1,0,0,차대사람 - 기타,안전운전불이행,건조,맑음,기타 - 기타,승용,여,34세,상해없음,보행자,여,36세,중상
2014010900100318,2014년 1월 9일 16시,목요일,경상북도 안동시 임하면,중상사고,0,1,3,0,차대차 - 기타,안전거리미확보,건조,맑음,단일로 - 기타,화물,남,50세,상해없음,승용,남,31세,경상
2014010900100319,2014년 1월 9일 16시,목요일,경상북도 구미시 송정동,경상사고,0,0,1,0,차대차 - 측면직각충돌,신호위반,건조,맑음,교차로 - 교차로안,이륜,남,16세,경상,승용,여,37세,상해없음
2014010900100348,2014년 1월 9일 17시,목요일,경상북도 상주시 사벌면,중상사고,0,1,0,0,차대사람 - 기타,안전운전불이행,건조,맑음,단일로 - 기타,농기계,남,53세,상해없음,보행자,여,72세,중상
2014010900100349,2014년 1월 9일 17시,목요일,경상북도 영주시 가흥동,경상사고,0,0,1,0,차대차 - 측면직각충돌,신호위반,건조,맑음,교차로 - 교차로안,화물,남,69세,상해없음,승용,여,46세,경상
2014010900100379,2014년 1월 9일 18시,목요일,경상북도 경산시 중방동,경상사고,0,0,1,0,차대차 - 기타,직진우회전진행방해,건조,맑음,교차로 - 교차로안,승용,여,62세,상해없음,이륜,남,17세,경상
2014010900100380,2014년 1월 9일 18시,목요일,경상북도 영덕군 강구면,경상사고,0,0,1,0,차대차 - 측면직각충돌,안전운전불이행,건조,맑음,단일로 - 기타,승용,남,40세,상해없음,화물,남,57세,경상
2014010900100381,2014년 1월 9일 18시,목요일,경상북도 고령군 고령읍,경상사고,0,0,3,0,차대차 - 측면직각충돌,안전운전불이행,건조,맑음,단일로 - 횡단보도상,승용,여,60세,경상,화물,남,66세,경상
2014010900100382,2014년 1월 9일 18시,목요일,경상북도 포항시 남구 일월동,경상사고,0,0,2,0,차대차 - 측면직각충돌,신호위반,건조,맑음,교차로 - 교차로안,승용,여,31세,경상,승용,남,62세,경상
2014010900100410,2014년 1월 9일 19시,목요일,경상북도 김천시 응명동,사망사고,1,1,0,0,차대사람 - 기타,보행자보호의무위반,건조,맑음,단일로 - 기타,승용,남,27세,상해없음,보행자,남,53세,사망
2014010900100411,2014년 1월 9일 19시,목요일,경상북도 포항시 남구 연일읍,경상사고,0,0,1,0,차대차 - 기타,안전운전불이행,건조,맑음,단일로 - 기타,승용,여,30세,경상,화물,남,39세,상해없음
2014010900100434,2014년 1월 9일 20시,목요일,경상북도 칠곡군 동명면,부상신고사고,0,0,0,2,차량단독 - 전도전복,안전운전불이행,건조,맑음,단일로 - 기타,승용,남,18세,부상신고,,,,
2014010900100435,2014년 1월 9일 20시,목요일,경상북도 경산시 압량면,중상사고,0,1,0,0,차대차 - 기타,안전운전불이행,건조,맑음,교차로 - 교차로부근,원동기,남,19세,상해없음,승용,남,28세,상해없음
2014010900100457,2014년 1월 9일 21시,목요일,경상북도 안동시 송현동,중상사고,0,1,0,0,차대차 - 기타,중앙선침범,건조,맑음,단일로 - 기타,승용,남,40세,상해없음,승용,남,29세,중상
2014010900100492,2014년 1월 9일 23시,목요일,경상북도 김천시 황금동,경상사고,0,0,2,0,차대차 - 측면직각충돌,중앙선침범,건조,맑음,교차로 - 교차로안,승용,남,24세,상해없음,승용,남,48세,경상
2014011000100026,2014년 1월 10일 01시,금요일,경상북도 포항시 북구 두호동,경상사고,0,0,4,1,차대차 - 기타,중앙선침범,건조,맑음,단일로 - 횡단보도부근,승용,남,41세,경상,승용,남,59세,경상
2014011000100045,2014년 1월 10일 04시,금요일,경상북도 경주시 외동읍,중상사고,0,2,0,0,차량단독 - 공작물충돌,안전운전불이행,건조,맑음,단일로 - 기타,승용,남,48세,중상,,,,
2014011000100075,2014년 1월 10일 07시,금요일,경상북도 칠곡군 지천면,경상사고,0,0,1,0,차대차 - 기타,신호위반,건조,맑음,교차로 - 교차로안,승용,남,46세,상해없음,승용,남,53세,경상
2014011000100095,2014년 1월 10일 08시,금요일,경상북도 영주시 가흥동,경상사고,0,0,1,0,차대차 - 정면충돌,중앙선침범,습기,맑음,단일로 - 기타,승용,남,29세,상해없음,승용,남,65세,경상
2014011000100145,2014년 1월 10일 10시,금요일,경상북도 구미시 송정동,경상사고,0,0,1,0,차대차 - 기타,안전운전불이행,건조,맑음,단일로 - 기타,승용,남,42세,상해없음,자전거,남,71세,경상
2014011000100166,2014년 1월 10일 11시,금요일,경상북도 포항시 남구 해도동,경상사고,0,0,1,0,차대차 - 측면직각충돌,안전운전불이행,건조,맑음,단일로 - 기타,원동기,남,65세,경상,화물,남,65세,상해없음
2014011000100186,2014년 1월 10일 12시,금요일,경상북도 구미시 금전동,중상사고,0,1,1,0,차대차 - 기타,기타,건조,흐림,교차로 - 교차로안,화물,남,32세,중상,승용,남,52세,경상
2014011000100208,2014년 1월 10일 13시,금요일,경상북도 경주시 성동동,중상사고,0,1,0,0,차대차 - 기타,안전운전불이행,건조,맑음,교차로 - 교차로안,승용,남,48세,상해없음,원동기,여,39세,중상
2014011000100209,2014년 1월 10일 13시,금요일,경상북도 경산시 임당동,중상사고,0,1,0,0,차대차 - 기타,교차로운행방법위반,건조,맑음,교차로 - 교차로안,화물,남,22세,상해없음,이륜,남,56세,중상
2014011000100230,2014년 1월 10일 14시,금요일,경상북도 경주시 황성동,경상사고,0,0,1,0,차대차 - 기타,안전운전불이행,건조,맑음,교차로 - 교차로안,원동기,여,49세,경상,화물,남,22세,상해없음
2014011000100231,2014년 1월 10일 14시,금요일,경상북도 김천시 황금동,경상사고,0,0,1,0,차대사람 - 기타,안전운전불이행,건조,맑음,단일로 - 기타,화물,남,59세,상해없음,보행자,여,79세,경상
2014011000100254,2014년 1월 10일 15시,금요일,경상북도 경주시 건천읍,경상사고,0,0,2,0,차대차 - 기타,안전운전불이행,건조,맑음,교차로 - 교차로안,승용,여,51세,경상,승용,남,32세,경상
2014011000100255,2014년 1월 10일 15시,금요일,경상북도 경주시 건천읍,경상사고,0,0,1,1,차대차 - 기타,안전운전불이행,건조,맑음,단일로 - 기타,화물,남,38세,부상신고,화물,남,44세,경상
2014011000100278,2014년 1월 10일 16시,금요일,경상북도 경주시 황성동,경상사고,0,0,1,1,차대차 - 기타,안전운전불이행,건조,맑음,단일로 - 기타,승용,남,17세,상해없음,승용,남,51세,경상
2014011000100279,2014년 1월 10일 16시,금요일,경상북도 경주시 외동읍,부상신고사고,0,0,0,1,차대차 - 기타,안전운전불이행,건조,맑음,단일로 - 교량,승용,남,31세,부상신고,특수,남,38세,상해없음
2014011000100280,2014년 1월 10일 16시,금요일,경상북도 칠곡군 북삼읍,경상사고,0,0,1,0,차대사람 - 기타,안전운전불이행,건조,맑음,단일로 - 기타,승용,남,58세,상해없음,보행자,남,15세,경상
2014011000100301,2014년 1월 10일 17시,금요일,경상북도 포항시 북구 흥해읍,중상사고,0,1,1,0,차대차 - 기타,안전운전불이행,건조,맑음,단일로 - 기타,화물,남,63세,상해없음,승용,여,52세,경상
2014011000100302,2014년 1월 10일 17시,금요일,경상북도 안동시 광석동,경상사고,0,0,1,0,차대차 - 기타,직진우회전진행방해,건조,맑음,교차로 - 교차로안,승용,여,30세,상해없음,원동기,여,20세,경상
2014011000100303,2014년 1월 10일 17시,금요일,경상북도 상주시 남성동,중상사고,0,1,0,0,차대차 - 기타,안전운전불이행,건조,맑음,단일로 - 기타,승용,여,44세,상해없음,원동기,남,16세,중상
2014011000100343,2014년 1월 10일 18시,금요일,경상북도 안동시 송현동,경상사고,0,0,2,0,차대차 - 기타,안전운전불이행,건조,맑음,단일로 - 기타,승용,남,55세,상해없음,화물,남,61세,경상
2014011000100344,2014년 1월 10일 18시,금요일,경상북도 김천시 양천동,중상사고,0,2,1,0,차대차 - 측면직각충돌,교차로운행방법위반,건조,맑음,교차로 - 교차로안,승용,여,27세,중상,화물,남,45세,경상
2014011000100345,2014년 1월 10일 18시,금요일,경상북도 김천시 부곡동,경상사고,0,0,2,0,차대차 - 추돌 - 진행중,안전운전불이행,건조,맑음,단일로 - 기타,승용,남,41세,상해없음,화물,남,59세,경상
2014011000100346,2014년 1월 10일 18시,금요일,경상북도 상주시 무양동,중상사고,0,1,0,0,차대차 - 기타,교차로운행방법위반,건조,기타,교차로 - 교차로안,승용,여,47세,상해없음,자전거,여,56세,중상
2014011000100347,2014년 1월 10일 18시,금요일,경상북도 경산시 남천면,사망사고,1,0,0,0,차대차 - 추돌 - 주정차중,안전운전불이행,건조,맑음,단일로 - 기타,이륜,남,56세,사망,화물,남,68세,상해없음
2014011000100348,2014년 1월 10일 18시,금요일,경상북도 구미시 공단동,경상사고,0,0,2,0,차대차 - 기타,안전운전불이행,건조,맑음,단일로 - 기타,화물,남,56세,상해없음,승용,남,30세,경상
2014011000100382,2014년 1월 10일 19시,금요일,경상북도 경주시 외동읍,중상사고,0,1,0,0,차대차 - 기타,안전운전불이행,건조,맑음,단일로 - 기타,승용,남,52세,상해없음,화물,남,43세,중상
2014011000100383,2014년 1월 10일 19시,금요일,경상북도 영주시 이산면,중상사고,0,1,0,0,차량단독 - 공작물충돌,안전운전불이행,건조,맑음,단일로 - 기타,승용,여,47세,중상,,,,
2014011000100419,2014년 1월 10일 20시,금요일,경상북도 경주시 황오동,중상사고,0,1,0,0,차대사람 - 기타,안전운전불이행,건조,맑음,기타 - 기타,승용,남,73세,상해없음,보행자,남,68세,중상
2014011000100420,2014년 1월 10일 20시,금요일,경상북도 구미시 황상동,경상사고,0,0,2,0,차대차 - 기타,안전운전불이행,건조,맑음,단일로 - 기타,원동기,남,16세,경상,승용,남,30세,상해없음
2014011000100450,2014년 1월 10일 21시,금요일,경상북도 칠곡군 석적읍,경상사고,0,0,1,0,차대차 - 기타,안전운전불이행,건조,맑음,기타 - 기타,승용,남,31세,상해없음,이륜,남,33세,경상
2014011000100486,2014년 1월 10일 22시,금요일,경상북도 경산시 조영동,경상사고,0,0,1,0,차대사람 - 기타,안전운전불이행,건조,맑음,단일로 - 기타,기타불명,기타불명,기타불명,기타불명,보행자,남,22세,경상
2014011100100034,2014년 1월 11일 01시,토요일,경상북도 경주시 성건동,경상사고,0,0,2,0,차대차 - 기타,안전운전불이행,건조,맑음,교차로 - 교차로안,원동기,남,18세,경상,승용,남,51세,경상
2014011100100035,2014년 1월 11일 01시,토요일,경상북도 구미시 임수동,중상사고,0,2,0,0,차대차 - 기타,안전운전불이행,건조,맑음,단일로 - 기타,승용,남,25세,기타불명,승용,남,53세,중상
2014011100100052,2014년 1월 11일 02시,토요일,경상북도 영덕군 영덕읍,사망사고,1,0,0,0,차대사람 - 기타,안전운전불이행,건조,맑음,단일로 - 기타,승용,남,42세,상해없음,보행자,남,70세,사망
2014011100100053,2014년 1월 11일 02시,토요일,경상북도 구미시 옥계동,중상사고,0,1,2,0,차대차 - 기타,신호위반,건조,맑음,교차로 - 교차로안,승용,남,32세,상해없음,승용,남,50세,중상
2014011100100054,2014년 1월 11일 02시,토요일,경상북도 구미시 원평동,중상사고,0,1,1,0,차대차 - 기타,안전운전불이행,건조,맑음,단일로 - 기타,승용,남,55세,경상,승용,남,52세,상해없음
2014011100100055,2014년 1월 11일 02시,토요일,경상북도 구미시 신동,중상사고,0,2,0,0,차대차 - 기타,안전거리미확보,건조,맑음,단일로 - 기타,승용,남,27세,중상,승용,여,26세,중상
2014011100100056,2014년 1월 11일 02시,토요일,경상북도 포항시 남구 대도동,경상사고,0,0,1,0,차대차 - 기타,직진우회전진행방해,건조,맑음,교차로 - 교차로부근,승용,남,36세,상해없음,원동기,남,27세,경상
2014011100100073,2014년 1월 11일 03시,토요일,경상북도 경주시 안강읍,경상사고,0,0,1,0,차대차 - 기타,안전운전불이행,건조,맑음,단일로 - 기타,화물,남,49세,상해없음,승용,여,44세,경상
2014011100100102,2014년 1월 11일 05시,토요일,경상북도 칠곡군 동명면,사망사고,1,0,1,0,차대차 - 추돌 - 진행중,안전운전불이행,건조,맑음,단일로 - 기타,승용,남,40세,상해없음,화물,남,48세,경상
2014011100100122,2014년 1월 11일 06시,토요일,경상북도 포항시 북구 우현동,경상사고,0,0,1,0,차대차 - 기타,안전운전불이행,건조,맑음,교차로 - 교차로부근,승용,남,30세,상해없음,승용,남,34세,경상
2014011100100123,2014년 1월 11일 06시,토요일,경상북도 경산시 사동,중상사고,0,1,0,0,차대사람 - 기타,보행자보호의무위반,건조,맑음,단일로 - 기타,승용,남,41세,상해없음,보행자,여,69세,중상
2014011100100137,2014년 1월 11일 07시,토요일,경상북도 안동시 송천동,사망사고,1,0,0,0,차대사람 - 횡단중,안전운전불이행,건조,맑음,단일로 - 기타,승용,남,50세,상해없음,보행자,여,85세,사망
2014011100100138,2014년 1월 11일 07시,토요일,경상북도 영천시 금호읍,중상사고,0,1,0,0,차대차 - 추돌 - 주정차중,안전운전불이행,건조,맑음,단일로 - 기타,화물,남,36세,상해없음,승용,남,30세,중상
2014011100100162,2014년 1월 11일 08시,토요일,경상북도 안동시 옥동,경상사고,0,0,4,0,차대차 - 기타,신호위반,건조,맑음,교차로 - 교차로안,승용,여,58세,상해없음,승합,여,29세,경상
2014011100100163,2014년 1월 11일 08시,토요일,경상북도 청도군 금천면,중상사고,0,3,0,0,차대차 - 기타,중앙선침범,건조,맑음,단일로 - 기타,승합,남,41세,상해없음,화물,남,55세,중상
2014011100100164,2014년 1월 11일 08시,토요일,경상북도 구미시 임은동,경상사고,0,0,1,0,차대차 - 추돌 - 진행중,안전운전불이행,건조,맑음,교차로 - 교차로부근,승용,남,26세,상해없음,이륜,남,43세,경상
2014011100100203,2014년 1월 11일 10시,토요일,경상북도 김천시 평화동,경상사고,0,0,1,0,차대차 - 측면직각충돌,기타,건조,맑음,단일로 - 기타,승용,남,73세,상해없음,자전거,여,74세,경상
2014011100100204,2014년 1월 11일 10시,토요일,경상북도 경산시 백천동,경상사고,0,0,1,0,차대차 - 기타,안전운전불이행,건조,맑음,단일로 - 기타,승용,여,70세,경상,승용,남,59세,상해없음
2014011100100249,2014년 1월 11일 12시,토요일,경상북도 포항시 북구 두호동,경상사고,0,0,1,1,차대차 - 기타,중앙선침범,건조,맑음,단일로 - 기타,승용,남,57세,부상신고,화물,남,22세,경상
2014011100100250,2014년 1월 11일 12시,토요일,경상북도 구미시 원평동,중상사고,0,1,0,0,차대차 - 기타,신호위반,건조,맑음,교차로 - 교차로안,승용,여,41세,상해없음,승용,남,37세,중상
2014011100100251,2014년 1월 11일 12시,토요일,경상북도 포항시 남구 대도동,경상사고,0,0,1,0,차대차 - 측면직각충돌,신호위반,건조,맑음,교차로 - 교차로안,승용,남,38세,상해없음,건설기계,남,52세,경상
2014011100100274,2014년 1월 11일 13시,토요일,경상북도 경주시 인왕동,중상사고,0,1,3,0,차대차 - 추돌 - 주정차중,안전운전불이행,건조,맑음,단일로 - 기타,승용,남,48세,상해없음,승용,남,40세,경상
2014011100100275,2014년 1월 11일 13시,토요일,경상북도 의성군 다인면,중상사고,0,1,0,0,차대차 - 측면직각충돌,기타,건조,맑음,교차로 - 교차로안,승용,남,44세,상해없음,원동기,남,81세,중상
2014011100100276,2014년 1월 11일 13시,토요일,경상북도 구미시 구포동,경상사고,0,0,1,0,차대차 - 기타,안전운전불이행,건조,맑음,교차로 - 교차로안,이륜,남,18세,경상,승용,남,27세,상해없음
2014011100100295,2014년 1월 11일 14시,토요일,경상북도 경주시 충효동,중상사고,0,1,0,0,차대차 - 기타,안전운전불이행,건조,맑음,교차로 - 교차로안,승용,남,60세,상해없음,화물,남,61세,상해없음
2014011100100312,2014년 1월 11일 15시,토요일,경상북도 영주시 풍기읍,경상사고,0,0,2,0,차대차 - 기타,안전운전불이행,건조,맑음,교차로 - 교차로안,승용,여,38세,경상,승용,남,72세,경상
2014011100100313,2014년 1월 11일 15시,토요일,경상북도 칠곡군 지천면,사망사고,1,0,0,0,차대차 - 추돌 - 진행중,안전운전불이행,건조,맑음,단일로 - 기타,화물,남,54세,상해없음,이륜,남,21세,사망
2014011100100336,2014년 1월 11일 16시,토요일,경상북도 포항시 북구 장성동,경상사고,0,0,4,0,차대차 - 추돌 - 주정차중,안전운전불이행,건조,맑음,단일로 - 기타,승용,남,41세,상해없음,승용,여,41세,경상
2014011100100337,2014년 1월 11일 16시,토요일,경상북도 성주군 초전면,중상사고,0,1,0,0,차대차 - 기타,안전운전불이행,건조,맑음,단일로 - 기타,화물,남,66세,상해없음,이륜,남,85세,중상
2014011100100338,2014년 1월 11일 16시,토요일,경상북도 포항시 남구 해도동,경상사고,0,0,1,0,차대사람 - 기타,안전운전불이행,건조,맑음,단일로 - 횡단보도상,원동기,남,40세,상해없음,보행자,여,66세,경상
2014011100100395,2014년 1월 11일 18시,토요일,경상북도 안동시 길안면,중상사고,0,1,0,0,차대차 - 기타,중앙선침범,건조,맑음,단일로 - 기타,원동기,남,65세,중상,화물,남,54세,상해없음
2014011100100396,2014년 1월 11일 18시,토요일,경상북도 영주시 영주동,중상사고,0,1,0,0,차대사람 - 횡단중,보행자보호의무위반,건조,맑음,단일로 - 기타,승용,여,52세,상해없음,보행자,여,77세,중상
2014011100100418,2014년 1월 11일 19시,토요일,경상북도 안동시 서후면,사망사고,1,0,0,0,차대차 - 기타,중앙선침범,건조,맑음,단일로 - 기타,승합,여,51세,상해없음,화물,남,60세,사망
2014011100100440,2014년 1월 11일 20시,토요일,경상북도 경산시 대동,중상사고,0,2,1,0,차대차 - 기타,안전운전불이행,건조,맑음,단일로 - 기타,승용,남,39세,상해없음,승용,남,55세,중상
2014011100100471,2014년 1월 11일 22시,토요일,경상북도 구미시 인의동,부상신고사고,0,0,0,1,차대차 - 측면직각충돌,안전운전불이행,건조,맑음,교차로 - 교차로부근,원동기,남,28세,부상신고,승용,여,53세,상해없음
2014011100100488,2014년 1월 11일 23시,토요일,경상북도 안동시 남문동,경상사고,0,0,3,0,차대차 - 기타,안전운전불이행,건조,맑음,단일로 - 기타,승용,남,21세,상해없음,승용,여,46세,경상