사고번호,사고일시,요일,시군구,사고내용,사망자수,중상자수,경상자수,부상신고자수,사고유형,법규위반,노면상태,기상상태,도로형태,가해운전자 차종,가해운전자 성별,가해운전자 연령,가해운전자 상해정도,피해운전자 차종,피해운전자 성별,피해운전자 연령,피해운전자 상해정도
2014011200100015,2014년 1월 12일 00시,일요일,경상북도 문경시 영순면,중상사고,0,2,1,0,차대차 - 측면직각충돌,중앙선침범,건조,맑음,단일로 - 기타,승용,남,32세,경상,승용,남,52세,중상
2014011200100031,2014년 1월 12일 01시,일요일,경상북도 경주시 성건동,경상사고,0,0,1,0,차대사람 - 기타,안전운전불이행,건조,맑음,단일로 - 기타,승용,남,23세,상해없음,보행자,남,24세,경상
2014011200100032,2014년 1월 12일 01시,일요일,경상북도 경주시 보문동,중상사고,0,1,4,0,차대차 - 기타,신호위반,건조,맑음,교차로 - 교차로안,화물,여,26세,중상,승용,남,23세,경상
2014011200100077,2014년 1월 12일 04시,일요일,경상북도 영주시 가흥동,중상사고,0,1,0,0,차대차 - 추돌 - 진행중,안전운전불이행,건조,맑음,교차로 - 교차로부근,승용,남,44세,상해없음,승용,남,44세,중상
2014011200100098,2014년 1월 12일 06시,일요일,경상북도 칠곡군 왜관읍,사망사고,3,6,3,0,차대차 - 측면직각충돌,안전거리미확보,건조,맑음,단일로 - 기타,화물,남,25세,상해없음,화물,남,59세,중상
2014011200100116,2014년 1월 12일 08시,일요일,경상북도 경주시 성건동,경상사고,0,0,1,0,차대차 - 기타,안전운전불이행,건조,맑음,단일로 - 기타,승용,남,49세,상해없음,승용,여,22세,경상
2014011200100117,2014년 1월 12일 08시,일요일,경상북도 영덕군 강구면,경상사고,0,0,1,0,차대사람 - 차도통행중,안전운전불이행,건조,맑음,단일로 - 기타,승용,남,21세,상해없음,보행자,여,50세,경상
2014011200100127,2014년 1월 12일 09시,일요일,경상북도 칠곡군 석적읍,경상사고,0,0,1,0,차량단독 - 기타,안전운전불이행,결빙,맑음,단일로 - 기타,이륜,남,37세,경상,,,,
2014011200100137,2014년 1월 12일 10시,일요일,경상북도 경주시 탑동,경상사고,0,0,5,2,차대차 - 기타,안전거리미확보,건조,맑음,교차로 - 교차로부근,승용,여,38세,경상,화물,남,65세,상해없음
2014011200100138,2014년 1월 12일 10시,일요일,경상북도 구미시 광평동,중상사고,0,1,0,1,차대차 - 기타,신호위반,건조,맑음,교차로 - 교차로안,승용,남,48세,중상,승용,남,39세,부상신고
2014011200100200,2014년 1월 12일 14시,일요일,경상북도 포항시 북구 장성동,경상사고,0,0,1,0,차대차 - 기타,신호위반,건조,맑음,교차로 - 교차로안,원동기,남,39세,상해없음,승용,여,44세,경상
2014011200100201,2014년 1월 12일 14시,일요일,경상북도 안동시 일직면,중상사고,0,2,1,0,차대차 - 기타,안전운전불이행,건조,맑음,기타 - 기타,화물,남,32세,상해없음,승용,남,46세,중상
2014011200100202,2014년 1월 12일 14시,일요일,경상북도 구미시 오태동,중상사고,0,1,0,0,차대사람 - 기타,안전운전불이행,건조,맑음,교차로 - 교차로안,승용,남,28세,상해없음,보행자,남,36세,중상
2014011200100218,2014년 1월 12일 15시,일요일,경상북도 안동시 태화동,경상사고,0,0,7,0,차대차 - 기타,안전운전불이행,건조,맑음,교차로 - 교차로안,승용,남,51세,상해없음,승용,남,23세,경상
2014011200100219,2014년 1월 12일 15시,일요일,경상북도 영천시 완산동,경상사고,0,0,1,0,차대사람 - 기타,안전운전불이행,건조,맑음,교차로 - 교차로안,승용,남,25세,상해없음,보행자,남,59세,경상
2014011200100220,2014년 1월 12일 15시,일요일,경상북도 구미시 신평동,경상사고,0,0,3,0,차대차 - 기타,직진우회전진행방해,건조,맑음,교차로 - 교차로안,승용,여,35세,경상,승용,남,30세,경상
2014011200100254,2014년 1월 12일 17시,일요일,경상북도 경주시 탑동,경상사고,0,0,4,0,차대차 - 기타,안전거리미확보,건조,맑음,교차로 - 교차로부근,승용,남,50세,상해없음,승용,남,48세,경상
2014011200100255,2014년 1월 12일 17시,일요일,경상북도 구미시 임은동,경상사고,0,0,1,0,차대차 - 기타,안전운전불이행,건조,맑음,교차로 - 교차로안,승용,남,48세,상해없음,자전거,남,24세,경상
2014011200100288,2014년 1월 12일 18시,일요일,경상북도 김천시 덕곡동,경상사고,0,0,2,1,차대차 - 측면직각충돌,안전운전불이행,건조,맑음,단일로 - 기타,화물,남,44세,상해없음,승용,남,32세,경상
2014011200100289,2014년 1월 12일 18시,일요일,경상북도 칠곡군 왜관읍,경상사고,0,0,1,0,차대사람 - 기타,교차로운행방법위반,건조,맑음,교차로 - 교차로안,승용,남,54세,상해없음,보행자,남,27세,경상
2014011200100290,2014년 1월 12일 18시,일요일,경상북도 청도군 운문면,중상사고,0,1,2,0,차대차 - 정면충돌,중앙선침범,결빙,기타,단일로 - 기타,승용,남,48세,상해없음,승용,여,40세,중상
2014011200100333,2014년 1월 12일 20시,일요일,경상북도 경산시 하양읍,사망사고,1,0,0,0,차대사람 - 횡단중,안전운전불이행,건조,맑음,단일로 - 기타,승용,남,30세,상해없음,보행자,남,74세,사망
2014011200100334,2014년 1월 12일 20시,일요일,경상북도 구미시 원평동,중상사고,0,1,0,0,차대차 - 기타,직진우회전진행방해,건조,맑음,교차로 - 교차로안,승용,남,46세,상해없음,이륜,남,17세,중상
2014011200100352,2014년 1월 12일 21시,일요일,경상북도 안동시 광석동,중상사고,0,1,1,0,차대차 - 기타,안전운전불이행,건조,맑음,단일로 - 기타,이륜,남,18세,경상,이륜,남,17세,중상
2014011200100372,2014년 1월 12일 22시,일요일,경상북도 김천시 부곡동,경상사고,0,0,1,0,차대차 - 측면직각충돌,안전거리미확보,건조,맑음,단일로 - 기타,승용,남,43세,상해없음,이륜,남,18세,경상
2014011200100373,2014년 1월 12일 22시,일요일,경상북도 영천시 도동,중상사고,0,1,2,0,차대차 - 기타,신호위반,건조,맑음,단일로 - 기타,승용,남,38세,상해없음,승용,여,52세,경상
2014011200100374,2014년 1월 12일 22시,일요일,경상북도 고령군 성산면,사망사고,1,0,0,0,차량단독 - 도로외이탈 - 추락,안전운전불이행,건조,맑음,단일로 - 기타,승용,남,41세,사망,,,,
2014011300100006,2014년 1월 13일 00시,월요일,경상북도 경주시 동천동,경상사고,0,0,2,0,차대차 - 기타,안전운전불이행,건조,맑음,단일로 - 기타,승용,남,23세,상해없음,승용,남,49세,경상
2014011300100034,2014년 1월 13일 04시,월요일,경상북도 경주시 강동면,경상사고,0,0,1,0,차대차 - 측면직각충돌,안전운전불이행,건조,맑음,기타 - 기타,승용,여,40세,상해없음,승용,남,47세,경상
2014011300100070,2014년 1월 13일 07시,월요일,경상북도 영주시 가흥동,중상사고,0,1,0,0,차대사람 - 보도통행중,보행자보호의무위반,건조,맑음,교차로 - 교차로부근,승용,남,31세,상해없음,보행자,여,61세,중상
2014011300100071,2014년 1월 13일 07시,월요일,경상북도 칠곡군 약목면,부상신고사고,0,0,0,1,차대차 - 기타,교차로운행방법위반,건조,맑음,교차로 - 교차로안,승용,남,59세,부상신고,특수,남,38세,상해없음
2014011300100097,2014년 1월 13일 08시,월요일,경상북도 경주시 황성동,경상사고,0,0,1,0,차대차 - 기타,안전운전불이행,건조,맑음,교차로 - 교차로부근,승용,여,45세,상해없음,승용,여,34세,경상
2014011300100098,2014년 1월 13일 08시,월요일,경상북도 구미시 공단동,경상사고,0,0,2,0,차대차 - 정면충돌,교차로운행방법위반,건조,맑음,교차로 - 교차로안,승용,여,36세,경상,승용,여,31세,경상
2014011300100099,2014년 1월 13일 08시,월요일,경상북도 포항시 남구 구룡포읍,경상사고,0,0,1,0,차대차 - 추돌 - 진행중,안전운전불이행,건조,맑음,교차로 - 교차로안,승용,남,50세,상해없음,승용,여,53세,경상
2014011300100123,2014년 1월 13일 09시,월요일,경상북도 영주시 풍기읍,경상사고,0,0,2,0,차대차 - 측면직각충돌,교차로운행방법위반,건조,맑음,교차로 - 교차로안,화물,남,35세,상해없음,화물,남,63세,경상
2014011300100124,2014년 1월 13일 09시,월요일,경상북도 고령군 고령읍,중상사고,0,2,0,0,차대차 - 측면직각충돌,교차로운행방법위반,건조,맑음,교차로 - 교차로안,화물,남,69세,상해없음,이륜,남,74세,중상
2014011300100149,2014년 1월 13일 10시,월요일,경상북도 경주시 성동동,경상사고,0,0,1,0,차대차 - 기타,안전운전불이행,건조,맑음,단일로 - 기타,승용,여,52세,상해없음,승용,남,30세,경상
2014011300100150,2014년 1월 13일 10시,월요일,경상북도 안동시 송현동,경상사고,0,0,2,0,차대차 - 기타,안전운전불이행,건조,맑음,교차로 - 교차로부근,승용,남,63세,상해없음,승용,남,67세,경상
2014011300100151,2014년 1월 13일 10시,월요일,경상북도 영덕군 강구면,중상사고,0,1,0,0,차대차 - 측면직각충돌,중앙선침범,건조,맑음,단일로 - 기타,승용,여,39세,상해없음,승용,여,29세,중상
2014011300100152,2014년 1월 13일 10시,월요일,경상북도 구미시 장천면,경상사고,0,0,1,1,차대차 - 기타,기타,건조,맑음,단일로 - 기타,승용,남,51세,상해없음,승용,남,46세,경상
2014011300100172,2014년 1월 13일 11시,월요일,경상북도 김천시 신음동,경상사고,0,0,3,0,차대차 - 측면직각충돌,안전운전불이행,건조,맑음,단일로 - 기타,승용,여,37세,상해없음,승용,여,42세,경상
2014011300100173,2014년 1월 13일 11시,월요일,경상북도 상주시 냉림동,중상사고,0,1,0,0,차대차 - 기타,안전운전불이행,건조,맑음,단일로 - 기타,승용,여,40세,상해없음,원동기,남,73세,중상
2014011300100174,2014년 1월 13일 11시,월요일,경상북도 영주시 휴천동,경상사고,0,0,1,0,차대차 - 측면직각충돌,안전거리미확보,건조,맑음,교차로 - 교차로부근,승용,남,74세,상해없음,승용,남,57세,경상
2014011300100175,2014년 1월 13일 11시,월요일,경상북도 칠곡군 가산면,중상사고,0,1,0,0,차대차 - 기타,안전운전불이행,건조,맑음,단일로 - 기타,특수,남,46세,상해없음,건설기계,남,52세,중상
2014011300100202,2014년 1월 13일 12시,월요일,경상북도 경주시 성건동,중상사고,0,1,1,0,차대차 - 기타,안전운전불이행,건조,맑음,교차로 - 교차로안,승용,여,43세,중상,승용,남,51세,경상
2014011300100203,2014년 1월 13일 12시,월요일,경상북도 포항시 북구 용흥동,경상사고,0,0,1,0,차량단독 - 공작물충돌,신호위반,건조,맑음,교차로 - 교차로안,승용,남,50세,상해없음,,,,
2014011300100204,2014년 1월 13일 12시,월요일,경상북도 칠곡군 왜관읍,경상사고,0,0,2,0,차대사람 - 기타,보행자보호의무위반,건조,맑음,교차로 - 교차로안,승용,남,54세,상해없음,보행자,여,44세,경상
2014011300100205,2014년 1월 13일 12시,월요일,경상북도 영천시 금노동,경상사고,0,0,2,0,차대차 - 측면직각충돌,안전운전불이행,건조,맑음,교차로 - 교차로안,이륜,남,22세,상해없음,승용,남,33세,경상
2014011300100227,2014년 1월 13일 13시,월요일,경상북도 영주시 영주동,중상사고,0,1,0,0,차대차 - 추돌 - 진행중,안전운전불이행,건조,맑음,단일로 - 기타,원동기,남,77세,중상,승용,여,62세,상해없음
2014011300100228,2014년 1월 13일 13시,월요일,경상북도 구미시 구평동,경상사고,0,0,1,0,차대차 - 기타,안전운전불이행,건조,맑음,단일로 - 기타,이륜,남,51세,경상,화물,남,34세,상해없음
2014011300100255,2014년 1월 13일 14시,월요일,경상북도 경산시 사정동,중상사고,0,1,1,0,차대차 - 기타,안전운전불이행,건조,맑음,교차로 - 교차로안,이륜,남,17세,경상,승용,남,59세,상해없음
2014011300100277,2014년 1월 13일 15시,월요일,경상북도 경주시 인왕동,중상사고,0,1,1,0,차대차 - 기타,안전운전불이행,건조,맑음,단일로 - 기타,승용,남,29세,상해없음,승용,여,38세,중상
2014011300100278,2014년 1월 13일 15시,월요일,경상북도 경산시 하양읍,경상사고,0,0,1,0,차대사람 - 기타,기타,건조,맑음,단일로 - 기타,기타불명,기타불명,기타불명,기타불명,보행자,여,7세,경상
2014011300100305,2014년 1월 13일 16시,월요일,경상북도 경주시 황남동,중상사고,0,4,1,0,차대차 - 기타,안전운전불이행,건조,맑음,교차로 - 교차로안,승용,여,53세,상해없음,승용,여,48세,중상
2014011300100306,2014년 1월 13일 16시,월요일,경상북도 성주군 선남면,중상사고,0,1,0,0,차대사람 - 길가장자리구역통행중,안전운전불이행,건조,맑음,단일로 - 기타,화물,남,53세,상해없음,보행자,여,67세,중상
2014011300100307,2014년 1월 13일 16시,월요일,경상북도 구미시 옥계동,경상사고,0,0,1,0,차대차 - 기타,안전운전불이행,건조,맑음,교차로 - 교차로부근,승용,남,36세,상해없음,승용,여,31세,경상
2014011300100328,2014년 1월 13일 17시,월요일,경상북도 김천시 지례면,경상사고,0,0,1,0,차대차 - 측면직각충돌,중앙선침범,건조,맑음,단일로 - 기타,승용,남,37세,상해없음,화물,남,51세,경상
2014011300100329,2014년 1월 13일 17시,월요일,경상북도 포항시 남구 효자동,중상사고,0,3,1,0,차대차 - 추돌 - 진행중,안전운전불이행,건조,맑음,단일로 - 기타,승용,여,44세,상해없음,승용,여,44세,중상
2014011300100353,2014년 1월 13일 18시,월요일,경상북도 포항시 북구 우현동,중상사고,0,1,0,0,차대차 - 기타,신호위반,건조,맑음,교차로 - 교차로안,원동기,남,76세,중상,화물,남,58세,상해없음
2014011300100354,2014년 1월 13일 18시,월요일,경상북도 성주군 선남면,경상사고,0,0,1,0,차대차 - 기타,안전운전불이행,건조,맑음,단일로 - 기타,화물,남,32세,경상,승용,남,33세,상해없음
2014011300100391,2014년 1월 13일 19시,월요일,경상북도 안동시 태화동,중상사고,0,1,0,0,차대차 - 기타,안전운전불이행,건조,맑음,단일로 - 기타,화물,남,55세,상해없음,승용,여,38세,중상
2014011300100392,2014년 1월 13일 19시,월요일,경상북도 안동시 송현동,경상사고,0,0,3,0,차대차 - 측면직각충돌,직진우회전진행방해,건조,맑음,교차로 - 교차로안,승용,여,55세,상해없음,승용,여,42세,경상
2014011300100393,2014년 1월 13일 19시,월요일,경상북도 청도군 청도읍,중상사고,0,1,0,0,차대차 - 추돌 - 진행중,안전운전불이행,건조,맑음,단일로 - 기타,승용,남,35세,상해없음,자전거,남,50세,중상
2014011300100394,2014년 1월 13일 19시,월요일,경상북도 고령군 개진면,부상신고사고,0,0,0,1,차량단독 - 전도전복,안전운전불이행,건조,맑음,단일로 - 기타,이륜,남,40세,부상신고,,,,
2014011300100427,2014년 1월 13일 21시,월요일,경상북도 포항시 북구 용흥동,경상사고,0,0,1,0,차대차 - 기타,중앙선침범,건조,맑음,단일로 - 기타,승용,남,58세,상해없음,원동기,남,17세,경상
2014011300100428,2014년 1월 13일 21시,월요일,경상북도 포항시 북구 창포동,중상사고,0,1,0,0,차대사람 - 횡단중,안전운전불이행,건조,맑음,교차로 - 교차로안,승용,남,42세,상해없음,보행자,남,71세,중상
2014011300100456,2014년 1월 13일 22시,월요일,경상북도 영천시 문내동,경상사고,0,0,1,0,차대사람 - 보도통행중,안전운전불이행,건조,맑음,교차로 - 교차로부근,승용,남,66세,상해없음,보행자,여,46세,경상
2014011300100457,2014년 1월 13일 22시,월요일,경상북도 경산시 사정동,중상사고,0,1,0,0,차대차 - 기타,교차로운행방법위반,건조,맑음,교차로 - 교차로안,승용,여,43세,상해없음,이륜,남,17세,중상
2014011400100014,2014년 1월 14일 00시,화요일,경상북도 안동시 운흥동,중상사고,0,1,0,0,차대사람 - 횡단중,보행자보호의무위반,건조,맑음,단일로 - 횡단보도상,승용,남,48세,상해없음,보행자,여,43세,중상
2014011400100015,2014년 1월 14일 00시,화요일,경상북도 포항시 남구 대도동,경상사고,0,0,1,0,차량단독 - 공작물충돌,안전운전불이행,건조,맑음,단일로 - 기타,승용,남,34세,경상,,,,
2014011400100030,2014년 1월 14일 03시,화요일,경상북도 포항시 남구 대송면,경상사고,0,0,1,0,차량단독 - 공작물충돌,기타,건조,맑음,단일로 - 기타,승용,남,30세,경상,,,,
2014011400100034,2014년 1월 14일 04시,화요일,경상북도 포항시 북구 두호동,경상사고,0,0,1,0,차대사람 - 기타,기타,건조,맑음,단일로 - 기타,승용,남,68세,상해없음,보행자,여,49세,경상
2014011400100057,2014년 1월 14일 06시,화요일,경상북도 경주시 외동읍,경상사고,0,0,2,0,차대차 - 기타,중앙선침범,건조,맑음,단일로 - 기타,승용,남,30세,상해없음,승용,여,28세,경상
2014011400100058,2014년 1월 14일 06시,화요일,경상북도 의성군 안평면,중상사고,0,1,0,0,차대사람 - 횡단중,안전운전불이행,건조,맑음,단일로 - 기타,화물,남,64세,상해없음,보행자,여,69세,중상
2014011400100072,2014년 1월 14일 07시,화요일,경상북도 상주시 신봉동,중상사고,0,1,1,0,차대차 - 기타,안전운전불이행,건조,맑음,단일로 - 기타,승용,남,21세,상해없음,화물,남,52세,기타불명
2014011400100073,2014년 1월 14일 07시,화요일,경상북도 구미시 시미동,중상사고,0,1,0,0,차대사람 - 기타,안전운전불이행,건조,맑음,교차로 - 교차로부근,승용,남,31세,상해없음,보행자,남,56세,중상
2014011400100074,2014년 1월 14일 07시,화요일,경상북도 구미시 원평동,부상신고사고,0,0,0,1,차대차 - 기타,차로위반,건조,맑음,교차로 - 교차로부근,승합,남,66세,부상신고,승합,남,55세,상해없음
2014011400100097,2014년 1월 14일 08시,화요일,경상북도 포항시 북구 양덕동,사망사고,1,0,0,0,차대사람 - 기타,안전운전불이행,건조,맑음,교차로 - 교차로부근,승용,남,24세,상해없음,보행자,여,58세,사망
2014011400100098,2014년 1월 14일 08시,화요일,경상북도 문경시 모전동,경상사고,0,0,2,0,차대차 - 측면직각충돌,신호위반,건조,맑음,교차로 - 교차로안,승합,남,49세,상해없음,승용,남,58세,경상
2014011400100099,2014년 1월 14일 08시,화요일,경상북도 구미시 공단동,경상사고,0,0,1,0,차대차 - 기타,안전운전불이행,건조,맑음,단일로 - 기타,승용,남,25세,상해없음,승용,남,51세,경상
2014011400100100,2014년 1월 14일 08시,화요일,경상북도 구미시 옥계동,경상사고,0,0,2,0,차대차 - 기타,안전거리미확보,건조,맑음,단일로 - 기타,승용,남,29세,경상,승용,여,33세,상해없음
2014011400100123,2014년 1월 14일 09시,화요일,경상북도 포항시 북구 청하면,중상사고,0,1,0,0,차대사람 - 기타,보행자보호의무위반,건조,맑음,단일로 - 기타,승합,남,45세,상해없음,보행자,여,90세,중상
2014011400100124,2014년 1월 14일 09시,화요일,경상북도 경산시 남산면,경상사고,0,0,1,0,차대차 - 기타,안전운전불이행,건조,맑음,교차로 - 교차로안,화물,남,74세,상해없음,승용,여,47세,경상
2014011400100125,2014년 1월 14일 09시,화요일,경상북도 경산시 압량면,중상사고,0,1,1,0,차대차 - 기타,직진우회전진행방해,건조,맑음,교차로 - 교차로안,승용,남,30세,경상,승용,여,50세,중상
2014011400100171,2014년 1월 14일 11시,화요일,경상북도 포항시 북구 기계면,경상사고,0,0,3,0,차대차 - 기타,기타,건조,맑음,교차로 - 교차로안,화물,남,58세,상해없음,승용,여,26세,경상
2014011400100213,2014년 1월 14일 13시,화요일,경상북도 경주시 동천동,중상사고,0,1,0,0,차대사람 - 기타,보행자보호의무위반,건조,맑음,교차로 - 교차로부근,승용,남,67세,상해없음,보행자,남,13세,중상
2014011400100214,2014년 1월 14일 13시,화요일,경상북도 울진군 죽변면,중상사고,0,2,0,0,차대차 - 기타,불법유턴,건조,맑음,단일로 - 기타,화물,남,51세,상해없음,이륜,남,65세,중상
2014011400100237,2014년 1월 14일 14시,화요일,경상북도 경주시 성동동,중상사고,0,1,0,0,차대차 - 기타,안전운전불이행,건조,맑음,단일로 - 기타,승용,여,39세,상해없음,자전거,여,70세,중상
2014011400100238,2014년 1월 14일 14시,화요일,경상북도 성주군 선남면,중상사고,0,1,0,0,차량단독 - 전도전복,안전운전불이행,건조,맑음,기타 - 기타,이륜,남,70세,중상,,,,
2014011400100261,2014년 1월 14일 15시,화요일,경상북도 경주시 성건동,경상사고,0,0,2,0,차대차 - 기타,안전운전불이행,건조,맑음,단일로 - 기타,이륜,남,17세,경상,승용,여,44세,상해없음
2014011400100262,2014년 1월 14일 15시,화요일,경상북도 경산시 자인면,사망사고,1,0,0,0,차량단독 - 기타,안전운전불이행,건조,맑음,교차로 - 교차로부근,화물,남,53세,사망,,,,
2014011400100263,2014년 1월 14일 15시,화요일,경상북도 구미시 사곡동,중상사고,0,1,0,0,차대사람 - 기타,안전운전불이행,건조,맑음,단일로 - 기타,화물,남,32세,상해없음,보행자,여,36세,중상
2014011400100264,2014년 1월 14일 15시,화요일,경상북도 포항시 남구 연일읍,경상사고,0,0,1,0,차대차 - 추돌 - 주정차중,안전거리미확보,건조,맑음,교차로 - 교차로부근,승용,남,54세,상해없음,승합,여,41세,경상
2014011400100289,2014년 1월 14일 16시,화요일,경상북도 칠곡군 북삼읍,경상사고,0,0,1,1,차대차 - 기타,안전운전불이행,건조,맑음,교차로 - 교차로부근,승용,남,55세,부상신고,승용,여,63세,경상
2014011400100290,2014년 1월 14일 16시,화요일,경상북도 청송군 안덕면,중상사고,0,3,0,0,차대차 - 정면충돌,중앙선침범,건조,맑음,단일로 - 기타,화물,남,72세,중상,화물,남,48세,중상
2014011400100321,2014년 1월 14일 17시,화요일,경상북도 안동시 용상동,부상신고사고,0,0,0,1,차대차 - 측면직각충돌,신호위반,건조,맑음,교차로 - 교차로부근,자전거,여,64세,부상신고,승용,남,48세,상해없음
2014011400100322,2014년 1월 14일 17시,화요일,경상북도 고령군 다산면,경상사고,0,0,1,0,차대차 - 측면직각충돌,안전운전불이행,건조,맑음,교차로 - 교차로부근,이륜,남,17세,경상,화물,남,50세,상해없음
2014011400100355,2014년 1월 14일 18시,화요일,경상북도 칠곡군 지천면,경상사고,0,0,2,0,차대차 - 기타,안전거리미확보,건조,맑음,단일로 - 기타,승용,여,44세,경상,승용,남,56세,경상
2014011400100356,2014년 1월 14일 18시,화요일,경상북도 영천시 문외동,경상사고,0,0,1,0,차대사람 - 기타,안전운전불이행,건조,맑음,교차로 - 교차로안,승용,남,29세,상해없음,보행자,여,14세,경상
2014011400100357,2014년 1월 14일 18시,화요일,경상북도 성주군 대가면,중상사고,0,1,1,0,차대차 - 정면충돌,중앙선침범,건조,맑음,기타 - 기타,승용,남,63세,경상,승용,여,39세,중상
2014011400100385,2014년 1월 14일 19시,화요일,경상북도 경주시 동천동,중상사고,0,1,0,0,차대차 - 기타,안전운전불이행,건조,맑음,기타 - 기타,승용,남,53세,상해없음,이륜,남,16세,중상
2014011400100410,2014년 1월 14일 20시,화요일,경상북도 칠곡군 동명면,중상사고,0,1,0,0,차대차 - 기타,안전운전불이행,습기,맑음,단일로 - 기타,승용,남,54세,상해없음,화물,남,66세,중상
2014011400100434,2014년 1월 14일 21시,화요일,경상북도 포항시 북구 죽도동,경상사고,0,0,2,0,차대차 - 기타,교차로운행방법위반,건조,맑음,교차로 - 교차로안,승용,남,58세,상해없음,승용,남,56세,상해없음
2014011400100435,2014년 1월 14일 21시,화요일,경상북도 영천시 오수동,경상사고,0,0,1,0,차대차 - 기타,신호위반,건조,맑음,교차로 - 교차로안,승용,남,18세,상해없음,화물,남,59세,상해없음
2014011400100436,2014년 1월 14일 21시,화요일,경상북도 구미시 공단동,경상사고,0,0,3,0,차대차 - 추돌 - 주정차중,안전운전불이행,건조,맑음,단일로 - 기타,승용,남,30세,상해없음,승용,남,44세,경상
2014011400100437,2014년 1월 14일 21시,화요일,경상북도 구미시 공단동,경상사고,0,0,1,0,차대차 - 측면직각충돌,안전운전불이행,건조,맑음,교차로 - 교차로안,승용,남,41세,상해없음,승용,남,37세,경상
2014011400100454,2014년 1월 14일 22시,화요일,경상북도 포항시 북구 죽도동,중상사고,0,1,0,0,차대차 - 측면직각충돌,안전운전불이행,건조,맑음,단일로 - 횡단보도상,원동기,남,32세,상해없음,자전거,남,34세,중상
2014011400100455,2014년 1월 14일 22시,화요일,경상북도 김천시 평화동,중상사고,0,1,0,0,차대사람 - 기타,안전운전불이행,건조,맑음,단일로 - 기타,승용,남,35세,상해없음,보행자,남,22세,중상
2014011400100456,2014년 1월 14일 22시,화요일,경상북도 포항시 남구 해도동,경상사고,0,0,1,0,차대차 - 기타,안전운전불이행,건조,맑음,단일로 - 기타,승용,남,45세,상해없음,승용,남,35세,경상
2014011400100486,2014년 1월 14일 23시,화요일,경상북도 포항시 북구 우현동,경상사고,0,0,1,0,차대차 - 측면직각충돌,차로위반,건조,맑음,교차로 - 교차로부근,승용,남,44세,상해없음,승용,남,28세,경상
2014011400100487,2014년 1월 14일 23시,화요일,경상북도 구미시 구평동,경상사고,0,0,3,0,차대차 - 기타,안전운전불이행,건조,맑음,교차로 - 교차로부근,승용,남,30세,상해없음,승용,여,50세,경상
2014011500100010,2014년 1월 15일 00시,수요일,경상북도 포항시 북구 흥해읍,경상사고,0,0,1,0,차대차 - 기타,안전운전불이행,건조,맑음,단일로 - 기타,승용,남,21세,상해없음,승용,남,43세,경상
2014011500100011,2014년 1월 15일 00시,수요일,경상북도 경산시 임당동,중상사고,0,2,0,0,차대차 - 기타,안전운전불이행,건조,맑음,단일로 - 기타,승용,남,25세,상해없음,승용,남,27세,중상
2014011500100047,2014년 1월 15일 04시,수요일,경상북도 경주시 율동,중상사고,0,2,0,0,차대차 - 측면직각충돌,안전운전불이행,건조,맑음,단일로 - 기타,승용,여,32세,중상,화물,남,49세,상해없음
2014011500100088,2014년 1월 15일 07시,수요일,경상북도 영천시 도림동,중상사고,0,1,0,0,차대차 - 기타,교차로운행방법위반,건조,맑음,교차로 - 교차로안,승용,남,53세,상해없음,원동기,남,57세,중상
2014011500100089,2014년 1월 15일 07시,수요일,경상북도 구미시 공단동,중상사고,0,1,1,1,차대차 - 기타,신호위반,건조,맑음,교차로 - 교차로안,승용,남,31세,부상신고,승용,남,38세,중상
2014011500100118,2014년 1월 15일 08시,수요일,경상북도 영천시 완산동,중상사고,0,1,0,0,차량단독 - 기타,기타,건조,맑음,단일로 - 기타,승합,남,55세,상해없음,,,,
2014011500100119,2014년 1월 15일 08시,수요일,경상북도 고령군 고령읍,중상사고,0,3,0,0,차대차 - 측면직각충돌,직진우회전진행방해,건조,맑음,교차로 - 교차로안,화물,남,63세,중상,승용,여,42세,중상
2014011500100120,2014년 1월 15일 08시,수요일,경상북도 영양군 영양읍,경상사고,0,0,1,0,차대차 - 측면직각충돌,교차로운행방법위반,건조,맑음,교차로 - 교차로안,승용,여,20세,상해없음,승용,여,50세,경상
2014011500100121,2014년 1월 15일 08시,수요일,경상북도 포항시 남구 장흥동,경상사고,0,0,2,0,차대차 - 측면직각충돌,신호위반,건조,맑음,교차로 - 교차로안,승용,남,55세,경상,승용,여,33세,경상
2014011500100145,2014년 1월 15일 09시,수요일,경상북도 경산시 중방동,중상사고,0,1,0,0,차대차 - 기타,안전운전불이행,건조,맑음,교차로 - 교차로안,승용,여,53세,상해없음,자전거,여,49세,중상
2014011500100166,2014년 1월 15일 10시,수요일,경상북도 경주시 양북면,중상사고,0,1,1,0,차대차 - 기타,안전운전불이행,건조,맑음,교차로 - 교차로부근,승용,여,44세,상해없음,이륜,남,45세,경상
2014011500100167,2014년 1월 15일 10시,수요일,경상북도 경주시 성건동,중상사고,0,1,1,0,차대차 - 기타,안전운전불이행,건조,맑음,단일로 - 기타,건설기계,남,36세,상해없음,승용,남,69세,경상
2014011500100168,2014년 1월 15일 10시,수요일,경상북도 상주시 낙양동,경상사고,0,0,2,0,차대차 - 기타,교차로운행방법위반,건조,맑음,교차로 - 교차로안,승용,여,36세,상해없음,승용,남,50세,경상