사고번호,사고일시,요일,시군구,사고내용,사망자수,중상자수,경상자수,부상신고자수,사고유형,법규위반,노면상태,기상상태,도로형태,가해운전자 차종,가해운전자 성별,가해운전자 연령,가해운전자 상해정도,피해운전자 차종,피해운전자 성별,피해운전자 연령,피해운전자 상해정도
2014011500100190,2014년 1월 15일 11시,수요일,경상북도 포항시 북구 남빈동,경상사고,0,0,1,0,차대사람 - 기타,안전운전불이행,건조,맑음,교차로 - 교차로부근,화물,남,47세,상해없음,보행자,남,71세,경상
2014011500100191,2014년 1월 15일 11시,수요일,경상북도 칠곡군 왜관읍,부상신고사고,0,0,0,1,차대차 - 기타,안전운전불이행,건조,맑음,단일로 - 기타,자전거,남,11세,부상신고,승용,남,50세,상해없음
2014011500100192,2014년 1월 15일 11시,수요일,경상북도 포항시 남구 대잠동,경상사고,0,0,2,0,차대차 - 기타,중앙선침범,건조,맑음,교차로 - 교차로부근,승용,여,31세,경상,승용,남,57세,상해없음
2014011500100213,2014년 1월 15일 12시,수요일,경상북도 성주군 성주읍,경상사고,0,0,1,0,차대차 - 측면직각충돌,안전운전불이행,기타,맑음,교차로 - 교차로안,화물,남,55세,상해없음,화물,남,59세,경상
2014011500100214,2014년 1월 15일 12시,수요일,경상북도 포항시 남구 상도동,사망사고,1,0,0,0,차대사람 - 기타,안전운전불이행,건조,맑음,교차로 - 교차로안,승용,남,25세,상해없음,보행자,남,75세,사망
2014011500100215,2014년 1월 15일 12시,수요일,경상북도 포항시 남구 오천읍,경상사고,0,0,2,0,차대차 - 기타,직진우회전진행방해,건조,맑음,교차로 - 교차로안,승용,여,26세,경상,승용,여,27세,경상
2014011500100233,2014년 1월 15일 13시,수요일,경상북도 칠곡군 석적읍,중상사고,0,1,0,0,차대차 - 측면직각충돌,중앙선침범,건조,맑음,단일로 - 기타,승용,남,50세,상해없음,원동기,남,28세,중상
2014011500100255,2014년 1월 15일 14시,수요일,경상북도 영덕군 남정면,중상사고,0,1,2,0,차대차 - 추돌 - 주정차중,안전운전불이행,건조,맑음,교차로 - 교차로부근,승용,남,87세,경상,승용,남,32세,경상
2014011500100256,2014년 1월 15일 14시,수요일,경상북도 포항시 남구 장흥동,경상사고,0,0,1,0,차대차 - 측면직각충돌,안전운전불이행,건조,맑음,교차로 - 교차로안,승용,여,35세,경상,화물,남,46세,상해없음
2014011500100281,2014년 1월 15일 15시,수요일,경상북도 경주시 외동읍,중상사고,0,1,0,0,차대차 - 기타,안전운전불이행,건조,맑음,단일로 - 기타,화물,남,59세,상해없음,화물,남,52세,중상
2014011500100282,2014년 1월 15일 15시,수요일,경상북도 영주시 봉현면,중상사고,0,2,0,0,차대차 - 기타,신호위반,건조,맑음,교차로 - 교차로안,원동기,남,75세,중상,승용,남,44세,중상
2014011500100300,2014년 1월 15일 16시,수요일,경상북도 경주시 성건동,경상사고,0,0,1,1,차대차 - 기타,안전운전불이행,건조,맑음,교차로 - 교차로안,승용,남,62세,부상신고,이륜,남,17세,경상
2014011500100301,2014년 1월 15일 16시,수요일,경상북도 경주시 외동읍,중상사고,0,1,0,0,차대차 - 기타,안전운전불이행,건조,맑음,단일로 - 기타,승용,여,24세,상해없음,승용,여,48세,중상
2014011500100302,2014년 1월 15일 16시,수요일,경상북도 안동시 용상동,경상사고,0,0,1,0,차대차 - 기타,안전운전불이행,건조,맑음,단일로 - 기타,원동기,남,44세,경상,승합,남,30세,상해없음
2014011500100335,2014년 1월 15일 17시,수요일,경상북도 경주시 동부동,경상사고,0,0,1,0,차대차 - 기타,안전운전불이행,건조,맑음,교차로 - 교차로안,승용,여,50세,상해없음,원동기,남,17세,경상
2014011500100336,2014년 1월 15일 17시,수요일,경상북도 영주시 가흥동,중상사고,0,2,3,0,차대차 - 측면직각충돌,교차로운행방법위반,건조,맑음,교차로 - 교차로안,승용,남,29세,상해없음,승용,남,53세,중상
2014011500100337,2014년 1월 15일 17시,수요일,경상북도 구미시 송정동,중상사고,0,1,0,0,차대사람 - 횡단중,보행자보호의무위반,건조,맑음,단일로 - 횡단보도상,승합,남,51세,상해없음,보행자,여,21세,중상
2014011500100379,2014년 1월 15일 18시,수요일,경상북도 영주시 하망동,경상사고,0,0,1,0,차대사람 - 횡단중,보행자보호의무위반,건조,맑음,교차로 - 교차로부근,승용,남,57세,상해없음,보행자,남,48세,경상
2014011500100380,2014년 1월 15일 18시,수요일,경상북도 경산시 하양읍,경상사고,0,0,1,0,차대차 - 기타,안전거리미확보,건조,맑음,단일로 - 기타,승용,여,29세,상해없음,승용,여,46세,경상
2014011500100381,2014년 1월 15일 18시,수요일,경상북도 영양군 입암면,중상사고,0,2,1,0,차대차 - 측면직각충돌,중앙선침범,건조,맑음,단일로 - 기타,화물,남,58세,상해없음,승용,남,52세,중상
2014011500100414,2014년 1월 15일 19시,수요일,경상북도 경산시 압량면,경상사고,0,0,1,0,차대차 - 기타,신호위반,건조,맑음,교차로 - 교차로안,화물,남,21세,상해없음,승용,남,47세,경상
2014011500100451,2014년 1월 15일 20시,수요일,경상북도 영덕군 병곡면,중상사고,0,3,0,0,차량단독 - 도로외이탈 - 추락,안전운전불이행,건조,맑음,단일로 - 기타,화물,남,40세,중상,,,,
2014011500100452,2014년 1월 15일 20시,수요일,경상북도 구미시 구평동,중상사고,0,1,0,0,차대사람 - 보도통행중,안전운전불이행,건조,맑음,교차로 - 교차로안,승용,여,46세,상해없음,보행자,여,36세,중상
2014011500100482,2014년 1월 15일 21시,수요일,경상북도 포항시 북구 양덕동,중상사고,0,1,0,0,차대차 - 기타,중앙선침범,건조,맑음,단일로 - 기타,승용,여,29세,상해없음,승용,여,27세,중상
2014011500100533,2014년 1월 15일 23시,수요일,경상북도 울진군 후포면,중상사고,0,1,0,1,차대차 - 기타,중앙선침범,건조,맑음,교차로 - 교차로부근,승용,남,25세,부상신고,승용,남,51세,중상
2014011600100043,2014년 1월 16일 03시,목요일,경상북도 구미시 송정동,중상사고,0,1,0,0,차대사람 - 횡단중,안전운전불이행,건조,맑음,교차로 - 교차로부근,승용,여,37세,기타불명,보행자,여,38세,중상
2014011600100092,2014년 1월 16일 07시,목요일,경상북도 경주시 황성동,경상사고,0,0,1,0,차대차 - 추돌 - 주정차중,안전운전불이행,건조,맑음,단일로 - 기타,이륜,남,19세,경상,승용,남,41세,상해없음
2014011600100093,2014년 1월 16일 07시,목요일,경상북도 경산시 진량읍,중상사고,0,1,0,0,차대차 - 기타,신호위반,건조,맑음,교차로 - 교차로안,승용,남,50세,상해없음,승용,남,50세,중상
2014011600100116,2014년 1월 16일 08시,목요일,경상북도 영천시 고경면,중상사고,0,1,2,0,차대차 - 기타,안전운전불이행,건조,맑음,단일로 - 기타,화물,남,40세,경상,승합,남,52세,경상
2014011600100142,2014년 1월 16일 09시,목요일,경상북도 경산시 진량읍,경상사고,0,0,1,0,차대차 - 기타,안전거리미확보,건조,맑음,교차로 - 교차로부근,건설기계,남,42세,상해없음,승용,여,37세,경상
2014011600100160,2014년 1월 16일 10시,목요일,경상북도 안동시 태화동,경상사고,0,0,2,0,차대차 - 기타,안전운전불이행,건조,맑음,교차로 - 교차로부근,화물,남,51세,상해없음,승용,여,41세,경상
2014011600100202,2014년 1월 16일 12시,목요일,경상북도 김천시 지좌동,경상사고,0,0,1,0,차대사람 - 기타,보행자보호의무위반,건조,맑음,기타 - 기타,화물,남,47세,상해없음,보행자,여,55세,경상
2014011600100203,2014년 1월 16일 12시,목요일,경상북도 군위군 군위읍,경상사고,0,0,1,0,차대차 - 기타,직진우회전진행방해,건조,맑음,교차로 - 교차로안,승용,남,48세,상해없음,이륜,남,61세,경상
2014011600100221,2014년 1월 16일 13시,목요일,경상북도 경주시 석장동,경상사고,0,0,1,0,차대차 - 기타,안전운전불이행,건조,맑음,단일로 - 기타,승용,남,60세,상해없음,이륜,남,21세,경상
2014011600100222,2014년 1월 16일 13시,목요일,경상북도 영천시 야사동,중상사고,0,1,2,0,차대차 - 측면직각충돌,안전운전불이행,건조,맑음,교차로 - 교차로안,화물,남,62세,상해없음,승용,남,56세,경상
2014011600100250,2014년 1월 16일 14시,목요일,경상북도 안동시 와룡면,중상사고,0,3,1,0,차대차 - 추돌 - 진행중,직진우회전진행방해,적설,맑음,교차로 - 교차로안,화물,남,24세,상해없음,화물,남,72세,중상
2014011600100251,2014년 1월 16일 14시,목요일,경상북도 김천시 부곡동,중상사고,0,1,0,0,차대사람 - 기타,안전운전불이행,건조,맑음,단일로 - 기타,승용,남,59세,기타불명,보행자,여,19세,중상
2014011600100252,2014년 1월 16일 14시,목요일,경상북도 의성군 안평면,중상사고,0,1,1,0,차대차 - 측면직각충돌,중앙선침범,건조,맑음,단일로 - 기타,건설기계,남,52세,경상,승용,남,68세,중상
2014011600100253,2014년 1월 16일 14시,목요일,경상북도 영주시 안정면,사망사고,1,0,0,0,차량단독 - 기타,안전운전불이행,건조,맑음,단일로 - 기타,특수,남,48세,사망,,,,
2014011600100254,2014년 1월 16일 14시,목요일,경상북도 청도군 각북면,사망사고,1,0,0,0,차량단독 - 도로외이탈 - 기타,안전운전불이행,건조,맑음,단일로 - 기타,이륜,남,81세,사망,,,,
2014011600100255,2014년 1월 16일 14시,목요일,경상북도 구미시 봉곡동,경상사고,0,0,2,0,차대차 - 기타,중앙선침범,건조,맑음,단일로 - 기타,승용,여,28세,상해없음,승용,남,52세,경상
2014011600100276,2014년 1월 16일 15시,목요일,경상북도 안동시 길안면,경상사고,0,0,3,0,차대차 - 기타,신호위반,건조,맑음,교차로 - 교차로안,이륜,여,73세,상해없음,승용,여,47세,경상
2014011600100277,2014년 1월 16일 15시,목요일,경상북도 의성군 단북면,중상사고,0,1,0,0,차량단독 - 전도전복,기타,건조,맑음,교차로 - 교차로안,원동기,남,76세,중상,,,,
2014011600100278,2014년 1월 16일 15시,목요일,경상북도 문경시 모전동,경상사고,0,0,1,0,차대차 - 기타,안전운전불이행,건조,맑음,단일로 - 기타,승용,남,68세,상해없음,이륜,남,33세,경상
2014011600100279,2014년 1월 16일 15시,목요일,경상북도 영덕군 남정면,중상사고,0,1,1,0,차대차 - 추돌 - 주정차중,안전운전불이행,건조,맑음,교차로 - 교차로부근,승용,남,56세,상해없음,승용,남,58세,경상
2014011600100280,2014년 1월 16일 15시,목요일,경상북도 울진군 울진읍,중상사고,0,1,0,0,차대사람 - 기타,안전운전불이행,건조,맑음,교차로 - 교차로안,승용,여,42세,상해없음,보행자,여,63세,중상
2014011600100281,2014년 1월 16일 15시,목요일,경상북도 포항시 남구 연일읍,경상사고,0,0,1,0,차대차 - 추돌 - 진행중,안전운전불이행,건조,맑음,단일로 - 기타,화물,남,48세,상해없음,승용,남,59세,경상
2014011600100299,2014년 1월 16일 16시,목요일,경상북도 포항시 북구 흥해읍,중상사고,0,1,0,0,차대차 - 기타,안전운전불이행,건조,맑음,기타 - 기타,건설기계,남,45세,상해없음,승용,여,39세,중상
2014011600100300,2014년 1월 16일 16시,목요일,경상북도 영주시 부석면,중상사고,0,1,0,0,차대사람 - 횡단중,안전운전불이행,건조,맑음,교차로 - 교차로안,승용,남,35세,상해없음,보행자,여,72세,중상
2014011600100354,2014년 1월 16일 18시,목요일,경상북도 포항시 북구 남빈동,중상사고,0,1,0,0,차대사람 - 횡단중,안전운전불이행,건조,맑음,교차로 - 교차로안,화물,남,51세,상해없음,보행자,남,52세,중상
2014011600100355,2014년 1월 16일 18시,목요일,경상북도 의성군 의성읍,경상사고,0,0,3,0,차대차 - 기타,중앙선침범,건조,맑음,단일로 - 기타,화물,남,47세,상해없음,승합,남,51세,경상
2014011600100356,2014년 1월 16일 18시,목요일,경상북도 칠곡군 석적읍,중상사고,0,2,0,0,차대차 - 측면직각충돌,신호위반,건조,맑음,교차로 - 교차로안,승용,남,23세,중상,승용,남,55세,중상
2014011600100357,2014년 1월 16일 18시,목요일,경상북도 경산시 진량읍,사망사고,1,0,0,0,차대사람 - 길가장자리구역통행중,안전운전불이행,건조,맑음,단일로 - 기타,승용,남,47세,상해없음,보행자,여,80세,사망
2014011600100358,2014년 1월 16일 18시,목요일,경상북도 청도군 청도읍,중상사고,0,1,0,0,차대차 - 측면직각충돌,중앙선침범,건조,맑음,단일로 - 기타,승용,여,53세,상해없음,승용,남,44세,중상
2014011600100359,2014년 1월 16일 18시,목요일,경상북도 청도군 청도읍,중상사고,0,1,0,0,차대사람 - 횡단중,안전운전불이행,건조,맑음,단일로 - 기타,원동기,여,44세,상해없음,보행자,여,45세,중상
2014011600100360,2014년 1월 16일 18시,목요일,경상북도 구미시 구평동,중상사고,0,2,0,0,차대차 - 기타,안전운전불이행,건조,맑음,단일로 - 기타,승용,남,39세,상해없음,이륜,남,74세,중상
2014011600100361,2014년 1월 16일 18시,목요일,경상북도 구미시 고아읍,중상사고,0,1,0,0,차대차 - 기타,안전운전불이행,건조,맑음,단일로 - 기타,승용,남,26세,상해없음,자전거,남,12세,중상
2014011600100362,2014년 1월 16일 18시,목요일,경상북도 포항시 남구 효자동,중상사고,0,1,0,0,차대사람 - 기타,안전운전불이행,건조,맑음,교차로 - 교차로안,승용,남,56세,상해없음,보행자,여,51세,중상
2014011600100402,2014년 1월 16일 19시,목요일,경상북도 경주시 성건동,경상사고,0,0,1,0,차대차 - 기타,안전운전불이행,건조,맑음,단일로 - 기타,승용,남,19세,상해없음,승합,남,39세,경상
2014011600100403,2014년 1월 16일 19시,목요일,경상북도 경주시 외동읍,중상사고,0,1,0,0,차대차 - 측면직각충돌,안전운전불이행,건조,맑음,단일로 - 기타,승용,남,38세,상해없음,자전거,남,61세,중상
2014011600100404,2014년 1월 16일 19시,목요일,경상북도 경주시 배동,중상사고,0,2,1,0,차대차 - 기타,기타,건조,맑음,교차로 - 교차로안,화물,남,49세,상해없음,승용,남,37세,중상
2014011600100428,2014년 1월 16일 20시,목요일,경상북도 포항시 북구 장성동,경상사고,0,0,1,0,차량단독 - 기타,기타,건조,맑음,단일로 - 기타,승합,남,57세,상해없음,,,,
2014011600100429,2014년 1월 16일 20시,목요일,경상북도 칠곡군 북삼읍,중상사고,0,1,1,0,차대사람 - 길가장자리구역통행중,보행자보호의무위반,건조,맑음,교차로 - 교차로부근,승용,여,42세,상해없음,보행자,여,18세,중상
2014011600100455,2014년 1월 16일 21시,목요일,경상북도 경산시 사정동,경상사고,0,0,1,0,차대사람 - 기타,안전운전불이행,건조,맑음,단일로 - 횡단보도부근,승용,남,28세,상해없음,보행자,남,57세,경상
2014011600100486,2014년 1월 16일 22시,목요일,경상북도 구미시 상모동,경상사고,0,0,1,0,차대차 - 기타,안전거리미확보,건조,맑음,단일로 - 기타,승용,남,18세,상해없음,이륜,남,42세,경상
2014011700100018,2014년 1월 17일 00시,금요일,경상북도 경산시 하양읍,중상사고,0,1,0,0,차대차 - 기타,안전운전불이행,건조,맑음,단일로 - 기타,승용,남,29세,상해없음,승용,남,26세,중상
2014011700100036,2014년 1월 17일 01시,금요일,경상북도 구미시 형곡동,중상사고,0,1,2,0,차대차 - 기타,안전운전불이행,건조,맑음,단일로 - 기타,승용,남,53세,상해없음,승용,남,39세,경상
2014011700100081,2014년 1월 17일 06시,금요일,경상북도 고령군 쌍림면,사망사고,1,0,1,0,차대사람 - 기타,안전운전불이행,건조,맑음,교차로 - 교차로안,승용,남,37세,상해없음,보행자,여,66세,사망
2014011700100123,2014년 1월 17일 08시,금요일,경상북도 울릉군 울릉읍,경상사고,0,0,11,0,차대차 - 측면직각충돌,안전운전불이행,적설,눈,교차로 - 교차로부근,승용,남,67세,상해없음,승합,남,58세,경상
2014011700100124,2014년 1월 17일 08시,금요일,경상북도 포항시 남구 대잠동,경상사고,0,0,2,0,차대차 - 추돌 - 주정차중,안전운전불이행,건조,맑음,교차로 - 교차로부근,승용,여,51세,상해없음,승용,여,31세,경상
2014011700100170,2014년 1월 17일 10시,금요일,경상북도 경주시 용강동,경상사고,0,0,4,0,차대차 - 기타,안전운전불이행,건조,맑음,기타 - 기타,화물,남,36세,상해없음,화물,남,34세,경상
2014011700100171,2014년 1월 17일 10시,금요일,경상북도 안동시 북문동,중상사고,0,1,0,0,차대사람 - 기타,안전운전불이행,건조,맑음,교차로 - 교차로부근,승용,남,77세,상해없음,보행자,남,62세,중상
2014011700100172,2014년 1월 17일 10시,금요일,경상북도 칠곡군 석적읍,경상사고,0,0,2,0,차대차 - 기타,교차로운행방법위반,건조,맑음,교차로 - 교차로안,승용,남,76세,상해없음,승용,여,35세,경상
2014011700100173,2014년 1월 17일 10시,금요일,경상북도 문경시 모전동,경상사고,0,0,3,0,차대차 - 측면직각충돌,교차로운행방법위반,건조,맑음,교차로 - 교차로안,승용,남,33세,경상,화물,남,64세,경상
2014011700100192,2014년 1월 17일 11시,금요일,경상북도 영천시 완산동,중상사고,0,1,0,0,차대사람 - 기타,안전운전불이행,건조,맑음,단일로 - 기타,승용,여,46세,상해없음,보행자,여,57세,중상
2014011700100213,2014년 1월 17일 12시,금요일,경상북도 경주시 성건동,경상사고,0,0,1,0,차대차 - 기타,안전운전불이행,건조,맑음,교차로 - 교차로부근,승용,남,38세,상해없음,승용,남,65세,경상
2014011700100214,2014년 1월 17일 12시,금요일,경상북도 안동시 당북동,경상사고,0,0,1,0,차대사람 - 기타,안전운전불이행,건조,맑음,단일로 - 기타,화물,남,67세,상해없음,보행자,여,79세,경상
2014011700100215,2014년 1월 17일 12시,금요일,경상북도 예천군 예천읍,중상사고,0,1,0,0,차대차 - 기타,안전운전불이행,건조,맑음,단일로 - 기타,승용,남,58세,상해없음,이륜,남,76세,중상
2014011700100236,2014년 1월 17일 13시,금요일,경상북도 경주시 양북면,경상사고,0,0,1,0,차대차 - 기타,안전운전불이행,건조,맑음,교차로 - 교차로안,특수,남,46세,상해없음,승용,남,34세,경상
2014011700100237,2014년 1월 17일 13시,금요일,경상북도 의성군 안계면,중상사고,0,4,0,0,차량단독 - 도로외이탈 - 추락,안전운전불이행,건조,맑음,기타 - 기타,승합,남,52세,상해없음,,,,
2014011700100238,2014년 1월 17일 13시,금요일,경상북도 경산시 사동,경상사고,0,0,1,0,차대사람 - 기타,안전운전불이행,건조,맑음,단일로 - 기타,승용,남,44세,기타불명,보행자,여,10세,경상
2014011700100239,2014년 1월 17일 13시,금요일,경상북도 구미시 고아읍,중상사고,0,1,0,0,차대차 - 기타,안전운전불이행,건조,맑음,단일로 - 기타,승용,남,75세,상해없음,승용,남,52세,중상
2014011700100256,2014년 1월 17일 14시,금요일,경상북도 경주시 성동동,중상사고,0,1,0,0,차대차 - 기타,안전운전불이행,건조,맑음,교차로 - 교차로안,원동기,남,83세,중상,승합,남,52세,상해없음
2014011700100257,2014년 1월 17일 14시,금요일,경상북도 포항시 북구 여남동,중상사고,0,1,1,0,차대차 - 기타,차로위반,건조,맑음,단일로 - 기타,승용,남,66세,상해없음,승용,여,34세,경상
2014011700100258,2014년 1월 17일 14시,금요일,경상북도 포항시 북구 죽도동,경상사고,0,0,2,0,차대차 - 측면직각충돌,신호위반,건조,맑음,교차로 - 교차로안,원동기,남,16세,경상,승용,남,37세,상해없음
2014011700100259,2014년 1월 17일 14시,금요일,경상북도 안동시 옥동,경상사고,0,0,1,0,차대사람 - 기타,기타,건조,맑음,기타 - 기타,기타불명,기타불명,기타불명,기타불명,보행자,여,61세,경상
2014011700100260,2014년 1월 17일 14시,금요일,경상북도 영천시 문외동,경상사고,0,0,1,0,차대차 - 측면직각충돌,안전운전불이행,건조,맑음,단일로 - 기타,승용,남,55세,상해없음,승용,여,61세,경상
2014011700100290,2014년 1월 17일 15시,금요일,경상북도 안동시 수상동,중상사고,0,4,0,0,차대차 - 측면직각충돌,교차로운행방법위반,건조,맑음,교차로 - 교차로안,승용,여,42세,상해없음,승용,여,54세,중상
2014011700100291,2014년 1월 17일 15시,금요일,경상북도 영주시 휴천동,중상사고,0,1,0,0,차대차 - 측면직각충돌,신호위반,건조,맑음,교차로 - 교차로안,자전거,남,66세,중상,승용,여,28세,상해없음
2014011700100313,2014년 1월 17일 16시,금요일,경상북도 경주시 보문동,경상사고,0,0,1,0,차대차 - 측면직각충돌,안전운전불이행,건조,맑음,단일로 - 기타,승용,남,23세,상해없음,승용,남,37세,경상
2014011700100338,2014년 1월 17일 17시,금요일,경상북도 경주시 성동동,경상사고,0,0,1,0,차대차 - 측면직각충돌,안전운전불이행,건조,맑음,기타 - 기타,원동기,남,73세,경상,승용,여,28세,상해없음
2014011700100339,2014년 1월 17일 17시,금요일,경상북도 영덕군 영덕읍,중상사고,0,1,0,0,차대차 - 측면직각충돌,교차로운행방법위반,건조,맑음,교차로 - 교차로안,승용,남,37세,상해없음,원동기,여,49세,중상
2014011700100340,2014년 1월 17일 17시,금요일,경상북도 구미시 비산동,중상사고,0,1,0,0,차대차 - 기타,교차로운행방법위반,건조,맑음,교차로 - 교차로안,승용,남,52세,상해없음,승용,남,62세,상해없음
2014011700100341,2014년 1월 17일 17시,금요일,경상북도 구미시 비산동,경상사고,0,0,1,0,차대차 - 기타,중앙선침범,건조,맑음,단일로 - 기타,승용,여,26세,상해없음,이륜,남,16세,경상
2014011700100384,2014년 1월 17일 18시,금요일,경상북도 경주시 서면,중상사고,0,1,0,0,차대차 - 기타,안전운전불이행,건조,맑음,단일로 - 기타,승용,남,50세,상해없음,농기계,남,74세,중상
2014011700100385,2014년 1월 17일 18시,금요일,경상북도 안동시 광석동,중상사고,0,1,0,0,차대차 - 측면직각충돌,중앙선침범,건조,맑음,단일로 - 기타,화물,남,46세,상해없음,이륜,남,54세,중상
2014011700100386,2014년 1월 17일 18시,금요일,경상북도 칠곡군 석적읍,경상사고,0,0,1,0,차대차 - 기타,안전운전불이행,건조,맑음,단일로 - 기타,승용,남,29세,상해없음,승용,남,35세,경상
2014011700100387,2014년 1월 17일 18시,금요일,경상북도 칠곡군 약목면,경상사고,0,0,1,0,차대차 - 추돌 - 진행중,안전운전불이행,건조,맑음,단일로 - 기타,승용,여,90세 이상,상해없음,승용,남,34세,경상
2014011700100388,2014년 1월 17일 18시,금요일,경상북도 구미시 봉곡동,경상사고,0,0,1,0,차대차 - 기타,차로위반,건조,맑음,단일로 - 기타,승용,남,49세,상해없음,이륜,남,16세,경상
2014011700100389,2014년 1월 17일 18시,금요일,경상북도 포항시 남구 오천읍,중상사고,0,1,0,0,차대사람 - 기타,안전운전불이행,건조,맑음,단일로 - 기타,승합,남,42세,상해없음,보행자,여,84세,중상
2014011700100456,2014년 1월 17일 20시,금요일,경상북도 구미시 공단동,중상사고,0,1,0,0,차대차 - 기타,신호위반,건조,맑음,교차로 - 교차로안,이륜,남,50세,중상,승용,남,55세,상해없음
2014011700100457,2014년 1월 17일 20시,금요일,경상북도 포항시 남구 오천읍,중상사고,0,1,0,0,차대차 - 기타,기타,건조,맑음,교차로 - 교차로부근,승용,남,61세,상해없음,원동기,남,51세,중상
2014011700100458,2014년 1월 17일 20시,금요일,경상북도 포항시 남구 오천읍,중상사고,0,1,2,0,차대차 - 추돌 - 진행중,안전운전불이행,건조,맑음,교차로 - 교차로부근,승용,남,42세,상해없음,화물,남,44세,중상
2014011700100459,2014년 1월 17일 20시,금요일,경상북도 포항시 남구 오천읍,중상사고,0,1,0,0,차대차 - 측면직각충돌,직진우회전진행방해,건조,맑음,교차로 - 교차로안,승용,남,24세,상해없음,화물,남,28세,중상
2014011700100460,2014년 1월 17일 20시,금요일,경상북도 포항시 남구 대도동,중상사고,0,1,0,0,차대차 - 측면직각충돌,교차로운행방법위반,건조,맑음,교차로 - 교차로안,승용,남,43세,상해없음,원동기,남,53세,중상
2014011700100531,2014년 1월 17일 22시,금요일,경상북도 경산시 조영동,경상사고,0,0,1,0,차대사람 - 기타,안전운전불이행,건조,맑음,단일로 - 기타,이륜,남,21세,상해없음,보행자,여,21세,경상
2014011700100558,2014년 1월 17일 23시,금요일,경상북도 경주시 성건동,경상사고,0,0,1,0,차대차 - 기타,안전운전불이행,건조,맑음,교차로 - 교차로안,승용,남,32세,상해없음,승용,남,50세,경상
2014011700100559,2014년 1월 17일 23시,금요일,경상북도 경주시 동천동,사망사고,1,0,0,0,차대사람 - 기타,안전운전불이행,건조,맑음,단일로 - 기타,승용,남,36세,상해없음,보행자,남,58세,사망
2014011700100560,2014년 1월 17일 23시,금요일,경상북도 포항시 북구 대신동,경상사고,0,0,2,0,차대차 - 기타,신호위반,건조,맑음,교차로 - 교차로안,승용,남,21세,상해없음,승용,남,46세,경상
2014011700100561,2014년 1월 17일 23시,금요일,경상북도 경산시 임당동,부상신고사고,0,0,0,1,차대사람 - 기타,안전운전불이행,건조,맑음,교차로 - 교차로안,승용,남,33세,상해없음,보행자,남,45세,부상신고
2014011700100562,2014년 1월 17일 23시,금요일,경상북도 구미시 원평동,경상사고,0,0,2,0,차대차 - 기타,안전운전불이행,건조,맑음,단일로 - 기타,승용,남,25세,상해없음,화물,남,71세,경상
2014011700100563,2014년 1월 17일 23시,금요일,경상북도 포항시 남구 괴동동,경상사고,0,0,1,0,차대차 - 측면직각충돌,안전운전불이행,건조,맑음,교차로 - 교차로부근,승용,남,58세,상해없음,승용,남,31세,경상
2014011800100031,2014년 1월 18일 00시,토요일,경상북도 포항시 남구 대잠동,경상사고,0,0,1,0,차대차 - 측면직각충돌,신호위반,건조,맑음,교차로 - 교차로안,자전거,남,31세,경상,승용,남,58세,상해없음
2014011800100081,2014년 1월 18일 03시,토요일,경상북도 구미시 신평동,중상사고,0,1,0,0,차대차 - 기타,신호위반,건조,맑음,교차로 - 교차로안,이륜,남,18세,중상,승용,남,40세,상해없음
2014011800100088,2014년 1월 18일 04시,토요일,경상북도 포항시 남구 대송면,사망사고,1,0,0,0,차대차 - 추돌 - 주정차중,안전운전불이행,건조,맑음,교차로 - 교차로부근,승용,남,57세,사망,화물,남,51세,기타불명
2014011800100096,2014년 1월 18일 05시,토요일,경상북도 포항시 북구 두호동,경상사고,0,0,1,0,차대차 - 기타,안전운전불이행,건조,맑음,교차로 - 교차로부근,원동기,남,50세,상해없음,승용,여,54세,상해없음
2014011800100114,2014년 1월 18일 07시,토요일,경상북도 경주시 현곡면,경상사고,0,0,1,0,차대차 - 측면직각충돌,안전운전불이행,건조,맑음,교차로 - 교차로안,화물,남,52세,상해없음,승용,남,41세,경상
2014011800100156,2014년 1월 18일 09시,토요일,경상북도 영천시 야사동,경상사고,0,0,1,0,차대차 - 기타,안전운전불이행,건조,맑음,교차로 - 교차로부근,승용,여,41세,상해없음,승용,남,55세,경상
2014011800100177,2014년 1월 18일 10시,토요일,경상북도 포항시 북구 죽도동,중상사고,0,1,0,0,차대차 - 기타,신호위반,건조,맑음,교차로 - 교차로안,승용,여,50세,상해없음,원동기,남,22세,중상
2014011800100198,2014년 1월 18일 11시,토요일,경상북도 경주시 성동동,경상사고,0,0,1,0,차대차 - 기타,안전거리미확보,건조,맑음,단일로 - 기타,기타불명,기타불명,기타불명,기타불명,승용,여,33세,경상
2014011800100199,2014년 1월 18일 11시,토요일,경상북도 경산시 옥산동,경상사고,0,0,2,0,차대차 - 기타,안전운전불이행,건조,맑음,교차로 - 교차로안,승용,여,67세,상해없음,승용,남,29세,경상
2014011800100229,2014년 1월 18일 12시,토요일,경상북도 봉화군 석포면,경상사고,0,0,2,0,차대차 - 정면충돌,중앙선침범,건조,맑음,단일로 - 기타,승합,남,39세,상해없음,승용,남,67세,경상
2014011800100230,2014년 1월 18일 12시,토요일,경상북도 구미시 고아읍,경상사고,0,0,1,0,차대차 - 기타,교차로운행방법위반,건조,맑음,교차로 - 교차로안,승용,남,34세,상해없음,승용,남,53세,경상