사고번호,사고일시,요일,시군구,사고내용,사망자수,중상자수,경상자수,부상신고자수,사고유형,법규위반,노면상태,기상상태,도로형태,가해운전자 차종,가해운전자 성별,가해운전자 연령,가해운전자 상해정도,피해운전자 차종,피해운전자 성별,피해운전자 연령,피해운전자 상해정도
2014011800100254,2014년 1월 18일 13시,토요일,경상북도 의성군 단밀면,중상사고,0,1,0,0,차대차 - 측면직각충돌,교차로운행방법위반,건조,맑음,교차로 - 교차로안,화물,남,38세,상해없음,화물,남,56세,중상
2014011800100255,2014년 1월 18일 13시,토요일,경상북도 청송군 현서면,경상사고,0,0,2,0,차대차 - 추돌 - 주정차중,안전거리미확보,건조,맑음,단일로 - 기타,승용,남,79세,상해없음,승용,남,36세,경상
2014011800100256,2014년 1월 18일 13시,토요일,경상북도 구미시 시미동,경상사고,0,0,2,0,차대차 - 측면직각충돌,안전거리미확보,건조,맑음,단일로 - 기타,승용,남,54세,상해없음,승용,남,33세,경상
2014011800100274,2014년 1월 18일 14시,토요일,경상북도 경주시 안강읍,경상사고,0,0,1,0,차대차 - 기타,안전운전불이행,건조,맑음,기타 - 기타,화물,남,32세,상해없음,승용,여,54세,경상
2014011800100275,2014년 1월 18일 14시,토요일,경상북도 칠곡군 가산면,중상사고,0,3,0,0,차대차 - 기타,안전거리미확보,건조,맑음,단일로 - 기타,승용,남,78세,중상,화물,남,32세,중상
2014011800100276,2014년 1월 18일 14시,토요일,경상북도 구미시 임수동,중상사고,0,1,0,0,차대차 - 기타,교차로운행방법위반,건조,맑음,단일로 - 기타,승용,여,36세,상해없음,자전거,남,73세,중상
2014011800100299,2014년 1월 18일 15시,토요일,경상북도 구미시 진평동,경상사고,0,0,1,0,차대차 - 기타,교차로운행방법위반,건조,맑음,교차로 - 교차로안,승합,남,56세,상해없음,이륜,남,37세,경상
2014011800100320,2014년 1월 18일 16시,토요일,경상북도 경주시 노서동,경상사고,0,0,1,0,차대사람 - 기타,안전운전불이행,건조,맑음,단일로 - 기타,승용,남,58세,상해없음,보행자,여,51세,경상
2014011800100321,2014년 1월 18일 16시,토요일,경상북도 칠곡군 왜관읍,중상사고,0,2,2,0,차대차 - 기타,교차로운행방법위반,건조,맑음,교차로 - 교차로안,승용,남,26세,상해없음,화물,남,30세,상해없음
2014011800100322,2014년 1월 18일 16시,토요일,경상북도 경산시 옥산동,경상사고,0,0,1,0,차대사람 - 기타,안전운전불이행,건조,맑음,단일로 - 기타,기타불명,기타불명,기타불명,기타불명,보행자,여,36세,경상
2014011800100323,2014년 1월 18일 16시,토요일,경상북도 구미시 선기동,중상사고,0,1,0,0,차대차 - 기타,안전거리미확보,건조,맑음,교차로 - 교차로부근,화물,남,61세,상해없음,화물,남,26세,중상
2014011800100351,2014년 1월 18일 17시,토요일,경상북도 성주군 성주읍,사망사고,1,0,0,0,차대차 - 기타,기타,건조,맑음,기타 - 기타,승용,여,38세,상해없음,이륜,남,75세,사망
2014011800100390,2014년 1월 18일 18시,토요일,경상북도 군위군 부계면,경상사고,0,0,2,0,차대차 - 추돌 - 진행중,안전운전불이행,건조,맑음,교차로 - 교차로부근,화물,남,58세,상해없음,농기계,남,79세,경상
2014011800100391,2014년 1월 18일 18시,토요일,경상북도 구미시 도량동,부상신고사고,0,0,0,1,차대차 - 기타,교차로운행방법위반,건조,맑음,교차로 - 교차로안,이륜,남,32세,부상신고,승용,남,47세,상해없음
2014011800100392,2014년 1월 18일 18시,토요일,경상북도 구미시 신평동,경상사고,0,0,3,0,차대차 - 기타,안전운전불이행,건조,맑음,단일로 - 기타,승용,여,60세,상해없음,승용,여,47세,경상
2014011800100463,2014년 1월 18일 21시,토요일,경상북도 경주시 용강동,경상사고,0,0,1,0,차대사람 - 기타,안전운전불이행,건조,맑음,단일로 - 기타,원동기,남,15세,상해없음,보행자,여,44세,경상
2014011800100464,2014년 1월 18일 21시,토요일,경상북도 경주시 성동동,중상사고,0,1,0,0,차대차 - 기타,안전운전불이행,건조,맑음,교차로 - 교차로안,승용,남,30세,상해없음,원동기,남,17세,중상
2014011800100483,2014년 1월 18일 22시,토요일,경상북도 포항시 북구 장성동,경상사고,0,0,1,0,차대차 - 기타,교차로운행방법위반,건조,맑음,교차로 - 교차로안,승용,여,62세,상해없음,승용,남,33세,경상
2014011800100484,2014년 1월 18일 22시,토요일,경상북도 상주시 무양동,경상사고,0,0,1,0,차대사람 - 기타,안전운전불이행,건조,맑음,단일로 - 기타,승용,남,50세,상해없음,보행자,남,32세,경상
2014011800100504,2014년 1월 18일 23시,토요일,경상북도 칠곡군 가산면,부상신고사고,0,0,0,1,차량단독 - 기타,안전운전불이행,건조,맑음,교차로 - 교차로부근,승용,남,44세,부상신고,,,,
2014011800100505,2014년 1월 18일 23시,토요일,경상북도 구미시 공단동,중상사고,0,1,0,0,차대차 - 측면직각충돌,신호위반,건조,맑음,교차로 - 교차로안,승용,남,56세,상해없음,승용,남,32세,중상
2014011900100017,2014년 1월 19일 00시,일요일,경상북도 경주시 도지동,경상사고,0,0,1,0,차량단독 - 기타,안전운전불이행,건조,맑음,단일로 - 기타,승용,남,45세,경상,,,,
2014011900100038,2014년 1월 19일 01시,일요일,경상북도 포항시 북구 용흥동,중상사고,0,1,2,0,차대차 - 기타,안전운전불이행,건조,맑음,교차로 - 교차로안,이륜,남,19세,중상,승용,남,55세,경상
2014011900100039,2014년 1월 19일 01시,일요일,경상북도 구미시 원평동,중상사고,0,1,0,0,차대차 - 기타,교차로운행방법위반,건조,맑음,교차로 - 교차로안,승용,남,59세,상해없음,이륜,남,24세,중상
2014011900100051,2014년 1월 19일 02시,일요일,경상북도 칠곡군 석적읍,중상사고,0,1,0,0,차량단독 - 기타,안전운전불이행,건조,맑음,단일로 - 기타,승용,남,39세,중상,,,,
2014011900100101,2014년 1월 19일 07시,일요일,경상북도 칠곡군 왜관읍,부상신고사고,0,0,0,1,차대사람 - 기타,안전운전불이행,건조,맑음,단일로 - 기타,기타불명,기타불명,기타불명,기타불명,보행자,여,50세,부상신고
2014011900100113,2014년 1월 19일 08시,일요일,경상북도 안동시 이천동,경상사고,0,0,1,0,차량단독 - 공작물충돌,안전운전불이행,건조,맑음,단일로 - 기타,승용,남,58세,경상,,,,
2014011900100130,2014년 1월 19일 09시,일요일,경상북도 문경시 점촌동,경상사고,0,0,2,0,차대차 - 측면직각충돌,교차로운행방법위반,건조,맑음,교차로 - 교차로안,승용,남,73세,상해없음,화물,남,36세,경상
2014011900100157,2014년 1월 19일 10시,일요일,경상북도 상주시 낙양동,경상사고,0,0,1,0,차대차 - 기타,교차로운행방법위반,건조,맑음,교차로 - 교차로안,승용,여,50세,상해없음,자전거,여,68세,경상
2014011900100174,2014년 1월 19일 11시,일요일,경상북도 안동시 남문동,중상사고,0,2,0,0,차대차 - 기타,직진우회전진행방해,건조,맑음,교차로 - 교차로안,승용,남,59세,상해없음,승용,남,43세,중상
2014011900100196,2014년 1월 19일 12시,일요일,경상북도 의성군 의성읍,경상사고,0,0,2,0,차대차 - 측면직각충돌,교차로운행방법위반,건조,맑음,교차로 - 교차로안,승용,남,35세,상해없음,원동기,남,14세,경상
2014011900100220,2014년 1월 19일 13시,일요일,경상북도 고령군 고령읍,경상사고,0,0,1,0,차대사람 - 기타,안전운전불이행,건조,맑음,단일로 - 기타,승용,남,63세,상해없음,보행자,남,67세,경상
2014011900100262,2014년 1월 19일 15시,일요일,경상북도 김천시 지좌동,경상사고,0,0,1,0,차대차 - 측면직각충돌,중앙선침범,건조,맑음,단일로 - 기타,승용,남,62세,상해없음,이륜,남,77세,경상
2014011900100285,2014년 1월 19일 16시,일요일,경상북도 경주시 천군동,부상신고사고,0,0,0,1,차량단독 - 전도전복,안전운전불이행,기타,맑음,기타 - 기타,이륜,남,14세,부상신고,,,,
2014011900100363,2014년 1월 19일 19시,일요일,경상북도 상주시 성동동,경상사고,0,0,1,0,차대차 - 기타,교차로운행방법위반,건조,맑음,교차로 - 교차로안,승용,여,37세,상해없음,자전거,남,45세,경상
2014011900100364,2014년 1월 19일 19시,일요일,경상북도 구미시 고아읍,중상사고,0,1,0,0,차량단독 - 공작물충돌,안전운전불이행,건조,맑음,교차로 - 교차로부근,승용,남,47세,중상,,,,
2014011900100390,2014년 1월 19일 20시,일요일,경상북도 경주시 성동동,경상사고,0,0,1,0,차대차 - 측면직각충돌,중앙선침범,건조,맑음,단일로 - 기타,승용,남,59세,상해없음,이륜,남,16세,경상
2014011900100391,2014년 1월 19일 20시,일요일,경상북도 안동시 송현동,중상사고,0,1,1,0,차대차 - 추돌 - 진행중,안전운전불이행,건조,맑음,기타 - 기타,승용,남,77세,상해없음,승용,남,18세,경상
2014011900100392,2014년 1월 19일 20시,일요일,경상북도 김천시 지좌동,경상사고,0,0,1,0,차대사람 - 기타,안전운전불이행,건조,맑음,교차로 - 교차로부근,화물,남,59세,상해없음,보행자,여,16세,경상
2014011900100393,2014년 1월 19일 20시,일요일,경상북도 경산시 하양읍,경상사고,0,0,1,0,차대차 - 기타,안전운전불이행,건조,맑음,단일로 - 기타,승용,여,29세,경상,화물,남,56세,상해없음
2014011900100394,2014년 1월 19일 20시,일요일,경상북도 구미시 진평동,중상사고,0,3,2,0,차대차 - 추돌 - 주정차중,안전운전불이행,건조,맑음,단일로 - 기타,승용,남,27세,기타불명,승용,여,48세,경상
2014011900100424,2014년 1월 19일 22시,일요일,경상북도 포항시 북구 죽도동,경상사고,0,0,1,0,차대차 - 추돌 - 주정차중,안전운전불이행,건조,맑음,교차로 - 교차로부근,승용,남,47세,상해없음,승용,남,34세,경상
2014011900100441,2014년 1월 19일 23시,일요일,경상북도 포항시 북구 양덕동,중상사고,0,1,0,0,차대차 - 기타,중앙선침범,건조,맑음,교차로 - 교차로부근,승용,여,48세,상해없음,승용,여,25세,중상
2014012000100005,2014년 1월 20일 00시,월요일,경상북도 포항시 북구 흥해읍,중상사고,0,1,0,0,차대사람 - 기타,안전운전불이행,건조,맑음,교차로 - 교차로부근,승용,여,27세,상해없음,보행자,남,61세,중상
2014012000100006,2014년 1월 20일 00시,월요일,경상북도 구미시 오태동,중상사고,0,1,0,0,차대차 - 측면직각충돌,안전운전불이행,건조,맑음,교차로 - 교차로부근,이륜,남,46세,중상,승용,남,56세,상해없음
2014012000100017,2014년 1월 20일 01시,월요일,경상북도 포항시 북구 덕산동,경상사고,0,0,1,0,차대사람 - 기타,안전운전불이행,건조,맑음,단일로 - 기타,승용,여,45세,상해없음,보행자,남,56세,경상
2014012000100018,2014년 1월 20일 01시,월요일,경상북도 구미시 진평동,경상사고,0,0,1,0,차대차 - 추돌 - 주정차중,안전운전불이행,건조,기타,단일로 - 기타,승용,남,30세,상해없음,승용,남,39세,경상
2014012000100102,2014년 1월 20일 07시,월요일,경상북도 경주시 용강동,중상사고,0,1,0,0,차대차 - 기타,안전운전불이행,건조,맑음,교차로 - 교차로부근,승용,남,64세,상해없음,자전거,남,51세,중상
2014012000100103,2014년 1월 20일 07시,월요일,경상북도 영주시 휴천동,중상사고,0,1,0,0,차대차 - 추돌 - 진행중,안전운전불이행,결빙,눈,교차로 - 교차로부근,화물,남,43세,상해없음,승용,남,18세,중상
2014012000100104,2014년 1월 20일 07시,월요일,경상북도 성주군 성주읍,경상사고,0,0,1,0,차대차 - 측면직각충돌,교차로운행방법위반,건조,맑음,교차로 - 교차로안,승용,남,60세,상해없음,승용,여,44세,경상
2014012000100151,2014년 1월 20일 08시,월요일,경상북도 경주시 인왕동,중상사고,0,1,0,0,차대차 - 기타,안전운전불이행,건조,맑음,교차로 - 교차로안,승용,여,55세,상해없음,원동기,남,33세,중상
2014012000100152,2014년 1월 20일 08시,월요일,경상북도 경주시 충효동,경상사고,0,0,2,0,차대차 - 기타,안전운전불이행,건조,맑음,교차로 - 교차로안,승용,여,48세,경상,승용,남,32세,경상
2014012000100153,2014년 1월 20일 08시,월요일,경상북도 김천시 감문면,경상사고,0,0,1,0,차대차 - 측면직각충돌,중앙선침범,적설,눈,단일로 - 기타,승합,남,48세,상해없음,화물,남,59세,경상
2014012000100154,2014년 1월 20일 08시,월요일,경상북도 문경시 마성면,경상사고,0,0,1,0,차대차 - 추돌 - 진행중,안전운전불이행,적설,눈,교차로 - 교차로부근,승용,여,33세,상해없음,승용,여,56세,경상
2014012000100155,2014년 1월 20일 08시,월요일,경상북도 경산시 진량읍,중상사고,0,2,1,0,차대차 - 추돌 - 진행중,안전운전불이행,건조,흐림,교차로 - 교차로부근,화물,남,58세,중상,승합,남,60세,중상
2014012000100156,2014년 1월 20일 08시,월요일,경상북도 고령군 쌍림면,경상사고,0,0,2,0,차대차 - 측면직각충돌,중앙선침범,결빙,눈,단일로 - 기타,승용,여,32세,상해없음,승용,여,56세,경상
2014012000100157,2014년 1월 20일 08시,월요일,경상북도 구미시 신평동,경상사고,0,0,1,0,차대차 - 기타,기타,결빙,눈,단일로 - 기타,승용,남,63세,상해없음,승용,남,34세,경상
2014012000100193,2014년 1월 20일 09시,월요일,경상북도 경주시 동천동,중상사고,0,1,2,0,차대차 - 기타,안전운전불이행,건조,맑음,단일로 - 기타,화물,남,61세,상해없음,승용,남,35세,중상
2014012000100194,2014년 1월 20일 09시,월요일,경상북도 안동시 수상동,경상사고,0,0,1,0,차대차 - 기타,안전운전불이행,적설,흐림,단일로 - 기타,승용,여,59세,경상,건설기계,남,37세,상해없음
2014012000100195,2014년 1월 20일 09시,월요일,경상북도 상주시 만산동,중상사고,0,1,0,0,차대차 - 기타,신호위반,적설,눈,교차로 - 교차로안,승용,남,70세,상해없음,승용,남,31세,중상
2014012000100196,2014년 1월 20일 09시,월요일,경상북도 구미시 공단동,중상사고,0,1,1,0,차대차 - 기타,중앙선침범,결빙,눈,단일로 - 기타,승용,남,35세,상해없음,승용,남,36세,경상
2014012000100233,2014년 1월 20일 10시,월요일,경상북도 포항시 북구 대흥동,경상사고,0,0,1,0,차대사람 - 기타,안전운전불이행,건조,맑음,기타 - 기타,승합,남,50세,상해없음,보행자,여,26세,경상
2014012000100234,2014년 1월 20일 10시,월요일,경상북도 포항시 북구 용흥동,중상사고,0,1,0,0,차대차 - 기타,교차로운행방법위반,건조,맑음,교차로 - 교차로안,화물,남,45세,상해없음,자전거,여,61세,중상
2014012000100235,2014년 1월 20일 10시,월요일,경상북도 안동시 녹전면,중상사고,0,2,0,0,차대차 - 기타,안전운전불이행,적설,눈,단일로 - 기타,승용,기타불명,기타불명,기타불명,승용,남,31세,중상
2014012000100236,2014년 1월 20일 10시,월요일,경상북도 김천시 성내동,중상사고,0,1,0,0,차대사람 - 기타,안전운전불이행,건조,맑음,단일로 - 기타,화물,남,76세,상해없음,보행자,여,66세,중상
2014012000100237,2014년 1월 20일 10시,월요일,경상북도 상주시 이안면,사망사고,1,0,0,0,차대사람 - 길가장자리구역통행중,안전운전불이행,적설,눈,단일로 - 기타,승용,남,57세,상해없음,보행자,남,73세,사망
2014012000100238,2014년 1월 20일 10시,월요일,경상북도 포항시 남구 해도동,중상사고,0,1,0,0,차대사람 - 횡단중,신호위반,건조,맑음,교차로 - 교차로부근,승용,남,33세,상해없음,보행자,여,60세,중상
2014012000100270,2014년 1월 20일 11시,월요일,경상북도 경주시 황성동,경상사고,0,0,1,0,차대차 - 기타,안전운전불이행,건조,맑음,단일로 - 기타,승용,남,52세,상해없음,자전거,남,81세,경상
2014012000100271,2014년 1월 20일 11시,월요일,경상북도 안동시 서후면,경상사고,0,0,4,0,차대차 - 측면직각충돌,중앙선침범,적설,맑음,교차로 - 교차로안,승용,남,35세,상해없음,승합,남,43세,경상
2014012000100272,2014년 1월 20일 11시,월요일,경상북도 포항시 남구 이동,중상사고,0,1,1,0,차대차 - 추돌 - 진행중,안전거리미확보,건조,맑음,교차로 - 교차로안,승합,남,52세,상해없음,승용,남,64세,경상
2014012000100335,2014년 1월 20일 13시,월요일,경상북도 경주시 서부동,중상사고,0,1,0,0,차대사람 - 기타,안전운전불이행,건조,맑음,교차로 - 교차로안,승용,남,38세,상해없음,보행자,여,79세,중상
2014012000100336,2014년 1월 20일 13시,월요일,경상북도 안동시 태화동,중상사고,0,1,0,0,차대사람 - 기타,신호위반,건조,맑음,교차로 - 교차로안,승용,남,66세,상해없음,보행자,여,83세,중상
2014012000100337,2014년 1월 20일 13시,월요일,경상북도 안동시 옥동,경상사고,0,0,2,0,차대차 - 기타,안전거리미확보,건조,맑음,단일로 - 기타,승합,남,47세,상해없음,승용,여,50세,경상
2014012000100338,2014년 1월 20일 13시,월요일,경상북도 김천시 구성면,중상사고,0,2,2,0,차량단독 - 전도전복,안전운전불이행,적설,눈,단일로 - 기타,화물,남,76세,상해없음,,,,
2014012000100339,2014년 1월 20일 13시,월요일,경상북도 경산시 진량읍,경상사고,0,0,2,0,차대차 - 기타,안전운전불이행,건조,맑음,교차로 - 교차로부근,승용,여,52세,상해없음,승용,남,44세,경상
2014012000100368,2014년 1월 20일 14시,월요일,경상북도 칠곡군 가산면,중상사고,0,1,0,1,차대차 - 기타,안전운전불이행,건조,맑음,단일로 - 기타,화물,남,62세,부상신고,화물,남,52세,중상
2014012000100369,2014년 1월 20일 14시,월요일,경상북도 문경시 흥덕동,중상사고,0,2,1,0,차대차 - 측면직각충돌,직진우회전진행방해,습기,흐림,교차로 - 교차로안,승용,남,29세,경상,승용,남,52세,중상
2014012000100385,2014년 1월 20일 15시,월요일,경상북도 안동시 금곡동,중상사고,0,1,0,0,차대사람 - 기타,보행자보호의무위반,건조,맑음,교차로 - 교차로부근,화물,남,52세,상해없음,보행자,남,85세,중상
2014012000100386,2014년 1월 20일 15시,월요일,경상북도 문경시 문경읍,경상사고,0,0,2,0,차대차 - 추돌 - 진행중,안전운전불이행,적설,눈,단일로 - 기타,화물,남,58세,상해없음,승용,남,61세,경상
2014012000100387,2014년 1월 20일 15시,월요일,경상북도 구미시 형곡동,중상사고,0,1,0,0,차대차 - 기타,중앙선침범,건조,맑음,단일로 - 기타,승용,남,41세,상해없음,이륜,남,29세,중상
2014012000100388,2014년 1월 20일 15시,월요일,경상북도 구미시 광평동,경상사고,0,0,2,0,차대차 - 기타,직진우회전진행방해,건조,맑음,교차로 - 교차로안,승용,남,42세,경상,승용,여,58세,상해없음
2014012000100453,2014년 1월 20일 17시,월요일,경상북도 상주시 만산동,중상사고,0,1,0,0,차대차 - 기타,신호위반,습기,비,교차로 - 교차로안,원동기,남,28세,중상,화물,남,42세,상해없음
2014012000100454,2014년 1월 20일 17시,월요일,경상북도 상주시 서성동,부상신고사고,0,0,0,1,차대사람 - 기타,안전운전불이행,결빙,눈,단일로 - 기타,승용,여,28세,상해없음,보행자,남,50세,부상신고
2014012000100455,2014년 1월 20일 17시,월요일,경상북도 울진군 울진읍,경상사고,0,0,1,0,차대차 - 기타,직진우회전진행방해,건조,맑음,교차로 - 교차로안,승용,남,61세,상해없음,승용,여,38세,상해없음
2014012000100498,2014년 1월 20일 18시,월요일,경상북도 경주시 구정동,경상사고,0,0,2,0,차대차 - 기타,안전운전불이행,건조,맑음,교차로 - 교차로부근,승용,남,30세,상해없음,화물,남,64세,경상
2014012000100499,2014년 1월 20일 18시,월요일,경상북도 경주시 건천읍,사망사고,1,0,0,0,차대사람 - 차도통행중,안전운전불이행,건조,맑음,교차로 - 교차로부근,승용,남,64세,상해없음,보행자,남,83세,사망
2014012000100500,2014년 1월 20일 18시,월요일,경상북도 김천시 농소면,경상사고,0,0,1,0,차대차 - 측면직각충돌,교차로운행방법위반,습기,흐림,교차로 - 교차로안,승용,남,39세,상해없음,승용,여,27세,경상
2014012000100501,2014년 1월 20일 18시,월요일,경상북도 영주시 휴천동,경상사고,0,0,1,0,차대사람 - 기타,안전운전불이행,결빙,맑음,교차로 - 교차로부근,화물,남,51세,상해없음,보행자,남,55세,경상
2014012000100502,2014년 1월 20일 18시,월요일,경상북도 문경시 문경읍,경상사고,0,0,1,0,차대차 - 측면직각충돌,안전운전불이행,적설,눈,단일로 - 기타,승용,남,69세,경상,승합,남,49세,상해없음
2014012000100549,2014년 1월 20일 19시,월요일,경상북도 포항시 북구 죽도동,중상사고,0,1,0,0,차대차 - 기타,안전운전불이행,건조,맑음,단일로 - 기타,승용,남,54세,상해없음,원동기,남,59세,중상
2014012000100585,2014년 1월 20일 20시,월요일,경상북도 경주시 성건동,중상사고,0,1,0,0,차대차 - 기타,안전운전불이행,건조,맑음,교차로 - 교차로안,이륜,남,18세,중상,승용,남,32세,상해없음
2014012000100586,2014년 1월 20일 20시,월요일,경상북도 경주시 황성동,경상사고,0,0,1,0,차대차 - 기타,안전운전불이행,건조,맑음,교차로 - 교차로안,승용,남,54세,상해없음,자전거,남,16세,경상
2014012000100587,2014년 1월 20일 20시,월요일,경상북도 포항시 북구 양덕동,중상사고,0,1,2,0,차대차 - 기타,신호위반,건조,맑음,교차로 - 교차로부근,승용,남,19세,상해없음,승용,여,39세,중상
2014012000100623,2014년 1월 20일 21시,월요일,경상북도 경주시 석장동,중상사고,0,1,0,0,차대차 - 측면직각충돌,안전운전불이행,건조,맑음,교차로 - 교차로부근,승용,남,46세,상해없음,원동기,남,22세,중상
2014012000100624,2014년 1월 20일 21시,월요일,경상북도 안동시 태화동,중상사고,0,1,0,0,차대사람 - 기타,안전운전불이행,건조,맑음,교차로 - 교차로부근,승용,여,50세,상해없음,보행자,남,38세,중상
2014012000100625,2014년 1월 20일 21시,월요일,경상북도 안동시 풍산읍,경상사고,0,0,1,0,차대차 - 기타,안전운전불이행,건조,맑음,단일로 - 기타,승용,남,32세,상해없음,화물,남,51세,경상
2014012000100660,2014년 1월 20일 22시,월요일,경상북도 경산시 진량읍,경상사고,0,0,1,0,차대사람 - 기타,안전운전불이행,건조,맑음,단일로 - 기타,승용,남,34세,상해없음,보행자,남,17세,경상
2014012000100683,2014년 1월 20일 23시,월요일,경상북도 구미시 형곡동,경상사고,0,0,1,0,차대차 - 추돌 - 주정차중,안전운전불이행,적설,맑음,교차로 - 교차로부근,승용,남,38세,상해없음,승용,남,46세,경상
2014012100100007,2014년 1월 21일 00시,화요일,경상북도 포항시 남구 연일읍,경상사고,0,0,1,0,차대사람 - 기타,안전운전불이행,건조,맑음,교차로 - 교차로안,화물,남,45세,상해없음,보행자,남,40세,경상
2014012100100021,2014년 1월 21일 01시,화요일,경상북도 경주시 외동읍,중상사고,0,1,0,0,차대차 - 기타,안전운전불이행,건조,맑음,단일로 - 기타,승용,남,46세,상해없음,승용,남,67세,중상
2014012100100066,2014년 1월 21일 06시,화요일,경상북도 상주시 내서면,중상사고,0,1,0,0,차대차 - 추돌 - 진행중,안전운전불이행,습기,눈,단일로 - 기타,화물,남,40세,상해없음,건설기계,남,41세,중상
2014012100100083,2014년 1월 21일 07시,화요일,경상북도 경주시 성동동,경상사고,0,0,1,0,차대차 - 기타,안전운전불이행,건조,맑음,단일로 - 기타,승용,남,69세,상해없음,자전거,여,73세,경상
2014012100100117,2014년 1월 21일 08시,화요일,경상북도 구미시 시미동,경상사고,0,0,2,0,차대차 - 기타,교차로운행방법위반,건조,맑음,교차로 - 교차로안,승용,남,26세,경상,승용,남,29세,경상
2014012100100118,2014년 1월 21일 08시,화요일,경상북도 포항시 남구 대도동,경상사고,0,0,1,0,차대차 - 추돌 - 진행중,안전운전불이행,건조,맑음,단일로 - 기타,승용,남,48세,상해없음,승용,남,29세,경상
2014012100100155,2014년 1월 21일 09시,화요일,경상북도 포항시 북구 죽도동,중상사고,0,1,0,0,차대차 - 기타,안전운전불이행,건조,맑음,단일로 - 기타,화물,남,40세,상해없음,자전거,남,63세,중상
2014012100100156,2014년 1월 21일 09시,화요일,경상북도 영덕군 남정면,경상사고,0,0,1,0,차대차 - 측면직각충돌,차로위반,건조,맑음,단일로 - 기타,특수,남,38세,상해없음,승용,남,58세,경상
2014012100100187,2014년 1월 21일 10시,화요일,경상북도 경주시 시래동,중상사고,0,1,0,0,차대사람 - 기타,안전운전불이행,건조,맑음,단일로 - 기타,승용,남,47세,상해없음,보행자,여,17세,중상
2014012100100188,2014년 1월 21일 10시,화요일,경상북도 봉화군 춘양면,중상사고,0,1,0,0,차대사람 - 차도통행중,안전운전불이행,결빙,맑음,단일로 - 기타,승합,남,59세,상해없음,보행자,남,81세,중상
2014012100100189,2014년 1월 21일 10시,화요일,경상북도 포항시 남구 대도동,경상사고,0,0,1,0,차대차 - 기타,안전운전불이행,건조,맑음,단일로 - 기타,승용,남,38세,상해없음,승용,여,54세,경상
2014012100100211,2014년 1월 21일 11시,화요일,경상북도 경주시 양북면,중상사고,0,1,1,0,차대차 - 기타,중앙선침범,건조,맑음,단일로 - 기타,승용,남,62세,중상,화물,남,53세,경상
2014012100100212,2014년 1월 21일 11시,화요일,경상북도 경산시 사동,경상사고,0,0,2,0,차대차 - 기타,안전운전불이행,건조,맑음,교차로 - 교차로안,기타불명,기타불명,기타불명,기타불명,자전거,남,10세,경상
2014012100100252,2014년 1월 21일 13시,화요일,경상북도 포항시 남구 오천읍,중상사고,0,1,0,0,차대차 - 측면직각충돌,안전운전불이행,건조,맑음,교차로 - 교차로부근,승용,여,41세,상해없음,원동기,여,25세,중상
2014012100100274,2014년 1월 21일 14시,화요일,경상북도 경주시 충효동,중상사고,0,1,0,0,차대차 - 기타,안전운전불이행,건조,맑음,단일로 - 기타,승용,남,28세,상해없음,원동기,남,23세,중상
2014012100100275,2014년 1월 21일 14시,화요일,경상북도 포항시 북구 덕산동,경상사고,0,0,1,0,차대차 - 기타,교차로운행방법위반,건조,맑음,교차로 - 교차로안,승용,남,55세,상해없음,화물,남,60세,경상
2014012100100276,2014년 1월 21일 14시,화요일,경상북도 구미시 구평동,경상사고,0,0,2,0,차대차 - 기타,교차로운행방법위반,건조,맑음,교차로 - 교차로안,승용,여,30세,상해없음,승용,여,27세,경상
2014012100100309,2014년 1월 21일 15시,화요일,경상북도 경주시 감포읍,사망사고,1,0,0,0,차대사람 - 기타,안전운전불이행,건조,맑음,교차로 - 교차로부근,승용,남,51세,상해없음,보행자,남,81세,사망
2014012100100310,2014년 1월 21일 15시,화요일,경상북도 경주시 천군동,경상사고,0,0,5,0,차대차 - 기타,안전운전불이행,건조,맑음,단일로 - 기타,승용,남,49세,상해없음,승용,남,55세,경상
2014012100100311,2014년 1월 21일 15시,화요일,경상북도 의성군 비안면,중상사고,0,3,0,0,차대차 - 측면직각충돌,중앙선침범,결빙,맑음,단일로 - 기타,화물,남,67세,중상,화물,남,53세,중상
2014012100100312,2014년 1월 21일 15시,화요일,경상북도 경산시 대평동,경상사고,0,0,1,0,차대차 - 기타,안전운전불이행,건조,맑음,교차로 - 교차로안,승용,여,53세,상해없음,이륜,남,33세,경상
2014012100100313,2014년 1월 21일 15시,화요일,경상북도 포항시 남구 대잠동,경상사고,0,0,1,0,차대차 - 기타,신호위반,건조,맑음,교차로 - 교차로안,자전거,남,63세,경상,승용,남,42세,상해없음
2014012100100397,2014년 1월 21일 18시,화요일,경상북도 포항시 북구 동빈1가,경상사고,0,0,1,0,차대차 - 기타,안전운전불이행,건조,맑음,단일로 - 기타,승용,남,31세,상해없음,승용,여,46세,경상
2014012100100398,2014년 1월 21일 18시,화요일,경상북도 김천시 신음동,경상사고,0,0,1,0,차대차 - 측면직각충돌,안전운전불이행,건조,맑음,단일로 - 기타,승용,남,41세,상해없음,이륜,남,16세,경상
2014012100100399,2014년 1월 21일 18시,화요일,경상북도 영양군 영양읍,중상사고,0,1,0,0,차대사람 - 기타,중앙선침범,건조,맑음,단일로 - 기타,승용,남,26세,상해없음,보행자,여,55세,중상
2014012100100439,2014년 1월 21일 19시,화요일,경상북도 김천시 성내동,중상사고,0,1,1,0,차대사람 - 횡단중,보행자보호의무위반,건조,맑음,단일로 - 횡단보도상,승용,남,55세,상해없음,보행자,여,55세,중상