사고번호,사고일시,요일,시군구,사고내용,사망자수,중상자수,경상자수,부상신고자수,사고유형,법규위반,노면상태,기상상태,도로형태,가해운전자 차종,가해운전자 성별,가해운전자 연령,가해운전자 상해정도,피해운전자 차종,피해운전자 성별,피해운전자 연령,피해운전자 상해정도
2014012100100440,2014년 1월 21일 19시,화요일,경상북도 고령군 운수면,경상사고,0,0,3,0,차대차 - 추돌 - 주정차중,안전운전불이행,건조,맑음,단일로 - 기타,화물,남,56세,상해없음,승용,여,50세,경상
2014012100100441,2014년 1월 21일 19시,화요일,경상북도 구미시 형곡동,부상신고사고,0,0,0,1,차대차 - 추돌 - 진행중,교차로운행방법위반,건조,맑음,교차로 - 교차로부근,이륜,남,18세,부상신고,승용,여,44세,상해없음
2014012100100442,2014년 1월 21일 19시,화요일,경상북도 포항시 남구 대도동,경상사고,0,0,1,0,차대사람 - 기타,안전운전불이행,건조,맑음,단일로 - 기타,승용,여,30세,상해없음,보행자,여,65세,경상
2014012100100443,2014년 1월 21일 19시,화요일,경상북도 김천시 농소면,중상사고,0,1,1,0,차대차 - 측면직각충돌,안전운전불이행,건조,맑음,단일로 - 기타,화물,남,46세,경상,화물,남,56세,중상
2014012100100469,2014년 1월 21일 20시,화요일,경상북도 영주시 휴천동,경상사고,0,0,1,0,차량단독 - 전도전복,안전운전불이행,건조,맑음,단일로 - 기타,원동기,남,34세,경상,,,,
2014012100100470,2014년 1월 21일 20시,화요일,경상북도 울진군 죽변면,경상사고,0,0,3,0,차대차 - 정면충돌,중앙선침범,적설,눈,단일로 - 기타,승용,남,27세,경상,승용,남,35세,경상
2014012100100500,2014년 1월 21일 21시,화요일,경상북도 구미시 봉곡동,중상사고,0,1,0,0,차대사람 - 기타,보행자보호의무위반,건조,맑음,교차로 - 교차로부근,승용,남,51세,상해없음,보행자,남,46세,중상
2014012100100524,2014년 1월 21일 22시,화요일,경상북도 구미시 형곡동,중상사고,0,1,3,0,차대차 - 기타,안전운전불이행,건조,맑음,교차로 - 교차로부근,승합,남,54세,경상,승용,여,38세,경상
2014012200100015,2014년 1월 22일 00시,수요일,경상북도 포항시 남구 괴동동,중상사고,0,1,0,0,차대차 - 추돌 - 주정차중,안전운전불이행,건조,맑음,단일로 - 기타,원동기,남,37세,중상,승용,남,59세,상해없음
2014012200100024,2014년 1월 22일 01시,수요일,경상북도 칠곡군 석적읍,경상사고,0,0,2,0,차대차 - 기타,안전운전불이행,건조,맑음,교차로 - 교차로안,화물,남,32세,상해없음,승용,남,27세,경상
2014012200100047,2014년 1월 22일 05시,수요일,경상북도 포항시 북구 덕산동,중상사고,0,1,4,0,차대차 - 기타,교차로운행방법위반,건조,맑음,교차로 - 교차로안,승용,여,53세,경상,승용,남,36세,상해없음
2014012200100060,2014년 1월 22일 06시,수요일,경상북도 경주시 탑동,중상사고,0,1,1,0,차대차 - 기타,신호위반,건조,맑음,교차로 - 교차로안,화물,남,38세,경상,화물,남,53세,중상
2014012200100077,2014년 1월 22일 07시,수요일,경상북도 고령군 성산면,중상사고,0,3,3,0,차대차 - 측면직각충돌,중앙선침범,건조,맑음,단일로 - 기타,승합,남,67세,상해없음,승합,남,58세,경상
2014012200100108,2014년 1월 22일 08시,수요일,경상북도 고령군 덕곡면,경상사고,0,0,1,0,차대차 - 정면충돌,중앙선침범,건조,맑음,단일로 - 기타,승용,여,40세,상해없음,승용,여,38세,경상
2014012200100145,2014년 1월 22일 09시,수요일,경상북도 김천시 봉산면,중상사고,0,2,0,0,차대차 - 측면직각충돌,교차로운행방법위반,건조,맑음,교차로 - 교차로부근,승용,남,63세,상해없음,이륜,남,73세,중상
2014012200100146,2014년 1월 22일 09시,수요일,경상북도 상주시 냉림동,경상사고,0,0,1,0,차대차 - 기타,신호위반,건조,맑음,교차로 - 교차로안,특수,남,61세,상해없음,승용,남,61세,경상
2014012200100175,2014년 1월 22일 10시,수요일,경상북도 경주시 성건동,중상사고,0,1,0,0,차대차 - 기타,안전운전불이행,건조,맑음,교차로 - 교차로안,원동기,여,68세,중상,승용,여,45세,상해없음
2014012200100176,2014년 1월 22일 10시,수요일,경상북도 경주시 외동읍,중상사고,0,1,0,0,차량단독 - 기타,안전운전불이행,건조,맑음,교차로 - 교차로부근,승합,남,49세,상해없음,,,,
2014012200100177,2014년 1월 22일 10시,수요일,경상북도 구미시 공단동,중상사고,0,1,1,0,차대차 - 기타,안전운전불이행,건조,맑음,단일로 - 기타,화물,남,32세,상해없음,승용,남,46세,중상
2014012200100201,2014년 1월 22일 11시,수요일,경상북도 예천군 풍양면,중상사고,0,1,0,0,차대차 - 기타,신호위반,건조,맑음,교차로 - 교차로안,승용,남,40세,상해없음,이륜,남,66세,중상
2014012200100228,2014년 1월 22일 12시,수요일,경상북도 포항시 북구 환호동,경상사고,0,0,1,0,차대차 - 기타,안전운전불이행,건조,맑음,기타 - 기타,원동기,남,33세,상해없음,자전거,남,20세,경상
2014012200100275,2014년 1월 22일 14시,수요일,경상북도 포항시 북구 죽장면,경상사고,0,0,1,0,차대차 - 기타,중앙선침범,건조,맑음,단일로 - 기타,화물,남,43세,상해없음,승용,남,55세,경상
2014012200100276,2014년 1월 22일 14시,수요일,경상북도 김천시 모암동,경상사고,0,0,1,0,차대차 - 측면직각충돌,안전운전불이행,건조,맑음,단일로 - 기타,이륜,남,61세,경상,화물,남,54세,상해없음
2014012200100277,2014년 1월 22일 14시,수요일,경상북도 김천시 양천동,경상사고,0,0,1,0,차대차 - 측면직각충돌,안전운전불이행,건조,맑음,단일로 - 기타,화물,남,54세,상해없음,이륜,남,31세,경상
2014012200100278,2014년 1월 22일 14시,수요일,경상북도 봉화군 소천면,중상사고,0,1,0,0,차대차 - 측면직각충돌,안전운전불이행,습기,맑음,단일로 - 기타,화물,남,53세,상해없음,화물,남,63세,중상
2014012200100279,2014년 1월 22일 14시,수요일,경상북도 포항시 남구 장흥동,경상사고,0,0,2,0,차대차 - 측면직각충돌,안전운전불이행,건조,맑음,단일로 - 기타,화물,남,82세,상해없음,승용,남,32세,경상
2014012200100310,2014년 1월 22일 15시,수요일,경상북도 영주시 봉현면,중상사고,0,2,1,0,차대차 - 측면직각충돌,안전운전불이행,건조,맑음,교차로 - 교차로안,승용,여,39세,상해없음,승용,여,59세,중상
2014012200100311,2014년 1월 22일 15시,수요일,경상북도 칠곡군 북삼읍,경상사고,0,0,1,0,차대사람 - 기타,안전운전불이행,건조,맑음,단일로 - 기타,승용,남,48세,상해없음,보행자,남,11세,경상
2014012200100312,2014년 1월 22일 15시,수요일,경상북도 경산시 중방동,경상사고,0,0,2,0,차대차 - 기타,안전운전불이행,건조,맑음,교차로 - 교차로부근,이륜,남,31세,경상,승용,남,26세,경상
2014012200100345,2014년 1월 22일 16시,수요일,경상북도 문경시 모전동,경상사고,0,0,1,0,차대차 - 측면직각충돌,안전운전불이행,건조,맑음,교차로 - 교차로안,이륜,남,44세,상해없음,자전거,남,11세,경상
2014012200100367,2014년 1월 22일 17시,수요일,경상북도 경주시 외동읍,중상사고,0,1,0,0,차대차 - 기타,안전운전불이행,건조,맑음,교차로 - 교차로부근,화물,남,71세,상해없음,승용,여,58세,중상
2014012200100404,2014년 1월 22일 18시,수요일,경상북도 경주시 건천읍,중상사고,0,1,0,0,차대사람 - 기타,안전운전불이행,건조,맑음,단일로 - 기타,이륜,남,48세,상해없음,보행자,여,70세,중상
2014012200100405,2014년 1월 22일 18시,수요일,경상북도 포항시 북구 죽도동,중상사고,0,1,0,0,차대차 - 기타,안전운전불이행,건조,맑음,교차로 - 교차로안,승용,여,52세,상해없음,자전거,남,82세,중상
2014012200100406,2014년 1월 22일 18시,수요일,경상북도 칠곡군 기산면,중상사고,0,1,1,0,차대차 - 기타,안전거리미확보,건조,맑음,교차로 - 교차로부근,승용,남,52세,상해없음,승용,여,50세,중상
2014012200100407,2014년 1월 22일 18시,수요일,경상북도 경산시 진량읍,중상사고,0,1,0,0,차대차 - 기타,중앙선침범,건조,맑음,단일로 - 기타,승용,남,34세,상해없음,승용,여,44세,중상
2014012200100448,2014년 1월 22일 19시,수요일,경상북도 경주시 외동읍,경상사고,0,0,1,0,차대차 - 기타,안전운전불이행,건조,맑음,교차로 - 교차로안,화물,남,24세,상해없음,승용,남,34세,경상
2014012200100449,2014년 1월 22일 19시,수요일,경상북도 안동시 태화동,경상사고,0,0,1,0,차대차 - 기타,교차로운행방법위반,건조,맑음,교차로 - 교차로부근,화물,남,59세,상해없음,승용,남,34세,경상
2014012200100450,2014년 1월 22일 19시,수요일,경상북도 안동시 태화동,부상신고사고,0,0,0,1,차대차 - 기타,안전운전불이행,건조,맑음,단일로 - 기타,원동기,남,17세,부상신고,승용,남,53세,상해없음
2014012200100451,2014년 1월 22일 19시,수요일,경상북도 구미시 도량동,중상사고,0,1,0,0,차대사람 - 횡단중,보행자보호의무위반,건조,맑음,단일로 - 기타,화물,남,48세,상해없음,보행자,남,52세,중상
2014012200100452,2014년 1월 22일 19시,수요일,경상북도 포항시 남구 대잠동,경상사고,0,0,1,0,차대사람 - 기타,보행자보호의무위반,건조,맑음,교차로 - 교차로안,승용,남,67세,상해없음,보행자,여,24세,경상
2014012200100555,2014년 1월 22일 22시,수요일,경상북도 포항시 북구 동빈2가,경상사고,0,0,1,1,차대차 - 기타,교차로운행방법위반,건조,맑음,교차로 - 교차로안,승용,남,55세,상해없음,승용,여,30세,경상
2014012200100556,2014년 1월 22일 22시,수요일,경상북도 경산시 하양읍,경상사고,0,0,4,0,차대차 - 기타,안전운전불이행,건조,맑음,교차로 - 교차로안,승용,남,55세,상해없음,승용,남,31세,경상
2014012200100557,2014년 1월 22일 22시,수요일,경상북도 구미시 진평동,중상사고,0,1,0,0,차대차 - 기타,안전운전불이행,건조,맑음,교차로 - 교차로안,승용,남,21세,상해없음,이륜,남,49세,중상
2014012200100558,2014년 1월 22일 22시,수요일,경상북도 포항시 남구 오천읍,경상사고,0,0,2,0,차대차 - 추돌 - 주정차중,안전운전불이행,건조,맑음,단일로 - 기타,원동기,남,66세,경상,승용,남,60세,경상
2014012200100559,2014년 1월 22일 22시,수요일,경상북도 포항시 남구 대잠동,경상사고,0,0,3,0,차대차 - 기타,직진우회전진행방해,건조,맑음,교차로 - 교차로안,승용,여,52세,경상,승용,남,35세,경상
2014012200100585,2014년 1월 22일 23시,수요일,경상북도 칠곡군 석적읍,중상사고,0,1,1,1,차대차 - 기타,신호위반,건조,맑음,교차로 - 교차로안,승용,남,37세,상해없음,승용,남,55세,중상
2014012200100586,2014년 1월 22일 23시,수요일,경상북도 칠곡군 석적읍,경상사고,0,0,1,0,차대차 - 기타,안전운전불이행,건조,맑음,단일로 - 기타,승용,남,28세,상해없음,승합,남,44세,경상
2014012200100587,2014년 1월 22일 23시,수요일,경상북도 포항시 남구 대잠동,경상사고,0,0,1,0,차대차 - 기타,안전운전불이행,건조,맑음,교차로 - 교차로안,승용,남,57세,상해없음,승용,남,27세,경상
2014012300100054,2014년 1월 23일 03시,목요일,경상북도 영주시 풍기읍,중상사고,0,1,0,0,차대사람 - 기타,안전운전불이행,건조,맑음,단일로 - 기타,화물,남,60세,상해없음,보행자,남,54세,중상
2014012300100063,2014년 1월 23일 04시,목요일,경상북도 구미시 고아읍,경상사고,0,0,1,0,차량단독 - 공작물충돌,안전운전불이행,건조,맑음,교차로 - 교차로부근,승용,남,48세,상해없음,,,,
2014012300100074,2014년 1월 23일 05시,목요일,경상북도 김천시 아포읍,중상사고,0,1,1,0,차대차 - 측면직각충돌,중앙선침범,건조,맑음,단일로 - 기타,승용,여,34세,상해없음,승용,여,33세,경상
2014012300100090,2014년 1월 23일 06시,목요일,경상북도 포항시 남구 괴동동,중상사고,0,1,0,0,차량단독 - 기타,안전운전불이행,결빙,맑음,교차로 - 교차로부근,원동기,남,26세,중상,,,,
2014012300100114,2014년 1월 23일 07시,목요일,경상북도 구미시 오태동,경상사고,0,0,2,0,차대차 - 측면직각충돌,신호위반,건조,맑음,교차로 - 교차로안,승용,여,31세,경상,승용,남,27세,경상
2014012300100141,2014년 1월 23일 08시,목요일,경상북도 경주시 황성동,중상사고,0,1,0,0,차대차 - 기타,안전운전불이행,건조,맑음,교차로 - 교차로안,승용,여,33세,상해없음,자전거,남,41세,중상
2014012300100179,2014년 1월 23일 09시,목요일,경상북도 포항시 남구 연일읍,중상사고,0,2,3,0,차대사람 - 기타,안전운전불이행,건조,맑음,단일로 - 기타,화물,여,62세,중상,보행자,남,65세,중상
2014012300100207,2014년 1월 23일 10시,목요일,경상북도 고령군 고령읍,경상사고,0,0,1,0,차대차 - 추돌 - 진행중,안전운전불이행,건조,맑음,단일로 - 기타,승용,남,80세,상해없음,이륜,남,74세,경상
2014012300100232,2014년 1월 23일 11시,목요일,경상북도 영양군 입암면,중상사고,0,1,0,0,차대차 - 기타,안전운전불이행,건조,맑음,단일로 - 기타,승용,기타불명,기타불명,기타불명,이륜,남,58세,중상
2014012300100255,2014년 1월 23일 12시,목요일,경상북도 포항시 북구 죽도동,경상사고,0,0,1,0,차대차 - 기타,안전운전불이행,건조,맑음,교차로 - 교차로부근,승용,남,70세,상해없음,승용,남,54세,경상
2014012300100256,2014년 1월 23일 12시,목요일,경상북도 상주시 화동면,중상사고,0,1,0,0,차대차 - 기타,교차로운행방법위반,건조,맑음,교차로 - 교차로안,화물,남,37세,상해없음,이륜,남,62세,중상
2014012300100257,2014년 1월 23일 12시,목요일,경상북도 상주시 냉림동,중상사고,0,1,0,0,차대사람 - 기타,안전운전불이행,건조,맑음,단일로 - 기타,이륜,남,78세,상해없음,보행자,여,80세,중상
2014012300100282,2014년 1월 23일 13시,목요일,경상북도 안동시 서후면,경상사고,0,0,1,0,차대차 - 기타,안전운전불이행,건조,맑음,단일로 - 기타,원동기,남,65세,경상,승용,남,54세,상해없음
2014012300100283,2014년 1월 23일 13시,목요일,경상북도 문경시 모전동,중상사고,0,1,0,0,차대사람 - 기타,안전운전불이행,건조,맑음,단일로 - 기타,승용,여,35세,상해없음,보행자,여,76세,중상
2014012300100284,2014년 1월 23일 13시,목요일,경상북도 경산시 계양동,중상사고,0,1,0,0,차대차 - 기타,안전운전불이행,건조,맑음,단일로 - 기타,승용,남,62세,상해없음,승합,남,48세,상해없음
2014012300100309,2014년 1월 23일 14시,목요일,경상북도 포항시 북구 용흥동,경상사고,0,0,3,0,차대차 - 추돌 - 주정차중,안전운전불이행,건조,맑음,단일로 - 기타,승용,남,63세,상해없음,승용,남,68세,경상
2014012300100310,2014년 1월 23일 14시,목요일,경상북도 안동시 풍천면,경상사고,0,0,1,0,차대차 - 기타,기타,건조,맑음,교차로 - 교차로부근,승용,남,60세,상해없음,이륜,여,73세,경상
2014012300100311,2014년 1월 23일 14시,목요일,경상북도 포항시 남구 대송면,중상사고,0,1,0,0,차대차 - 기타,안전운전불이행,건조,맑음,단일로 - 기타,화물,남,59세,상해없음,원동기,남,49세,중상
2014012300100336,2014년 1월 23일 15시,목요일,경상북도 경주시 현곡면,경상사고,0,0,1,0,차대차 - 기타,안전운전불이행,건조,맑음,교차로 - 교차로안,승용,남,21세,상해없음,화물,남,55세,경상
2014012300100337,2014년 1월 23일 15시,목요일,경상북도 김천시 신음동,경상사고,0,0,1,0,차대사람 - 기타,안전운전불이행,건조,맑음,단일로 - 기타,승용,여,59세,상해없음,보행자,여,39세,경상
2014012300100338,2014년 1월 23일 15시,목요일,경상북도 상주시 이안면,경상사고,0,0,2,0,차대차 - 기타,안전운전불이행,건조,맑음,교차로 - 교차로안,화물,남,65세,상해없음,승용,남,48세,경상
2014012300100339,2014년 1월 23일 15시,목요일,경상북도 경산시 자인면,중상사고,0,1,1,0,차대차 - 기타,안전운전불이행,기타,맑음,기타 - 기타,승용,여,76세,상해없음,승용,여,54세,기타불명
2014012300100340,2014년 1월 23일 15시,목요일,경상북도 구미시 옥계동,경상사고,0,0,1,0,차대차 - 측면직각충돌,안전운전불이행,건조,맑음,단일로 - 기타,승용,남,51세,상해없음,이륜,남,23세,경상
2014012300100341,2014년 1월 23일 15시,목요일,경상북도 포항시 남구 대송면,중상사고,0,2,1,0,차대차 - 측면직각충돌,직진우회전진행방해,건조,맑음,교차로 - 교차로안,화물,남,34세,중상,화물,남,59세,경상
2014012300100373,2014년 1월 23일 16시,목요일,경상북도 경주시 안강읍,중상사고,0,1,0,0,차대차 - 기타,안전운전불이행,건조,맑음,교차로 - 교차로안,승용,여,59세,상해없음,자전거,여,55세,중상
2014012300100374,2014년 1월 23일 16시,목요일,경상북도 칠곡군 북삼읍,경상사고,0,0,1,1,차대차 - 기타,교차로운행방법위반,건조,맑음,교차로 - 교차로안,승합,여,47세,부상신고,승용,남,34세,경상
2014012300100375,2014년 1월 23일 16시,목요일,경상북도 경산시 대평동,경상사고,0,0,1,0,차대차 - 기타,안전운전불이행,건조,맑음,단일로 - 기타,건설기계,남,58세,상해없음,승용,여,54세,경상
2014012300100397,2014년 1월 23일 17시,목요일,경상북도 포항시 북구 장성동,중상사고,0,1,0,0,차대사람 - 횡단중,보행자보호의무위반,건조,맑음,교차로 - 교차로안,승용,남,37세,상해없음,보행자,여,13세,중상
2014012300100398,2014년 1월 23일 17시,목요일,경상북도 포항시 남구 대송면,중상사고,0,1,1,0,차대차 - 기타,직진우회전진행방해,건조,맑음,교차로 - 교차로안,승용,남,31세,경상,화물,남,49세,중상
2014012300100434,2014년 1월 23일 18시,목요일,경상북도 경주시 강동면,경상사고,0,0,2,0,차대차 - 추돌 - 주정차중,안전운전불이행,건조,맑음,기타 - 기타,승용,남,62세,상해없음,승용,남,65세,경상
2014012300100435,2014년 1월 23일 18시,목요일,경상북도 포항시 북구 흥해읍,경상사고,0,0,2,0,차대차 - 측면직각충돌,신호위반,건조,맑음,교차로 - 교차로부근,승용,남,53세,상해없음,승용,남,28세,경상
2014012300100436,2014년 1월 23일 18시,목요일,경상북도 안동시 정하동,경상사고,0,0,2,0,차대차 - 기타,안전운전불이행,건조,맑음,단일로 - 교량,승용,남,48세,상해없음,승용,남,42세,경상
2014012300100437,2014년 1월 23일 18시,목요일,경상북도 울진군 원남면,사망사고,1,0,0,0,차대사람 - 횡단중,과속,건조,맑음,단일로 - 기타,승용,남,55세,상해없음,보행자,여,79세,사망
2014012300100438,2014년 1월 23일 18시,목요일,경상북도 구미시 구평동,경상사고,0,0,1,0,차대차 - 측면직각충돌,차로위반,건조,맑음,교차로 - 교차로부근,승용,남,52세,상해없음,이륜,남,42세,경상
2014012300100439,2014년 1월 23일 18시,목요일,경상북도 구미시 해평면,중상사고,0,2,1,0,차대차 - 측면직각충돌,안전운전불이행,건조,맑음,단일로 - 기타,승용,남,23세,중상,승용,남,36세,중상
2014012300100440,2014년 1월 23일 18시,목요일,경상북도 포항시 남구 연일읍,경상사고,0,0,1,0,차대차 - 기타,안전운전불이행,건조,맑음,단일로 - 기타,화물,남,58세,상해없음,승용,여,33세,경상
2014012300100479,2014년 1월 23일 19시,목요일,경상북도 포항시 북구 장성동,경상사고,0,0,1,0,차대사람 - 기타,안전운전불이행,건조,맑음,단일로 - 기타,승용,남,51세,상해없음,보행자,여,20세,경상
2014012300100480,2014년 1월 23일 19시,목요일,경상북도 경산시 진량읍,경상사고,0,0,1,0,차대차 - 기타,직진우회전진행방해,건조,맑음,교차로 - 교차로안,승용,남,28세,상해없음,승용,남,27세,경상
2014012300100481,2014년 1월 23일 19시,목요일,경상북도 예천군 지보면,중상사고,0,1,0,0,차량단독 - 기타,안전운전불이행,건조,맑음,단일로 - 기타,승용,남,29세,중상,,,,
2014012300100482,2014년 1월 23일 19시,목요일,경상북도 성주군 성주읍,중상사고,0,1,0,0,차대사람 - 횡단중,보행자보호의무위반,기타,맑음,교차로 - 교차로부근,화물,남,58세,상해없음,보행자,여,73세,중상
2014012300100483,2014년 1월 23일 19시,목요일,경상북도 청송군 파천면,중상사고,0,1,1,0,차대차 - 측면직각충돌,교차로운행방법위반,건조,맑음,교차로 - 교차로안,화물,남,60세,중상,화물,남,60세,경상
2014012300100513,2014년 1월 23일 20시,목요일,경상북도 경산시 하양읍,중상사고,0,1,0,0,차대차 - 기타,안전운전불이행,건조,맑음,단일로 - 기타,화물,남,22세,중상,승용,남,39세,상해없음
2014012300100514,2014년 1월 23일 20시,목요일,경상북도 고령군 다산면,경상사고,0,0,1,0,차대사람 - 횡단중,신호위반,건조,맑음,단일로 - 횡단보도상,화물,남,65세,상해없음,보행자,여,64세,경상
2014012300100551,2014년 1월 23일 21시,목요일,경상북도 포항시 남구 오천읍,경상사고,0,0,1,0,차대차 - 추돌 - 주정차중,안전운전불이행,건조,맑음,단일로 - 기타,승용,남,32세,상해없음,승합,남,51세,상해없음
2014012300100552,2014년 1월 23일 21시,목요일,경상북도 구미시 선산읍,중상사고,0,1,0,0,차대차 - 추돌 - 진행중,안전운전불이행,건조,맑음,단일로 - 기타,승용,남,49세,상해없음,화물,남,46세,중상
2014012300100589,2014년 1월 23일 22시,목요일,경상북도 경산시 백천동,경상사고,0,0,1,0,차대사람 - 기타,기타,건조,맑음,교차로 - 교차로부근,승용,여,43세,상해없음,보행자,남,30세,경상
2014012400100018,2014년 1월 24일 00시,금요일,경상북도 김천시 평화동,중상사고,0,1,0,0,차대차 - 측면직각충돌,교차로운행방법위반,건조,맑음,교차로 - 교차로안,승용,남,54세,상해없음,자전거,여,71세,중상
2014012400100019,2014년 1월 24일 00시,금요일,경상북도 영덕군 남정면,중상사고,0,1,0,0,차대차 - 추돌 - 진행중,안전운전불이행,건조,맑음,단일로 - 기타,화물,남,56세,상해없음,건설기계,남,49세,중상
2014012400100043,2014년 1월 24일 01시,금요일,경상북도 영주시 영주동,경상사고,0,0,4,0,차대차 - 측면직각충돌,직진우회전진행방해,건조,맑음,교차로 - 교차로안,승용,여,46세,경상,승용,남,56세,경상
2014012400100044,2014년 1월 24일 01시,금요일,경상북도 포항시 남구 상도동,경상사고,0,0,2,0,차대차 - 측면직각충돌,중앙선침범,건조,맑음,교차로 - 교차로부근,승용,남,45세,상해없음,승용,여,40세,경상
2014012400100081,2014년 1월 24일 04시,금요일,경상북도 구미시 진평동,중상사고,0,1,0,0,차량단독 - 공작물충돌,안전운전불이행,건조,맑음,단일로 - 교량,승용,남,43세,중상,,,,
2014012400100124,2014년 1월 24일 07시,금요일,경상북도 경주시 안강읍,중상사고,0,2,1,0,차대차 - 기타,안전운전불이행,건조,맑음,교차로 - 교차로안,승용,남,50세,경상,화물,남,56세,중상
2014012400100150,2014년 1월 24일 08시,금요일,경상북도 경산시 진량읍,경상사고,0,0,1,0,차대차 - 기타,안전운전불이행,건조,기타,교차로 - 교차로안,승용,여,44세,경상,승용,남,49세,상해없음
2014012400100151,2014년 1월 24일 08시,금요일,경상북도 구미시 인의동,경상사고,0,0,1,0,차대사람 - 기타,안전운전불이행,건조,맑음,단일로 - 기타,승용,여,60세,기타불명,보행자,남,77세,경상
2014012400100176,2014년 1월 24일 09시,금요일,경상북도 칠곡군 약목면,중상사고,0,1,0,0,차대차 - 추돌 - 주정차중,안전거리미확보,건조,맑음,단일로 - 기타,건설기계,남,58세,상해없음,승용,여,43세,중상
2014012400100177,2014년 1월 24일 09시,금요일,경상북도 칠곡군 북삼읍,경상사고,0,0,1,1,차대차 - 측면직각충돌,교차로운행방법위반,건조,맑음,교차로 - 교차로안,승용,여,33세,부상신고,화물,남,31세,경상
2014012400100178,2014년 1월 24일 09시,금요일,경상북도 경산시 진량읍,사망사고,1,0,0,0,차대차 - 추돌 - 진행중,안전운전불이행,건조,맑음,단일로 - 기타,화물,남,59세,사망,화물,남,51세,상해없음
2014012400100208,2014년 1월 24일 10시,금요일,경상북도 칠곡군 가산면,중상사고,0,1,0,0,차대사람 - 기타,안전운전불이행,건조,맑음,기타 - 기타,특수,남,41세,상해없음,보행자,남,40세,중상
2014012400100209,2014년 1월 24일 10시,금요일,경상북도 포항시 남구 상도동,경상사고,0,0,2,0,차량단독 - 공작물충돌,안전운전불이행,건조,맑음,단일로 - 기타,특수,남,30세,상해없음,,,,
2014012400100210,2014년 1월 24일 10시,금요일,경상북도 포항시 남구 해도동,중상사고,0,1,0,0,차량단독 - 기타,기타,건조,맑음,단일로 - 기타,건설기계,남,59세,중상,,,,
2014012400100228,2014년 1월 24일 11시,금요일,경상북도 김천시 지좌동,경상사고,0,0,3,0,차대차 - 측면직각충돌,안전운전불이행,건조,맑음,단일로 - 기타,승합,남,61세,상해없음,승용,여,32세,경상
2014012400100229,2014년 1월 24일 11시,금요일,경상북도 칠곡군 동명면,중상사고,0,1,0,0,차대사람 - 기타,안전운전불이행,건조,맑음,단일로 - 기타,원동기,남,69세,상해없음,보행자,여,71세,중상
2014012400100230,2014년 1월 24일 11시,금요일,경상북도 경산시 사동,중상사고,0,1,0,0,차량단독 - 공작물충돌,안전운전불이행,건조,맑음,단일로 - 기타,승합,남,70세,상해없음,,,,
2014012400100231,2014년 1월 24일 11시,금요일,경상북도 구미시 진평동,부상신고사고,0,0,0,1,차대차 - 기타,안전운전불이행,건조,맑음,교차로 - 교차로안,이륜,남,32세,부상신고,승합,남,28세,상해없음
2014012400100248,2014년 1월 24일 12시,금요일,경상북도 봉화군 봉성면,중상사고,0,1,0,0,차대차 - 측면직각충돌,안전운전불이행,건조,맑음,단일로 - 기타,화물,남,51세,상해없음,이륜,여,71세,중상
2014012400100271,2014년 1월 24일 13시,금요일,경상북도 포항시 북구 청하면,중상사고,0,2,0,0,차대차 - 추돌 - 진행중,교차로운행방법위반,건조,맑음,교차로 - 교차로안,원동기,남,73세,중상,화물,남,48세,상해없음
2014012400100272,2014년 1월 24일 13시,금요일,경상북도 포항시 남구 인덕동,중상사고,0,1,1,0,차대차 - 측면직각충돌,안전운전불이행,건조,맑음,단일로 - 기타,승용,남,52세,상해없음,승용,남,73세,경상
2014012400100294,2014년 1월 24일 14시,금요일,경상북도 경주시 황오동,중상사고,0,1,0,0,차대차 - 기타,안전운전불이행,건조,맑음,단일로 - 기타,승용,여,28세,상해없음,화물,남,21세,중상
2014012400100295,2014년 1월 24일 14시,금요일,경상북도 울진군 죽변면,중상사고,0,2,2,0,차대차 - 추돌 - 진행중,안전운전불이행,건조,맑음,단일로 - 기타,승용,여,36세,기타불명,화물,남,51세,경상
2014012400100318,2014년 1월 24일 15시,금요일,경상북도 포항시 남구 대도동,경상사고,0,0,1,0,차대차 - 추돌 - 주정차중,안전운전불이행,건조,맑음,교차로 - 교차로부근,승용,남,51세,상해없음,승용,여,58세,경상
2014012400100319,2014년 1월 24일 15시,금요일,경상북도 포항시 북구 용흥동,경상사고,0,0,1,0,차대사람 - 기타,안전운전불이행,건조,맑음,단일로 - 횡단보도부근,기타불명,기타불명,기타불명,기타불명,보행자,여,14세,경상
2014012400100320,2014년 1월 24일 15시,금요일,경상북도 의성군 사곡면,중상사고,0,1,0,0,차대차 - 정면충돌,안전운전불이행,건조,맑음,단일로 - 기타,화물,남,52세,상해없음,화물,남,45세,중상
2014012400100321,2014년 1월 24일 15시,금요일,경상북도 영주시 영주동,경상사고,0,0,1,0,차대사람 - 기타,안전운전불이행,건조,맑음,기타 - 기타,승용,남,83세,상해없음,보행자,여,42세,경상
2014012400100322,2014년 1월 24일 15시,금요일,경상북도 경산시 중방동,중상사고,0,1,1,0,차대차 - 기타,교차로운행방법위반,건조,맑음,교차로 - 교차로부근,승용,여,41세,상해없음,이륜,남,31세,중상
2014012400100352,2014년 1월 24일 16시,금요일,경상북도 경주시 성건동,중상사고,0,1,2,0,차대차 - 기타,안전운전불이행,건조,맑음,교차로 - 교차로안,승용,여,54세,상해없음,승용,여,41세,경상