사고번호,사고일시,요일,시군구,사고내용,사망자수,중상자수,경상자수,부상신고자수,사고유형,법규위반,노면상태,기상상태,도로형태,가해운전자 차종,가해운전자 성별,가해운전자 연령,가해운전자 상해정도,피해운전자 차종,피해운전자 성별,피해운전자 연령,피해운전자 상해정도
2014020200100193,2014년 2월 2일 15시,일요일,경상북도 경주시 신평동,경상사고,0,0,1,1,차량단독 - 기타,안전운전불이행,건조,맑음,기타 - 기타,이륜,여,31세,부상신고,,,,
2014020200100194,2014년 2월 2일 15시,일요일,경상북도 영주시 가흥동,경상사고,0,0,1,0,차대차 - 추돌 - 주정차중,안전운전불이행,건조,맑음,기타 - 기타,승용,여,58세,경상,승용,남,61세,기타불명
2014020200100195,2014년 2월 2일 15시,일요일,경상북도 영주시 가흥동,중상사고,0,3,3,2,차대차 - 측면직각충돌,신호위반,건조,맑음,교차로 - 교차로안,승용,남,37세,부상신고,승용,남,38세,중상
2014020200100196,2014년 2월 2일 15시,일요일,경상북도 구미시 구평동,경상사고,0,0,1,0,차대사람 - 기타,안전운전불이행,건조,맑음,단일로 - 기타,기타불명,기타불명,기타불명,기타불명,보행자,여,80세,경상
2014020200100197,2014년 2월 2일 15시,일요일,경상북도 포항시 남구 효자동,경상사고,0,0,4,0,차대차 - 추돌 - 주정차중,안전운전불이행,건조,맑음,교차로 - 교차로부근,승용,여,32세,경상,승용,남,33세,상해없음
2014020200100216,2014년 2월 2일 16시,일요일,경상북도 안동시 옥동,경상사고,0,0,1,0,차량단독 - 공작물충돌,안전운전불이행,건조,맑음,단일로 - 기타,승용,남,20세,경상,,,,
2014020200100217,2014년 2월 2일 16시,일요일,경상북도 구미시 인의동,경상사고,0,0,1,0,차대차 - 기타,안전운전불이행,건조,맑음,단일로 - 기타,승용,남,30세,상해없음,이륜,남,45세,경상
2014020200100234,2014년 2월 2일 17시,일요일,경상북도 경주시 건천읍,중상사고,0,1,2,0,차대차 - 기타,안전운전불이행,건조,맑음,교차로 - 교차로안,승용,여,29세,상해없음,승용,여,39세,중상
2014020200100235,2014년 2월 2일 17시,일요일,경상북도 경산시 압량면,경상사고,0,0,1,0,차대사람 - 기타,안전운전불이행,건조,맑음,단일로 - 기타,기타불명,기타불명,기타불명,기타불명,보행자,남,11세,경상
2014020200100269,2014년 2월 2일 18시,일요일,경상북도 안동시 삼산동,경상사고,0,0,2,0,차대차 - 기타,안전운전불이행,건조,맑음,단일로 - 기타,화물,남,46세,상해없음,승용,남,27세,경상
2014020200100270,2014년 2월 2일 18시,일요일,경상북도 예천군 예천읍,중상사고,0,2,0,0,차대차 - 측면직각충돌,안전운전불이행,건조,맑음,단일로 - 기타,화물,남,69세,중상,승용,남,38세,중상
2014020200100271,2014년 2월 2일 18시,일요일,경상북도 구미시 상모동,경상사고,0,0,1,0,차대사람 - 기타,안전운전불이행,건조,맑음,단일로 - 횡단보도상,기타불명,기타불명,기타불명,기타불명,보행자,남,17세,경상
2014020200100287,2014년 2월 2일 19시,일요일,경상북도 안동시 일직면,사망사고,1,0,0,0,차대사람 - 횡단중,안전운전불이행,건조,맑음,단일로 - 기타,승용,남,52세,상해없음,보행자,남,49세,사망
2014020200100302,2014년 2월 2일 20시,일요일,경상북도 포항시 남구 오천읍,중상사고,0,1,0,0,차대차 - 기타,중앙선침범,건조,맑음,단일로 - 기타,원동기,남,17세,중상,승용,남,29세,상해없음
2014020200100327,2014년 2월 2일 21시,일요일,경상북도 경산시 옥곡동,경상사고,0,0,1,0,차대사람 - 기타,보행자보호의무위반,건조,맑음,교차로 - 교차로안,승용,남,45세,상해없음,보행자,여,16세,경상
2014020200100328,2014년 2월 2일 21시,일요일,경상북도 울진군 후포면,경상사고,0,0,1,0,차대사람 - 횡단중,안전운전불이행,건조,맑음,단일로 - 기타,화물,남,53세,상해없음,보행자,여,60세,경상
2014020300100019,2014년 2월 3일 02시,월요일,경상북도 경주시 충효동,중상사고,0,2,0,0,차대차 - 기타,안전운전불이행,건조,맑음,교차로 - 교차로안,승용,남,26세,중상,화물,남,65세,중상
2014020300100020,2014년 2월 3일 02시,월요일,경상북도 경산시 진량읍,중상사고,0,1,0,0,차대사람 - 기타,안전운전불이행,건조,맑음,단일로 - 기타,승용,남,29세,상해없음,보행자,남,50세,중상
2014020300100026,2014년 2월 3일 03시,월요일,경상북도 구미시 옥계동,경상사고,0,0,1,0,차량단독 - 기타,안전운전불이행,건조,흐림,단일로 - 기타,승용,남,23세,상해없음,,,,
2014020300100039,2014년 2월 3일 05시,월요일,경상북도 울진군 후포면,중상사고,0,1,0,0,차대차 - 기타,안전운전불이행,건조,맑음,교차로 - 교차로안,승용,여,70세,상해없음,자전거,여,63세,중상
2014020300100087,2014년 2월 3일 08시,월요일,경상북도 경산시 삼북동,경상사고,0,0,1,0,차대사람 - 기타,신호위반,건조,맑음,교차로 - 교차로부근,승용,남,25세,상해없음,보행자,남,4세,경상
2014020300100108,2014년 2월 3일 09시,월요일,경상북도 구미시 공단동,경상사고,0,0,1,0,차대차 - 기타,안전운전불이행,건조,맑음,단일로 - 횡단보도상,화물,남,39세,상해없음,자전거,여,54세,경상
2014020300100124,2014년 2월 3일 10시,월요일,경상북도 포항시 남구 오천읍,경상사고,0,0,2,0,차대차 - 추돌 - 진행중,안전운전불이행,건조,맑음,단일로 - 기타,승용,남,21세,경상,화물,남,39세,경상
2014020300100138,2014년 2월 3일 11시,월요일,경상북도 경주시 인왕동,중상사고,0,1,1,0,차대차 - 기타,중앙선침범,건조,맑음,기타 - 기타,승용,남,74세,상해없음,승용,남,45세,경상
2014020300100139,2014년 2월 3일 11시,월요일,경상북도 경주시 건천읍,중상사고,0,1,0,0,차대차 - 기타,안전운전불이행,건조,맑음,교차로 - 교차로안,승용,남,44세,상해없음,이륜,남,81세,중상
2014020300100140,2014년 2월 3일 11시,월요일,경상북도 구미시 사곡동,중상사고,0,1,0,0,차대사람 - 기타,신호위반,건조,맑음,교차로 - 교차로부근,승합,남,58세,상해없음,보행자,남,22세,중상
2014020300100169,2014년 2월 3일 12시,월요일,경상북도 영주시 영주동,경상사고,0,0,1,0,차대차 - 기타,안전운전불이행,건조,맑음,단일로 - 기타,승용,남,66세,상해없음,원동기,남,17세,경상
2014020300100195,2014년 2월 3일 13시,월요일,경상북도 상주시 사벌면,중상사고,0,1,0,0,차대차 - 기타,안전운전불이행,건조,맑음,교차로 - 교차로부근,화물,남,52세,상해없음,자전거,여,64세,중상
2014020300100214,2014년 2월 3일 14시,월요일,경상북도 영천시 도림동,경상사고,0,0,2,0,차대차 - 측면직각충돌,안전운전불이행,건조,맑음,교차로 - 교차로안,승용,남,51세,상해없음,화물,남,54세,경상
2014020300100271,2014년 2월 3일 16시,월요일,경상북도 경산시 진량읍,경상사고,0,0,1,0,차대차 - 추돌 - 진행중,안전운전불이행,건조,맑음,단일로 - 교량,특수,남,52세,상해없음,승용,여,51세,경상
2014020300100272,2014년 2월 3일 16시,월요일,경상북도 청도군 청도읍,중상사고,0,1,0,0,차량단독 - 공작물충돌,안전운전불이행,건조,맑음,단일로 - 기타,화물,남,67세,중상,,,,
2014020300100301,2014년 2월 3일 17시,월요일,경상북도 영덕군 강구면,중상사고,0,1,0,0,차대차 - 기타,안전운전불이행,건조,맑음,단일로 - 기타,승용,남,37세,상해없음,승용,여,43세,중상
2014020300100329,2014년 2월 3일 18시,월요일,경상북도 울진군 울진읍,중상사고,0,1,0,0,차대차 - 기타,안전운전불이행,건조,맑음,단일로 - 기타,승용,여,61세,상해없음,자전거,남,77세,중상
2014020300100330,2014년 2월 3일 18시,월요일,경상북도 포항시 남구 대송면,경상사고,0,0,1,0,차대차 - 측면직각충돌,안전운전불이행,건조,맑음,단일로 - 기타,화물,남,50세,상해없음,화물,남,53세,상해없음
2014020300100331,2014년 2월 3일 18시,월요일,경상북도 칠곡군 지천면,중상사고,0,1,1,0,차대차 - 측면직각충돌,안전운전불이행,건조,맑음,단일로 - 기타,승용,남,18세,상해없음,승용,남,44세,경상
2014020300100365,2014년 2월 3일 19시,월요일,경상북도 포항시 북구 흥해읍,경상사고,0,0,1,0,차대차 - 기타,교차로운행방법위반,건조,맑음,교차로 - 교차로안,승용,여,23세,상해없음,승용,여,33세,경상
2014020300100366,2014년 2월 3일 19시,월요일,경상북도 경산시 중방동,경상사고,0,0,2,0,차대차 - 기타,안전운전불이행,건조,맑음,단일로 - 기타,원동기,남,17세,경상,화물,남,46세,경상
2014020300100394,2014년 2월 3일 20시,월요일,경상북도 경주시 성건동,경상사고,0,0,1,0,차대사람 - 횡단중,보행자보호의무위반,건조,맑음,교차로 - 교차로안,승용,남,54세,상해없음,보행자,여,48세,경상
2014020300100439,2014년 2월 3일 22시,월요일,경상북도 칠곡군 가산면,경상사고,0,0,1,0,차대차 - 기타,안전운전불이행,건조,맑음,교차로 - 교차로부근,승용,남,40세,상해없음,승용,남,47세,경상
2014020300100440,2014년 2월 3일 22시,월요일,경상북도 구미시 구포동,경상사고,0,0,1,0,차대차 - 기타,교차로운행방법위반,건조,맑음,교차로 - 교차로안,승용,남,34세,상해없음,자전거,남,24세,경상
2014020300100453,2014년 2월 3일 23시,월요일,경상북도 포항시 북구 죽도동,중상사고,0,1,0,0,차대차 - 기타,안전운전불이행,건조,맑음,단일로 - 횡단보도상,승용,남,63세,상해없음,자전거,남,59세,중상
2014020300100454,2014년 2월 3일 23시,월요일,경상북도 포항시 북구 흥해읍,중상사고,0,1,0,0,차량단독 - 공작물충돌,안전운전불이행,건조,맑음,단일로 - 기타,승용,남,29세,중상,,,,
2014020400100009,2014년 2월 4일 00시,화요일,경상북도 경산시 사정동,중상사고,0,1,1,0,차대차 - 기타,중앙선침범,건조,맑음,단일로 - 기타,승용,남,63세,상해없음,승용,남,49세,경상
2014020400100029,2014년 2월 4일 02시,화요일,경상북도 칠곡군 왜관읍,경상사고,0,0,1,0,차대차 - 기타,교차로운행방법위반,건조,맑음,교차로 - 교차로안,승용,남,45세,상해없음,승합,여,24세,경상
2014020400100039,2014년 2월 4일 03시,화요일,경상북도 영천시 창구동,경상사고,0,0,1,0,차대차 - 추돌 - 주정차중,안전운전불이행,건조,맑음,교차로 - 교차로안,승용,남,48세,상해없음,승용,여,42세,경상
2014020400100045,2014년 2월 4일 04시,화요일,경상북도 포항시 남구 대잠동,중상사고,0,2,0,0,차대차 - 측면직각충돌,직진우회전진행방해,건조,맑음,교차로 - 교차로안,승용,남,60세,상해없음,승용,남,55세,중상
2014020400100062,2014년 2월 4일 06시,화요일,경상북도 청도군 청도읍,사망사고,2,0,0,0,차대차 - 추돌 - 진행중,안전운전불이행,건조,맑음,단일로 - 기타,화물,남,54세,상해없음,농기계,남,75세,사망
2014020400100063,2014년 2월 4일 06시,화요일,경상북도 포항시 남구 괴동동,중상사고,0,1,0,0,차대차 - 측면직각충돌,안전거리미확보,건조,맑음,단일로 - 기타,승용,남,28세,상해없음,이륜,남,66세,중상
2014020400100077,2014년 2월 4일 07시,화요일,경상북도 구미시 인의동,경상사고,0,0,3,0,차대차 - 기타,교차로운행방법위반,건조,맑음,교차로 - 교차로안,승용,남,53세,경상,승용,남,29세,경상
2014020400100096,2014년 2월 4일 08시,화요일,경상북도 포항시 북구 창포동,경상사고,0,0,1,0,차대사람 - 기타,교차로운행방법위반,건조,맑음,교차로 - 교차로안,승용,여,44세,상해없음,보행자,여,25세,경상
2014020400100097,2014년 2월 4일 08시,화요일,경상북도 칠곡군 북삼읍,경상사고,0,0,1,0,차대사람 - 횡단중,보행자보호의무위반,건조,맑음,교차로 - 교차로안,승용,남,54세,상해없음,보행자,남,8세,경상
2014020400100127,2014년 2월 4일 09시,화요일,경상북도 경주시 용강동,경상사고,0,0,1,0,차대차 - 추돌 - 주정차중,안전운전불이행,건조,맑음,단일로 - 기타,승용,남,65세,상해없음,승용,남,30세,경상
2014020400100128,2014년 2월 4일 09시,화요일,경상북도 칠곡군 왜관읍,경상사고,0,0,1,0,차대차 - 기타,안전운전불이행,건조,맑음,단일로 - 기타,화물,남,66세,상해없음,승용,여,26세,경상
2014020400100157,2014년 2월 4일 10시,화요일,경상북도 예천군 예천읍,중상사고,0,1,0,0,차대차 - 측면직각충돌,안전운전불이행,건조,맑음,교차로 - 교차로안,화물,남,45세,상해없음,승용,여,50세,중상
2014020400100178,2014년 2월 4일 11시,화요일,경상북도 경주시 건천읍,중상사고,0,2,1,1,차대차 - 기타,안전운전불이행,적설,맑음,단일로 - 기타,화물,남,66세,부상신고,승용,남,33세,중상
2014020400100196,2014년 2월 4일 12시,화요일,경상북도 영천시 완산동,경상사고,0,0,2,0,차대차 - 기타,교차로운행방법위반,건조,맑음,교차로 - 교차로안,승용,남,66세,상해없음,승용,남,57세,경상
2014020400100213,2014년 2월 4일 13시,화요일,경상북도 경주시 신평동,경상사고,0,0,1,0,차대차 - 기타,안전운전불이행,건조,맑음,단일로 - 기타,승용,남,42세,상해없음,승용,남,30세,경상
2014020400100214,2014년 2월 4일 13시,화요일,경상북도 봉화군 명호면,중상사고,0,2,1,0,차대차 - 측면직각충돌,중앙선침범,건조,맑음,교차로 - 교차로부근,화물,남,67세,중상,승용,남,50세,경상
2014020400100215,2014년 2월 4일 13시,화요일,경상북도 성주군 초전면,경상사고,0,0,1,0,차대차 - 측면직각충돌,직진우회전진행방해,기타,맑음,교차로 - 교차로안,이륜,여,50세,경상,승용,여,30세,상해없음
2014020400100238,2014년 2월 4일 14시,화요일,경상북도 칠곡군 지천면,부상신고사고,0,0,0,1,차대차 - 추돌 - 진행중,안전운전불이행,건조,맑음,단일로 - 기타,승용,여,53세,부상신고,건설기계,남,76세,상해없음
2014020400100239,2014년 2월 4일 14시,화요일,경상북도 영덕군 병곡면,중상사고,0,2,0,0,차량단독 - 공작물충돌,안전운전불이행,건조,맑음,단일로 - 기타,화물,남,41세,중상,,,,
2014020400100240,2014년 2월 4일 14시,화요일,경상북도 구미시 산동면,중상사고,0,1,0,0,차대사람 - 기타,안전운전불이행,건조,맑음,단일로 - 기타,승합,남,49세,상해없음,보행자,여,77세,중상
2014020400100263,2014년 2월 4일 15시,화요일,경상북도 안동시 운흥동,중상사고,0,1,0,0,차대차 - 기타,안전운전불이행,건조,맑음,기타 - 기타,승용,여,33세,상해없음,승용,남,55세,중상
2014020400100264,2014년 2월 4일 15시,화요일,경상북도 상주시 남성동,경상사고,0,0,1,0,차대사람 - 기타,안전운전불이행,건조,맑음,단일로 - 기타,승합,남,59세,상해없음,보행자,여,53세,경상
2014020400100265,2014년 2월 4일 15시,화요일,경상북도 성주군 성주읍,경상사고,0,0,1,0,차대사람 - 횡단중,안전운전불이행,기타,맑음,단일로 - 기타,승용,남,42세,상해없음,보행자,남,8세,경상
2014020400100266,2014년 2월 4일 15시,화요일,경상북도 구미시 공단동,경상사고,0,0,2,0,차대차 - 측면직각충돌,교차로운행방법위반,건조,맑음,교차로 - 교차로안,승용,남,29세,상해없음,승합,남,52세,경상
2014020400100375,2014년 2월 4일 19시,화요일,경상북도 경주시 황성동,중상사고,0,1,1,0,차대차 - 기타,신호위반,건조,맑음,교차로 - 교차로안,승용,남,22세,상해없음,원동기,남,18세,경상
2014020400100376,2014년 2월 4일 19시,화요일,경상북도 포항시 북구 죽도동,경상사고,0,0,1,0,차대사람 - 기타,신호위반,건조,맑음,단일로 - 횡단보도상,승용,여,54세,상해없음,보행자,여,45세,경상
2014020400100377,2014년 2월 4일 19시,화요일,경상북도 영덕군 강구면,중상사고,0,1,0,0,차대차 - 측면직각충돌,안전운전불이행,건조,맑음,단일로 - 기타,이륜,기타불명,기타불명,기타불명,자전거,남,71세,중상
2014020400100378,2014년 2월 4일 19시,화요일,경상북도 구미시 원평동,경상사고,0,0,1,0,차대차 - 기타,교차로운행방법위반,건조,맑음,교차로 - 교차로안,승용,여,48세,상해없음,승용,여,52세,경상
2014020400100421,2014년 2월 4일 21시,화요일,경상북도 안동시 송현동,경상사고,0,0,1,0,차대차 - 기타,안전운전불이행,건조,맑음,교차로 - 교차로부근,승용,남,58세,상해없음,이륜,남,17세,경상
2014020400100422,2014년 2월 4일 21시,화요일,경상북도 구미시 고아읍,중상사고,0,1,0,0,차대차 - 측면직각충돌,신호위반,건조,맑음,교차로 - 교차로안,화물,남,38세,기타불명,승용,여,55세,중상
2014020400100423,2014년 2월 4일 21시,화요일,경상북도 구미시 원평동,사망사고,1,0,0,0,차대사람 - 기타,안전운전불이행,건조,맑음,단일로 - 기타,승용,남,35세,상해없음,보행자,여,60세,사망
2014020400100447,2014년 2월 4일 22시,화요일,경상북도 경주시 안강읍,경상사고,0,0,2,0,차대차 - 기타,안전운전불이행,건조,맑음,교차로 - 교차로안,화물,남,41세,경상,승용,남,27세,경상
2014020400100448,2014년 2월 4일 22시,화요일,경상북도 문경시 모전동,경상사고,0,0,1,0,차대차 - 기타,안전운전불이행,건조,맑음,교차로 - 교차로안,승용,남,41세,상해없음,승용,여,44세,경상
2014020500100012,2014년 2월 5일 00시,수요일,경상북도 포항시 북구 장성동,중상사고,0,1,0,0,차대차 - 기타,안전운전불이행,건조,맑음,교차로 - 교차로부근,화물,남,59세,상해없음,원동기,남,46세,중상
2014020500100013,2014년 2월 5일 00시,수요일,경상북도 김천시 농소면,경상사고,0,0,2,0,차대차 - 측면직각충돌,교차로운행방법위반,건조,맑음,교차로 - 교차로안,승용,남,26세,경상,승용,여,47세,경상
2014020500100014,2014년 2월 5일 00시,수요일,경상북도 칠곡군 석적읍,부상신고사고,0,0,0,1,차량단독 - 공작물충돌,기타,건조,맑음,단일로 - 기타,승용,남,39세,부상신고,,,,
2014020500100029,2014년 2월 5일 01시,수요일,경상북도 포항시 북구 장성동,경상사고,0,0,1,0,차대차 - 기타,안전운전불이행,건조,맑음,교차로 - 교차로안,승용,남,32세,상해없음,승용,남,62세,상해없음
2014020500100030,2014년 2월 5일 01시,수요일,경상북도 칠곡군 석적읍,중상사고,0,1,1,0,차대차 - 측면직각충돌,신호위반,건조,맑음,교차로 - 교차로안,승용,남,26세,상해없음,승용,여,30세,경상
2014020500100070,2014년 2월 5일 07시,수요일,경상북도 구미시 봉곡동,경상사고,0,0,1,0,차대차 - 측면직각충돌,중앙선침범,건조,맑음,교차로 - 교차로부근,승용,남,44세,상해없음,승용,남,60세,경상
2014020500100103,2014년 2월 5일 09시,수요일,경상북도 의성군 안평면,사망사고,1,2,0,0,차대차 - 추돌 - 진행중,안전운전불이행,건조,맑음,단일로 - 기타,승용,남,45세,상해없음,승용,여,53세,사망
2014020500100114,2014년 2월 5일 10시,수요일,경상북도 안동시 송현동,경상사고,0,0,1,0,차대차 - 기타,신호위반,건조,맑음,교차로 - 교차로안,승용,남,54세,상해없음,승용,남,66세,경상
2014020500100115,2014년 2월 5일 10시,수요일,경상북도 경산시 대동,중상사고,0,1,0,0,차대차 - 기타,안전운전불이행,건조,맑음,기타 - 기타,승용,여,50세,상해없음,승용,남,53세,기타불명
2014020500100129,2014년 2월 5일 11시,수요일,경상북도 영덕군 강구면,중상사고,0,1,0,0,차대차 - 측면직각충돌,직진우회전진행방해,건조,맑음,교차로 - 교차로안,승용,여,49세,상해없음,자전거,남,83세,중상
2014020500100143,2014년 2월 5일 12시,수요일,경상북도 경주시 황성동,중상사고,0,3,3,0,차대차 - 기타,중앙선침범,건조,맑음,단일로 - 기타,승용,남,46세,경상,승용,남,47세,경상
2014020500100169,2014년 2월 5일 13시,수요일,경상북도 포항시 북구 환호동,경상사고,0,0,3,0,차대차 - 추돌 - 진행중,안전거리미확보,건조,맑음,교차로 - 교차로부근,승용,남,49세,상해없음,승용,여,40세,경상
2014020500100170,2014년 2월 5일 13시,수요일,경상북도 포항시 북구 죽도동,경상사고,0,0,1,0,차대차 - 기타,안전운전불이행,건조,맑음,단일로 - 기타,승용,여,47세,상해없음,화물,여,56세,경상
2014020500100190,2014년 2월 5일 14시,수요일,경상북도 영양군 입암면,경상사고,0,0,1,0,차대사람 - 횡단중,안전운전불이행,건조,맑음,단일로 - 기타,승합,남,54세,상해없음,보행자,여,93세,경상
2014020500100211,2014년 2월 5일 15시,수요일,경상북도 상주시 모동면,경상사고,0,0,1,0,차대차 - 기타,교차로운행방법위반,건조,맑음,교차로 - 교차로안,승용,여,45세,상해없음,원동기,남,39세,경상
2014020500100212,2014년 2월 5일 15시,수요일,경상북도 구미시 광평동,중상사고,0,1,2,0,차대차 - 기타,안전거리미확보,건조,맑음,교차로 - 교차로부근,승용,남,50세,상해없음,승용,남,36세,경상
2014020500100244,2014년 2월 5일 16시,수요일,경상북도 안동시 안기동,중상사고,0,1,2,0,차대사람 - 기타,신호위반,건조,맑음,교차로 - 교차로부근,승합,남,63세,상해없음,보행자,여,8세,중상
2014020500100267,2014년 2월 5일 17시,수요일,경상북도 경주시 동천동,중상사고,0,1,0,0,차대차 - 기타,안전운전불이행,건조,맑음,교차로 - 교차로부근,승용,남,33세,상해없음,이륜,남,49세,중상
2014020500100268,2014년 2월 5일 17시,수요일,경상북도 김천시 어모면,중상사고,0,1,3,0,차대차 - 측면직각충돌,안전운전불이행,건조,맑음,단일로 - 기타,승용,남,19세,경상,화물,남,60세,경상
2014020500100293,2014년 2월 5일 18시,수요일,경상북도 의성군 봉양면,경상사고,0,0,1,0,차대차 - 측면직각충돌,안전운전불이행,건조,맑음,교차로 - 교차로부근,승용,여,49세,상해없음,승용,남,35세,경상
2014020500100294,2014년 2월 5일 18시,수요일,경상북도 영주시 휴천동,중상사고,0,1,0,0,차대사람 - 기타,안전운전불이행,건조,맑음,단일로 - 기타,승용,남,27세,상해없음,보행자,여,77세,중상
2014020500100321,2014년 2월 5일 19시,수요일,경상북도 영천시 임고면,중상사고,0,1,0,0,차량단독 - 공작물충돌,안전운전불이행,건조,맑음,단일로 - 기타,화물,남,51세,중상,,,,
2014020500100341,2014년 2월 5일 20시,수요일,경상북도 고령군 운수면,경상사고,0,0,1,0,차대차 - 추돌 - 진행중,안전운전불이행,건조,맑음,단일로 - 기타,승합,남,46세,상해없음,농기계,남,69세,경상
2014020500100361,2014년 2월 5일 21시,수요일,경상북도 포항시 남구 대도동,중상사고,0,2,1,0,차대차 - 측면직각충돌,중앙선침범,건조,맑음,단일로 - 기타,승용,남,14세,상해없음,승용,여,52세,중상
2014020500100362,2014년 2월 5일 21시,수요일,경상북도 포항시 남구 효자동,경상사고,0,0,1,0,차대차 - 측면직각충돌,안전운전불이행,건조,맑음,교차로 - 교차로부근,원동기,남,16세,상해없음,원동기,남,24세,경상
2014020500100392,2014년 2월 5일 22시,수요일,경상북도 경주시 용강동,중상사고,0,1,0,0,차대차 - 기타,중앙선침범,건조,맑음,단일로 - 기타,화물,남,36세,상해없음,승용,여,54세,중상
2014020500100422,2014년 2월 5일 23시,수요일,경상북도 포항시 남구 송도동,중상사고,0,1,0,0,차대차 - 측면직각충돌,안전운전불이행,건조,맑음,교차로 - 교차로부근,화물,남,45세,상해없음,자전거,남,67세,중상
2014020600100023,2014년 2월 6일 01시,목요일,경상북도 포항시 북구 창포동,경상사고,0,0,1,0,차대사람 - 기타,안전운전불이행,습기,비,단일로 - 기타,승용,남,57세,상해없음,보행자,남,48세,경상
2014020600100049,2014년 2월 6일 04시,목요일,경상북도 칠곡군 북삼읍,경상사고,0,0,1,0,차대차 - 기타,안전운전불이행,건조,맑음,단일로 - 기타,승용,여,46세,경상,화물,남,36세,기타불명
2014020600100055,2014년 2월 6일 05시,목요일,경상북도 구미시 공단동,중상사고,0,4,0,0,차대차 - 추돌 - 주정차중,안전운전불이행,건조,맑음,교차로 - 교차로부근,승용,남,28세,상해없음,승용,남,42세,중상
2014020600100068,2014년 2월 6일 06시,목요일,경상북도 포항시 북구 대흥동,경상사고,0,0,1,0,차대차 - 기타,교차로운행방법위반,건조,맑음,교차로 - 교차로안,승용,남,39세,상해없음,원동기,남,50세,경상
2014020600100090,2014년 2월 6일 07시,목요일,경상북도 상주시 무양동,중상사고,0,1,0,0,차대차 - 기타,교차로운행방법위반,건조,맑음,교차로 - 교차로안,승용,남,60세,상해없음,자전거,여,46세,중상
2014020600100138,2014년 2월 6일 09시,목요일,경상북도 경주시 배반동,중상사고,0,1,2,0,차량단독 - 기타,안전운전불이행,적설,눈,단일로 - 기타,승합,남,58세,경상,,,,
2014020600100139,2014년 2월 6일 09시,목요일,경상북도 경주시 성건동,중상사고,0,1,0,0,차대차 - 기타,안전운전불이행,적설,눈,단일로 - 기타,승용,남,62세,중상,건설기계,남,51세,상해없음
2014020600100140,2014년 2월 6일 09시,목요일,경상북도 포항시 북구 기북면,중상사고,0,1,0,0,차량단독 - 공작물충돌,안전운전불이행,적설,눈,단일로 - 기타,화물,남,66세,중상,,,,
2014020600100141,2014년 2월 6일 09시,목요일,경상북도 김천시 봉산면,경상사고,0,0,2,0,차대차 - 측면직각충돌,안전운전불이행,건조,맑음,단일로 - 기타,화물,남,62세,상해없음,화물,여,61세,경상
2014020600100160,2014년 2월 6일 10시,목요일,경상북도 예천군 감천면,중상사고,0,1,0,0,차대차 - 추돌 - 주정차중,안전운전불이행,건조,흐림,교차로 - 교차로부근,화물,남,56세,상해없음,이륜,남,49세,중상
2014020600100161,2014년 2월 6일 10시,목요일,경상북도 구미시 옥성면,중상사고,0,2,0,0,차대차 - 기타,안전운전불이행,건조,맑음,교차로 - 교차로안,승용,남,65세,중상,건설기계,남,38세,상해없음
2014020600100179,2014년 2월 6일 11시,목요일,경상북도 경주시 광명동,중상사고,0,1,0,0,차대차 - 추돌 - 주정차중,안전운전불이행,습기,눈,단일로 - 기타,화물,남,40세,상해없음,화물,남,39세,상해없음
2014020600100197,2014년 2월 6일 12시,목요일,경상북도 경주시 건천읍,중상사고,0,1,1,0,차대차 - 기타,안전운전불이행,결빙,눈,단일로 - 터널,승용,남,46세,상해없음,승용,남,26세,중상
2014020600100198,2014년 2월 6일 12시,목요일,경상북도 영천시 북안면,중상사고,0,1,4,0,차대차 - 추돌 - 주정차중,안전운전불이행,결빙,눈,단일로 - 터널,승용,남,34세,상해없음,화물,남,38세,경상
2014020600100217,2014년 2월 6일 13시,목요일,경상북도 상주시 낙동면,중상사고,0,1,0,0,차대차 - 기타,안전운전불이행,건조,맑음,교차로 - 교차로안,화물,남,54세,상해없음,원동기,남,75세,중상
2014020600100218,2014년 2월 6일 13시,목요일,경상북도 칠곡군 지천면,중상사고,0,1,0,0,차대사람 - 횡단중,안전운전불이행,건조,맑음,단일로 - 기타,승용,여,28세,상해없음,보행자,여,73세,중상
2014020600100245,2014년 2월 6일 14시,목요일,경상북도 영천시 화북면,중상사고,0,1,0,0,차대차 - 기타,안전운전불이행,건조,맑음,교차로 - 교차로부근,화물,남,55세,상해없음,화물,남,71세,중상
2014020600100270,2014년 2월 6일 15시,목요일,경상북도 안동시 남후면,중상사고,0,1,1,0,차대차 - 기타,기타,건조,맑음,단일로 - 기타,화물,남,48세,상해없음,화물,여,59세,경상
2014020600100271,2014년 2월 6일 15시,목요일,경상북도 경산시 계양동,경상사고,0,0,1,0,차대사람 - 기타,중앙선침범,건조,맑음,단일로 - 기타,승용,남,45세,상해없음,보행자,여,39세,경상
2014020600100272,2014년 2월 6일 15시,목요일,경상북도 영덕군 강구면,중상사고,0,1,0,0,차대사람 - 횡단중,안전운전불이행,건조,맑음,단일로 - 기타,승용,남,34세,상해없음,보행자,여,3세,중상
2014020600100273,2014년 2월 6일 15시,목요일,경상북도 청도군 각남면,경상사고,0,0,1,0,차대차 - 추돌 - 주정차중,안전운전불이행,건조,맑음,단일로 - 기타,원동기,여,54세,경상,기타불명,남,66세,기타불명
2014020600100307,2014년 2월 6일 17시,목요일,경상북도 영천시 화산면,경상사고,0,0,1,0,차대차 - 기타,중앙선침범,건조,맑음,단일로 - 기타,화물,남,43세,상해없음,화물,남,38세,경상