사고번호,사고일시,요일,시군구,사고내용,사망자수,중상자수,경상자수,부상신고자수,사고유형,법규위반,노면상태,기상상태,도로형태,가해운전자 차종,가해운전자 성별,가해운전자 연령,가해운전자 상해정도,피해운전자 차종,피해운전자 성별,피해운전자 연령,피해운전자 상해정도
2014020600100308,2014년 2월 6일 17시,목요일,경상북도 포항시 남구 대잠동,경상사고,0,0,1,0,차대차 - 측면직각충돌,안전운전불이행,건조,맑음,단일로 - 기타,화물,남,52세,상해없음,승용,여,42세,경상
2014020600100338,2014년 2월 6일 18시,목요일,경상북도 칠곡군 석적읍,경상사고,0,0,1,0,차대차 - 기타,안전운전불이행,건조,맑음,교차로 - 교차로부근,이륜,남,33세,경상,승용,남,27세,상해없음
2014020600100339,2014년 2월 6일 18시,목요일,경상북도 포항시 남구 연일읍,경상사고,0,0,1,0,차대차 - 기타,중앙선침범,건조,흐림,단일로 - 기타,화물,남,49세,상해없음,승용,여,39세,경상
2014020600100368,2014년 2월 6일 19시,목요일,경상북도 영천시 북안면,중상사고,0,2,0,0,차대차 - 기타,교차로운행방법위반,습기,비,교차로 - 교차로안,화물,남,50세,상해없음,승용,여,29세,중상
2014020600100390,2014년 2월 6일 20시,목요일,경상북도 포항시 남구 오천읍,경상사고,0,0,1,0,차대차 - 기타,안전운전불이행,습기,비,단일로 - 기타,승용,남,44세,상해없음,원동기,남,19세,경상
2014020600100411,2014년 2월 6일 21시,목요일,경상북도 안동시 안흥동,경상사고,0,0,2,0,차대차 - 기타,안전운전불이행,건조,맑음,기타 - 기타,화물,남,51세,상해없음,승용,남,24세,경상
2014020600100412,2014년 2월 6일 21시,목요일,경상북도 경산시 옥산동,경상사고,0,0,1,0,차대사람 - 기타,기타,건조,맑음,기타 - 기타,자전거,남,18세,상해없음,보행자,남,23세,경상
2014020600100413,2014년 2월 6일 21시,목요일,경상북도 구미시 임수동,경상사고,0,0,2,0,차대차 - 기타,안전거리미확보,건조,맑음,교차로 - 교차로부근,기타불명,기타불명,기타불명,기타불명,승용,남,34세,경상
2014020600100453,2014년 2월 6일 23시,목요일,경상북도 포항시 북구 덕수동,중상사고,0,2,0,0,차대차 - 기타,신호위반,건조,흐림,교차로 - 교차로안,화물,남,50세,상해없음,승용,남,53세,중상
2014020700100014,2014년 2월 7일 00시,금요일,경상북도 안동시 당북동,중상사고,0,1,3,0,차대차 - 기타,직진우회전진행방해,건조,맑음,교차로 - 교차로안,승용,남,40세,상해없음,승용,남,21세,경상
2014020700100058,2014년 2월 7일 06시,금요일,경상북도 경주시 율동,중상사고,0,1,1,0,차대차 - 측면직각충돌,중앙선침범,습기,눈,단일로 - 기타,승용,남,44세,중상,화물,남,46세,경상
2014020700100059,2014년 2월 7일 06시,금요일,경상북도 경주시 건천읍,중상사고,0,1,0,0,차대차 - 기타,안전운전불이행,적설,눈,단일로 - 기타,화물,남,61세,상해없음,화물,남,31세,중상
2014020700100060,2014년 2월 7일 06시,금요일,경상북도 군위군 군위읍,경상사고,0,0,1,0,차대차 - 추돌 - 진행중,안전운전불이행,건조,맑음,단일로 - 기타,승용,남,24세,상해없음,승용,남,49세,경상
2014020700100076,2014년 2월 7일 07시,금요일,경상북도 경주시 건천읍,중상사고,0,1,0,0,차대차 - 기타,안전운전불이행,결빙,눈,단일로 - 기타,화물,남,47세,상해없음,화물,남,39세,상해없음
2014020700100077,2014년 2월 7일 07시,금요일,경상북도 경주시 내남면,경상사고,0,0,1,0,차대차 - 기타,안전운전불이행,적설,눈,단일로 - 기타,기타불명,기타불명,기타불명,기타불명,승용,남,28세,경상
2014020700100078,2014년 2월 7일 07시,금요일,경상북도 포항시 북구 대신동,중상사고,0,1,0,0,차대사람 - 기타,보행자보호의무위반,습기,비,교차로 - 교차로안,화물,여,56세,상해없음,보행자,여,63세,중상
2014020700100079,2014년 2월 7일 07시,금요일,경상북도 포항시 남구 오천읍,경상사고,0,0,1,0,차대차 - 측면직각충돌,안전운전불이행,습기,비,단일로 - 기타,승용,남,35세,상해없음,승용,남,50세,경상
2014020700100080,2014년 2월 7일 07시,금요일,경상북도 포항시 남구 동해면,경상사고,0,0,2,0,차대차 - 기타,안전운전불이행,결빙,비,단일로 - 기타,승용,여,41세,상해없음,승용,남,36세,경상
2014020700100106,2014년 2월 7일 08시,금요일,경상북도 영주시 부석면,사망사고,1,1,1,0,차대차 - 정면충돌,중앙선침범,건조,맑음,단일로 - 기타,승용,여,37세,경상,화물,남,85세,사망
2014020700100128,2014년 2월 7일 09시,금요일,경상북도 구미시 양호동,사망사고,1,0,0,0,차대차 - 기타,안전운전불이행,건조,맑음,단일로 - 기타,이륜,남,70세,사망,승용,여,30세,상해없음
2014020700100141,2014년 2월 7일 10시,금요일,경상북도 경주시 율동,경상사고,0,0,1,0,차대차 - 기타,안전운전불이행,습기,비,단일로 - 기타,화물,남,41세,상해없음,승용,여,45세,경상
2014020700100142,2014년 2월 7일 10시,금요일,경상북도 경주시 진현동,중상사고,0,3,1,0,차대차 - 기타,신호위반,습기,비,교차로 - 교차로안,승용,여,50세,중상,화물,남,52세,중상
2014020700100160,2014년 2월 7일 11시,금요일,경상북도 영천시 문외동,중상사고,0,1,0,0,차대사람 - 기타,안전운전불이행,건조,맑음,교차로 - 교차로안,승용,남,46세,상해없음,보행자,여,68세,중상
2014020700100187,2014년 2월 7일 12시,금요일,경상북도 영천시 완산동,중상사고,0,1,0,0,차대사람 - 기타,안전운전불이행,습기,눈,교차로 - 교차로안,화물,남,62세,상해없음,보행자,남,64세,중상
2014020700100188,2014년 2월 7일 12시,금요일,경상북도 경산시 하양읍,경상사고,0,0,1,0,차량단독 - 기타,안전운전불이행,건조,맑음,교차로 - 교차로부근,승합,남,29세,상해없음,,,,
2014020700100203,2014년 2월 7일 13시,금요일,경상북도 포항시 북구 흥해읍,경상사고,0,0,3,0,차대차 - 기타,안전운전불이행,습기,비,단일로 - 기타,화물,남,32세,경상,승용,남,45세,경상
2014020700100204,2014년 2월 7일 13시,금요일,경상북도 경산시 하양읍,경상사고,0,0,3,0,차대차 - 기타,안전운전불이행,습기,비,단일로 - 기타,승용,남,22세,상해없음,건설기계,남,51세,상해없음
2014020700100205,2014년 2월 7일 13시,금요일,경상북도 영양군 수비면,중상사고,0,2,0,0,차대차 - 측면직각충돌,교차로운행방법위반,결빙,눈,교차로 - 교차로안,건설기계,남,31세,상해없음,승용,남,66세,중상
2014020700100230,2014년 2월 7일 14시,금요일,경상북도 김천시 지례면,경상사고,0,0,2,0,차대차 - 측면직각충돌,교차로운행방법위반,건조,맑음,교차로 - 교차로안,승용,여,57세,상해없음,화물,남,41세,상해없음
2014020700100263,2014년 2월 7일 15시,금요일,경상북도 경주시 하동,중상사고,0,1,0,0,차량단독 - 기타,안전운전불이행,결빙,눈,단일로 - 기타,화물,남,52세,중상,,,,
2014020700100264,2014년 2월 7일 15시,금요일,경상북도 영주시 휴천동,중상사고,0,1,1,0,차대차 - 측면직각충돌,신호위반,건조,맑음,교차로 - 교차로안,화물,남,65세,상해없음,화물,남,60세,중상
2014020700100281,2014년 2월 7일 16시,금요일,경상북도 경주시 양남면,경상사고,0,0,1,0,차대차 - 기타,안전운전불이행,건조,맑음,단일로 - 기타,승합,남,48세,상해없음,승용,남,49세,경상
2014020700100282,2014년 2월 7일 16시,금요일,경상북도 영천시 금노동,중상사고,0,1,2,0,차대차 - 측면직각충돌,신호위반,건조,맑음,교차로 - 교차로안,화물,남,55세,경상,승용,남,44세,중상
2014020700100297,2014년 2월 7일 17시,금요일,경상북도 구미시 인의동,경상사고,0,0,1,0,차대차 - 측면직각충돌,안전운전불이행,습기,흐림,단일로 - 기타,승용,남,29세,상해없음,이륜,남,51세,경상
2014020700100329,2014년 2월 7일 18시,금요일,경상북도 경주시 충효동,중상사고,0,2,3,0,차대차 - 기타,중앙선침범,습기,비,교차로 - 교차로부근,승용,남,18세,상해없음,승용,남,63세,중상
2014020700100330,2014년 2월 7일 18시,금요일,경상북도 경주시 황성동,중상사고,0,1,0,0,차대차 - 기타,안전운전불이행,습기,비,교차로 - 교차로부근,화물,남,56세,상해없음,화물,남,47세,상해없음
2014020700100331,2014년 2월 7일 18시,금요일,경상북도 안동시 수상동,중상사고,0,1,0,0,차대차 - 추돌 - 주정차중,안전거리미확보,건조,맑음,교차로 - 교차로부근,승용,남,45세,상해없음,승용,여,41세,중상
2014020700100332,2014년 2월 7일 18시,금요일,경상북도 김천시 신음동,경상사고,0,0,1,0,차대차 - 측면직각충돌,안전운전불이행,습기,비,단일로 - 기타,승용,여,30세,상해없음,이륜,남,74세,경상
2014020700100333,2014년 2월 7일 18시,금요일,경상북도 경산시 계양동,경상사고,0,0,1,0,차대사람 - 기타,안전운전불이행,건조,맑음,단일로 - 기타,이륜,남,19세,상해없음,보행자,남,17세,경상
2014020700100382,2014년 2월 7일 19시,금요일,경상북도 경주시 충효동,경상사고,0,0,1,0,차대차 - 기타,신호위반,습기,비,교차로 - 교차로안,승용,남,44세,상해없음,원동기,남,24세,경상
2014020700100383,2014년 2월 7일 19시,금요일,경상북도 포항시 북구 두호동,중상사고,0,1,0,0,차대사람 - 횡단중,보행자보호의무위반,습기,비,단일로 - 횡단보도상,승용,여,48세,상해없음,보행자,남,26세,중상
2014020700100384,2014년 2월 7일 19시,금요일,경상북도 영천시 망정동,경상사고,0,0,1,0,차대차 - 추돌 - 주정차중,안전운전불이행,습기,비,단일로 - 기타,승용,여,53세,상해없음,승용,남,33세,경상
2014020700100385,2014년 2월 7일 19시,금요일,경상북도 청도군 청도읍,사망사고,1,0,0,0,차대사람 - 기타,안전운전불이행,건조,흐림,단일로 - 횡단보도상,화물,남,33세,상해없음,보행자,여,74세,사망
2014020700100386,2014년 2월 7일 19시,금요일,경상북도 구미시 신평동,중상사고,0,1,0,0,차대차 - 측면직각충돌,신호위반,습기,비,교차로 - 교차로안,승합,남,62세,상해없음,이륜,남,19세,중상
2014020700100422,2014년 2월 7일 20시,금요일,경상북도 경주시 충효동,경상사고,0,0,1,0,차대차 - 기타,안전운전불이행,습기,비,미분류 - 미분류,화물,남,54세,상해없음,승용,여,56세,경상
2014020700100423,2014년 2월 7일 20시,금요일,경상북도 경산시 압량면,경상사고,0,0,1,0,차대차 - 기타,안전운전불이행,건조,맑음,단일로 - 기타,화물,남,60세,상해없음,승용,남,76세,경상
2014020700100457,2014년 2월 7일 21시,금요일,경상북도 포항시 북구 항구동,중상사고,0,1,0,0,차대차 - 기타,신호위반,습기,비,교차로 - 교차로안,승용,남,26세,상해없음,승용,남,66세,상해없음
2014020700100458,2014년 2월 7일 21시,금요일,경상북도 안동시 옥동,경상사고,0,0,3,0,차대차 - 추돌 - 진행중,교차로운행방법위반,습기,비,교차로 - 교차로안,승용,남,28세,상해없음,승용,남,42세,경상
2014020700100459,2014년 2월 7일 21시,금요일,경상북도 영주시 휴천동,중상사고,0,1,0,0,차대사람 - 횡단중,안전운전불이행,건조,맑음,교차로 - 교차로안,승용,여,45세,상해없음,보행자,여,50세,중상
2014020700100460,2014년 2월 7일 21시,금요일,경상북도 구미시 옥계동,경상사고,0,0,4,0,차대차 - 기타,안전거리미확보,습기,비,교차로 - 교차로부근,승용,남,50세,상해없음,승용,여,47세,경상
2014020700100490,2014년 2월 7일 22시,금요일,경상북도 안동시 송현동,경상사고,0,0,1,0,차량단독 - 공작물충돌,안전운전불이행,건조,맑음,교차로 - 교차로부근,승용,여,48세,경상,,,,
2014020700100491,2014년 2월 7일 22시,금요일,경상북도 안동시 대석동,경상사고,0,0,1,0,차대차 - 기타,안전운전불이행,습기,비,단일로 - 기타,승용,남,48세,상해없음,원동기,남,20세,경상
2014020700100492,2014년 2월 7일 22시,금요일,경상북도 구미시 시미동,중상사고,0,4,1,0,차대차 - 측면직각충돌,중앙선침범,습기,비,교차로 - 교차로부근,승용,남,25세,중상,승용,남,29세,중상
2014020700100493,2014년 2월 7일 22시,금요일,경상북도 구미시 지산동,중상사고,0,3,0,0,차대차 - 정면충돌,중앙선침범,습기,비,단일로 - 기타,승용,남,28세,중상,승용,남,55세,중상
2014020700100525,2014년 2월 7일 23시,금요일,경상북도 포항시 북구 장성동,경상사고,0,0,1,0,차대차 - 기타,교차로운행방법위반,습기,비,교차로 - 교차로안,승용,남,40세,상해없음,승용,남,43세,경상
2014020700100526,2014년 2월 7일 23시,금요일,경상북도 경산시 중산동,경상사고,0,0,3,0,차대차 - 기타,안전운전불이행,습기,비,교차로 - 교차로안,승용,남,41세,상해없음,승용,남,55세,경상
2014020700100527,2014년 2월 7일 23시,금요일,경상북도 구미시 지산동,중상사고,0,1,0,0,차대차 - 측면직각충돌,안전운전불이행,건조,맑음,단일로 - 기타,자전거,남,23세,중상,승용,남,34세,상해없음
2014020700100528,2014년 2월 7일 23시,금요일,경상북도 포항시 남구 연일읍,중상사고,0,1,1,0,차대사람 - 기타,보행자보호의무위반,습기,비,교차로 - 교차로부근,특수,남,41세,상해없음,보행자,남,22세,경상
2014020800100015,2014년 2월 8일 00시,토요일,경상북도 경주시 성동동,경상사고,0,0,5,0,차대차 - 추돌 - 진행중,안전운전불이행,습기,비,단일로 - 기타,승용,남,23세,상해없음,승용,남,53세,경상
2014020800100016,2014년 2월 8일 00시,토요일,경상북도 포항시 남구 대송면,경상사고,0,0,1,0,차량단독 - 공작물충돌,안전운전불이행,습기,비,단일로 - 기타,승용,남,27세,경상,,,,
2014020800100049,2014년 2월 8일 01시,토요일,경상북도 포항시 북구 죽도동,부상신고사고,0,0,0,1,차대차 - 기타,안전운전불이행,습기,비,단일로 - 기타,승용,남,42세,상해없음,승용,남,60세,부상신고
2014020800100080,2014년 2월 8일 03시,토요일,경상북도 경주시 성건동,경상사고,0,0,1,0,차대차 - 기타,안전운전불이행,습기,비,단일로 - 기타,승용,남,26세,상해없음,원동기,남,32세,경상
2014020800100087,2014년 2월 8일 04시,토요일,경상북도 칠곡군 왜관읍,부상신고사고,0,0,0,1,차량단독 - 공작물충돌,안전운전불이행,건조,맑음,단일로 - 기타,승용,남,30세,부상신고,,,,
2014020800100088,2014년 2월 8일 04시,토요일,경상북도 포항시 남구 대잠동,경상사고,0,0,1,0,차대차 - 측면직각충돌,신호위반,습기,비,교차로 - 교차로안,승용,남,68세,상해없음,승용,남,48세,경상
2014020800100099,2014년 2월 8일 05시,토요일,경상북도 구미시 사곡동,경상사고,0,0,3,0,차대차 - 측면직각충돌,신호위반,습기,흐림,교차로 - 교차로안,승용,남,27세,상해없음,승용,남,48세,경상
2014020800100113,2014년 2월 8일 06시,토요일,경상북도 구미시 인의동,경상사고,0,0,1,0,차대차 - 기타,안전운전불이행,습기,비,교차로 - 교차로안,승용,남,35세,기타불명,승합,남,38세,경상
2014020800100120,2014년 2월 8일 07시,토요일,경상북도 경주시 성건동,중상사고,0,1,0,0,차대차 - 기타,안전운전불이행,건조,맑음,단일로 - 기타,승용,남,51세,상해없음,승용,남,70세,중상
2014020800100121,2014년 2월 8일 07시,토요일,경상북도 안동시 임하면,중상사고,0,1,3,0,차대차 - 정면충돌,중앙선침범,습기,맑음,단일로 - 기타,승용,남,28세,경상,화물,남,42세,경상
2014020800100139,2014년 2월 8일 08시,토요일,경상북도 포항시 북구 항구동,경상사고,0,0,1,0,차대차 - 측면직각충돌,신호위반,습기,비,교차로 - 교차로안,승용,남,40세,상해없음,승용,남,49세,경상
2014020800100140,2014년 2월 8일 08시,토요일,경상북도 영천시 창구동,경상사고,0,0,1,0,차대차 - 기타,신호위반,습기,비,교차로 - 교차로안,승용,여,35세,상해없음,승용,남,75세,경상
2014020800100155,2014년 2월 8일 09시,토요일,경상북도 포항시 북구 동빈1가,중상사고,0,1,0,0,차대차 - 기타,안전운전불이행,습기,비,단일로 - 기타,화물,남,34세,상해없음,자전거,여,59세,중상
2014020800100156,2014년 2월 8일 09시,토요일,경상북도 구미시 송정동,경상사고,0,0,1,0,차대차 - 추돌 - 주정차중,안전거리미확보,습기,흐림,단일로 - 기타,화물,남,46세,상해없음,승용,여,33세,경상
2014020800100175,2014년 2월 8일 10시,토요일,경상북도 경주시 건천읍,중상사고,0,1,0,0,차대차 - 기타,안전운전불이행,습기,비,단일로 - 기타,승용,남,55세,상해없음,승용,남,40세,중상
2014020800100176,2014년 2월 8일 10시,토요일,경상북도 안동시 옥동,중상사고,0,1,0,0,차대사람 - 길가장자리구역통행중,안전운전불이행,건조,맑음,단일로 - 기타,승용,남,30세,상해없음,보행자,여,16세,중상
2014020800100197,2014년 2월 8일 11시,토요일,경상북도 경주시 율동,경상사고,0,0,4,0,차대차 - 기타,안전운전불이행,습기,비,기타 - 기타,승용,남,61세,상해없음,승용,여,35세,경상
2014020800100198,2014년 2월 8일 11시,토요일,경상북도 포항시 남구 연일읍,경상사고,0,0,1,0,차대차 - 측면직각충돌,안전운전불이행,건조,맑음,교차로 - 교차로부근,승용,남,32세,상해없음,승용,여,40세,경상
2014020800100223,2014년 2월 8일 12시,토요일,경상북도 구미시 송정동,경상사고,0,0,1,0,차대차 - 기타,안전운전불이행,건조,맑음,단일로 - 기타,원동기,여,43세,경상,승용,남,59세,상해없음
2014020800100224,2014년 2월 8일 12시,토요일,경상북도 구미시 원평동,중상사고,0,1,0,0,차대차 - 기타,교차로운행방법위반,건조,맑음,교차로 - 교차로안,승용,여,52세,상해없음,승용,남,37세,중상
2014020800100225,2014년 2월 8일 12시,토요일,경상북도 포항시 남구 오천읍,중상사고,0,1,1,0,차량단독 - 공작물충돌,안전운전불이행,습기,비,단일로 - 기타,승용,여,42세,경상,,,,
2014020800100250,2014년 2월 8일 13시,토요일,경상북도 칠곡군 약목면,경상사고,0,0,1,0,차대차 - 추돌 - 진행중,안전거리미확보,건조,맑음,단일로 - 기타,특수,남,32세,상해없음,승용,여,43세,경상
2014020800100251,2014년 2월 8일 13시,토요일,경상북도 경산시 서상동,중상사고,0,1,0,0,차대사람 - 기타,보행자보호의무위반,건조,맑음,교차로 - 교차로안,승용,남,58세,상해없음,보행자,여,72세,중상
2014020800100297,2014년 2월 8일 15시,토요일,경상북도 포항시 북구 학산동,중상사고,0,1,0,0,차대사람 - 횡단중,보행자보호의무위반,건조,맑음,교차로 - 교차로안,승용,남,57세,상해없음,보행자,여,70세,중상
2014020800100298,2014년 2월 8일 15시,토요일,경상북도 김천시 신음동,경상사고,0,0,2,0,차대차 - 측면직각충돌,안전거리미확보,건조,맑음,기타 - 기타,승용,남,55세,상해없음,승용,남,69세,경상
2014020800100299,2014년 2월 8일 15시,토요일,경상북도 포항시 남구 연일읍,경상사고,0,0,2,0,차대차 - 측면직각충돌,안전운전불이행,습기,눈,교차로 - 교차로안,승용,남,41세,경상,화물,남,37세,경상
2014020800100329,2014년 2월 8일 16시,토요일,경상북도 김천시 대광동,중상사고,0,1,1,0,차대차 - 측면직각충돌,안전운전불이행,습기,비,교차로 - 교차로부근,승용,남,57세,상해없음,승용,남,53세,경상
2014020800100330,2014년 2월 8일 16시,토요일,경상북도 경산시 삼북동,중상사고,0,1,0,0,차대사람 - 기타,안전운전불이행,건조,맑음,교차로 - 교차로부근,승용,남,43세,상해없음,보행자,여,75세,중상
2014020800100357,2014년 2월 8일 17시,토요일,경상북도 안동시 태화동,부상신고사고,0,0,0,1,차대차 - 기타,안전운전불이행,건조,흐림,단일로 - 기타,승용,여,52세,부상신고,승용,남,42세,상해없음
2014020800100358,2014년 2월 8일 17시,토요일,경상북도 포항시 남구 대도동,중상사고,0,1,0,0,차대차 - 기타,안전운전불이행,습기,비,교차로 - 교차로부근,승용,남,52세,상해없음,화물,여,30세,기타불명
2014020800100395,2014년 2월 8일 18시,토요일,경상북도 구미시 구포동,경상사고,0,0,1,0,차대차 - 추돌 - 주정차중,안전거리미확보,습기,비,단일로 - 기타,승용,남,49세,상해없음,승용,여,44세,경상
2014020800100396,2014년 2월 8일 18시,토요일,경상북도 포항시 남구 오천읍,경상사고,0,0,1,0,차대사람 - 기타,안전운전불이행,습기,비,단일로 - 기타,기타불명,남,14세,기타불명,보행자,여,66세,경상
2014020800100431,2014년 2월 8일 19시,토요일,경상북도 경주시 성건동,경상사고,0,0,1,0,차대사람 - 기타,안전운전불이행,습기,비,단일로 - 기타,승용,남,44세,상해없음,보행자,남,45세,경상
2014020800100432,2014년 2월 8일 19시,토요일,경상북도 김천시 지좌동,경상사고,0,0,1,0,차대차 - 측면직각충돌,안전거리미확보,습기,비,단일로 - 기타,승용,남,58세,상해없음,승용,남,50세,경상
2014020800100433,2014년 2월 8일 19시,토요일,경상북도 구미시 원평동,중상사고,0,1,0,0,차대사람 - 횡단중,보행자보호의무위반,습기,비,단일로 - 횡단보도상,이륜,남,23세,상해없음,보행자,여,52세,중상
2014020800100434,2014년 2월 8일 19시,토요일,경상북도 포항시 남구 이동,경상사고,0,0,1,0,차대차 - 측면직각충돌,차로위반,건조,맑음,단일로 - 기타,승용,남,60세,상해없음,원동기,남,25세,경상
2014020800100466,2014년 2월 8일 20시,토요일,경상북도 구미시 옥계동,경상사고,0,0,1,0,차대차 - 기타,차로위반,습기,비,단일로 - 기타,승용,남,50세,상해없음,이륜,남,29세,경상
2014020800100467,2014년 2월 8일 20시,토요일,경상북도 구미시 도량동,중상사고,0,1,0,0,차대사람 - 기타,안전운전불이행,건조,맑음,단일로 - 기타,승용,남,32세,상해없음,보행자,여,39세,중상
2014020800100468,2014년 2월 8일 20시,토요일,경상북도 포항시 남구 상도동,중상사고,0,1,0,0,차대차 - 정면충돌,중앙선침범,습기,눈,단일로 - 기타,승용,남,36세,상해없음,원동기,남,18세,중상
2014020800100503,2014년 2월 8일 21시,토요일,경상북도 구미시 임은동,중상사고,0,1,0,0,차대사람 - 횡단중,안전운전불이행,습기,흐림,단일로 - 기타,승용,남,44세,상해없음,보행자,남,57세,중상
2014020800100534,2014년 2월 8일 22시,토요일,경상북도 안동시 삼산동,경상사고,0,0,1,0,차대사람 - 기타,안전운전불이행,건조,맑음,교차로 - 교차로부근,승용,남,74세,상해없음,보행자,남,23세,경상
2014020800100535,2014년 2월 8일 22시,토요일,경상북도 경산시 사동,경상사고,0,0,1,0,차대차 - 기타,신호위반,건조,맑음,교차로 - 교차로안,화물,남,51세,상해없음,이륜,남,17세,경상
2014020800100555,2014년 2월 8일 23시,토요일,경상북도 경산시 진량읍,중상사고,0,1,0,0,차대차 - 기타,안전운전불이행,건조,맑음,교차로 - 교차로부근,승용,남,32세,상해없음,승용,여,29세,중상
2014020800100556,2014년 2월 8일 23시,토요일,경상북도 포항시 남구 상도동,사망사고,1,0,0,0,차대사람 - 기타,안전운전불이행,습기,비,단일로 - 기타,승용,남,34세,상해없음,보행자,남,54세,사망
2014020900100012,2014년 2월 9일 00시,일요일,경상북도 경주시 북군동,중상사고,0,1,0,0,차대차 - 기타,안전운전불이행,습기,비,교차로 - 교차로부근,승용,남,42세,상해없음,승용,남,27세,상해없음
2014020900100035,2014년 2월 9일 01시,일요일,경상북도 안동시 용상동,경상사고,0,0,1,0,차대차 - 기타,안전운전불이행,적설,눈,단일로 - 기타,승용,남,43세,기타불명,승합,남,55세,상해없음
2014020900100053,2014년 2월 9일 02시,일요일,경상북도 안동시 당북동,경상사고,0,0,1,0,차대차 - 측면직각충돌,안전운전불이행,습기,맑음,단일로 - 기타,승용,남,30세,상해없음,승용,남,41세,경상
2014020900100054,2014년 2월 9일 02시,일요일,경상북도 칠곡군 석적읍,경상사고,0,0,1,0,차대차 - 기타,안전운전불이행,습기,비,교차로 - 교차로부근,승합,남,50세,상해없음,승용,남,27세,경상
2014020900100055,2014년 2월 9일 02시,일요일,경상북도 포항시 남구 대송면,중상사고,0,1,0,0,차대사람 - 기타,안전운전불이행,습기,비,단일로 - 기타,승용,여,52세,상해없음,보행자,남,46세,중상
2014020900100092,2014년 2월 9일 06시,일요일,경상북도 경주시 율동,사망사고,1,1,1,1,차량단독 - 공작물충돌,안전운전불이행,습기,비,기타 - 기타,승용,여,42세,부상신고,,,,
2014020900100100,2014년 2월 9일 07시,일요일,경상북도 성주군 선남면,경상사고,0,0,2,0,차대차 - 기타,안전운전불이행,결빙,흐림,기타 - 기타,화물,남,52세,상해없음,승용,남,33세,경상
2014020900100124,2014년 2월 9일 10시,일요일,경상북도 문경시 모전동,경상사고,0,0,2,0,차대차 - 측면직각충돌,교차로운행방법위반,건조,맑음,교차로 - 교차로안,승합,남,61세,상해없음,승용,여,55세,경상
2014020900100155,2014년 2월 9일 12시,일요일,경상북도 예천군 예천읍,중상사고,0,1,1,0,차대차 - 측면직각충돌,안전운전불이행,건조,맑음,교차로 - 교차로안,승용,여,67세,상해없음,승용,남,40세,경상
2014020900100216,2014년 2월 9일 15시,일요일,경상북도 경주시 구황동,중상사고,0,3,0,0,차량단독 - 공작물충돌,안전운전불이행,습기,비,교차로 - 교차로부근,승용,남,18세,중상,,,,
2014020900100217,2014년 2월 9일 15시,일요일,경상북도 안동시 태화동,중상사고,0,1,0,0,차대차 - 기타,안전운전불이행,건조,맑음,교차로 - 교차로부근,승용,여,30세,상해없음,원동기,남,17세,중상
2014020900100218,2014년 2월 9일 15시,일요일,경상북도 구미시 구평동,경상사고,0,0,2,0,차대차 - 기타,교차로운행방법위반,건조,맑음,교차로 - 교차로안,승합,남,45세,기타불명,승용,남,43세,상해없음
2014020900100219,2014년 2월 9일 15시,일요일,경상북도 포항시 남구 대잠동,경상사고,0,0,3,0,차대차 - 측면직각충돌,교차로운행방법위반,건조,맑음,교차로 - 교차로안,승용,남,61세,경상,승용,남,26세,경상
2014020900100241,2014년 2월 9일 16시,일요일,경상북도 안동시 옥동,중상사고,0,1,0,0,차대차 - 측면직각충돌,직진우회전진행방해,건조,맑음,교차로 - 교차로안,화물,남,39세,상해없음,원동기,남,17세,중상
2014020900100292,2014년 2월 9일 18시,일요일,경상북도 포항시 북구 우현동,경상사고,0,0,1,0,차대사람 - 기타,안전운전불이행,습기,눈,단일로 - 횡단보도상,승용,남,50세,상해없음,보행자,여,57세,경상
2014020900100293,2014년 2월 9일 18시,일요일,경상북도 군위군 부계면,중상사고,0,1,0,0,차대차 - 정면충돌,중앙선침범,적설,눈,단일로 - 기타,승용,남,60세,상해없음,화물,남,53세,중상
2014020900100294,2014년 2월 9일 18시,일요일,경상북도 포항시 남구 대도동,중상사고,0,1,0,0,차대사람 - 기타,안전운전불이행,습기,눈,단일로 - 기타,승용,남,44세,상해없음,보행자,남,51세,중상
2014020900100316,2014년 2월 9일 19시,일요일,경상북도 안동시 태화동,중상사고,0,1,0,0,차대차 - 추돌 - 진행중,차로위반,습기,흐림,기타 - 기타,승용,남,37세,상해없음,원동기,남,17세,중상
2014020900100317,2014년 2월 9일 19시,일요일,경상북도 영천시 금노동,경상사고,0,0,1,0,차대차 - 기타,안전운전불이행,건조,맑음,교차로 - 교차로안,승용,여,51세,상해없음,승용,남,64세,상해없음
2014020900100318,2014년 2월 9일 19시,일요일,경상북도 구미시 고아읍,중상사고,0,1,0,0,차대차 - 기타,안전운전불이행,건조,맑음,단일로 - 기타,승용,남,68세,기타불명,승용,남,56세,중상
2014020900100364,2014년 2월 9일 21시,일요일,경상북도 경주시 성동동,중상사고,0,1,0,0,차대차 - 기타,중앙선침범,결빙,눈,교차로 - 교차로부근,승용,여,27세,상해없음,승용,남,50세,중상
2014020900100365,2014년 2월 9일 21시,일요일,경상북도 경산시 옥산동,경상사고,0,0,1,0,차대차 - 기타,직진우회전진행방해,건조,맑음,교차로 - 교차로안,승용,남,27세,상해없음,승용,여,61세,경상
2014020900100366,2014년 2월 9일 21시,일요일,경상북도 영주시 풍기읍,중상사고,0,2,4,0,차대차 - 측면직각충돌,안전운전불이행,적설,눈,단일로 - 기타,승용,여,52세,경상,승용,여,38세,중상