사고번호,사고일시,요일,시군구,사고내용,사망자수,중상자수,경상자수,부상신고자수,사고유형,법규위반,노면상태,기상상태,도로형태,가해운전자 차종,가해운전자 성별,가해운전자 연령,가해운전자 상해정도,피해운전자 차종,피해운전자 성별,피해운전자 연령,피해운전자 상해정도
2014020900100386,2014년 2월 9일 22시,일요일,경상북도 포항시 북구 죽도동,경상사고,0,0,4,0,차대차 - 기타,안전운전불이행,적설,눈,교차로 - 교차로안,승용,남,59세,상해없음,승용,남,55세,경상
2014020900100404,2014년 2월 9일 23시,일요일,경상북도 경주시 황성동,중상사고,0,1,0,0,차량단독 - 기타,안전운전불이행,적설,눈,교차로 - 교차로안,승용,남,32세,중상,,,,
2014020900100405,2014년 2월 9일 23시,일요일,경상북도 경주시 현곡면,경상사고,0,0,3,0,차대차 - 기타,안전운전불이행,적설,눈,단일로 - 기타,승용,남,31세,상해없음,승용,남,32세,경상
2014021000100014,2014년 2월 10일 01시,월요일,경상북도 구미시 진평동,경상사고,0,0,2,0,차대차 - 기타,중앙선침범,건조,맑음,교차로 - 교차로안,승용,남,52세,상해없음,승용,남,32세,경상
2014021000100015,2014년 2월 10일 01시,월요일,경상북도 포항시 남구 대잠동,중상사고,0,2,1,0,차대차 - 추돌 - 진행중,안전운전불이행,결빙,눈,단일로 - 기타,승용,남,39세,상해없음,승용,여,38세,경상
2014021000100036,2014년 2월 10일 04시,월요일,경상북도 포항시 북구 죽도동,경상사고,0,0,1,0,차대차 - 기타,안전운전불이행,결빙,눈,교차로 - 교차로부근,승용,남,33세,상해없음,승용,남,55세,경상
2014021000100037,2014년 2월 10일 04시,월요일,경상북도 영천시 금호읍,경상사고,0,0,3,1,차량단독 - 공작물충돌,안전운전불이행,습기,흐림,단일로 - 기타,승용,남,19세,부상신고,,,,
2014021000100092,2014년 2월 10일 07시,월요일,경상북도 포항시 북구 장성동,경상사고,0,0,1,0,차대차 - 기타,안전운전불이행,적설,눈,단일로 - 기타,승용,여,24세,상해없음,승용,남,33세,상해없음
2014021000100139,2014년 2월 10일 08시,월요일,경상북도 경주시 충효동,경상사고,0,0,2,0,차대차 - 기타,안전운전불이행,결빙,눈,단일로 - 교량,승용,여,52세,경상,특수,남,41세,상해없음
2014021000100140,2014년 2월 10일 08시,월요일,경상북도 안동시 옥동,중상사고,0,1,1,0,차대차 - 기타,신호위반,건조,흐림,교차로 - 교차로안,승용,남,30세,상해없음,승용,남,33세,경상
2014021000100141,2014년 2월 10일 08시,월요일,경상북도 칠곡군 지천면,경상사고,0,0,3,0,차대차 - 기타,중앙선침범,건조,맑음,교차로 - 교차로부근,화물,남,58세,상해없음,특수,남,29세,경상
2014021000100142,2014년 2월 10일 08시,월요일,경상북도 문경시 모전동,경상사고,0,0,1,0,차대사람 - 기타,안전운전불이행,건조,맑음,단일로 - 기타,승용,남,38세,상해없음,보행자,남,41세,경상
2014021000100143,2014년 2월 10일 08시,월요일,경상북도 포항시 남구 동해면,경상사고,0,0,1,0,차대차 - 추돌 - 진행중,안전운전불이행,결빙,눈,단일로 - 기타,승합,남,53세,상해없음,승용,여,28세,경상
2014021000100170,2014년 2월 10일 09시,월요일,경상북도 의성군 단밀면,중상사고,0,2,2,0,차대차 - 측면직각충돌,중앙선침범,결빙,흐림,단일로 - 기타,승합,여,51세,상해없음,화물,남,53세,상해없음
2014021000100171,2014년 2월 10일 09시,월요일,경상북도 청송군 현서면,중상사고,0,1,0,0,차대사람 - 차도통행중,안전운전불이행,건조,맑음,교차로 - 교차로부근,화물,남,26세,상해없음,보행자,남,87세,중상
2014021000100172,2014년 2월 10일 09시,월요일,경상북도 구미시 고아읍,중상사고,0,1,0,0,차대사람 - 기타,안전운전불이행,건조,맑음,단일로 - 횡단보도부근,승용,여,24세,상해없음,보행자,남,72세,중상
2014021000100205,2014년 2월 10일 10시,월요일,경상북도 포항시 북구 장성동,경상사고,0,0,1,0,차량단독 - 공작물충돌,안전운전불이행,결빙,눈,단일로 - 기타,승용,남,32세,상해없음,,,,
2014021000100206,2014년 2월 10일 10시,월요일,경상북도 영주시 풍기읍,중상사고,0,1,4,0,차대차 - 측면직각충돌,교차로운행방법위반,습기,맑음,교차로 - 교차로안,승용,남,47세,경상,승용,여,50세,경상
2014021000100207,2014년 2월 10일 10시,월요일,경상북도 영양군 입암면,경상사고,0,0,1,0,차량단독 - 전도전복,안전운전불이행,건조,맑음,단일로 - 기타,원동기,남,84세,경상,,,,
2014021000100229,2014년 2월 10일 11시,월요일,경상북도 포항시 북구 흥해읍,중상사고,0,1,0,0,차대차 - 기타,교차로운행방법위반,결빙,눈,교차로 - 교차로안,승용,남,43세,상해없음,승용,여,60세,중상
2014021000100251,2014년 2월 10일 12시,월요일,경상북도 경주시 동천동,경상사고,0,0,1,0,차대차 - 기타,안전운전불이행,적설,눈,교차로 - 교차로부근,승합,남,33세,상해없음,승용,남,33세,경상
2014021000100278,2014년 2월 10일 13시,월요일,경상북도 경주시 안강읍,중상사고,0,2,0,0,차대차 - 기타,안전운전불이행,습기,눈,교차로 - 교차로부근,화물,남,51세,상해없음,승용,남,55세,중상
2014021000100306,2014년 2월 10일 14시,월요일,경상북도 경주시 황성동,경상사고,0,0,1,0,차대사람 - 기타,신호위반,적설,눈,교차로 - 교차로부근,승용,남,37세,상해없음,보행자,남,36세,경상
2014021000100307,2014년 2월 10일 14시,월요일,경상북도 울진군 온정면,경상사고,0,0,2,0,차대차 - 측면직각충돌,교차로운행방법위반,습기,흐림,교차로 - 교차로안,승합,남,63세,상해없음,승용,남,64세,경상
2014021000100308,2014년 2월 10일 14시,월요일,경상북도 구미시 신평동,중상사고,0,1,0,0,차대차 - 기타,안전운전불이행,건조,맑음,단일로 - 기타,승용,여,45세,상해없음,이륜,남,32세,중상
2014021000100336,2014년 2월 10일 15시,월요일,경상북도 구미시 인의동,중상사고,0,1,0,0,차대차 - 측면직각충돌,교차로운행방법위반,건조,맑음,교차로 - 교차로안,승용,남,39세,상해없음,이륜,남,19세,중상
2014021000100365,2014년 2월 10일 16시,월요일,경상북도 경주시 동부동,경상사고,0,0,1,0,차대사람 - 기타,안전운전불이행,적설,눈,교차로 - 교차로부근,승용,여,38세,상해없음,보행자,여,37세,경상
2014021000100434,2014년 2월 10일 18시,월요일,경상북도 포항시 북구 용흥동,중상사고,0,1,0,0,차량단독 - 공작물충돌,안전운전불이행,결빙,눈,단일로 - 기타,승용,남,61세,상해없음,,,,
2014021000100435,2014년 2월 10일 18시,월요일,경상북도 김천시 신음동,경상사고,0,0,1,0,차대차 - 측면직각충돌,안전운전불이행,건조,맑음,단일로 - 기타,화물,남,21세,상해없음,승용,여,33세,경상
2014021000100436,2014년 2월 10일 18시,월요일,경상북도 고령군 쌍림면,경상사고,0,0,1,0,차대차 - 측면직각충돌,교차로운행방법위반,건조,맑음,교차로 - 교차로안,승용,남,78세,상해없음,승합,남,43세,경상
2014021000100475,2014년 2월 10일 19시,월요일,경상북도 구미시 진평동,경상사고,0,0,1,0,차대차 - 측면직각충돌,안전운전불이행,건조,맑음,교차로 - 교차로부근,승용,남,54세,상해없음,자전거,남,32세,경상
2014021000100505,2014년 2월 10일 20시,월요일,경상북도 경산시 진량읍,중상사고,0,1,0,0,차량단독 - 기타,기타,건조,맑음,교차로 - 교차로부근,승합,남,56세,상해없음,,,,
2014021000100535,2014년 2월 10일 21시,월요일,경상북도 문경시 모전동,경상사고,0,0,2,0,차대차 - 추돌 - 주정차중,안전운전불이행,건조,흐림,교차로 - 교차로부근,화물,남,37세,상해없음,승용,남,56세,경상
2014021000100536,2014년 2월 10일 21시,월요일,경상북도 청도군 화양읍,경상사고,0,0,1,0,차대차 - 정면충돌,중앙선침범,건조,흐림,단일로 - 기타,승용,여,46세,경상,화물,남,54세,상해없음
2014021000100559,2014년 2월 10일 22시,월요일,경상북도 김천시 지좌동,경상사고,0,0,1,0,차대차 - 측면직각충돌,안전운전불이행,건조,맑음,교차로 - 교차로부근,승용,남,45세,상해없음,승용,여,30세,경상
2014021100100011,2014년 2월 11일 00시,화요일,경상북도 구미시 황상동,중상사고,0,1,0,0,차대차 - 측면직각충돌,교차로운행방법위반,건조,맑음,교차로 - 교차로부근,승용,남,30세,상해없음,이륜,남,21세,중상
2014021100100026,2014년 2월 11일 01시,화요일,경상북도 경산시 중방동,중상사고,0,1,0,0,차대사람 - 기타,안전운전불이행,건조,맑음,단일로 - 기타,승용,여,37세,상해없음,보행자,남,42세,중상
2014021100100042,2014년 2월 11일 03시,화요일,경상북도 김천시 아포읍,경상사고,0,0,1,0,차대차 - 측면직각충돌,안전거리미확보,건조,맑음,단일로 - 기타,특수,남,40세,상해없음,승용,남,46세,경상
2014021100100067,2014년 2월 11일 06시,화요일,경상북도 포항시 남구 대송면,경상사고,0,0,1,0,차대차 - 기타,안전운전불이행,적설,눈,단일로 - 기타,승용,남,57세,상해없음,승용,남,56세,경상
2014021100100082,2014년 2월 11일 07시,화요일,경상북도 구미시 진평동,중상사고,0,1,0,0,차대차 - 측면직각충돌,안전운전불이행,건조,맑음,단일로 - 기타,승용,남,32세,상해없음,이륜,남,64세,중상
2014021100100083,2014년 2월 11일 07시,화요일,경상북도 구미시 비산동,중상사고,0,1,1,0,차대차 - 기타,안전거리미확보,건조,맑음,단일로 - 기타,건설기계,남,43세,상해없음,승용,남,33세,경상
2014021100100112,2014년 2월 11일 08시,화요일,경상북도 안동시 북후면,경상사고,0,0,1,0,차대차 - 기타,안전운전불이행,건조,맑음,단일로 - 기타,승용,여,55세,상해없음,자전거,남,71세,경상
2014021100100113,2014년 2월 11일 08시,화요일,경상북도 의성군 의성읍,경상사고,0,0,2,0,차대차 - 측면직각충돌,직진우회전진행방해,건조,맑음,교차로 - 교차로안,승용,남,42세,상해없음,화물,남,29세,경상
2014021100100162,2014년 2월 11일 10시,화요일,경상북도 안동시 옥동,경상사고,0,0,1,0,차대사람 - 기타,보행자보호의무위반,건조,맑음,교차로 - 교차로부근,기타불명,기타불명,기타불명,기타불명,보행자,여,68세,경상
2014021100100163,2014년 2월 11일 10시,화요일,경상북도 영주시 하망동,경상사고,0,0,2,0,차대차 - 측면직각충돌,중앙선침범,건조,맑음,교차로 - 교차로부근,승용,남,44세,경상,승용,여,42세,경상
2014021100100188,2014년 2월 11일 11시,화요일,경상북도 김천시 지좌동,경상사고,0,0,1,0,차대차 - 측면직각충돌,안전운전불이행,건조,맑음,단일로 - 기타,승용,여,44세,상해없음,승용,남,52세,경상
2014021100100189,2014년 2월 11일 11시,화요일,경상북도 영양군 입암면,경상사고,0,0,2,0,차대차 - 측면직각충돌,안전운전불이행,건조,맑음,단일로 - 기타,화물,남,28세,경상,승용,남,49세,경상
2014021100100223,2014년 2월 11일 12시,화요일,경상북도 청도군 매전면,중상사고,0,1,0,0,차대차 - 기타,안전운전불이행,건조,맑음,단일로 - 기타,자전거,여,17세,중상,화물,남,51세,상해없음
2014021100100246,2014년 2월 11일 13시,화요일,경상북도 경주시 안강읍,경상사고,0,0,1,0,차대사람 - 기타,중앙선침범,습기,비,교차로 - 교차로부근,승용,남,62세,상해없음,보행자,여,32세,경상
2014021100100247,2014년 2월 11일 13시,화요일,경상북도 안동시 옥동,경상사고,0,0,1,0,차대차 - 기타,직진우회전진행방해,건조,맑음,교차로 - 교차로안,원동기,남,56세,경상,승용,남,65세,상해없음
2014021100100297,2014년 2월 11일 15시,화요일,경상북도 포항시 북구 청하면,경상사고,0,0,2,0,차량단독 - 기타,안전운전불이행,결빙,눈,단일로 - 기타,승용,남,56세,경상,,,,
2014021100100298,2014년 2월 11일 15시,화요일,경상북도 김천시 대광동,경상사고,0,0,1,0,차대차 - 측면직각충돌,안전운전불이행,건조,맑음,교차로 - 교차로부근,화물,남,44세,상해없음,승용,여,39세,경상
2014021100100299,2014년 2월 11일 15시,화요일,경상북도 칠곡군 석적읍,경상사고,0,0,1,0,차대차 - 추돌 - 진행중,안전운전불이행,건조,맑음,단일로 - 기타,화물,남,26세,상해없음,승합,남,51세,경상
2014021100100327,2014년 2월 11일 16시,화요일,경상북도 경산시 하양읍,경상사고,0,0,1,0,차대차 - 기타,안전운전불이행,건조,맑음,단일로 - 기타,화물,남,31세,경상,승합,남,56세,상해없음
2014021100100328,2014년 2월 11일 16시,화요일,경상북도 구미시 형곡동,중상사고,0,1,0,0,차대사람 - 기타,안전운전불이행,건조,맑음,교차로 - 교차로안,승용,남,41세,상해없음,보행자,남,11세,중상
2014021100100358,2014년 2월 11일 17시,화요일,경상북도 경주시 동천동,중상사고,0,1,0,0,차대차 - 기타,안전운전불이행,적설,눈,단일로 - 기타,승용,남,28세,상해없음,승용,남,62세,중상
2014021100100359,2014년 2월 11일 17시,화요일,경상북도 문경시 점촌동,경상사고,0,0,1,0,차대차 - 측면직각충돌,안전운전불이행,건조,맑음,교차로 - 교차로부근,승용,여,49세,상해없음,자전거,남,67세,경상
2014021100100360,2014년 2월 11일 17시,화요일,경상북도 경산시 자인면,경상사고,0,0,6,0,차대차 - 기타,직진우회전진행방해,건조,맑음,교차로 - 교차로안,화물,남,54세,경상,화물,남,61세,경상
2014021100100361,2014년 2월 11일 17시,화요일,경상북도 경산시 중방동,경상사고,0,0,1,0,차대사람 - 기타,안전운전불이행,건조,맑음,단일로 - 기타,승용,남,49세,기타불명,보행자,여,50세,경상
2014021100100405,2014년 2월 11일 19시,화요일,경상북도 포항시 북구 용흥동,경상사고,0,0,1,0,차대사람 - 기타,안전운전불이행,결빙,눈,단일로 - 기타,승합,남,47세,상해없음,보행자,남,41세,경상
2014021100100406,2014년 2월 11일 19시,화요일,경상북도 구미시 인의동,경상사고,0,0,1,0,차대차 - 기타,중앙선침범,건조,맑음,교차로 - 교차로부근,승용,남,47세,상해없음,이륜,남,23세,경상
2014021100100440,2014년 2월 11일 20시,화요일,경상북도 경주시 산내면,중상사고,0,2,0,0,차대차 - 기타,중앙선침범,결빙,눈,단일로 - 기타,승합,남,42세,상해없음,승용,여,55세,중상
2014021100100441,2014년 2월 11일 20시,화요일,경상북도 안동시 옥동,경상사고,0,0,2,0,차대차 - 측면직각충돌,안전운전불이행,건조,맑음,기타 - 기타,승용,남,52세,상해없음,승용,여,52세,경상
2014021100100442,2014년 2월 11일 20시,화요일,경상북도 김천시 신음동,중상사고,0,1,0,0,차대사람 - 기타,안전운전불이행,건조,맑음,단일로 - 기타,승용,남,18세,상해없음,보행자,여,46세,중상
2014021100100443,2014년 2월 11일 20시,화요일,경상북도 성주군 성주읍,경상사고,0,0,1,0,차량단독 - 전도전복,안전운전불이행,건조,맑음,기타 - 기타,화물,남,61세,상해없음,,,,
2014021100100494,2014년 2월 11일 22시,화요일,경상북도 예천군 감천면,경상사고,0,0,1,0,차량단독 - 기타,안전운전불이행,건조,맑음,단일로 - 기타,승용,남,49세,경상,,,,
2014021100100495,2014년 2월 11일 22시,화요일,경상북도 포항시 남구 일월동,중상사고,0,1,0,0,차대차 - 측면직각충돌,중앙선침범,습기,비,단일로 - 기타,승용,남,36세,중상,특수,남,50세,상해없음
2014021200100027,2014년 2월 12일 01시,수요일,경상북도 안동시 풍천면,부상신고사고,0,0,0,1,차량단독 - 기타,안전운전불이행,건조,맑음,단일로 - 기타,화물,남,33세,부상신고,,,,
2014021200100028,2014년 2월 12일 01시,수요일,경상북도 구미시 고아읍,부상신고사고,0,0,0,1,차량단독 - 공작물충돌,안전운전불이행,기타,기타,기타 - 기타,승용,남,23세,부상신고,,,,
2014021200100058,2014년 2월 12일 05시,수요일,경상북도 영천시 문내동,중상사고,0,1,0,0,차대차 - 추돌 - 주정차중,안전운전불이행,건조,맑음,기타 - 기타,승용,남,34세,중상,화물,남,53세,기타불명
2014021200100080,2014년 2월 12일 06시,수요일,경상북도 경주시 시래동,중상사고,0,1,0,0,차대차 - 기타,안전운전불이행,결빙,눈,단일로 - 기타,화물,남,65세,상해없음,화물,남,56세,중상
2014021200100081,2014년 2월 12일 06시,수요일,경상북도 경주시 외동읍,경상사고,0,0,1,0,차대차 - 기타,안전운전불이행,습기,눈,교차로 - 교차로안,승용,남,39세,상해없음,승용,남,36세,경상
2014021200100097,2014년 2월 12일 07시,수요일,경상북도 경주시 안강읍,경상사고,0,0,2,0,차대차 - 기타,중앙선침범,적설,눈,단일로 - 교량,승용,남,28세,상해없음,승합,남,53세,상해없음
2014021200100098,2014년 2월 12일 07시,수요일,경상북도 포항시 북구 송라면,중상사고,0,1,0,0,차대차 - 기타,안전운전불이행,결빙,눈,단일로 - 기타,화물,남,53세,상해없음,승용,여,56세,중상
2014021200100121,2014년 2월 12일 08시,수요일,경상북도 경주시 충효동,경상사고,0,0,1,1,차대차 - 기타,안전운전불이행,결빙,눈,교차로 - 교차로안,승용,남,51세,부상신고,승용,남,46세,경상
2014021200100122,2014년 2월 12일 08시,수요일,경상북도 경주시 내남면,경상사고,0,0,1,0,차대차 - 기타,안전운전불이행,습기,눈,단일로 - 기타,승용,여,48세,상해없음,승용,남,26세,상해없음
2014021200100123,2014년 2월 12일 08시,수요일,경상북도 포항시 북구 두호동,경상사고,0,0,1,0,차대차 - 추돌 - 주정차중,안전운전불이행,결빙,눈,단일로 - 기타,승용,여,25세,상해없음,승용,남,21세,경상
2014021200100124,2014년 2월 12일 08시,수요일,경상북도 성주군 성주읍,경상사고,0,0,1,0,차대차 - 측면직각충돌,중앙선침범,기타,맑음,단일로 - 기타,승용,남,73세,기타불명,승용,여,36세,경상
2014021200100125,2014년 2월 12일 08시,수요일,경상북도 포항시 남구 호미곶면,경상사고,0,0,1,0,차대차 - 기타,중앙선침범,건조,흐림,교차로 - 교차로부근,승용,여,56세,상해없음,승용,남,32세,경상
2014021200100147,2014년 2월 12일 09시,수요일,경상북도 청도군 청도읍,경상사고,0,0,1,0,차대사람 - 기타,안전운전불이행,건조,맑음,단일로 - 기타,승용,남,37세,상해없음,보행자,남,80세,경상
2014021200100148,2014년 2월 12일 09시,수요일,경상북도 구미시 양호동,경상사고,0,0,1,0,차대차 - 기타,안전운전불이행,건조,맑음,단일로 - 기타,승용,남,47세,상해없음,자전거,여,59세,경상
2014021200100149,2014년 2월 12일 09시,수요일,경상북도 구미시 봉곡동,중상사고,0,1,0,0,차대차 - 기타,안전거리미확보,건조,맑음,단일로 - 기타,승용,여,49세,상해없음,승용,여,37세,중상
2014021200100167,2014년 2월 12일 10시,수요일,경상북도 영천시 화북면,중상사고,0,1,2,0,차대차 - 기타,중앙선침범,건조,맑음,단일로 - 기타,화물,남,71세,경상,승합,남,55세,중상
2014021200100192,2014년 2월 12일 11시,수요일,경상북도 안동시 신안동,경상사고,0,0,1,0,차대차 - 기타,안전운전불이행,건조,맑음,기타 - 기타,승용,남,61세,상해없음,이륜,남,60세,경상
2014021200100193,2014년 2월 12일 11시,수요일,경상북도 상주시 낙양동,중상사고,0,1,0,0,차대차 - 기타,교차로운행방법위반,건조,맑음,교차로 - 교차로안,승용,남,46세,상해없음,승용,여,41세,상해없음
2014021200100194,2014년 2월 12일 11시,수요일,경상북도 구미시 공단동,경상사고,0,0,2,0,차대차 - 기타,교차로운행방법위반,건조,맑음,교차로 - 교차로안,승용,남,66세,경상,화물,남,26세,경상
2014021200100219,2014년 2월 12일 12시,수요일,경상북도 경주시 동부동,부상신고사고,0,0,0,1,차대차 - 기타,안전운전불이행,건조,맑음,단일로 - 기타,화물,남,64세,상해없음,이륜,남,19세,부상신고
2014021200100220,2014년 2월 12일 12시,수요일,경상북도 칠곡군 왜관읍,경상사고,0,0,1,0,차대차 - 기타,안전운전불이행,건조,흐림,단일로 - 기타,승합,남,53세,상해없음,자전거,남,57세,경상
2014021200100245,2014년 2월 12일 13시,수요일,경상북도 경산시 진량읍,경상사고,0,0,1,0,차대차 - 기타,안전운전불이행,건조,맑음,단일로 - 기타,화물,남,55세,기타불명,승용,남,48세,경상
2014021200100275,2014년 2월 12일 14시,수요일,경상북도 포항시 북구 대신동,중상사고,0,1,1,0,차대차 - 기타,교차로운행방법위반,습기,눈,교차로 - 교차로안,승용,여,57세,상해없음,승용,남,39세,경상
2014021200100276,2014년 2월 12일 14시,수요일,경상북도 김천시 농소면,경상사고,0,0,1,0,차대차 - 측면직각충돌,교차로운행방법위반,건조,맑음,교차로 - 교차로안,승용,남,59세,상해없음,승합,남,48세,상해없음
2014021200100277,2014년 2월 12일 14시,수요일,경상북도 영천시 신령면,경상사고,0,0,3,0,차량단독 - 공작물충돌,기타,건조,맑음,기타 - 기타,승합,여,46세,상해없음,,,,
2014021200100300,2014년 2월 12일 15시,수요일,경상북도 영천시 완산동,경상사고,0,0,1,0,차대차 - 측면직각충돌,안전운전불이행,건조,맑음,단일로 - 기타,화물,여,61세,상해없음,승용,남,41세,경상
2014021200100352,2014년 2월 12일 17시,수요일,경상북도 포항시 북구 죽도동,경상사고,0,0,1,0,차대사람 - 기타,신호위반,습기,흐림,교차로 - 교차로부근,기타불명,기타불명,기타불명,기타불명,보행자,여,14세,경상
2014021200100353,2014년 2월 12일 17시,수요일,경상북도 포항시 남구 오천읍,경상사고,0,0,1,0,차대차 - 측면직각충돌,중앙선침범,적설,눈,단일로 - 기타,승용,남,53세,상해없음,승용,여,41세,경상
2014021200100397,2014년 2월 12일 18시,수요일,경상북도 김천시 신음동,경상사고,0,0,1,0,차대차 - 측면직각충돌,안전운전불이행,건조,맑음,단일로 - 기타,승용,남,29세,상해없음,이륜,남,16세,경상
2014021200100398,2014년 2월 12일 18시,수요일,경상북도 영주시 풍기읍,사망사고,1,0,2,0,차대차 - 추돌 - 진행중,안전운전불이행,건조,맑음,단일로 - 기타,승용,남,31세,경상,화물,남,63세,경상
2014021200100399,2014년 2월 12일 18시,수요일,경상북도 칠곡군 기산면,경상사고,0,0,1,0,차대차 - 정면충돌,안전운전불이행,건조,맑음,단일로 - 기타,승용,남,61세,상해없음,승용,남,45세,경상
2014021200100400,2014년 2월 12일 18시,수요일,경상북도 칠곡군 왜관읍,경상사고,0,0,1,0,차대차 - 기타,안전운전불이행,건조,맑음,단일로 - 기타,승용,여,41세,상해없음,승용,여,43세,경상
2014021200100401,2014년 2월 12일 18시,수요일,경상북도 문경시 문경읍,경상사고,0,0,2,0,차대차 - 측면직각충돌,교차로운행방법위반,건조,맑음,교차로 - 교차로안,화물,남,42세,경상,승용,남,61세,경상
2014021200100402,2014년 2월 12일 18시,수요일,경상북도 경산시 중방동,경상사고,0,0,1,0,차대사람 - 기타,안전운전불이행,건조,맑음,교차로 - 교차로안,화물,남,51세,상해없음,보행자,남,15세,경상
2014021200100403,2014년 2월 12일 18시,수요일,경상북도 청송군 현동면,중상사고,0,1,0,0,차대사람 - 길가장자리구역통행중,기타,적설,눈,단일로 - 기타,기타불명,기타불명,기타불명,기타불명,보행자,여,80세,중상
2014021200100443,2014년 2월 12일 19시,수요일,경상북도 상주시 서성동,경상사고,0,0,1,0,차대차 - 추돌 - 진행중,안전운전불이행,건조,맑음,단일로 - 기타,승용,남,52세,상해없음,승용,남,38세,경상
2014021200100444,2014년 2월 12일 19시,수요일,경상북도 영천시 망정동,중상사고,0,1,0,0,차대차 - 기타,교차로운행방법위반,건조,맑음,교차로 - 교차로안,화물,남,51세,상해없음,승용,남,43세,중상
2014021200100501,2014년 2월 12일 21시,수요일,경상북도 경주시 구정동,중상사고,0,1,0,0,차대사람 - 기타,안전운전불이행,습기,비,단일로 - 기타,승용,남,48세,상해없음,보행자,남,51세,중상
2014021200100502,2014년 2월 12일 21시,수요일,경상북도 안동시 풍산읍,중상사고,0,1,1,0,차대차 - 기타,교차로운행방법위반,건조,맑음,교차로 - 교차로안,승용,여,56세,경상,승용,남,52세,중상
2014021200100526,2014년 2월 12일 22시,수요일,경상북도 칠곡군 약목면,경상사고,0,0,1,1,차량단독 - 기타,안전운전불이행,건조,맑음,단일로 - 기타,원동기,남,15세,부상신고,,,,
2014021200100527,2014년 2월 12일 22시,수요일,경상북도 성주군 초전면,중상사고,0,1,2,0,차대차 - 정면충돌,중앙선침범,건조,맑음,단일로 - 기타,승용,남,38세,경상,화물,남,54세,중상
2014021200100528,2014년 2월 12일 22시,수요일,경상북도 구미시 송정동,중상사고,0,2,0,0,차대사람 - 기타,신호위반,건조,맑음,교차로 - 교차로안,이륜,남,17세,중상,보행자,남,64세,중상
2014021200100529,2014년 2월 12일 22시,수요일,경상북도 포항시 남구 지곡동,경상사고,0,0,1,0,차대차 - 측면직각충돌,안전운전불이행,적설,눈,교차로 - 교차로부근,승용,남,46세,상해없음,승용,남,56세,경상
2014021200100530,2014년 2월 12일 22시,수요일,경상북도 포항시 남구 오천읍,중상사고,0,1,0,0,차량단독 - 기타,안전운전불이행,결빙,눈,단일로 - 기타,승용,남,54세,상해없음,,,,
2014021200100554,2014년 2월 12일 23시,수요일,경상북도 포항시 북구 두호동,경상사고,0,0,1,0,차대차 - 기타,안전운전불이행,적설,맑음,교차로 - 교차로부근,승용,남,52세,상해없음,승용,남,36세,경상
2014021200100555,2014년 2월 12일 23시,수요일,경상북도 구미시 인의동,중상사고,0,1,0,0,차량단독 - 전도전복,기타,건조,맑음,단일로 - 기타,이륜,남,32세,중상,,,,
2014021300100056,2014년 2월 13일 04시,목요일,경상북도 김천시 황금동,경상사고,0,0,1,0,차대차 - 측면직각충돌,중앙선침범,건조,맑음,교차로 - 교차로부근,승용,남,27세,상해없음,승용,남,52세,경상
2014021300100095,2014년 2월 13일 07시,목요일,경상북도 구미시 공단동,경상사고,0,0,1,0,차대차 - 기타,안전운전불이행,건조,맑음,교차로 - 교차로부근,건설기계,남,45세,상해없음,승용,남,54세,경상
2014021300100134,2014년 2월 13일 08시,목요일,경상북도 문경시 산양면,경상사고,0,0,1,0,차대차 - 측면직각충돌,안전거리미확보,건조,맑음,기타 - 기타,화물,남,46세,상해없음,승용,여,31세,경상
2014021300100135,2014년 2월 13일 08시,목요일,경상북도 영덕군 강구면,경상사고,0,0,1,0,차대차 - 측면직각충돌,안전운전불이행,적설,눈,교차로 - 교차로안,화물,남,42세,상해없음,승용,남,34세,경상
2014021300100197,2014년 2월 13일 10시,목요일,경상북도 경주시 황용동,중상사고,0,2,1,0,차대차 - 기타,안전운전불이행,적설,눈,기타 - 기타,승용,남,61세,중상,승용,남,41세,중상
2014021300100198,2014년 2월 13일 10시,목요일,경상북도 영천시 임고면,경상사고,0,0,2,0,차대차 - 추돌 - 진행중,중앙선침범,적설,기타,단일로 - 기타,승용,남,30세,상해없음,승용,남,35세,경상
2014021300100213,2014년 2월 13일 11시,목요일,경상북도 경주시 성건동,사망사고,1,0,0,0,차대차 - 기타,안전운전불이행,적설,눈,단일로 - 기타,원동기,남,73세,사망,화물,남,57세,상해없음
2014021300100247,2014년 2월 13일 13시,목요일,경상북도 영주시 휴천동,중상사고,0,1,0,0,차대사람 - 기타,안전운전불이행,건조,맑음,교차로 - 교차로안,승용,남,63세,상해없음,보행자,여,12세,중상
2014021300100248,2014년 2월 13일 13시,목요일,경상북도 구미시 형곡동,중상사고,0,1,0,0,차대사람 - 기타,안전운전불이행,건조,맑음,단일로 - 기타,승용,여,26세,상해없음,보행자,남,15세,중상
2014021300100275,2014년 2월 13일 14시,목요일,경상북도 경주시 하동,중상사고,0,1,2,0,차대차 - 측면직각충돌,중앙선침범,습기,비,단일로 - 기타,승용,남,21세,상해없음,승용,여,44세,경상
2014021300100276,2014년 2월 13일 14시,목요일,경상북도 안동시 평화동,경상사고,0,0,2,0,차대차 - 기타,안전운전불이행,건조,맑음,기타 - 기타,화물,남,57세,상해없음,승용,남,34세,경상
2014021300100277,2014년 2월 13일 14시,목요일,경상북도 안동시 용상동,경상사고,0,0,1,0,차대사람 - 기타,안전운전불이행,건조,맑음,기타 - 기타,승용,여,46세,상해없음,보행자,여,42세,경상