사고번호,사고일시,요일,시군구,사고내용,사망자수,중상자수,경상자수,부상신고자수,사고유형,법규위반,노면상태,기상상태,도로형태,가해운전자 차종,가해운전자 성별,가해운전자 연령,가해운전자 상해정도,피해운전자 차종,피해운전자 성별,피해운전자 연령,피해운전자 상해정도
2014021300100278,2014년 2월 13일 14시,목요일,경상북도 경주시 광명동,경상사고,0,0,1,0,차대차 - 추돌 - 진행중,안전운전불이행,건조,흐림,단일로 - 기타,화물,남,52세,경상,화물,남,45세,상해없음
2014021300100307,2014년 2월 13일 15시,목요일,경상북도 문경시 모전동,경상사고,0,0,1,0,차대차 - 측면직각충돌,신호위반,건조,맑음,교차로 - 교차로안,승용,여,52세,상해없음,승용,여,46세,경상
2014021300100328,2014년 2월 13일 16시,목요일,경상북도 경주시 동천동,경상사고,0,0,2,0,차대차 - 기타,중앙선침범,습기,흐림,단일로 - 기타,승용,남,56세,상해없음,승용,남,40세,경상
2014021300100329,2014년 2월 13일 16시,목요일,경상북도 경주시 건천읍,중상사고,0,2,0,0,차대차 - 기타,안전운전불이행,결빙,눈,기타 - 기타,승용,남,47세,중상,승용,남,33세,중상
2014021300100384,2014년 2월 13일 18시,목요일,경상북도 안동시 동부동,경상사고,0,0,1,0,차대차 - 기타,안전운전불이행,건조,맑음,교차로 - 교차로부근,기타불명,기타불명,기타불명,기타불명,승용,남,27세,경상
2014021300100385,2014년 2월 13일 18시,목요일,경상북도 경산시 진량읍,경상사고,0,0,1,0,차대차 - 기타,안전거리미확보,건조,맑음,교차로 - 교차로부근,승합,남,30세,상해없음,승용,남,50세,경상
2014021300100386,2014년 2월 13일 18시,목요일,경상북도 구미시 지산동,부상신고사고,0,0,0,1,차대차 - 기타,안전운전불이행,건조,맑음,단일로 - 기타,이륜,남,73세,부상신고,화물,남,52세,상해없음
2014021300100387,2014년 2월 13일 18시,목요일,경상북도 포항시 남구 대도동,경상사고,0,0,2,0,차대차 - 측면직각충돌,안전운전불이행,습기,맑음,단일로 - 기타,승용,기타불명,58세,기타불명,화물,남,39세,경상
2014021300100424,2014년 2월 13일 19시,목요일,경상북도 안동시 옥동,중상사고,0,1,3,0,차대차 - 기타,직진우회전진행방해,건조,맑음,교차로 - 교차로안,승용,여,56세,상해없음,승용,여,51세,중상
2014021300100425,2014년 2월 13일 19시,목요일,경상북도 경산시 진량읍,중상사고,0,1,0,0,차대사람 - 기타,보행자보호의무위반,습기,비,교차로 - 교차로부근,화물,남,32세,상해없음,보행자,남,57세,중상
2014021300100426,2014년 2월 13일 19시,목요일,경상북도 경산시 진량읍,경상사고,0,0,1,0,차대사람 - 기타,보행자보호의무위반,습기,비,교차로 - 교차로안,이륜,남,22세,상해없음,보행자,여,83세,경상
2014021300100427,2014년 2월 13일 19시,목요일,경상북도 경산시 삼풍동,경상사고,0,0,1,0,차대차 - 기타,안전거리미확보,건조,흐림,단일로 - 기타,화물,남,55세,상해없음,승용,여,33세,경상
2014021300100453,2014년 2월 13일 20시,목요일,경상북도 경주시 내남면,부상신고사고,0,0,0,1,차대사람 - 기타,중앙선침범,건조,맑음,단일로 - 기타,기타불명,기타불명,기타불명,기타불명,보행자,남,16세,부상신고
2014021300100454,2014년 2월 13일 20시,목요일,경상북도 포항시 남구 오천읍,경상사고,0,0,1,0,차대차 - 측면직각충돌,안전운전불이행,건조,맑음,교차로 - 교차로안,기타불명,기타불명,기타불명,기타불명,승용,남,47세,상해없음
2014021300100489,2014년 2월 13일 21시,목요일,경상북도 경주시 강동면,경상사고,0,0,1,0,차대차 - 기타,안전운전불이행,결빙,눈,단일로 - 기타,승용,남,51세,상해없음,승용,남,55세,경상
2014021300100490,2014년 2월 13일 21시,목요일,경상북도 문경시 모전동,경상사고,0,0,1,0,차대차 - 측면직각충돌,안전운전불이행,건조,맑음,교차로 - 교차로부근,승용,남,41세,경상,화물,남,51세,상해없음
2014021300100491,2014년 2월 13일 21시,목요일,경상북도 경산시 사정동,중상사고,0,1,0,0,차대사람 - 기타,중앙선침범,습기,비,단일로 - 기타,승용,남,40세,상해없음,보행자,남,58세,중상
2014021300100492,2014년 2월 13일 21시,목요일,경상북도 영덕군 병곡면,경상사고,0,0,1,0,차대차 - 정면충돌,안전운전불이행,적설,눈,단일로 - 기타,화물,남,32세,상해없음,승합,남,41세,경상
2014021300100493,2014년 2월 13일 21시,목요일,경상북도 포항시 남구 송내동,경상사고,0,0,1,0,차대차 - 기타,안전운전불이행,습기,비,교차로 - 교차로부근,건설기계,남,29세,상해없음,승용,남,52세,경상
2014021300100521,2014년 2월 13일 22시,목요일,경상북도 포항시 북구 흥해읍,중상사고,0,1,0,0,차대차 - 추돌 - 주정차중,안전운전불이행,습기,흐림,단일로 - 기타,승용,남,36세,상해없음,승용,남,23세,중상
2014021300100522,2014년 2월 13일 22시,목요일,경상북도 경산시 진량읍,중상사고,0,1,0,0,차대사람 - 기타,안전운전불이행,습기,비,교차로 - 교차로부근,승합,남,54세,상해없음,보행자,남,18세,중상
2014021400100013,2014년 2월 14일 00시,금요일,경상북도 경산시 대평동,경상사고,0,0,1,0,차대차 - 기타,안전운전불이행,습기,흐림,교차로 - 교차로부근,승용,남,34세,상해없음,승용,남,28세,경상
2014021400100014,2014년 2월 14일 00시,금요일,경상북도 구미시 원평동,경상사고,0,0,1,0,차대사람 - 기타,안전운전불이행,건조,맑음,단일로 - 기타,승용,남,18세,상해없음,보행자,남,19세,경상
2014021400100103,2014년 2월 14일 07시,금요일,경상북도 성주군 벽진면,중상사고,0,1,0,0,차대차 - 기타,직진우회전진행방해,건조,맑음,교차로 - 교차로안,화물,남,61세,상해없음,이륜,남,81세,중상
2014021400100146,2014년 2월 14일 09시,금요일,경상북도 포항시 북구 우현동,경상사고,0,0,1,0,차대차 - 기타,안전운전불이행,건조,맑음,교차로 - 교차로안,승용,여,30세,상해없음,원동기,남,74세,경상
2014021400100166,2014년 2월 14일 10시,금요일,경상북도 경주시 현곡면,중상사고,0,2,0,0,차대차 - 기타,안전운전불이행,습기,맑음,단일로 - 교량,승용,남,21세,중상,승용,남,65세,중상
2014021400100167,2014년 2월 14일 10시,금요일,경상북도 김천시 증산면,경상사고,0,0,3,0,차대차 - 측면직각충돌,안전운전불이행,적설,흐림,단일로 - 기타,승용,남,67세,상해없음,승용,여,47세,경상
2014021400100168,2014년 2월 14일 10시,금요일,경상북도 김천시 아포읍,경상사고,0,0,2,0,차대차 - 측면직각충돌,교차로운행방법위반,건조,맑음,교차로 - 교차로안,화물,남,22세,상해없음,승용,여,40세,경상
2014021400100169,2014년 2월 14일 10시,금요일,경상북도 구미시 선산읍,경상사고,0,0,1,0,차대차 - 추돌 - 주정차중,안전운전불이행,건조,흐림,단일로 - 기타,승용,남,80세,상해없음,승용,여,57세,상해없음
2014021400100195,2014년 2월 14일 11시,금요일,경상북도 봉화군 석포면,중상사고,0,1,1,0,차대차 - 정면충돌,안전운전불이행,적설,눈,단일로 - 기타,건설기계,남,53세,상해없음,화물,남,57세,경상
2014021400100215,2014년 2월 14일 12시,금요일,경상북도 영천시 금호읍,사망사고,1,1,1,0,차대차 - 기타,중앙선침범,건조,맑음,단일로 - 기타,화물,남,58세,사망,화물,남,34세,경상
2014021400100239,2014년 2월 14일 13시,금요일,경상북도 구미시 고아읍,경상사고,0,0,1,0,차대차 - 기타,기타,건조,맑음,단일로 - 기타,승용,남,67세,상해없음,이륜,남,45세,경상
2014021400100240,2014년 2월 14일 13시,금요일,경상북도 구미시 원평동,경상사고,0,0,1,0,차대차 - 측면직각충돌,안전운전불이행,건조,맑음,교차로 - 교차로부근,승용,남,46세,경상,화물,남,69세,상해없음
2014021400100241,2014년 2월 14일 13시,금요일,경상북도 구미시 옥계동,경상사고,0,0,3,0,차대차 - 기타,안전운전불이행,건조,맑음,단일로 - 기타,승용,여,46세,상해없음,승용,여,34세,경상
2014021400100270,2014년 2월 14일 14시,금요일,경상북도 울진군 근남면,경상사고,0,0,1,0,차량단독 - 공작물충돌,안전운전불이행,습기,흐림,단일로 - 기타,승용,남,59세,상해없음,,,,
2014021400100271,2014년 2월 14일 14시,금요일,경상북도 포항시 남구 인덕동,중상사고,0,1,0,0,차대차 - 기타,안전운전불이행,건조,맑음,교차로 - 교차로부근,원동기,남,66세,중상,승용,여,57세,상해없음
2014021400100295,2014년 2월 14일 15시,금요일,경상북도 포항시 북구 흥해읍,경상사고,0,0,1,0,차대차 - 기타,안전운전불이행,습기,맑음,단일로 - 기타,화물,여,41세,상해없음,승용,남,66세,경상
2014021400100296,2014년 2월 14일 15시,금요일,경상북도 문경시 문경읍,경상사고,0,0,1,0,차대차 - 측면직각충돌,직진우회전진행방해,건조,맑음,교차로 - 교차로안,승용,남,54세,상해없음,승용,여,67세,경상
2014021400100326,2014년 2월 14일 16시,금요일,경상북도 경주시 강동면,경상사고,0,0,1,0,차대차 - 기타,안전운전불이행,건조,맑음,단일로 - 기타,승용,남,53세,상해없음,승용,남,25세,경상
2014021400100327,2014년 2월 14일 16시,금요일,경상북도 구미시 원평동,경상사고,0,0,1,0,차대사람 - 기타,안전운전불이행,건조,맑음,교차로 - 교차로부근,승용,여,44세,상해없음,보행자,남,10세,경상
2014021400100328,2014년 2월 14일 16시,금요일,경상북도 구미시 옥계동,중상사고,0,1,0,0,차대차 - 기타,신호위반,건조,맑음,교차로 - 교차로안,승용,남,60세,상해없음,승합,남,58세,중상
2014021400100345,2014년 2월 14일 17시,금요일,경상북도 경주시 구황동,중상사고,0,2,0,0,차대차 - 기타,안전운전불이행,습기,흐림,교차로 - 교차로안,승용,여,29세,중상,승합,남,65세,상해없음
2014021400100346,2014년 2월 14일 17시,금요일,경상북도 안동시 수상동,중상사고,0,1,0,0,차대차 - 측면직각충돌,차로위반,건조,맑음,교차로 - 교차로안,승용,남,53세,상해없음,승용,여,28세,중상
2014021400100347,2014년 2월 14일 17시,금요일,경상북도 김천시 감천면,중상사고,0,1,1,1,차대차 - 측면직각충돌,교차로운행방법위반,건조,맑음,교차로 - 교차로안,이륜,남,76세,중상,승용,여,41세,경상
2014021400100381,2014년 2월 14일 18시,금요일,경상북도 경주시 용강동,중상사고,0,2,3,0,차대차 - 기타,중앙선침범,결빙,눈,기타 - 기타,화물,남,20세,중상,승용,여,39세,중상
2014021400100382,2014년 2월 14일 18시,금요일,경상북도 칠곡군 석적읍,중상사고,0,1,2,0,차대차 - 측면직각충돌,중앙선침범,건조,맑음,기타 - 기타,승용,남,69세,상해없음,화물,남,32세,경상
2014021400100383,2014년 2월 14일 18시,금요일,경상북도 영천시 괴연동,경상사고,0,0,1,0,차대차 - 측면직각충돌,안전운전불이행,건조,맑음,교차로 - 교차로안,화물,남,43세,상해없음,승용,남,62세,경상
2014021400100384,2014년 2월 14일 18시,금요일,경상북도 청도군 매전면,중상사고,0,2,0,0,차대차 - 기타,중앙선침범,건조,흐림,단일로 - 기타,승용,여,65세,중상,승용,남,69세,중상
2014021400100385,2014년 2월 14일 18시,금요일,경상북도 포항시 남구 대도동,경상사고,0,0,1,0,차대차 - 기타,안전운전불이행,습기,흐림,교차로 - 교차로부근,승용,남,56세,상해없음,승용,여,41세,경상
2014021400100437,2014년 2월 14일 19시,금요일,경상북도 안동시 태화동,경상사고,0,0,2,0,차대차 - 추돌 - 진행중,안전운전불이행,건조,맑음,단일로 - 교량,승용,남,63세,상해없음,승용,여,38세,경상
2014021400100438,2014년 2월 14일 19시,금요일,경상북도 구미시 도량동,경상사고,0,0,1,0,차대차 - 기타,신호위반,건조,맑음,교차로 - 교차로부근,승용,남,31세,상해없음,승용,남,41세,경상
2014021400100439,2014년 2월 14일 19시,금요일,경상북도 포항시 남구 송도동,중상사고,0,1,0,0,차대사람 - 횡단중,안전운전불이행,건조,흐림,교차로 - 교차로안,승용,여,44세,상해없음,보행자,여,72세,중상
2014021400100440,2014년 2월 14일 19시,금요일,경상북도 문경시 유곡동,경상사고,0,0,1,0,차대차 - 측면직각충돌,안전운전불이행,건조,맑음,단일로 - 기타,화물,남,34세,상해없음,승용,남,40세,경상
2014021400100475,2014년 2월 14일 20시,금요일,경상북도 칠곡군 석적읍,경상사고,0,0,1,0,차대사람 - 기타,안전운전불이행,건조,맑음,단일로 - 기타,승용,남,39세,상해없음,보행자,여,38세,경상
2014021400100476,2014년 2월 14일 20시,금요일,경상북도 경산시 진량읍,경상사고,0,0,3,0,차대차 - 기타,안전운전불이행,건조,맑음,교차로 - 교차로부근,승용,여,63세,상해없음,승용,남,45세,경상
2014021400100477,2014년 2월 14일 20시,금요일,경상북도 구미시 신평동,경상사고,0,0,1,0,차대차 - 기타,신호위반,건조,맑음,교차로 - 교차로안,승용,남,63세,상해없음,승용,남,49세,경상
2014021400100500,2014년 2월 14일 21시,금요일,경상북도 경주시 건천읍,중상사고,0,2,0,0,차대사람 - 기타,보행자보호의무위반,습기,흐림,단일로 - 횡단보도상,승용,남,56세,상해없음,보행자,여,17세,중상
2014021400100532,2014년 2월 14일 22시,금요일,경상북도 경주시 성건동,중상사고,0,1,1,0,차대차 - 기타,안전운전불이행,건조,맑음,단일로 - 기타,승용,남,25세,상해없음,승용,남,21세,중상
2014021400100533,2014년 2월 14일 22시,금요일,경상북도 칠곡군 북삼읍,중상사고,0,2,1,0,차대차 - 측면직각충돌,교차로운행방법위반,건조,맑음,교차로 - 교차로안,승용,남,21세,경상,승용,남,41세,중상
2014021400100573,2014년 2월 14일 23시,금요일,경상북도 경주시 동천동,경상사고,0,0,2,0,차대사람 - 차도통행중,안전운전불이행,습기,비,단일로 - 기타,승용,남,59세,상해없음,보행자,남,50세,경상
2014021400100574,2014년 2월 14일 23시,금요일,경상북도 경산시 계양동,경상사고,0,0,1,0,차대차 - 기타,안전운전불이행,건조,맑음,교차로 - 교차로부근,승용,여,48세,상해없음,승용,남,47세,경상
2014021400100575,2014년 2월 14일 23시,금요일,경상북도 구미시 공단동,경상사고,0,0,1,0,차대차 - 기타,중앙선침범,건조,맑음,단일로 - 기타,승용,남,25세,상해없음,승용,남,42세,경상
2014021500100018,2014년 2월 15일 00시,토요일,경상북도 김천시 개령면,사망사고,1,0,0,0,차량단독 - 전도전복,안전운전불이행,건조,맑음,단일로 - 기타,승용,남,50세,사망,,,,
2014021500100045,2014년 2월 15일 01시,토요일,경상북도 포항시 남구 대잠동,중상사고,0,1,0,0,차대차 - 추돌 - 진행중,안전운전불이행,건조,맑음,교차로 - 교차로부근,승용,남,53세,중상,승용,남,54세,상해없음
2014021500100062,2014년 2월 15일 02시,토요일,경상북도 경주시 동부동,경상사고,0,0,1,0,차대차 - 기타,안전운전불이행,건조,맑음,교차로 - 교차로부근,승용,남,53세,상해없음,승용,남,52세,상해없음
2014021500100063,2014년 2월 15일 02시,토요일,경상북도 구미시 신평동,경상사고,0,0,1,0,차대차 - 기타,신호위반,건조,맑음,교차로 - 교차로안,이륜,남,57세,경상,승용,남,31세,상해없음
2014021500100078,2014년 2월 15일 03시,토요일,경상북도 경주시 강동면,중상사고,0,2,1,0,차대차 - 기타,안전운전불이행,습기,흐림,단일로 - 기타,승용,남,31세,경상,승용,남,43세,중상
2014021500100079,2014년 2월 15일 03시,토요일,경상북도 포항시 북구 장성동,경상사고,0,0,2,2,차대차 - 기타,안전운전불이행,건조,맑음,교차로 - 교차로부근,승용,남,42세,상해없음,승용,남,46세,경상
2014021500100080,2014년 2월 15일 03시,토요일,경상북도 포항시 남구 대송면,경상사고,0,0,1,0,차량단독 - 공작물충돌,안전운전불이행,습기,흐림,단일로 - 교량,승용,남,24세,경상,,,,
2014021500100140,2014년 2월 15일 07시,토요일,경상북도 김천시 조마면,경상사고,0,0,3,0,차대차 - 측면직각충돌,안전운전불이행,건조,맑음,단일로 - 기타,승용,남,70세,경상,승용,남,37세,경상
2014021500100141,2014년 2월 15일 07시,토요일,경상북도 성주군 초전면,경상사고,0,0,3,0,차대차 - 측면직각충돌,직진우회전진행방해,건조,맑음,교차로 - 교차로안,승용,남,21세,경상,화물,남,63세,경상
2014021500100163,2014년 2월 15일 08시,토요일,경상북도 포항시 북구 학산동,경상사고,0,0,1,0,차대차 - 기타,신호위반,건조,맑음,교차로 - 교차로안,화물,남,50세,상해없음,승용,남,28세,경상
2014021500100164,2014년 2월 15일 08시,토요일,경상북도 구미시 황상동,경상사고,0,0,2,0,차대차 - 측면직각충돌,직진우회전진행방해,건조,맑음,교차로 - 교차로안,승용,남,44세,상해없음,승용,남,38세,경상
2014021500100194,2014년 2월 15일 09시,토요일,경상북도 구미시 인의동,경상사고,0,0,1,0,차대사람 - 기타,안전운전불이행,건조,맑음,단일로 - 기타,승용,남,27세,상해없음,보행자,여,25세,경상
2014021500100213,2014년 2월 15일 10시,토요일,경상북도 경주시 성건동,중상사고,0,1,0,0,차대차 - 기타,안전운전불이행,건조,맑음,단일로 - 기타,승용,여,50세,상해없음,원동기,남,79세,중상
2014021500100214,2014년 2월 15일 10시,토요일,경상북도 경주시 동천동,경상사고,0,0,1,0,차대차 - 기타,안전운전불이행,습기,흐림,단일로 - 기타,화물,남,65세,상해없음,승용,남,28세,경상
2014021500100229,2014년 2월 15일 11시,토요일,경상북도 경주시 배반동,경상사고,0,0,5,0,차대차 - 추돌 - 주정차중,안전운전불이행,건조,맑음,교차로 - 교차로부근,화물,남,58세,상해없음,승합,남,33세,경상
2014021500100230,2014년 2월 15일 11시,토요일,경상북도 구미시 선산읍,중상사고,0,1,0,0,차대사람 - 기타,안전운전불이행,건조,맑음,단일로 - 기타,승용,남,24세,상해없음,보행자,여,81세,중상
2014021500100260,2014년 2월 15일 12시,토요일,경상북도 포항시 북구 장성동,경상사고,0,0,1,0,차대차 - 기타,안전운전불이행,건조,맑음,단일로 - 기타,승용,남,70세,상해없음,원동기,남,73세,경상
2014021500100261,2014년 2월 15일 12시,토요일,경상북도 안동시 녹전면,경상사고,0,0,1,0,차대사람 - 기타,안전운전불이행,건조,맑음,단일로 - 기타,승용,남,78세,상해없음,보행자,여,80세,경상
2014021500100262,2014년 2월 15일 12시,토요일,경상북도 군위군 의흥면,중상사고,0,1,0,0,차대차 - 기타,신호위반,건조,맑음,교차로 - 교차로안,승용,남,44세,상해없음,화물,남,42세,중상
2014021500100263,2014년 2월 15일 12시,토요일,경상북도 구미시 진평동,중상사고,0,1,0,0,차대차 - 기타,교차로운행방법위반,건조,맑음,교차로 - 교차로안,화물,남,47세,상해없음,자전거,여,61세,중상
2014021500100322,2014년 2월 15일 14시,토요일,경상북도 경산시 하양읍,경상사고,0,0,1,0,차대사람 - 기타,안전운전불이행,건조,맑음,단일로 - 기타,승용,남,57세,기타불명,보행자,남,22세,경상
2014021500100341,2014년 2월 15일 15시,토요일,경상북도 경주시 현곡면,경상사고,0,0,1,0,차대차 - 기타,안전운전불이행,습기,맑음,교차로 - 교차로부근,승용,남,30세,상해없음,승용,남,19세,경상
2014021500100342,2014년 2월 15일 15시,토요일,경상북도 김천시 지좌동,경상사고,0,0,1,0,차대차 - 측면직각충돌,안전운전불이행,건조,맑음,단일로 - 기타,승합,남,32세,상해없음,승용,남,31세,경상
2014021500100343,2014년 2월 15일 15시,토요일,경상북도 구미시 고아읍,중상사고,0,1,0,0,차대차 - 측면직각충돌,교차로운행방법위반,건조,맑음,교차로 - 교차로안,승용,남,67세,상해없음,화물,남,27세,중상
2014021500100382,2014년 2월 15일 16시,토요일,경상북도 포항시 북구 죽도동,경상사고,0,0,1,1,차대차 - 기타,안전운전불이행,건조,맑음,단일로 - 기타,승용,남,27세,부상신고,승용,남,65세,경상
2014021500100383,2014년 2월 15일 16시,토요일,경상북도 구미시 인의동,경상사고,0,0,2,0,차대차 - 기타,안전운전불이행,건조,맑음,교차로 - 교차로안,승용,남,50세,상해없음,승용,남,34세,경상
2014021500100413,2014년 2월 15일 17시,토요일,경상북도 상주시 남성동,중상사고,0,1,0,0,차대사람 - 기타,안전운전불이행,건조,맑음,단일로 - 기타,자전거,기타불명,기타불명,기타불명,보행자,여,76세,중상
2014021500100414,2014년 2월 15일 17시,토요일,경상북도 포항시 남구 연일읍,중상사고,0,1,1,0,차대차 - 추돌 - 진행중,직진우회전진행방해,건조,맑음,교차로 - 교차로안,화물,남,60세,중상,승용,여,45세,경상
2014021500100449,2014년 2월 15일 18시,토요일,경상북도 영천시 금호읍,경상사고,0,0,1,0,차대차 - 측면직각충돌,안전운전불이행,건조,맑음,단일로 - 기타,승용,남,65세,상해없음,승용,남,52세,경상
2014021500100450,2014년 2월 15일 18시,토요일,경상북도 청도군 화양읍,중상사고,0,1,1,0,차대차 - 기타,중앙선침범,건조,맑음,기타 - 기타,승용,남,40세,상해없음,이륜,남,63세,중상
2014021500100481,2014년 2월 15일 19시,토요일,경상북도 포항시 북구 환호동,중상사고,0,1,0,0,차대사람 - 기타,안전운전불이행,건조,맑음,단일로 - 기타,승용,남,63세,상해없음,보행자,여,28세,중상
2014021500100482,2014년 2월 15일 19시,토요일,경상북도 구미시 구평동,중상사고,0,1,0,0,차대차 - 기타,교차로운행방법위반,건조,맑음,교차로 - 교차로안,승용,남,46세,상해없음,이륜,남,27세,중상
2014021500100483,2014년 2월 15일 19시,토요일,경상북도 구미시 선산읍,경상사고,0,0,4,0,차대차 - 기타,안전거리미확보,건조,맑음,단일로 - 기타,승용,남,61세,상해없음,승용,여,45세,경상
2014021500100514,2014년 2월 15일 20시,토요일,경상북도 포항시 북구 신광면,중상사고,0,2,0,0,차대차 - 기타,안전운전불이행,결빙,눈,단일로 - 기타,승용,남,51세,중상,승용,남,58세,상해없음
2014021500100515,2014년 2월 15일 20시,토요일,경상북도 봉화군 명호면,부상신고사고,0,0,0,1,차량단독 - 공작물충돌,안전운전불이행,결빙,눈,단일로 - 기타,화물,남,51세,부상신고,,,,
2014021500100516,2014년 2월 15일 20시,토요일,경상북도 울진군 후포면,경상사고,0,0,1,0,차대차 - 측면직각충돌,기타,건조,맑음,단일로 - 기타,승용,여,51세,상해없음,원동기,남,62세,경상
2014021500100552,2014년 2월 15일 21시,토요일,경상북도 경주시 외동읍,경상사고,0,0,2,0,차대차 - 기타,안전운전불이행,건조,맑음,단일로 - 기타,승용,남,59세,상해없음,승용,남,63세,경상
2014021500100553,2014년 2월 15일 21시,토요일,경상북도 경주시 외동읍,경상사고,0,0,2,0,차대차 - 기타,안전운전불이행,건조,맑음,교차로 - 교차로안,승용,남,58세,상해없음,승용,남,44세,경상
2014021500100554,2014년 2월 15일 21시,토요일,경상북도 포항시 남구 대잠동,경상사고,0,0,3,0,차대차 - 추돌 - 진행중,안전운전불이행,건조,맑음,단일로 - 기타,승용,남,48세,상해없음,승용,여,55세,경상
2014021500100579,2014년 2월 15일 22시,토요일,경상북도 경산시 정평동,경상사고,0,0,1,0,차대차 - 기타,중앙선침범,건조,맑음,교차로 - 교차로부근,화물,남,45세,상해없음,화물,남,53세,경상
2014021500100598,2014년 2월 15일 23시,토요일,경상북도 의성군 의성읍,중상사고,0,1,1,0,차대차 - 측면직각충돌,중앙선침범,건조,맑음,단일로 - 기타,승용,남,32세,중상,승용,남,41세,경상
2014021500100599,2014년 2월 15일 23시,토요일,경상북도 영주시 휴천동,경상사고,0,0,3,0,차대차 - 측면직각충돌,신호위반,건조,맑음,교차로 - 교차로안,화물,남,39세,상해없음,승용,남,54세,경상
2014021600100016,2014년 2월 16일 00시,일요일,경상북도 영천시 임고면,경상사고,0,0,1,0,차량단독 - 공작물충돌,안전운전불이행,건조,흐림,단일로 - 기타,승용,남,44세,경상,,,,
2014021600100041,2014년 2월 16일 01시,일요일,경상북도 안동시 용상동,중상사고,0,1,1,0,차대차 - 기타,안전운전불이행,건조,맑음,단일로 - 기타,승용,남,18세,경상,화물,남,40세,기타불명
2014021600100042,2014년 2월 16일 01시,일요일,경상북도 김천시 개령면,중상사고,0,1,0,0,차량단독 - 공작물충돌,안전운전불이행,건조,맑음,단일로 - 기타,이륜,남,25세,중상,,,,
2014021600100085,2014년 2월 16일 03시,일요일,경상북도 영천시 교촌동,경상사고,0,0,1,0,차대차 - 기타,교차로운행방법위반,건조,맑음,교차로 - 교차로안,승용,남,55세,상해없음,승용,남,28세,경상
2014021600100097,2014년 2월 16일 04시,일요일,경상북도 예천군 감천면,중상사고,0,1,0,0,차량단독 - 전도전복,안전운전불이행,건조,맑음,단일로 - 기타,화물,남,30세,중상,,,,
2014021600100098,2014년 2월 16일 04시,일요일,경상북도 구미시 봉곡동,경상사고,0,0,1,0,차대차 - 기타,안전운전불이행,건조,맑음,단일로 - 기타,승용,남,44세,상해없음,승용,남,39세,경상
2014021600100120,2014년 2월 16일 06시,일요일,경상북도 성주군 선남면,중상사고,0,1,0,0,차대차 - 추돌 - 주정차중,안전운전불이행,건조,맑음,단일로 - 기타,화물,남,45세,중상,건설기계,남,48세,상해없음
2014021600100129,2014년 2월 16일 07시,일요일,경상북도 포항시 북구 용흥동,중상사고,0,4,0,0,차대차 - 기타,안전운전불이행,결빙,맑음,단일로 - 기타,승용,여,33세,상해없음,승용,남,45세,중상
2014021600100130,2014년 2월 16일 07시,일요일,경상북도 영주시 부석면,경상사고,0,0,1,0,차대차 - 기타,안전운전불이행,건조,맑음,단일로 - 기타,화물,남,65세,상해없음,화물,남,54세,경상
2014021600100143,2014년 2월 16일 08시,일요일,경상북도 경주시 성건동,중상사고,0,1,0,0,차대차 - 기타,안전운전불이행,건조,맑음,단일로 - 기타,승용,남,61세,상해없음,승용,남,30세,중상
2014021600100144,2014년 2월 16일 08시,일요일,경상북도 의성군 봉양면,경상사고,0,0,1,0,차대차 - 측면직각충돌,신호위반,건조,맑음,교차로 - 교차로안,화물,남,30세,상해없음,승용,여,36세,경상
2014021600100159,2014년 2월 16일 09시,일요일,경상북도 경주시 양북면,경상사고,0,0,1,0,차대차 - 기타,안전운전불이행,건조,맑음,단일로 - 기타,화물,남,40세,상해없음,원동기,남,58세,경상
2014021600100192,2014년 2월 16일 11시,일요일,경상북도 경주시 외동읍,경상사고,0,0,1,0,차대차 - 기타,안전운전불이행,습기,맑음,단일로 - 기타,승용,남,58세,상해없음,승용,여,34세,경상
2014021600100193,2014년 2월 16일 11시,일요일,경상북도 안동시 동문동,중상사고,0,1,3,0,차대차 - 기타,직진우회전진행방해,건조,맑음,교차로 - 교차로안,승용,남,39세,중상,승용,남,23세,경상
2014021600100212,2014년 2월 16일 12시,일요일,경상북도 경주시 덕동,중상사고,0,3,0,0,차대차 - 기타,중앙선침범,습기,흐림,단일로 - 기타,승용,남,60세,상해없음,승용,남,59세,중상
2014021600100213,2014년 2월 16일 12시,일요일,경상북도 경주시 동천동,경상사고,0,0,2,0,차대차 - 기타,안전운전불이행,건조,맑음,교차로 - 교차로안,승용,여,55세,상해없음,승용,남,30세,경상
2014021600100214,2014년 2월 16일 12시,일요일,경상북도 안동시 옥동,경상사고,0,0,1,0,차대차 - 기타,신호위반,건조,맑음,교차로 - 교차로안,자전거,남,74세,경상,승용,여,39세,상해없음
2014021600100215,2014년 2월 16일 12시,일요일,경상북도 영주시 상망동,경상사고,0,0,3,0,차대차 - 측면직각충돌,직진우회전진행방해,건조,맑음,교차로 - 교차로안,승합,여,47세,경상,승용,남,53세,상해없음
2014021600100216,2014년 2월 16일 12시,일요일,경상북도 영덕군 강구면,경상사고,0,0,1,0,차대사람 - 차도통행중,안전운전불이행,건조,맑음,단일로 - 기타,승용,여,44세,상해없음,보행자,여,54세,경상
2014021600100234,2014년 2월 16일 13시,일요일,경상북도 경주시 안강읍,경상사고,0,0,3,0,차대차 - 기타,안전운전불이행,건조,맑음,교차로 - 교차로안,승용,남,39세,상해없음,승합,남,39세,경상