사고번호,사고일시,요일,시군구,사고내용,사망자수,중상자수,경상자수,부상신고자수,사고유형,법규위반,노면상태,기상상태,도로형태,가해운전자 차종,가해운전자 성별,가해운전자 연령,가해운전자 상해정도,피해운전자 차종,피해운전자 성별,피해운전자 연령,피해운전자 상해정도
2014021600100235,2014년 2월 16일 13시,일요일,경상북도 경산시 자인면,중상사고,0,3,1,0,차대차 - 기타,교차로운행방법위반,건조,맑음,교차로 - 교차로안,승용,남,51세,상해없음,승용,남,65세,중상
2014021600100236,2014년 2월 16일 13시,일요일,경상북도 경산시 사동,중상사고,0,1,0,0,차대차 - 기타,안전운전불이행,건조,맑음,교차로 - 교차로안,승용,여,49세,상해없음,이륜,남,32세,중상
2014021600100251,2014년 2월 16일 14시,일요일,경상북도 고령군 고령읍,경상사고,0,0,1,0,차대차 - 기타,안전거리미확보,건조,맑음,단일로 - 기타,승용,남,58세,상해없음,이륜,남,45세,경상
2014021600100286,2014년 2월 16일 16시,일요일,경상북도 포항시 북구 대흥동,경상사고,0,0,1,0,차대차 - 기타,안전운전불이행,건조,맑음,단일로 - 기타,승용,남,45세,상해없음,승용,남,30세,경상
2014021600100287,2014년 2월 16일 16시,일요일,경상북도 영주시 가흥동,중상사고,0,1,0,0,차대사람 - 보도통행중,기타,건조,맑음,단일로 - 기타,화물,남,28세,상해없음,보행자,여,70세,중상
2014021600100309,2014년 2월 16일 17시,일요일,경상북도 영주시 영주동,경상사고,0,0,2,0,차대차 - 추돌 - 주정차중,안전운전불이행,건조,맑음,단일로 - 기타,화물,남,74세,상해없음,승용,남,57세,경상
2014021600100310,2014년 2월 16일 17시,일요일,경상북도 포항시 남구 해도동,경상사고,0,0,1,0,차대사람 - 기타,안전운전불이행,건조,흐림,단일로 - 기타,승용,남,59세,상해없음,보행자,여,39세,경상
2014021600100341,2014년 2월 16일 18시,일요일,경상북도 경주시 배반동,경상사고,0,0,2,0,차대차 - 추돌 - 진행중,안전운전불이행,건조,맑음,단일로 - 기타,화물,남,53세,상해없음,승용,여,44세,경상
2014021600100368,2014년 2월 16일 19시,일요일,경상북도 경주시 동천동,중상사고,0,1,0,0,차대사람 - 기타,보행자보호의무위반,습기,맑음,교차로 - 교차로부근,승용,남,50세,상해없음,보행자,남,8세,중상
2014021600100369,2014년 2월 16일 19시,일요일,경상북도 안동시 운흥동,경상사고,0,0,1,0,차대차 - 기타,안전운전불이행,건조,맑음,기타 - 기타,화물,남,49세,상해없음,승용,남,24세,경상
2014021600100370,2014년 2월 16일 19시,일요일,경상북도 경산시 중방동,경상사고,0,0,1,0,차대차 - 기타,안전운전불이행,건조,맑음,단일로 - 교량,이륜,남,19세,경상,화물,남,21세,상해없음
2014021600100371,2014년 2월 16일 19시,일요일,경상북도 구미시 장천면,경상사고,0,0,1,0,차대차 - 추돌 - 진행중,중앙선침범,건조,맑음,단일로 - 기타,화물,남,50세,상해없음,승용,남,48세,경상
2014021600100372,2014년 2월 16일 19시,일요일,경상북도 구미시 형곡동,경상사고,0,0,1,0,차대차 - 추돌 - 진행중,안전운전불이행,건조,맑음,단일로 - 기타,승용,남,21세,상해없음,이륜,남,44세,경상
2014021600100373,2014년 2월 16일 19시,일요일,경상북도 포항시 남구 오천읍,경상사고,0,0,2,0,차대차 - 기타,안전운전불이행,건조,맑음,교차로 - 교차로안,승용,여,43세,상해없음,승용,남,28세,경상
2014021600100399,2014년 2월 16일 20시,일요일,경상북도 경주시 외동읍,중상사고,0,1,0,0,차대사람 - 차도통행중,안전운전불이행,건조,맑음,단일로 - 기타,승용,남,30세,상해없음,보행자,남,46세,중상
2014021600100400,2014년 2월 16일 20시,일요일,경상북도 칠곡군 석적읍,부상신고사고,0,0,0,1,차대차 - 추돌 - 주정차중,안전운전불이행,건조,맑음,교차로 - 교차로부근,승용,남,34세,부상신고,화물,남,44세,기타불명
2014021600100401,2014년 2월 16일 20시,일요일,경상북도 성주군 성주읍,경상사고,0,0,1,0,차량단독 - 공작물충돌,안전운전불이행,건조,맑음,기타 - 기타,승용,남,43세,경상,,,,
2014021600100402,2014년 2월 16일 20시,일요일,경상북도 구미시 사곡동,중상사고,0,1,0,0,차대차 - 측면직각충돌,신호위반,건조,맑음,교차로 - 교차로안,승용,남,25세,상해없음,승용,남,50세,중상
2014021600100421,2014년 2월 16일 21시,일요일,경상북도 포항시 북구 죽도동,경상사고,0,0,4,0,차대차 - 측면직각충돌,안전운전불이행,건조,맑음,단일로 - 기타,이륜,남,19세,경상,승용,남,51세,경상
2014021600100422,2014년 2월 16일 21시,일요일,경상북도 경산시 중산동,경상사고,0,0,1,0,차대차 - 측면직각충돌,신호위반,건조,맑음,교차로 - 교차로안,승용,남,25세,상해없음,승용,남,38세,경상
2014021600100423,2014년 2월 16일 21시,일요일,경상북도 경산시 진량읍,중상사고,0,1,0,0,차대차 - 기타,안전운전불이행,건조,맑음,교차로 - 교차로안,기타불명,기타불명,기타불명,기타불명,승용,남,28세,중상
2014021600100424,2014년 2월 16일 21시,일요일,경상북도 구미시 고아읍,중상사고,0,2,0,0,차대차 - 측면직각충돌,안전운전불이행,건조,맑음,단일로 - 기타,승용,여,43세,중상,승용,여,42세,중상
2014021600100441,2014년 2월 16일 22시,일요일,경상북도 울진군 북면,경상사고,0,0,4,0,차대차 - 추돌 - 진행중,안전운전불이행,건조,맑음,단일로 - 기타,승용,여,48세,상해없음,승용,남,38세,경상
2014021600100457,2014년 2월 16일 23시,일요일,경상북도 포항시 북구 두호동,경상사고,0,0,3,0,차대차 - 기타,교차로운행방법위반,습기,맑음,교차로 - 교차로안,승용,남,22세,상해없음,승용,남,58세,경상
2014021600100458,2014년 2월 16일 23시,일요일,경상북도 김천시 백옥동,중상사고,0,1,0,0,차량단독 - 전도전복,안전운전불이행,건조,맑음,단일로 - 기타,이륜,남,47세,중상,,,,
2014021700100014,2014년 2월 17일 01시,월요일,경상북도 김천시 평화동,경상사고,0,0,1,0,차대차 - 측면직각충돌,안전운전불이행,건조,맑음,단일로 - 기타,승용,남,23세,상해없음,승용,남,56세,경상
2014021700100026,2014년 2월 17일 04시,월요일,경상북도 김천시 평화동,경상사고,0,0,2,0,차대차 - 측면직각충돌,신호위반,건조,맑음,교차로 - 교차로안,승용,남,35세,상해없음,승용,남,72세,경상
2014021700100027,2014년 2월 17일 04시,월요일,경상북도 경주시 내남면,중상사고,0,1,0,0,차대차 - 추돌 - 진행중,안전운전불이행,건조,맑음,단일로 - 기타,승용,남,28세,중상,건설기계,남,38세,상해없음
2014021700100047,2014년 2월 17일 06시,월요일,경상북도 포항시 북구 환호동,중상사고,0,1,0,0,차대사람 - 기타,신호위반,건조,맑음,교차로 - 교차로안,승용,남,44세,상해없음,보행자,여,61세,중상
2014021700100048,2014년 2월 17일 06시,월요일,경상북도 칠곡군 동명면,중상사고,0,1,0,0,차대차 - 추돌 - 진행중,안전운전불이행,건조,맑음,단일로 - 기타,승용,남,45세,중상,승용,남,62세,상해없음
2014021700100062,2014년 2월 17일 07시,월요일,경상북도 경산시 하양읍,부상신고사고,0,0,0,1,차대차 - 기타,교차로운행방법위반,건조,맑음,교차로 - 교차로안,승용,남,75세,상해없음,자전거,남,14세,부상신고
2014021700100063,2014년 2월 17일 07시,월요일,경상북도 포항시 남구 오천읍,경상사고,0,0,1,0,차대차 - 기타,중앙선침범,건조,맑음,단일로 - 기타,화물,남,46세,상해없음,승용,남,30세,경상
2014021700100088,2014년 2월 17일 08시,월요일,경상북도 경산시 중방동,중상사고,0,1,3,0,차대차 - 기타,안전운전불이행,건조,맑음,교차로 - 교차로부근,승용,여,35세,경상,승합,남,55세,경상
2014021700100108,2014년 2월 17일 09시,월요일,경상북도 경주시 건천읍,중상사고,0,1,0,0,차대차 - 기타,안전운전불이행,건조,맑음,단일로 - 기타,승용,남,23세,상해없음,화물,남,66세,중상
2014021700100109,2014년 2월 17일 09시,월요일,경상북도 경주시 용강동,중상사고,0,1,0,0,차대차 - 기타,안전운전불이행,건조,맑음,교차로 - 교차로부근,승용,남,34세,상해없음,승용,여,45세,중상
2014021700100110,2014년 2월 17일 09시,월요일,경상북도 포항시 북구 죽도동,경상사고,0,0,1,0,차대차 - 기타,안전운전불이행,건조,맑음,단일로 - 기타,승용,남,63세,상해없음,승용,남,50세,경상
2014021700100158,2014년 2월 17일 11시,월요일,경상북도 영주시 장수면,중상사고,0,1,0,0,차대차 - 기타,안전운전불이행,건조,맑음,단일로 - 기타,화물,남,57세,상해없음,원동기,남,75세,중상
2014021700100228,2014년 2월 17일 14시,월요일,경상북도 김천시 신음동,경상사고,0,0,1,0,차대차 - 측면직각충돌,안전운전불이행,건조,맑음,단일로 - 기타,승용,여,66세,상해없음,승용,남,52세,경상
2014021700100229,2014년 2월 17일 14시,월요일,경상북도 구미시 원평동,경상사고,0,0,1,0,차대차 - 기타,교차로운행방법위반,건조,맑음,교차로 - 교차로안,승용,남,46세,상해없음,승용,남,34세,경상
2014021700100230,2014년 2월 17일 14시,월요일,경상북도 포항시 남구 대잠동,경상사고,0,0,1,0,차대차 - 추돌 - 진행중,안전운전불이행,습기,비,교차로 - 교차로부근,화물,남,28세,상해없음,화물,남,57세,상해없음
2014021700100255,2014년 2월 17일 15시,월요일,경상북도 경주시 성동동,중상사고,0,1,0,0,차대사람 - 기타,안전운전불이행,습기,비,단일로 - 기타,승용,남,34세,상해없음,보행자,여,74세,중상
2014021700100256,2014년 2월 17일 15시,월요일,경상북도 안동시 송현동,중상사고,0,1,0,0,차대사람 - 길가장자리구역통행중,안전운전불이행,습기,비,단일로 - 기타,승용,여,41세,상해없음,보행자,여,72세,중상
2014021700100281,2014년 2월 17일 16시,월요일,경상북도 포항시 남구 연일읍,중상사고,0,1,0,0,차량단독 - 공작물충돌,안전운전불이행,습기,비,단일로 - 기타,승용,남,45세,중상,,,,
2014021700100311,2014년 2월 17일 17시,월요일,경상북도 경주시 도지동,중상사고,0,1,0,0,차대사람 - 횡단중,신호위반,습기,비,교차로 - 교차로안,화물,남,20세,상해없음,보행자,남,21세,중상
2014021700100312,2014년 2월 17일 17시,월요일,경상북도 칠곡군 북삼읍,경상사고,0,0,1,0,차대사람 - 기타,안전운전불이행,습기,비,기타 - 기타,승용,남,38세,상해없음,보행자,여,26세,경상
2014021700100313,2014년 2월 17일 17시,월요일,경상북도 경산시 중방동,중상사고,0,1,0,0,차대차 - 기타,안전운전불이행,건조,맑음,교차로 - 교차로부근,승용,여,51세,상해없음,자전거,남,68세,중상
2014021700100353,2014년 2월 17일 18시,월요일,경상북도 포항시 북구 대흥동,중상사고,0,1,0,0,차대사람 - 횡단중,안전운전불이행,습기,비,단일로 - 기타,승용,여,57세,기타불명,보행자,여,84세,중상
2014021700100354,2014년 2월 17일 18시,월요일,경상북도 영천시 망정동,경상사고,0,0,1,0,차대차 - 기타,교차로운행방법위반,건조,맑음,교차로 - 교차로부근,승용,남,26세,상해없음,승합,여,56세,경상
2014021700100355,2014년 2월 17일 18시,월요일,경상북도 포항시 남구 연일읍,경상사고,0,0,2,0,차대차 - 기타,안전운전불이행,건조,맑음,교차로 - 교차로안,승합,남,35세,경상,화물,남,30세,경상
2014021700100389,2014년 2월 17일 19시,월요일,경상북도 안동시 송현동,경상사고,0,0,1,0,차대차 - 측면직각충돌,안전운전불이행,건조,맑음,교차로 - 교차로안,화물,남,49세,상해없음,원동기,남,37세,경상
2014021700100390,2014년 2월 17일 19시,월요일,경상북도 경산시 백천동,경상사고,0,0,2,0,차대차 - 기타,안전운전불이행,습기,눈,단일로 - 기타,승용,남,28세,상해없음,승용,남,58세,경상
2014021700100391,2014년 2월 17일 19시,월요일,경상북도 포항시 남구 해도동,경상사고,0,0,1,0,차대사람 - 기타,안전운전불이행,건조,맑음,단일로 - 기타,승용,남,35세,상해없음,보행자,여,18세,경상
2014021700100425,2014년 2월 17일 20시,월요일,경상북도 경주시 산내면,중상사고,0,1,2,0,차량단독 - 공작물충돌,안전운전불이행,습기,비,단일로 - 기타,승용,남,33세,상해없음,,,,
2014021700100463,2014년 2월 17일 21시,월요일,경상북도 경주시 동천동,중상사고,0,1,2,0,차대차 - 기타,안전운전불이행,습기,비,단일로 - 기타,승용,남,42세,중상,승용,남,35세,경상
2014021700100464,2014년 2월 17일 21시,월요일,경상북도 포항시 북구 대신동,중상사고,0,4,0,0,차대차 - 기타,안전운전불이행,건조,맑음,교차로 - 교차로안,승용,여,29세,중상,승용,여,62세,중상
2014021700100484,2014년 2월 17일 22시,월요일,경상북도 상주시 남성동,중상사고,0,1,1,0,차대차 - 기타,안전운전불이행,건조,맑음,단일로 - 기타,승용,여,35세,상해없음,승용,여,45세,중상
2014021700100509,2014년 2월 17일 23시,월요일,경상북도 경산시 압량면,중상사고,0,1,1,0,차대차 - 기타,안전운전불이행,건조,맑음,교차로 - 교차로안,승용,남,44세,상해없음,승용,여,45세,경상
2014021800100008,2014년 2월 18일 00시,화요일,경상북도 포항시 북구 대흥동,중상사고,0,1,0,0,차대사람 - 횡단중,신호위반,습기,비,교차로 - 교차로부근,승용,남,33세,상해없음,보행자,남,45세,중상
2014021800100009,2014년 2월 18일 00시,화요일,경상북도 포항시 북구 두호동,중상사고,0,1,0,0,차대차 - 기타,불법유턴,건조,맑음,단일로 - 기타,승용,남,33세,상해없음,원동기,남,38세,중상
2014021800100010,2014년 2월 18일 00시,화요일,경상북도 포항시 남구 대잠동,중상사고,0,4,1,0,차대차 - 기타,중앙선침범,건조,맑음,단일로 - 기타,승용,남,30세,중상,승용,여,34세,중상
2014021800100011,2014년 2월 18일 00시,화요일,경상북도 김천시 삼락동,경상사고,0,0,3,0,차대차 - 추돌 - 진행중,안전운전불이행,습기,비,단일로 - 기타,승용,남,32세,상해없음,승용,남,23세,경상
2014021800100036,2014년 2월 18일 02시,화요일,경상북도 경주시 동방동,경상사고,0,0,1,0,차량단독 - 공작물충돌,안전운전불이행,습기,비,단일로 - 기타,승용,남,26세,경상,,,,
2014021800100056,2014년 2월 18일 05시,화요일,경상북도 포항시 북구 장성동,부상신고사고,0,0,0,1,차대차 - 기타,안전운전불이행,습기,비,단일로 - 기타,원동기,여,54세,부상신고,승용,남,66세,상해없음
2014021800100097,2014년 2월 18일 08시,화요일,경상북도 포항시 북구 항구동,중상사고,0,1,0,0,차대사람 - 횡단중,신호위반,습기,비,교차로 - 교차로부근,승용,남,55세,상해없음,보행자,여,28세,중상
2014021800100098,2014년 2월 18일 08시,화요일,경상북도 포항시 북구 우현동,경상사고,0,0,2,0,차대차 - 기타,안전운전불이행,습기,눈,교차로 - 교차로안,승용,남,41세,경상,승용,남,60세,상해없음
2014021800100099,2014년 2월 18일 08시,화요일,경상북도 구미시 옥계동,중상사고,0,1,3,0,차대차 - 기타,안전운전불이행,건조,맑음,단일로 - 기타,승합,남,33세,상해없음,승용,남,31세,경상
2014021800100118,2014년 2월 18일 09시,화요일,경상북도 안동시 임하면,경상사고,0,0,1,0,차대차 - 기타,안전운전불이행,건조,맑음,단일로 - 기타,원동기,남,70세,경상,화물,남,55세,상해없음
2014021800100119,2014년 2월 18일 09시,화요일,경상북도 구미시 도량동,경상사고,0,0,1,0,차대차 - 기타,안전운전불이행,건조,맑음,기타 - 기타,승용,여,40세,상해없음,자전거,남,26세,경상
2014021800100145,2014년 2월 18일 10시,화요일,경상북도 경산시 중방동,경상사고,0,0,1,0,차대차 - 기타,안전운전불이행,건조,맑음,교차로 - 교차로부근,화물,남,66세,상해없음,승합,남,37세,경상
2014021800100146,2014년 2월 18일 10시,화요일,경상북도 포항시 남구 연일읍,경상사고,0,0,2,0,차량단독 - 공작물충돌,안전운전불이행,결빙,기타,단일로 - 기타,승합,남,27세,경상,,,,
2014021800100182,2014년 2월 18일 12시,화요일,경상북도 고령군 고령읍,부상신고사고,0,0,0,1,차대차 - 측면직각충돌,신호위반,건조,맑음,교차로 - 교차로안,이륜,남,57세,부상신고,화물,남,71세,상해없음
2014021800100183,2014년 2월 18일 12시,화요일,경상북도 포항시 남구 오천읍,경상사고,0,0,4,0,차대차 - 기타,직진우회전진행방해,습기,맑음,교차로 - 교차로안,승용,남,39세,경상,승용,여,39세,경상
2014021800100204,2014년 2월 18일 13시,화요일,경상북도 경주시 외동읍,중상사고,0,1,0,0,차대사람 - 기타,안전운전불이행,건조,맑음,단일로 - 기타,승용,남,22세,상해없음,보행자,남,71세,중상
2014021800100205,2014년 2월 18일 13시,화요일,경상북도 김천시 교동,중상사고,0,1,0,0,차대차 - 측면직각충돌,안전운전불이행,건조,맑음,교차로 - 교차로부근,승용,남,39세,상해없음,자전거,남,74세,중상
2014021800100206,2014년 2월 18일 13시,화요일,경상북도 상주시 성동동,중상사고,0,1,0,0,차대차 - 측면직각충돌,교차로운행방법위반,건조,맑음,교차로 - 교차로안,승용,남,55세,상해없음,승용,여,33세,중상
2014021800100207,2014년 2월 18일 13시,화요일,경상북도 상주시 화개동,중상사고,0,1,0,0,차대차 - 추돌 - 진행중,안전운전불이행,건조,맑음,단일로 - 기타,승용,남,18세,상해없음,특수,남,52세,중상
2014021800100231,2014년 2월 18일 14시,화요일,경상북도 안동시 풍산읍,중상사고,0,2,0,0,차대차 - 기타,직진우회전진행방해,건조,맑음,교차로 - 교차로안,화물,남,51세,상해없음,원동기,남,67세,중상
2014021800100232,2014년 2월 18일 14시,화요일,경상북도 안동시 신안동,경상사고,0,0,3,0,차대차 - 기타,안전운전불이행,건조,맑음,교차로 - 교차로부근,건설기계,남,29세,상해없음,승용,남,60세,경상
2014021800100233,2014년 2월 18일 14시,화요일,경상북도 문경시 호계면,경상사고,0,0,1,0,차량단독 - 공작물충돌,안전운전불이행,건조,맑음,단일로 - 기타,승용,여,51세,경상,,,,
2014021800100234,2014년 2월 18일 14시,화요일,경상북도 구미시 봉곡동,경상사고,0,0,1,0,차대차 - 기타,안전운전불이행,건조,맑음,교차로 - 교차로부근,이륜,남,31세,상해없음,자전거,남,13세,경상
2014021800100254,2014년 2월 18일 15시,화요일,경상북도 안동시 법상동,중상사고,0,1,0,0,차대사람 - 횡단중,보행자보호의무위반,건조,맑음,단일로 - 기타,승용,남,53세,상해없음,보행자,여,14세,중상
2014021800100270,2014년 2월 18일 16시,화요일,경상북도 포항시 남구 청림동,경상사고,0,0,3,0,차대차 - 측면직각충돌,직진우회전진행방해,건조,흐림,교차로 - 교차로안,화물,남,36세,경상,승용,여,58세,경상
2014021800100296,2014년 2월 18일 17시,화요일,경상북도 구미시 남통동,중상사고,0,1,0,0,차대차 - 기타,안전운전불이행,건조,맑음,단일로 - 횡단보도상,자전거,남,61세,중상,승용,여,50세,상해없음
2014021800100328,2014년 2월 18일 18시,화요일,경상북도 포항시 북구 죽도동,경상사고,0,0,2,0,차대차 - 기타,안전운전불이행,건조,맑음,단일로 - 기타,승용,남,58세,상해없음,승용,여,26세,경상
2014021800100361,2014년 2월 18일 19시,화요일,경상북도 포항시 북구 창포동,경상사고,0,0,2,0,차대차 - 기타,안전운전불이행,습기,비,단일로 - 기타,승용,남,39세,상해없음,승용,여,52세,경상
2014021800100362,2014년 2월 18일 19시,화요일,경상북도 영천시 대창면,중상사고,0,1,1,0,차대차 - 기타,중앙선침범,건조,흐림,단일로 - 기타,승용,여,46세,경상,승용,남,26세,중상
2014021800100363,2014년 2월 18일 19시,화요일,경상북도 영덕군 강구면,사망사고,1,0,0,0,차대차 - 추돌 - 진행중,안전운전불이행,건조,맑음,단일로 - 기타,화물,남,52세,상해없음,자전거,남,73세,사망
2014021800100364,2014년 2월 18일 19시,화요일,경상북도 청송군 청송읍,중상사고,0,2,0,0,차대차 - 정면충돌,중앙선침범,건조,맑음,단일로 - 기타,승용,여,50세,중상,승용,남,29세,중상
2014021800100393,2014년 2월 18일 20시,화요일,경상북도 칠곡군 왜관읍,중상사고,0,1,0,0,차대차 - 측면직각충돌,교차로운행방법위반,건조,맑음,교차로 - 교차로안,승용,여,25세,상해없음,이륜,남,16세,중상
2014021800100394,2014년 2월 18일 20시,화요일,경상북도 구미시 선산읍,중상사고,0,1,0,0,차대차 - 측면직각충돌,직진우회전진행방해,건조,맑음,교차로 - 교차로안,화물,남,60세,상해없음,이륜,남,22세,중상
2014021800100418,2014년 2월 18일 21시,화요일,경상북도 경주시 동천동,중상사고,0,1,0,0,차대차 - 기타,안전운전불이행,건조,맑음,교차로 - 교차로안,승용,남,28세,상해없음,승용,남,26세,중상
2014021800100419,2014년 2월 18일 21시,화요일,경상북도 의성군 다인면,중상사고,0,1,0,0,차량단독 - 공작물충돌,안전운전불이행,건조,맑음,단일로 - 기타,승합,남,56세,상해없음,,,,
2014021800100420,2014년 2월 18일 21시,화요일,경상북도 영주시 가흥동,사망사고,1,0,0,0,차대차 - 기타,안전운전불이행,건조,맑음,교차로 - 교차로안,원동기,남,17세,사망,특수,남,21세,상해없음
2014021800100421,2014년 2월 18일 21시,화요일,경상북도 구미시 송정동,부상신고사고,0,0,0,1,차대차 - 기타,안전운전불이행,건조,맑음,단일로 - 기타,이륜,남,37세,부상신고,승용,남,45세,상해없음
2014021800100463,2014년 2월 18일 23시,화요일,경상북도 경산시 대동,경상사고,0,0,1,0,차대사람 - 기타,안전운전불이행,건조,맑음,교차로 - 교차로안,이륜,남,18세,상해없음,보행자,여,23세,경상
2014021800100464,2014년 2월 18일 23시,화요일,경상북도 구미시 도량동,경상사고,0,0,1,0,차대차 - 기타,안전운전불이행,건조,맑음,교차로 - 교차로안,승용,남,48세,상해없음,승용,남,41세,경상
2014021900100088,2014년 2월 19일 07시,수요일,경상북도 포항시 남구 괴동동,경상사고,0,0,1,0,차대차 - 기타,신호위반,건조,맑음,교차로 - 교차로안,승용,남,40세,상해없음,승용,남,32세,경상
2014021900100103,2014년 2월 19일 08시,수요일,경상북도 김천시 아포읍,중상사고,0,1,0,0,차대차 - 측면직각충돌,안전거리미확보,건조,기타,교차로 - 교차로부근,화물,남,48세,상해없음,화물,남,59세,중상
2014021900100104,2014년 2월 19일 08시,수요일,경상북도 고령군 다산면,중상사고,0,1,0,0,차대차 - 추돌 - 진행중,안전운전불이행,기타,흐림,단일로 - 기타,건설기계,남,58세,상해없음,건설기계,남,49세,중상
2014021900100129,2014년 2월 19일 09시,수요일,경상북도 포항시 북구 대신동,경상사고,0,0,1,0,차량단독 - 기타,안전운전불이행,건조,맑음,교차로 - 교차로안,승용,남,61세,상해없음,,,,
2014021900100130,2014년 2월 19일 09시,수요일,경상북도 상주시 낙양동,중상사고,0,1,0,0,차대차 - 기타,안전운전불이행,건조,맑음,교차로 - 교차로안,화물,남,64세,상해없음,화물,남,70세,상해없음
2014021900100131,2014년 2월 19일 09시,수요일,경상북도 영덕군 영덕읍,경상사고,0,0,1,0,차대차 - 측면직각충돌,중앙선침범,기타,눈,단일로 - 기타,승용,남,31세,상해없음,승용,여,29세,경상
2014021900100132,2014년 2월 19일 09시,수요일,경상북도 구미시 공단동,경상사고,0,0,1,1,차대차 - 기타,안전운전불이행,건조,맑음,단일로 - 기타,화물,남,40세,부상신고,화물,남,19세,경상
2014021900100152,2014년 2월 19일 10시,수요일,경상북도 의성군 의성읍,경상사고,0,0,2,0,차대차 - 측면직각충돌,안전운전불이행,건조,맑음,교차로 - 교차로안,승용,남,55세,상해없음,화물,남,60세,경상
2014021900100153,2014년 2월 19일 10시,수요일,경상북도 구미시 공단동,경상사고,0,0,3,0,차대차 - 기타,중앙선침범,건조,맑음,교차로 - 교차로부근,승용,남,26세,상해없음,승용,남,32세,경상
2014021900100171,2014년 2월 19일 11시,수요일,경상북도 문경시 가은읍,부상신고사고,0,0,0,1,차량단독 - 공작물충돌,안전운전불이행,건조,맑음,단일로 - 기타,승용,남,60세,부상신고,,,,
2014021900100172,2014년 2월 19일 11시,수요일,경상북도 포항시 남구 대도동,중상사고,0,1,0,0,차대차 - 기타,안전운전불이행,건조,맑음,단일로 - 기타,승용,남,42세,상해없음,승용,남,30세,중상
2014021900100199,2014년 2월 19일 12시,수요일,경상북도 예천군 풍양면,경상사고,0,0,1,0,차대차 - 기타,중앙선침범,건조,맑음,단일로 - 기타,화물,여,64세,상해없음,승합,남,54세,상해없음
2014021900100200,2014년 2월 19일 12시,수요일,경상북도 울진군 울진읍,중상사고,0,2,0,0,차대차 - 추돌 - 진행중,안전운전불이행,건조,맑음,단일로 - 기타,승용,여,57세,상해없음,승용,남,31세,중상
2014021900100201,2014년 2월 19일 12시,수요일,경상북도 포항시 남구 이동,경상사고,0,0,3,0,차대차 - 기타,교차로운행방법위반,건조,맑음,교차로 - 교차로안,승용,남,45세,경상,승용,여,42세,경상
2014021900100284,2014년 2월 19일 16시,수요일,경상북도 김천시 부곡동,경상사고,0,0,1,0,차대차 - 측면직각충돌,안전운전불이행,건조,맑음,교차로 - 교차로부근,승용,남,64세,상해없음,이륜,남,54세,경상
2014021900100285,2014년 2월 19일 16시,수요일,경상북도 경산시 사동,중상사고,0,1,2,0,차대차 - 기타,직진우회전진행방해,건조,맑음,교차로 - 교차로안,승용,여,48세,경상,승용,남,46세,경상
2014021900100311,2014년 2월 19일 17시,수요일,경상북도 김천시 지좌동,중상사고,0,1,0,0,차대사람 - 기타,안전운전불이행,건조,맑음,교차로 - 교차로안,승용,여,37세,상해없음,보행자,남,69세,중상
2014021900100312,2014년 2월 19일 17시,수요일,경상북도 구미시 임수동,경상사고,0,0,1,0,차대차 - 기타,신호위반,건조,맑음,교차로 - 교차로부근,이륜,남,36세,경상,승용,여,45세,상해없음
2014021900100347,2014년 2월 19일 18시,수요일,경상북도 경주시 건천읍,중상사고,0,3,0,0,차대차 - 측면직각충돌,안전운전불이행,습기,흐림,교차로 - 교차로안,특수,남,30세,상해없음,승용,남,67세,중상
2014021900100348,2014년 2월 19일 18시,수요일,경상북도 포항시 북구 기계면,사망사고,1,0,1,0,차대사람 - 기타,과속,건조,맑음,단일로 - 기타,승용,여,48세,경상,보행자,남,71세,사망
2014021900100349,2014년 2월 19일 18시,수요일,경상북도 안동시 송현동,경상사고,0,0,1,0,차량단독 - 기타,안전운전불이행,건조,맑음,기타 - 기타,승합,남,48세,상해없음,,,,
2014021900100390,2014년 2월 19일 19시,수요일,경상북도 경주시 동천동,중상사고,0,1,0,0,차대사람 - 기타,안전운전불이행,습기,비,단일로 - 기타,승용,남,41세,상해없음,보행자,여,26세,중상
2014021900100391,2014년 2월 19일 19시,수요일,경상북도 경주시 양북면,경상사고,0,0,1,0,차대차 - 기타,기타,건조,맑음,교차로 - 교차로안,화물,남,44세,상해없음,승용,남,19세,경상
2014021900100392,2014년 2월 19일 19시,수요일,경상북도 포항시 남구 청림동,사망사고,1,0,0,0,차대차 - 측면직각충돌,신호위반,습기,비,교차로 - 교차로안,승용,남,40세,사망,화물,남,54세,상해없음
2014021900100418,2014년 2월 19일 20시,수요일,경상북도 포항시 북구 장성동,중상사고,0,1,0,0,차대차 - 기타,안전운전불이행,습기,흐림,교차로 - 교차로부근,승용,여,25세,상해없음,원동기,여,46세,중상
2014021900100446,2014년 2월 19일 21시,수요일,경상북도 포항시 북구 장성동,경상사고,0,0,2,0,차대차 - 기타,교차로운행방법위반,건조,맑음,교차로 - 교차로안,승용,남,48세,상해없음,승용,남,29세,경상
2014021900100447,2014년 2월 19일 21시,수요일,경상북도 칠곡군 북삼읍,중상사고,0,1,0,0,차대차 - 측면직각충돌,안전운전불이행,건조,맑음,단일로 - 기타,승용,남,32세,상해없음,이륜,남,40세,중상
2014021900100448,2014년 2월 19일 21시,수요일,경상북도 칠곡군 석적읍,경상사고,0,0,1,0,차대차 - 추돌 - 주정차중,안전운전불이행,건조,맑음,단일로 - 기타,승용,남,35세,경상,화물,남,36세,기타불명