사고번호,사고일시,요일,시군구,사고내용,사망자수,중상자수,경상자수,부상신고자수,사고유형,법규위반,노면상태,기상상태,도로형태,가해운전자 차종,가해운전자 성별,가해운전자 연령,가해운전자 상해정도,피해운전자 차종,피해운전자 성별,피해운전자 연령,피해운전자 상해정도
2014021900100449,2014년 2월 19일 21시,수요일,경상북도 경산시 대평동,경상사고,0,0,3,0,차대차 - 추돌 - 주정차중,안전운전불이행,건조,맑음,교차로 - 교차로부근,승용,남,62세,상해없음,승용,남,35세,경상
2014021900100450,2014년 2월 19일 21시,수요일,경상북도 구미시 봉곡동,중상사고,0,1,0,0,차대차 - 추돌 - 진행중,안전운전불이행,건조,맑음,단일로 - 기타,화물,남,45세,상해없음,승용,남,40세,중상
2014021900100473,2014년 2월 19일 22시,수요일,경상북도 안동시 당북동,경상사고,0,0,1,0,차대차 - 측면직각충돌,중앙선침범,건조,맑음,단일로 - 기타,승용,남,32세,기타불명,이륜,남,19세,경상
2014021900100474,2014년 2월 19일 22시,수요일,경상북도 김천시 모암동,중상사고,0,1,0,0,차대사람 - 기타,안전운전불이행,건조,맑음,단일로 - 기타,승용,여,37세,상해없음,보행자,여,2세,중상
2014021900100475,2014년 2월 19일 22시,수요일,경상북도 포항시 남구 대잠동,경상사고,0,0,1,0,차대차 - 추돌 - 진행중,안전운전불이행,건조,맑음,교차로 - 교차로부근,승용,남,42세,상해없음,승용,여,33세,경상
2014021900100476,2014년 2월 19일 22시,수요일,경상북도 포항시 남구 오천읍,경상사고,0,0,3,0,차대차 - 추돌 - 진행중,교차로운행방법위반,건조,맑음,교차로 - 교차로안,승용,남,60세,경상,승용,남,57세,경상
2014022000100013,2014년 2월 20일 00시,목요일,경상북도 구미시 봉곡동,중상사고,0,1,0,0,차대차 - 기타,안전운전불이행,건조,맑음,단일로 - 기타,승용,남,43세,상해없음,승용,남,41세,중상
2014022000100030,2014년 2월 20일 01시,목요일,경상북도 포항시 남구 상도동,경상사고,0,0,1,0,차량단독 - 공작물충돌,안전운전불이행,습기,흐림,교차로 - 교차로부근,승용,남,33세,경상,,,,
2014022000100083,2014년 2월 20일 06시,목요일,경상북도 포항시 남구 이동,사망사고,1,0,0,0,차대차 - 기타,안전운전불이행,습기,흐림,교차로 - 교차로부근,건설기계,남,55세,상해없음,자전거,남,62세,사망
2014022000100109,2014년 2월 20일 07시,목요일,경상북도 경주시 천북면,중상사고,0,1,2,0,차대차 - 기타,안전운전불이행,결빙,안개,단일로 - 기타,승용,남,30세,경상,승용,남,32세,상해없음
2014022000100110,2014년 2월 20일 07시,목요일,경상북도 포항시 북구 죽도동,중상사고,0,1,0,0,차대차 - 기타,차로위반,건조,맑음,단일로 - 기타,승합,남,34세,상해없음,승용,남,65세,중상
2014022000100111,2014년 2월 20일 07시,목요일,경상북도 포항시 남구 연일읍,중상사고,0,1,0,0,차대차 - 기타,중앙선침범,건조,맑음,단일로 - 기타,승용,남,40세,중상,건설기계,남,53세,상해없음
2014022000100148,2014년 2월 20일 08시,목요일,경상북도 구미시 고아읍,중상사고,0,2,2,1,차대차 - 기타,안전운전불이행,건조,맑음,교차로 - 교차로부근,승합,남,52세,상해없음,승용,남,50세,중상
2014022000100169,2014년 2월 20일 09시,목요일,경상북도 포항시 북구 신광면,경상사고,0,0,2,0,차대차 - 기타,교차로운행방법위반,건조,맑음,교차로 - 교차로부근,화물,남,45세,상해없음,화물,남,57세,경상
2014022000100170,2014년 2월 20일 09시,목요일,경상북도 안동시 풍산읍,중상사고,0,1,1,0,차대차 - 기타,중앙선침범,건조,맑음,단일로 - 기타,원동기,남,66세,경상,승합,남,39세,상해없음
2014022000100171,2014년 2월 20일 09시,목요일,경상북도 구미시 공단동,경상사고,0,0,1,0,차대차 - 기타,안전운전불이행,건조,맑음,단일로 - 기타,승용,남,23세,기타불명,승용,남,45세,경상
2014022000100172,2014년 2월 20일 09시,목요일,경상북도 구미시 진평동,경상사고,0,0,1,0,차대사람 - 기타,안전운전불이행,건조,맑음,단일로 - 기타,승용,남,24세,상해없음,보행자,여,22세,경상
2014022000100196,2014년 2월 20일 10시,목요일,경상북도 경주시 외동읍,중상사고,0,1,0,0,차량단독 - 기타,안전운전불이행,건조,맑음,단일로 - 기타,승합,남,58세,상해없음,,,,
2014022000100197,2014년 2월 20일 10시,목요일,경상북도 영덕군 강구면,경상사고,0,0,1,0,차대차 - 측면직각충돌,교차로운행방법위반,건조,맑음,교차로 - 교차로안,자전거,남,66세,경상,승용,여,31세,상해없음
2014022000100210,2014년 2월 20일 11시,목요일,경상북도 고령군 성산면,경상사고,0,0,1,0,차대차 - 기타,안전운전불이행,건조,기타,기타 - 기타,기타불명,기타불명,기타불명,기타불명,승용,남,25세,경상
2014022000100224,2014년 2월 20일 12시,목요일,경상북도 상주시 낙양동,경상사고,0,0,1,0,차대차 - 기타,신호위반,건조,맑음,단일로 - 기타,화물,남,35세,상해없음,화물,남,26세,경상
2014022000100225,2014년 2월 20일 12시,목요일,경상북도 포항시 남구 효자동,경상사고,0,0,1,0,차대차 - 기타,안전운전불이행,건조,맑음,단일로 - 기타,승용,여,38세,상해없음,승용,남,52세,경상
2014022000100249,2014년 2월 20일 13시,목요일,경상북도 포항시 북구 환호동,중상사고,0,1,0,0,차대차 - 기타,안전운전불이행,건조,맑음,단일로 - 기타,승용,여,43세,상해없음,이륜,남,51세,중상
2014022000100250,2014년 2월 20일 13시,목요일,경상북도 영덕군 영해면,중상사고,0,1,0,0,차대사람 - 기타,안전운전불이행,건조,맑음,단일로 - 기타,원동기,여,48세,상해없음,보행자,여,62세,중상
2014022000100251,2014년 2월 20일 13시,목요일,경상북도 성주군 용암면,중상사고,0,2,0,0,차대차 - 기타,직진우회전진행방해,건조,맑음,교차로 - 교차로안,승용,남,66세,상해없음,이륜,남,83세,중상
2014022000100252,2014년 2월 20일 13시,목요일,경상북도 포항시 남구 지곡동,중상사고,0,1,0,0,차대차 - 기타,안전운전불이행,건조,맑음,교차로 - 교차로부근,기타불명,기타불명,기타불명,기타불명,자전거,남,12세,중상
2014022000100253,2014년 2월 20일 13시,목요일,경상북도 칠곡군 지천면,사망사고,1,1,0,0,차대차 - 추돌 - 주정차중,안전운전불이행,건조,맑음,단일로 - 기타,화물,남,66세,상해없음,승용,여,33세,사망
2014022000100274,2014년 2월 20일 14시,목요일,경상북도 포항시 북구 덕산동,경상사고,0,0,1,0,차대차 - 기타,안전운전불이행,건조,맑음,기타 - 기타,화물,남,27세,상해없음,승용,남,33세,경상
2014022000100275,2014년 2월 20일 14시,목요일,경상북도 칠곡군 북삼읍,경상사고,0,0,1,0,차대차 - 기타,안전운전불이행,건조,맑음,교차로 - 교차로안,승용,여,41세,상해없음,이륜,남,49세,경상
2014022000100310,2014년 2월 20일 15시,목요일,경상북도 경주시 강동면,경상사고,0,0,1,0,차대차 - 기타,안전운전불이행,건조,맑음,단일로 - 기타,자전거,남,54세,경상,승용,남,45세,상해없음
2014022000100311,2014년 2월 20일 15시,목요일,경상북도 포항시 북구 청하면,경상사고,0,0,1,0,차대차 - 측면직각충돌,차로위반,건조,맑음,단일로 - 기타,화물,남,61세,상해없음,이륜,남,59세,경상
2014022000100312,2014년 2월 20일 15시,목요일,경상북도 포항시 북구 흥해읍,경상사고,0,0,1,0,차대차 - 기타,차로위반,건조,맑음,단일로 - 기타,화물,남,43세,상해없음,승용,남,20세,상해없음
2014022000100313,2014년 2월 20일 15시,목요일,경상북도 포항시 남구 동해면,경상사고,0,0,1,0,차대차 - 기타,안전운전불이행,건조,맑음,교차로 - 교차로안,화물,남,47세,상해없음,승합,남,59세,상해없음
2014022000100332,2014년 2월 20일 16시,목요일,경상북도 경산시 중방동,중상사고,0,1,0,0,차대차 - 기타,안전운전불이행,건조,맑음,단일로 - 기타,화물,남,63세,상해없음,이륜,남,52세,중상
2014022000100362,2014년 2월 20일 17시,목요일,경상북도 포항시 북구 신흥동,중상사고,0,1,0,0,차대사람 - 기타,보행자보호의무위반,건조,맑음,단일로 - 횡단보도상,승용,여,33세,상해없음,보행자,여,71세,중상
2014022000100363,2014년 2월 20일 17시,목요일,경상북도 포항시 남구 해도동,중상사고,0,1,0,0,차대사람 - 기타,안전운전불이행,건조,맑음,단일로 - 기타,화물,남,39세,상해없음,보행자,여,63세,중상
2014022000100395,2014년 2월 20일 18시,목요일,경상북도 경주시 황성동,중상사고,0,1,3,0,차대차 - 기타,안전운전불이행,건조,맑음,단일로 - 기타,승용,남,40세,상해없음,승용,남,19세,경상
2014022000100396,2014년 2월 20일 18시,목요일,경상북도 김천시 봉산면,중상사고,0,1,2,0,차대차 - 측면직각충돌,안전운전불이행,건조,맑음,교차로 - 교차로안,화물,남,42세,상해없음,승합,남,62세,경상
2014022000100397,2014년 2월 20일 18시,목요일,경상북도 청도군 화양읍,중상사고,0,1,1,0,차대차 - 기타,교차로운행방법위반,건조,맑음,교차로 - 교차로안,화물,남,27세,상해없음,이륜,남,55세,중상
2014022000100417,2014년 2월 20일 19시,목요일,경상북도 안동시 용상동,경상사고,0,0,2,0,차대차 - 측면직각충돌,신호위반,건조,맑음,단일로 - 기타,승용,남,38세,상해없음,승용,남,35세,경상
2014022000100418,2014년 2월 20일 19시,목요일,경상북도 안동시 목성동,경상사고,0,0,1,0,차대차 - 기타,안전거리미확보,건조,맑음,단일로 - 기타,승용,남,64세,상해없음,이륜,남,23세,경상
2014022000100419,2014년 2월 20일 19시,목요일,경상북도 구미시 해평면,경상사고,0,0,2,0,차대차 - 측면직각충돌,안전운전불이행,건조,맑음,기타 - 기타,기타불명,기타불명,기타불명,기타불명,승합,남,62세,경상
2014022000100438,2014년 2월 20일 20시,목요일,경상북도 영천시 야사동,경상사고,0,0,1,0,차대차 - 기타,안전운전불이행,건조,맑음,단일로 - 기타,승합,남,49세,상해없음,승용,여,24세,경상
2014022000100460,2014년 2월 20일 21시,목요일,경상북도 영주시 상망동,경상사고,0,0,2,0,차량단독 - 전도전복,안전운전불이행,건조,맑음,단일로 - 기타,승용,남,18세,경상,,,,
2014022000100511,2014년 2월 20일 23시,목요일,경상북도 구미시 구포동,경상사고,0,0,1,0,차대차 - 측면직각충돌,중앙선침범,건조,맑음,단일로 - 기타,승용,남,31세,상해없음,승용,남,36세,경상
2014022000100512,2014년 2월 20일 23시,목요일,경상북도 구미시 고아읍,경상사고,0,0,1,0,차대차 - 기타,안전운전불이행,건조,맑음,단일로 - 기타,승용,남,38세,상해없음,승용,남,43세,경상
2014022100100066,2014년 2월 21일 06시,금요일,경상북도 포항시 남구 해도동,중상사고,0,1,0,0,차대차 - 기타,신호위반,건조,맑음,단일로 - 횡단보도상,자전거,남,59세,중상,승용,남,71세,상해없음
2014022100100106,2014년 2월 21일 08시,금요일,경상북도 영주시 상망동,중상사고,0,2,0,0,차대차 - 측면직각충돌,중앙선침범,건조,맑음,단일로 - 기타,승용,여,32세,중상,화물,남,33세,중상
2014022100100126,2014년 2월 21일 09시,금요일,경상북도 경주시 구정동,중상사고,0,1,0,0,차대차 - 기타,안전운전불이행,건조,맑음,단일로 - 기타,승용,여,52세,상해없음,자전거,남,36세,중상
2014022100100152,2014년 2월 21일 10시,금요일,경상북도 경주시 성건동,경상사고,0,0,2,0,차대차 - 기타,신호위반,건조,맑음,교차로 - 교차로안,화물,남,60세,상해없음,승용,남,60세,경상
2014022100100153,2014년 2월 21일 10시,금요일,경상북도 영주시 휴천동,중상사고,0,1,0,0,차대차 - 추돌 - 진행중,안전운전불이행,건조,맑음,단일로 - 횡단보도부근,화물,남,48세,상해없음,승용,남,60세,중상
2014022100100177,2014년 2월 21일 11시,금요일,경상북도 상주시 성하동,경상사고,0,0,2,0,차대차 - 측면직각충돌,신호위반,건조,맑음,교차로 - 교차로안,승용,여,53세,상해없음,화물,남,40세,경상
2014022100100199,2014년 2월 21일 12시,금요일,경상북도 안동시 동부동,경상사고,0,0,1,0,차대차 - 기타,직진우회전진행방해,건조,맑음,교차로 - 교차로안,원동기,남,79세,경상,승용,여,35세,상해없음
2014022100100200,2014년 2월 21일 12시,금요일,경상북도 김천시 대항면,중상사고,0,1,0,0,차대차 - 측면직각충돌,교차로운행방법위반,건조,맑음,교차로 - 교차로안,승용,남,49세,상해없음,이륜,남,70세,중상
2014022100100201,2014년 2월 21일 12시,금요일,경상북도 영주시 가흥동,경상사고,0,0,1,0,차대차 - 추돌 - 주정차중,안전운전불이행,건조,맑음,교차로 - 교차로부근,원동기,남,63세,상해없음,승용,남,55세,경상
2014022100100202,2014년 2월 21일 12시,금요일,경상북도 영주시 영주동,중상사고,0,1,0,0,차대사람 - 횡단중,보행자보호의무위반,건조,맑음,단일로 - 횡단보도상,승용,남,65세,상해없음,보행자,여,59세,중상
2014022100100239,2014년 2월 21일 14시,금요일,경상북도 구미시 원평동,중상사고,0,1,0,0,차대차 - 측면직각충돌,안전운전불이행,건조,맑음,교차로 - 교차로안,화물,여,59세,상해없음,승용,여,58세,중상
2014022100100240,2014년 2월 21일 14시,금요일,경상북도 포항시 남구 대도동,중상사고,0,1,0,0,차대사람 - 기타,안전운전불이행,건조,맑음,단일로 - 기타,승용,남,58세,상해없음,보행자,남,64세,중상
2014022100100241,2014년 2월 21일 14시,금요일,경상북도 포항시 남구 대도동,경상사고,0,0,1,0,차대차 - 기타,안전거리미확보,건조,맑음,단일로 - 기타,승용,남,75세,경상,화물,남,40세,상해없음
2014022100100328,2014년 2월 21일 17시,금요일,경상북도 경산시 사동,중상사고,0,1,0,0,차대차 - 기타,직진우회전진행방해,건조,맑음,교차로 - 교차로안,승용,여,45세,상해없음,자전거,남,13세,중상
2014022100100329,2014년 2월 21일 17시,금요일,경상북도 구미시 구평동,경상사고,0,0,1,0,차대차 - 측면직각충돌,중앙선침범,건조,맑음,단일로 - 기타,승합,남,65세,상해없음,승용,여,38세,경상
2014022100100366,2014년 2월 21일 18시,금요일,경상북도 경주시 충효동,경상사고,0,0,1,0,차대차 - 기타,안전운전불이행,건조,맑음,단일로 - 교량,이륜,남,60세,경상,승용,남,33세,상해없음
2014022100100408,2014년 2월 21일 19시,금요일,경상북도 영천시 야사동,중상사고,0,1,0,0,차대차 - 추돌 - 주정차중,안전운전불이행,건조,맑음,기타 - 기타,승용,남,37세,상해없음,승용,여,61세,중상
2014022100100409,2014년 2월 21일 19시,금요일,경상북도 포항시 남구 오천읍,중상사고,0,1,0,0,차대사람 - 횡단중,안전운전불이행,건조,맑음,단일로 - 기타,승용,남,21세,상해없음,보행자,남,53세,중상
2014022100100447,2014년 2월 21일 20시,금요일,경상북도 칠곡군 가산면,중상사고,0,2,0,0,차대차 - 추돌 - 주정차중,안전운전불이행,건조,맑음,교차로 - 교차로부근,화물,남,66세,상해없음,승용,여,44세,중상
2014022100100471,2014년 2월 21일 21시,금요일,경상북도 경주시 용강동,경상사고,0,0,1,0,차대사람 - 기타,안전운전불이행,건조,맑음,교차로 - 교차로부근,승용,남,53세,상해없음,보행자,여,84세,경상
2014022100100472,2014년 2월 21일 21시,금요일,경상북도 영천시 창구동,중상사고,0,1,0,0,차대사람 - 횡단중,안전운전불이행,건조,맑음,단일로 - 기타,승용,남,31세,상해없음,보행자,여,26세,중상
2014022100100503,2014년 2월 21일 22시,금요일,경상북도 구미시 원평동,사망사고,1,0,0,0,차대사람 - 기타,안전운전불이행,건조,맑음,교차로 - 교차로안,승용,남,29세,상해없음,보행자,여,42세,사망
2014022100100533,2014년 2월 21일 23시,금요일,경상북도 구미시 원평동,중상사고,0,1,0,0,차대차 - 기타,교차로운행방법위반,건조,맑음,교차로 - 교차로안,승용,남,36세,상해없음,이륜,남,16세,중상
2014022100100534,2014년 2월 21일 23시,금요일,경상북도 포항시 남구 이동,중상사고,0,1,0,0,차대사람 - 기타,안전운전불이행,건조,맑음,단일로 - 기타,승용,여,52세,상해없음,보행자,남,46세,중상
2014022200100020,2014년 2월 22일 00시,토요일,경상북도 문경시 영신동,경상사고,0,0,2,0,차대차 - 추돌 - 주정차중,안전운전불이행,건조,맑음,교차로 - 교차로부근,승용,남,27세,상해없음,승용,남,46세,경상
2014022200100021,2014년 2월 22일 00시,토요일,경상북도 영천시 북안면,사망사고,1,0,0,0,차대차 - 기타,안전운전불이행,건조,맑음,단일로 - 기타,기타불명,기타불명,기타불명,기타불명,승용,남,44세,사망
2014022200100045,2014년 2월 22일 01시,토요일,경상북도 칠곡군 가산면,경상사고,0,0,1,0,차대차 - 추돌 - 주정차중,안전운전불이행,건조,맑음,단일로 - 기타,승용,남,37세,경상,화물,남,48세,기타불명
2014022200100058,2014년 2월 22일 02시,토요일,경상북도 포항시 북구 두호동,경상사고,0,0,1,0,차대차 - 기타,신호위반,건조,맑음,교차로 - 교차로안,승용,남,53세,상해없음,승용,여,44세,경상
2014022200100083,2014년 2월 22일 04시,토요일,경상북도 안동시 노하동,부상신고사고,0,0,0,1,차량단독 - 전도전복,안전운전불이행,건조,맑음,기타 - 기타,승용,남,22세,부상신고,,,,
2014022200100131,2014년 2월 22일 07시,토요일,경상북도 상주시 화서면,경상사고,0,0,2,0,차대차 - 기타,안전운전불이행,건조,맑음,교차로 - 교차로안,승용,남,63세,상해없음,승용,여,53세,경상
2014022200100132,2014년 2월 22일 07시,토요일,경상북도 봉화군 소천면,중상사고,0,2,0,0,차량단독 - 공작물충돌,안전운전불이행,건조,맑음,단일로 - 기타,승용,남,40세,중상,,,,
2014022200100185,2014년 2월 22일 10시,토요일,경상북도 포항시 북구 양덕동,경상사고,0,0,1,0,차대사람 - 기타,안전운전불이행,건조,맑음,단일로 - 기타,승용,남,29세,상해없음,보행자,남,10세,경상
2014022200100186,2014년 2월 22일 10시,토요일,경상북도 포항시 남구 대잠동,경상사고,0,0,1,0,차대차 - 기타,직진우회전진행방해,건조,맑음,교차로 - 교차로안,화물,남,38세,상해없음,승용,남,65세,경상
2014022200100203,2014년 2월 22일 11시,토요일,경상북도 칠곡군 왜관읍,중상사고,0,1,0,0,차대사람 - 기타,안전운전불이행,건조,맑음,기타 - 기타,승용,남,30세,상해없음,보행자,남,34세,중상
2014022200100223,2014년 2월 22일 12시,토요일,경상북도 포항시 북구 죽도동,경상사고,0,0,2,1,차대차 - 기타,교차로운행방법위반,건조,맑음,교차로 - 교차로안,승용,남,54세,상해없음,승용,여,20세,경상
2014022200100224,2014년 2월 22일 12시,토요일,경상북도 의성군 가음면,중상사고,0,1,0,0,차대차 - 추돌 - 진행중,안전운전불이행,건조,맑음,단일로 - 기타,기타불명,기타불명,기타불명,기타불명,자전거,남,85세,중상
2014022200100225,2014년 2월 22일 12시,토요일,경상북도 칠곡군 왜관읍,중상사고,0,2,1,0,차량단독 - 공작물충돌,안전운전불이행,건조,맑음,단일로 - 기타,승용,남,18세,상해없음,,,,
2014022200100249,2014년 2월 22일 13시,토요일,경상북도 경주시 안강읍,중상사고,0,1,1,0,차대차 - 추돌 - 진행중,안전운전불이행,건조,맑음,단일로 - 기타,화물,남,48세,상해없음,승용,여,62세,중상
2014022200100250,2014년 2월 22일 13시,토요일,경상북도 김천시 신음동,경상사고,0,0,2,0,차대차 - 측면직각충돌,안전운전불이행,건조,맑음,교차로 - 교차로부근,화물,남,38세,상해없음,승용,남,47세,경상
2014022200100277,2014년 2월 22일 14시,토요일,경상북도 포항시 북구 용흥동,경상사고,0,0,1,0,차대차 - 측면직각충돌,신호위반,건조,맑음,교차로 - 교차로안,승용,여,54세,상해없음,승용,남,60세,상해없음
2014022200100278,2014년 2월 22일 14시,토요일,경상북도 안동시 태화동,경상사고,0,0,1,0,차대차 - 기타,안전운전불이행,건조,맑음,교차로 - 교차로부근,건설기계,남,51세,상해없음,승용,여,34세,경상
2014022200100279,2014년 2월 22일 14시,토요일,경상북도 문경시 문경읍,경상사고,0,0,2,0,차대차 - 측면직각충돌,직진우회전진행방해,건조,맑음,교차로 - 교차로안,화물,남,56세,경상,건설기계,남,58세,상해없음
2014022200100280,2014년 2월 22일 14시,토요일,경상북도 구미시 원평동,중상사고,0,1,0,0,차대사람 - 기타,안전운전불이행,기타,기타,기타 - 기타,승용,여,49세,상해없음,보행자,여,15세,중상
2014022200100281,2014년 2월 22일 14시,토요일,경상북도 포항시 남구 인덕동,경상사고,0,0,1,0,차대차 - 기타,안전운전불이행,건조,맑음,단일로 - 기타,승용,남,57세,상해없음,승용,여,63세,상해없음
2014022200100304,2014년 2월 22일 15시,토요일,경상북도 상주시 함창읍,중상사고,0,1,1,0,차대차 - 측면직각충돌,신호위반,건조,맑음,교차로 - 교차로안,승합,남,66세,상해없음,건설기계,남,57세,상해없음
2014022200100305,2014년 2월 22일 15시,토요일,경상북도 포항시 남구 인덕동,중상사고,0,1,1,0,차대차 - 기타,안전운전불이행,건조,맑음,교차로 - 교차로부근,이륜,남,51세,중상,승용,남,59세,경상
2014022200100332,2014년 2월 22일 16시,토요일,경상북도 안동시 안막동,중상사고,0,1,0,0,차대차 - 측면직각충돌,직진우회전진행방해,건조,맑음,교차로 - 교차로안,승용,남,58세,상해없음,원동기,남,74세,중상
2014022200100346,2014년 2월 22일 17시,토요일,경상북도 경주시 진현동,중상사고,0,1,2,0,차대차 - 기타,안전운전불이행,건조,맑음,교차로 - 교차로안,승용,남,55세,상해없음,승용,남,44세,경상
2014022200100347,2014년 2월 22일 17시,토요일,경상북도 포항시 북구 용흥동,중상사고,0,1,2,0,차대차 - 기타,안전운전불이행,건조,맑음,단일로 - 기타,승용,여,72세,상해없음,승합,여,51세,상해없음
2014022200100348,2014년 2월 22일 17시,토요일,경상북도 칠곡군 석적읍,경상사고,0,0,1,0,차대차 - 측면직각충돌,안전운전불이행,건조,맑음,교차로 - 교차로안,승용,여,36세,상해없음,승용,남,32세,경상
2014022200100349,2014년 2월 22일 17시,토요일,경상북도 구미시 광평동,중상사고,0,1,0,0,차대차 - 기타,안전운전불이행,건조,맑음,단일로 - 기타,승용,남,48세,상해없음,이륜,남,36세,중상
2014022200100379,2014년 2월 22일 18시,토요일,경상북도 경주시 외동읍,경상사고,0,0,1,1,차량단독 - 전도전복,안전운전불이행,습기,맑음,단일로 - 기타,이륜,남,26세,부상신고,,,,
2014022200100380,2014년 2월 22일 18시,토요일,경상북도 구미시 장천면,경상사고,0,0,1,0,차대차 - 기타,중앙선침범,건조,맑음,기타 - 기타,승용,남,44세,상해없음,승용,여,44세,경상
2014022200100415,2014년 2월 22일 19시,토요일,경상북도 경주시 안강읍,부상신고사고,0,0,0,1,차대차 - 기타,신호위반,건조,맑음,교차로 - 교차로안,이륜,남,44세,부상신고,승용,여,36세,상해없음
2014022200100445,2014년 2월 22일 20시,토요일,경상북도 구미시 공단동,경상사고,0,0,2,0,차대차 - 기타,안전운전불이행,건조,맑음,교차로 - 교차로안,승용,남,59세,상해없음,승합,남,48세,상해없음
2014022200100472,2014년 2월 22일 21시,토요일,경상북도 경주시 노서동,경상사고,0,0,1,0,차대사람 - 기타,안전운전불이행,건조,맑음,교차로 - 교차로부근,승용,남,51세,상해없음,보행자,남,20세,경상
2014022200100473,2014년 2월 22일 21시,토요일,경상북도 경주시 외동읍,부상신고사고,0,0,0,1,차량단독 - 기타,안전운전불이행,건조,맑음,단일로 - 기타,원동기,남,24세,부상신고,,,,
2014022200100474,2014년 2월 22일 21시,토요일,경상북도 포항시 북구 양덕동,경상사고,0,0,1,0,차대사람 - 기타,안전운전불이행,건조,흐림,교차로 - 교차로안,승용,여,42세,상해없음,보행자,남,51세,경상
2014022200100503,2014년 2월 22일 22시,토요일,경상북도 김천시 부곡동,경상사고,0,0,1,0,차량단독 - 기타,안전운전불이행,건조,맑음,단일로 - 기타,승용,남,33세,상해없음,,,,
2014022200100535,2014년 2월 22일 23시,토요일,경상북도 포항시 북구 창포동,중상사고,0,1,1,0,차대사람 - 횡단중,신호위반,건조,맑음,단일로 - 횡단보도상,승용,남,58세,상해없음,보행자,남,18세,중상
2014022200100536,2014년 2월 22일 23시,토요일,경상북도 구미시 진평동,중상사고,0,1,0,0,차대차 - 기타,안전운전불이행,기타,기타,교차로 - 교차로부근,승용,남,40세,상해없음,승용,남,42세,중상
2014022300100028,2014년 2월 23일 01시,일요일,경상북도 경산시 진량읍,중상사고,0,1,0,0,차대차 - 기타,안전운전불이행,건조,맑음,단일로 - 기타,승용,남,45세,상해없음,승용,남,32세,중상
2014022300100045,2014년 2월 23일 02시,일요일,경상북도 경주시 성건동,경상사고,0,0,1,0,차대차 - 기타,안전운전불이행,건조,맑음,교차로 - 교차로부근,승용,남,25세,상해없음,승용,남,26세,경상
2014022300100046,2014년 2월 23일 02시,일요일,경상북도 포항시 북구 용흥동,중상사고,0,2,0,0,차대차 - 기타,안전운전불이행,건조,맑음,단일로 - 기타,승용,남,46세,상해없음,승용,여,44세,중상
2014022300100058,2014년 2월 23일 03시,일요일,경상북도 경산시 중방동,부상신고사고,0,0,0,1,차대차 - 기타,안전운전불이행,건조,맑음,교차로 - 교차로부근,화물,남,54세,상해없음,승용,남,69세,부상신고
2014022300100093,2014년 2월 23일 06시,일요일,경상북도 경산시 진량읍,경상사고,0,0,1,1,차대차 - 기타,신호위반,건조,맑음,교차로 - 교차로안,승용,남,65세,부상신고,승용,남,40세,경상
2014022300100148,2014년 2월 23일 11시,일요일,경상북도 경주시 보문동,사망사고,1,0,0,0,차량단독 - 전도전복,안전운전불이행,건조,맑음,단일로 - 기타,이륜,남,37세,사망,,,,
2014022300100149,2014년 2월 23일 11시,일요일,경상북도 포항시 북구 흥해읍,부상신고사고,0,0,0,1,차대사람 - 횡단중,안전운전불이행,건조,맑음,단일로 - 기타,승용,남,43세,상해없음,보행자,남,61세,부상신고
2014022300100150,2014년 2월 23일 11시,일요일,경상북도 영덕군 강구면,경상사고,0,0,1,0,차대사람 - 기타,안전운전불이행,건조,맑음,단일로 - 기타,이륜,남,73세,상해없음,보행자,여,60세,경상
2014022300100168,2014년 2월 23일 12시,일요일,경상북도 청도군 화양읍,경상사고,0,0,1,0,차대차 - 추돌 - 진행중,안전운전불이행,건조,맑음,교차로 - 교차로부근,승용,남,48세,상해없음,승용,남,32세,경상
2014022300100202,2014년 2월 23일 14시,일요일,경상북도 경주시 용강동,중상사고,0,3,3,0,차대차 - 추돌 - 주정차중,안전운전불이행,건조,맑음,단일로 - 기타,승용,남,21세,상해없음,승용,남,23세,중상
2014022300100203,2014년 2월 23일 14시,일요일,경상북도 안동시 송현동,경상사고,0,0,1,0,차대차 - 기타,안전운전불이행,건조,맑음,단일로 - 기타,승용,여,23세,상해없음,승용,남,45세,경상
2014022300100215,2014년 2월 23일 15시,일요일,경상북도 경주시 외동읍,부상신고사고,0,0,0,2,차대차 - 추돌 - 주정차중,안전운전불이행,건조,맑음,단일로 - 기타,화물,남,56세,상해없음,승용,남,52세,부상신고
2014022300100216,2014년 2월 23일 15시,일요일,경상북도 포항시 북구 덕산동,중상사고,0,1,0,0,차대차 - 기타,안전운전불이행,건조,맑음,단일로 - 기타,승용,남,42세,상해없음,원동기,남,46세,중상
2014022300100217,2014년 2월 23일 15시,일요일,경상북도 안동시 길안면,중상사고,0,1,1,0,차량단독 - 기타,안전운전불이행,건조,맑음,단일로 - 기타,화물,남,63세,경상,,,,
2014022300100218,2014년 2월 23일 15시,일요일,경상북도 구미시 인의동,경상사고,0,0,1,0,차대차 - 추돌 - 진행중,안전운전불이행,건조,맑음,단일로 - 기타,이륜,남,21세,경상,승용,남,28세,상해없음
2014022300100219,2014년 2월 23일 15시,일요일,경상북도 구미시 광평동,경상사고,0,0,1,0,차대차 - 기타,안전운전불이행,건조,맑음,단일로 - 기타,승용,남,57세,상해없음,승용,남,38세,상해없음