사고번호,사고일시,요일,시군구,사고내용,사망자수,중상자수,경상자수,부상신고자수,사고유형,법규위반,노면상태,기상상태,도로형태,가해운전자 차종,가해운전자 성별,가해운전자 연령,가해운전자 상해정도,피해운전자 차종,피해운전자 성별,피해운전자 연령,피해운전자 상해정도
2014022300100220,2014년 2월 23일 15시,일요일,경상북도 포항시 남구 송도동,중상사고,0,1,0,0,차대사람 - 횡단중,보행자보호의무위반,건조,맑음,단일로 - 기타,승용,남,66세,상해없음,보행자,남,10세,중상
2014022300100243,2014년 2월 23일 16시,일요일,경상북도 경주시 산내면,중상사고,0,1,0,0,차량단독 - 공작물충돌,안전운전불이행,건조,맑음,단일로 - 기타,화물,남,53세,중상,,,,
2014022300100265,2014년 2월 23일 17시,일요일,경상북도 경주시 성건동,중상사고,0,1,0,0,차량단독 - 기타,안전운전불이행,건조,맑음,단일로 - 기타,승합,남,54세,상해없음,,,,
2014022300100266,2014년 2월 23일 17시,일요일,경상북도 안동시 옥동,경상사고,0,0,1,0,차대차 - 추돌 - 주정차중,안전운전불이행,건조,맑음,단일로 - 기타,승용,여,44세,상해없음,승합,남,41세,경상
2014022300100267,2014년 2월 23일 17시,일요일,경상북도 경산시 갑제동,경상사고,0,0,1,0,차대차 - 기타,신호위반,건조,맑음,교차로 - 교차로부근,승용,여,59세,상해없음,승용,여,42세,경상
2014022300100284,2014년 2월 23일 18시,일요일,경상북도 구미시 광평동,부상신고사고,0,0,0,1,차대차 - 기타,안전운전불이행,건조,맑음,단일로 - 기타,자전거,남,32세,부상신고,승용,남,36세,상해없음
2014022300100285,2014년 2월 23일 18시,일요일,경상북도 포항시 남구 오천읍,경상사고,0,0,2,0,차대차 - 기타,직진우회전진행방해,건조,맑음,교차로 - 교차로안,승용,남,76세,상해없음,승합,남,49세,상해없음
2014022300100312,2014년 2월 23일 19시,일요일,경상북도 경주시 구정동,경상사고,0,0,2,0,차대차 - 기타,안전운전불이행,건조,맑음,단일로 - 기타,승용,남,41세,상해없음,승용,남,33세,경상
2014022300100331,2014년 2월 23일 20시,일요일,경상북도 상주시 낙동면,경상사고,0,0,3,0,차대차 - 측면직각충돌,안전운전불이행,건조,맑음,단일로 - 기타,화물,남,49세,상해없음,승용,남,39세,경상
2014022300100381,2014년 2월 23일 22시,일요일,경상북도 경주시 안강읍,중상사고,0,1,0,0,차량단독 - 공작물충돌,안전운전불이행,건조,맑음,단일로 - 기타,승합,남,52세,중상,,,,
2014022300100382,2014년 2월 23일 22시,일요일,경상북도 울진군 죽변면,중상사고,0,1,0,0,차량단독 - 공작물충돌,안전운전불이행,습기,맑음,단일로 - 기타,승용,남,55세,상해없음,,,,
2014022300100401,2014년 2월 23일 23시,일요일,경상북도 성주군 수륜면,사망사고,1,0,0,0,차량단독 - 전도전복,안전운전불이행,건조,맑음,기타 - 기타,화물,남,56세,사망,,,,
2014022400100009,2014년 2월 24일 00시,월요일,경상북도 구미시 봉곡동,경상사고,0,0,2,0,차대차 - 정면충돌,안전운전불이행,건조,맑음,단일로 - 기타,승용,여,19세,상해없음,승용,남,36세,경상
2014022400100030,2014년 2월 24일 02시,월요일,경상북도 구미시 신평동,경상사고,0,0,1,0,차대차 - 정면충돌,신호위반,건조,맑음,교차로 - 교차로안,승용,남,53세,상해없음,이륜,남,23세,경상
2014022400100065,2014년 2월 24일 06시,월요일,경상북도 안동시 당북동,경상사고,0,0,1,0,차대사람 - 횡단중,신호위반,건조,맑음,단일로 - 기타,승용,남,49세,상해없음,보행자,남,57세,경상
2014022400100066,2014년 2월 24일 06시,월요일,경상북도 칠곡군 지천면,경상사고,0,0,1,0,차대차 - 추돌 - 진행중,안전운전불이행,건조,맑음,단일로 - 기타,승용,남,21세,상해없음,화물,남,54세,경상
2014022400100086,2014년 2월 24일 07시,월요일,경상북도 의성군 봉양면,중상사고,0,2,0,0,차대차 - 측면직각충돌,신호위반,건조,맑음,교차로 - 교차로안,승용,남,49세,상해없음,승용,남,71세,중상
2014022400100087,2014년 2월 24일 07시,월요일,경상북도 예천군 감천면,중상사고,0,1,0,0,차대차 - 측면직각충돌,안전운전불이행,건조,맑음,단일로 - 기타,승용,남,37세,상해없음,화물,남,64세,중상
2014022400100088,2014년 2월 24일 07시,월요일,경상북도 구미시 원평동,경상사고,0,0,1,0,차대차 - 기타,직진우회전진행방해,건조,맑음,교차로 - 교차로안,이륜,여,59세,경상,승용,남,48세,상해없음
2014022400100113,2014년 2월 24일 08시,월요일,경상북도 경주시 노동동,중상사고,0,1,0,0,차대차 - 기타,안전운전불이행,건조,맑음,교차로 - 교차로부근,이륜,남,63세,중상,승용,여,37세,상해없음
2014022400100114,2014년 2월 24일 08시,월요일,경상북도 칠곡군 지천면,경상사고,0,0,3,0,차대차 - 추돌 - 진행중,안전운전불이행,건조,맑음,단일로 - 기타,승용,여,42세,경상,승용,남,33세,경상
2014022400100138,2014년 2월 24일 09시,월요일,경상북도 김천시 대항면,경상사고,0,0,1,0,차대차 - 측면직각충돌,안전운전불이행,건조,맑음,단일로 - 기타,승용,남,31세,상해없음,이륜,여,47세,경상
2014022400100139,2014년 2월 24일 09시,월요일,경상북도 경산시 용성면,중상사고,0,1,0,0,차대차 - 기타,직진우회전진행방해,건조,맑음,교차로 - 교차로안,승용,여,53세,상해없음,이륜,남,78세,중상
2014022400100206,2014년 2월 24일 12시,월요일,경상북도 경주시 인왕동,중상사고,0,1,0,0,차대차 - 기타,신호위반,건조,맑음,교차로 - 교차로안,승용,여,70세,상해없음,승용,여,48세,중상
2014022400100207,2014년 2월 24일 12시,월요일,경상북도 경주시 안강읍,경상사고,0,0,1,0,차대사람 - 기타,안전운전불이행,건조,맑음,기타 - 기타,기타불명,기타불명,기타불명,기타불명,보행자,남,62세,경상
2014022400100208,2014년 2월 24일 12시,월요일,경상북도 경산시 사정동,경상사고,0,0,1,0,차대차 - 기타,안전운전불이행,건조,맑음,교차로 - 교차로부근,이륜,남,22세,경상,승용,남,44세,상해없음
2014022400100209,2014년 2월 24일 12시,월요일,경상북도 구미시 진평동,중상사고,0,1,0,0,차대차 - 측면직각충돌,직진우회전진행방해,건조,맑음,교차로 - 교차로안,승용,남,33세,상해없음,자전거,여,68세,중상
2014022400100234,2014년 2월 24일 13시,월요일,경상북도 경주시 외동읍,중상사고,0,1,0,0,차대차 - 기타,안전운전불이행,건조,맑음,기타 - 기타,승용,남,74세,상해없음,자전거,남,17세,중상
2014022400100235,2014년 2월 24일 13시,월요일,경상북도 상주시 공성면,중상사고,0,1,0,0,차대차 - 기타,안전운전불이행,건조,맑음,단일로 - 기타,화물,남,39세,상해없음,화물,남,63세,중상
2014022400100236,2014년 2월 24일 13시,월요일,경상북도 영주시 풍기읍,중상사고,0,1,0,0,차량단독 - 공작물충돌,안전운전불이행,건조,맑음,교차로 - 교차로부근,화물,남,54세,중상,,,,
2014022400100237,2014년 2월 24일 13시,월요일,경상북도 구미시 옥계동,경상사고,0,0,1,0,차대차 - 기타,교차로운행방법위반,건조,맑음,교차로 - 교차로안,이륜,남,34세,상해없음,승용,여,38세,경상
2014022400100259,2014년 2월 24일 14시,월요일,경상북도 영주시 휴천동,중상사고,0,1,0,0,차대차 - 추돌 - 주정차중,안전운전불이행,건조,맑음,교차로 - 교차로부근,승용,남,46세,상해없음,승용,남,30세,중상
2014022400100260,2014년 2월 24일 14시,월요일,경상북도 영주시 단산면,경상사고,0,0,2,0,차대차 - 측면직각충돌,안전운전불이행,건조,맑음,단일로 - 기타,승용,남,64세,상해없음,승용,남,51세,경상
2014022400100261,2014년 2월 24일 14시,월요일,경상북도 칠곡군 북삼읍,경상사고,0,0,1,0,차대차 - 기타,신호위반,건조,맑음,교차로 - 교차로안,승용,여,26세,상해없음,승용,여,50세,상해없음
2014022400100262,2014년 2월 24일 14시,월요일,경상북도 구미시 광평동,경상사고,0,0,1,0,차대차 - 측면직각충돌,교차로운행방법위반,건조,맑음,교차로 - 교차로안,승용,여,45세,상해없음,화물,남,30세,경상
2014022400100263,2014년 2월 24일 14시,월요일,경상북도 포항시 남구 지곡동,부상신고사고,0,0,0,1,차대차 - 기타,안전운전불이행,건조,맑음,교차로 - 교차로안,이륜,남,41세,부상신고,승용,여,63세,상해없음
2014022400100282,2014년 2월 24일 15시,월요일,경상북도 구미시 공단동,중상사고,0,1,0,0,차대차 - 측면직각충돌,신호위반,건조,맑음,교차로 - 교차로부근,화물,남,21세,상해없음,이륜,남,36세,중상
2014022400100305,2014년 2월 24일 16시,월요일,경상북도 칠곡군 석적읍,경상사고,0,0,2,0,차대차 - 측면직각충돌,신호위반,건조,맑음,교차로 - 교차로안,승용,남,30세,상해없음,승용,남,43세,경상
2014022400100335,2014년 2월 24일 17시,월요일,경상북도 경주시 안강읍,중상사고,0,1,0,0,차대사람 - 기타,안전운전불이행,건조,맑음,교차로 - 교차로부근,승용,여,40세,상해없음,보행자,남,64세,중상
2014022400100336,2014년 2월 24일 17시,월요일,경상북도 안동시 운안동,경상사고,0,0,1,0,차대사람 - 기타,안전운전불이행,건조,맑음,단일로 - 기타,화물,남,41세,상해없음,보행자,남,10세,경상
2014022400100367,2014년 2월 24일 18시,월요일,경상북도 안동시 길안면,사망사고,1,0,1,0,차대차 - 정면충돌,중앙선침범,건조,맑음,기타 - 기타,이륜,남,84세,사망,승용,여,43세,경상
2014022400100368,2014년 2월 24일 18시,월요일,경상북도 영주시 영주동,경상사고,0,0,1,0,차대차 - 기타,안전운전불이행,건조,맑음,단일로 - 기타,승합,남,44세,상해없음,이륜,남,20세,경상
2014022400100369,2014년 2월 24일 18시,월요일,경상북도 경산시 신천동,경상사고,0,0,2,0,차대차 - 기타,안전운전불이행,건조,맑음,단일로 - 기타,화물,남,49세,상해없음,승용,남,37세,경상
2014022400100370,2014년 2월 24일 18시,월요일,경상북도 고령군 성산면,중상사고,0,1,0,0,차대차 - 추돌 - 주정차중,안전운전불이행,건조,맑음,단일로 - 기타,승용,남,43세,상해없음,승용,여,46세,중상
2014022400100408,2014년 2월 24일 19시,월요일,경상북도 칠곡군 왜관읍,중상사고,0,1,1,0,차대차 - 측면직각충돌,신호위반,건조,맑음,교차로 - 교차로안,화물,남,53세,경상,승용,남,54세,중상
2014022400100409,2014년 2월 24일 19시,월요일,경상북도 경산시 사동,경상사고,0,0,2,0,차대차 - 기타,안전운전불이행,건조,맑음,교차로 - 교차로안,화물,남,64세,기타불명,승용,여,26세,경상
2014022400100410,2014년 2월 24일 19시,월요일,경상북도 봉화군 명호면,사망사고,1,0,0,0,차량단독 - 도로외이탈 - 추락,안전운전불이행,건조,맑음,단일로 - 기타,승용,남,76세,사망,,,,
2014022400100437,2014년 2월 24일 20시,월요일,경상북도 경주시 강동면,사망사고,1,0,0,0,차량단독 - 전도전복,안전운전불이행,건조,맑음,단일로 - 기타,이륜,남,84세,사망,,,,
2014022400100462,2014년 2월 24일 21시,월요일,경상북도 안동시 명륜동,경상사고,0,0,1,0,차대차 - 측면직각충돌,직진우회전진행방해,건조,맑음,교차로 - 교차로안,승용,남,56세,상해없음,이륜,남,17세,경상
2014022400100463,2014년 2월 24일 21시,월요일,경상북도 봉화군 석포면,중상사고,0,1,0,0,차량단독 - 공작물충돌,안전운전불이행,건조,맑음,단일로 - 기타,승용,여,44세,중상,,,,
2014022400100464,2014년 2월 24일 21시,월요일,경상북도 포항시 남구 오천읍,경상사고,0,0,1,0,차대차 - 기타,신호위반,건조,맑음,교차로 - 교차로안,승용,남,59세,상해없음,승용,여,29세,경상
2014022400100506,2014년 2월 24일 23시,월요일,경상북도 경산시 진량읍,경상사고,0,0,1,0,차대사람 - 기타,안전운전불이행,건조,맑음,단일로 - 횡단보도부근,승용,여,38세,상해없음,보행자,여,21세,경상
2014022400100507,2014년 2월 24일 23시,월요일,경상북도 경산시 옥산동,경상사고,0,0,2,0,차대차 - 기타,신호위반,건조,맑음,교차로 - 교차로안,이륜,남,19세,상해없음,승용,여,20세,경상
2014022400100508,2014년 2월 24일 23시,월요일,경상북도 성주군 성주읍,경상사고,0,0,1,0,차량단독 - 도로외이탈 - 기타,안전운전불이행,건조,맑음,기타 - 기타,화물,여,56세,경상,,,,
2014022400100509,2014년 2월 24일 23시,월요일,경상북도 구미시 인의동,경상사고,0,0,1,0,차대사람 - 기타,안전운전불이행,건조,맑음,단일로 - 기타,승용,남,32세,상해없음,보행자,남,31세,경상
2014022500100026,2014년 2월 25일 01시,화요일,경상북도 포항시 북구 송라면,경상사고,0,0,1,0,차대차 - 기타,안전운전불이행,건조,맑음,단일로 - 기타,승용,남,46세,상해없음,승용,남,40세,경상
2014022500100038,2014년 2월 25일 02시,화요일,경상북도 김천시 아포읍,사망사고,1,1,0,0,차대차 - 추돌 - 진행중,안전운전불이행,건조,맑음,단일로 - 기타,화물,남,24세,상해없음,화물,남,57세,중상
2014022500100056,2014년 2월 25일 04시,화요일,경상북도 구미시 옥성면,중상사고,0,1,0,0,차량단독 - 공작물충돌,안전운전불이행,건조,맑음,단일로 - 기타,화물,남,61세,중상,,,,
2014022500100065,2014년 2월 25일 05시,화요일,경상북도 칠곡군 석적읍,중상사고,0,1,0,0,차량단독 - 기타,안전운전불이행,건조,맑음,단일로 - 기타,승용,남,36세,중상,,,,
2014022500100072,2014년 2월 25일 06시,화요일,경상북도 포항시 남구 송도동,사망사고,1,0,0,0,차대차 - 기타,신호위반,건조,맑음,교차로 - 교차로안,이륜,남,80세,사망,화물,남,41세,상해없음
2014022500100107,2014년 2월 25일 08시,화요일,경상북도 경주시 충효동,사망사고,1,0,0,0,차량단독 - 도로외이탈 - 추락,안전운전불이행,건조,맑음,단일로 - 기타,승용,여,46세,사망,,,,
2014022500100108,2014년 2월 25일 08시,화요일,경상북도 포항시 북구 대신동,경상사고,0,0,1,1,차대차 - 기타,안전운전불이행,건조,맑음,교차로 - 교차로안,승용,여,35세,경상,승용,남,57세,부상신고
2014022500100133,2014년 2월 25일 09시,화요일,경상북도 경주시 황남동,경상사고,0,0,1,0,차대차 - 기타,신호위반,건조,맑음,교차로 - 교차로부근,화물,남,67세,기타불명,자전거,남,84세,경상
2014022500100134,2014년 2월 25일 09시,화요일,경상북도 포항시 북구 남빈동,경상사고,0,0,1,0,차대차 - 기타,교차로운행방법위반,건조,맑음,교차로 - 교차로안,승용,남,32세,상해없음,자전거,남,71세,경상
2014022500100135,2014년 2월 25일 09시,화요일,경상북도 영천시 완산동,경상사고,0,0,1,0,차대차 - 추돌 - 진행중,신호위반,건조,맑음,교차로 - 교차로안,화물,남,65세,상해없음,자전거,남,59세,경상
2014022500100136,2014년 2월 25일 09시,화요일,경상북도 경산시 진량읍,경상사고,0,0,1,0,차대차 - 기타,중앙선침범,건조,흐림,단일로 - 기타,화물,남,58세,상해없음,화물,남,38세,경상
2014022500100159,2014년 2월 25일 10시,화요일,경상북도 경주시 용강동,경상사고,0,0,2,0,차대차 - 추돌 - 주정차중,안전운전불이행,건조,맑음,교차로 - 교차로부근,승용,여,53세,상해없음,승용,남,47세,경상
2014022500100160,2014년 2월 25일 10시,화요일,경상북도 영주시 가흥동,중상사고,0,1,0,0,차대차 - 측면직각충돌,안전운전불이행,건조,맑음,교차로 - 교차로안,승용,여,49세,상해없음,자전거,여,45세,중상
2014022500100177,2014년 2월 25일 11시,화요일,경상북도 포항시 북구 환호동,경상사고,0,0,1,0,차대사람 - 기타,안전운전불이행,건조,맑음,단일로 - 기타,원동기,남,65세,상해없음,보행자,여,54세,경상
2014022500100178,2014년 2월 25일 11시,화요일,경상북도 경산시 삼풍동,중상사고,0,1,0,0,차대차 - 기타,교차로운행방법위반,건조,맑음,교차로 - 교차로안,화물,남,44세,상해없음,이륜,남,28세,중상
2014022500100179,2014년 2월 25일 11시,화요일,경상북도 청도군 청도읍,중상사고,0,1,0,0,차대차 - 측면직각충돌,안전운전불이행,건조,맑음,교차로 - 교차로안,원동기,남,74세,중상,승용,여,28세,상해없음
2014022500100196,2014년 2월 25일 12시,화요일,경상북도 안동시 천리동,중상사고,0,1,0,0,차대차 - 기타,신호위반,건조,맑음,단일로 - 기타,승용,여,35세,상해없음,이륜,남,17세,중상
2014022500100197,2014년 2월 25일 12시,화요일,경상북도 포항시 남구 해도동,중상사고,0,1,6,0,차대차 - 추돌 - 주정차중,안전운전불이행,건조,맑음,단일로 - 기타,화물,남,45세,상해없음,승합,남,44세,경상
2014022500100218,2014년 2월 25일 13시,화요일,경상북도 포항시 북구 학산동,경상사고,0,0,1,0,차대사람 - 횡단중,안전운전불이행,건조,맑음,단일로 - 횡단보도상,화물,남,38세,상해없음,보행자,남,42세,경상
2014022500100219,2014년 2월 25일 13시,화요일,경상북도 영주시 하망동,중상사고,0,1,0,0,차대차 - 측면직각충돌,안전운전불이행,건조,맑음,단일로 - 기타,원동기,남,42세,중상,승용,남,41세,기타불명
2014022500100220,2014년 2월 25일 13시,화요일,경상북도 구미시 원평동,부상신고사고,0,0,0,1,차대차 - 기타,교차로운행방법위반,건조,맑음,교차로 - 교차로안,이륜,여,43세,부상신고,승용,남,34세,상해없음
2014022500100241,2014년 2월 25일 14시,화요일,경상북도 포항시 북구 양덕동,경상사고,0,0,1,0,차대차 - 기타,교차로운행방법위반,건조,맑음,교차로 - 교차로안,화물,남,52세,상해없음,승용,남,41세,경상
2014022500100242,2014년 2월 25일 14시,화요일,경상북도 안동시 옥동,경상사고,0,0,1,0,차대사람 - 기타,안전운전불이행,건조,맑음,단일로 - 기타,승용,남,45세,상해없음,보행자,여,5세,경상
2014022500100243,2014년 2월 25일 14시,화요일,경상북도 김천시 성내동,중상사고,0,1,0,0,차대사람 - 기타,안전운전불이행,건조,맑음,단일로 - 기타,승용,남,41세,상해없음,보행자,남,19세,중상
2014022500100244,2014년 2월 25일 14시,화요일,경상북도 상주시 인봉동,경상사고,0,0,1,0,차대사람 - 횡단중,보행자보호의무위반,건조,맑음,교차로 - 교차로안,승용,여,52세,상해없음,보행자,남,47세,경상
2014022500100245,2014년 2월 25일 14시,화요일,경상북도 봉화군 소천면,중상사고,0,1,0,0,차대사람 - 길가장자리구역통행중,안전운전불이행,건조,맑음,단일로 - 기타,화물,남,57세,상해없음,보행자,여,54세,중상
2014022500100246,2014년 2월 25일 14시,화요일,경상북도 구미시 황상동,경상사고,0,0,1,0,차대사람 - 기타,보행자보호의무위반,건조,맑음,단일로 - 기타,승용,여,55세,상해없음,보행자,여,9세,경상
2014022500100273,2014년 2월 25일 15시,화요일,경상북도 안동시 남문동,경상사고,0,0,1,0,차대차 - 추돌 - 진행중,안전운전불이행,건조,맑음,단일로 - 기타,승용,남,71세,상해없음,승용,남,53세,경상
2014022500100297,2014년 2월 25일 16시,화요일,경상북도 경산시 백천동,경상사고,0,0,2,0,차대차 - 기타,신호위반,건조,맑음,교차로 - 교차로안,화물,남,54세,상해없음,승용,여,36세,경상
2014022500100368,2014년 2월 25일 19시,화요일,경상북도 포항시 북구 죽도동,경상사고,0,0,1,0,차대차 - 기타,교차로운행방법위반,건조,맑음,교차로 - 교차로안,원동기,남,18세,경상,승용,남,52세,상해없음
2014022500100369,2014년 2월 25일 19시,화요일,경상북도 칠곡군 지천면,중상사고,0,1,0,0,차대차 - 기타,안전거리미확보,건조,맑음,단일로 - 기타,화물,남,56세,상해없음,승용,여,30세,중상
2014022500100430,2014년 2월 25일 21시,화요일,경상북도 영천시 금호읍,경상사고,0,0,1,0,차대차 - 기타,안전운전불이행,건조,맑음,기타 - 기타,승용,남,46세,상해없음,승용,여,49세,경상
2014022500100431,2014년 2월 25일 21시,화요일,경상북도 경산시 압량면,경상사고,0,0,1,0,차대차 - 기타,안전운전불이행,건조,맑음,교차로 - 교차로부근,승용,여,39세,상해없음,화물,남,35세,경상
2014022500100432,2014년 2월 25일 21시,화요일,경상북도 포항시 남구 지곡동,중상사고,0,1,0,0,차대사람 - 횡단중,신호위반,건조,맑음,교차로 - 교차로안,승용,남,26세,상해없음,보행자,여,24세,중상
2014022500100433,2014년 2월 25일 21시,화요일,경상북도 칠곡군 지천면,경상사고,0,0,1,0,차대차 - 측면직각충돌,안전운전불이행,건조,맑음,단일로 - 기타,기타불명,기타불명,기타불명,기타불명,화물,남,62세,상해없음
2014022500100461,2014년 2월 25일 22시,화요일,경상북도 김천시 삼락동,중상사고,0,1,0,0,차대사람 - 기타,안전운전불이행,건조,맑음,단일로 - 기타,승용,남,37세,상해없음,보행자,여,16세,중상
2014022500100487,2014년 2월 25일 23시,화요일,경상북도 안동시 송현동,중상사고,0,1,0,0,차대사람 - 횡단중,안전운전불이행,건조,맑음,교차로 - 교차로안,승용,남,53세,상해없음,보행자,여,51세,중상
2014022500100488,2014년 2월 25일 23시,화요일,경상북도 포항시 남구 연일읍,중상사고,0,1,1,0,차대차 - 기타,안전운전불이행,건조,맑음,교차로 - 교차로안,화물,여,54세,경상,승용,남,53세,중상
2014022600100054,2014년 2월 26일 03시,수요일,경상북도 안동시 수상동,경상사고,0,0,1,0,차량단독 - 도로외이탈 - 추락,안전운전불이행,건조,맑음,단일로 - 기타,승용,남,38세,경상,,,,
2014022600100083,2014년 2월 26일 06시,수요일,경상북도 경주시 동방동,중상사고,0,1,0,0,차대차 - 기타,안전운전불이행,건조,맑음,단일로 - 기타,화물,남,59세,상해없음,화물,남,65세,상해없음
2014022600100130,2014년 2월 26일 08시,수요일,경상북도 구미시 상모동,부상신고사고,0,0,0,1,차대차 - 기타,안전운전불이행,건조,맑음,기타 - 기타,승용,여,42세,부상신고,건설기계,남,53세,상해없음
2014022600100149,2014년 2월 26일 09시,수요일,경상북도 청도군 청도읍,중상사고,0,2,0,0,차대차 - 기타,안전운전불이행,건조,맑음,교차로 - 교차로안,승용,여,42세,상해없음,원동기,남,76세,중상
2014022600100150,2014년 2월 26일 09시,수요일,경상북도 구미시 구평동,경상사고,0,0,3,0,차대차 - 기타,교차로운행방법위반,건조,흐림,교차로 - 교차로안,승용,남,28세,상해없음,승용,여,41세,경상
2014022600100174,2014년 2월 26일 10시,수요일,경상북도 포항시 남구 대잠동,중상사고,0,1,0,0,차대차 - 기타,안전운전불이행,건조,맑음,교차로 - 교차로부근,건설기계,남,39세,상해없음,이륜,남,59세,중상
2014022600100175,2014년 2월 26일 10시,수요일,경상북도 구미시 장천면,중상사고,0,2,1,0,차대차 - 측면직각충돌,안전운전불이행,건조,흐림,단일로 - 기타,화물,남,76세,중상,화물,남,55세,경상
2014022600100204,2014년 2월 26일 11시,수요일,경상북도 포항시 북구 두호동,중상사고,0,1,0,0,차대사람 - 기타,중앙선침범,건조,맑음,단일로 - 기타,승용,여,55세,상해없음,보행자,남,89세,중상
2014022600100205,2014년 2월 26일 11시,수요일,경상북도 영주시 하망동,경상사고,0,0,3,0,차대차 - 추돌 - 주정차중,안전운전불이행,건조,맑음,교차로 - 교차로부근,승용,여,66세,상해없음,승용,남,48세,경상
2014022600100258,2014년 2월 26일 13시,수요일,경상북도 영주시 가흥동,중상사고,0,2,0,0,차대차 - 측면직각충돌,직진우회전진행방해,건조,맑음,교차로 - 교차로안,승용,여,39세,중상,승용,남,33세,중상
2014022600100259,2014년 2월 26일 13시,수요일,경상북도 영주시 가흥동,중상사고,0,1,0,0,차대차 - 측면직각충돌,안전운전불이행,건조,맑음,교차로 - 교차로안,승용,남,71세,상해없음,승용,남,39세,중상
2014022600100260,2014년 2월 26일 13시,수요일,경상북도 청도군 청도읍,경상사고,0,0,1,0,차대차 - 기타,신호위반,건조,맑음,교차로 - 교차로안,화물,남,27세,상해없음,원동기,남,51세,경상
2014022600100261,2014년 2월 26일 13시,수요일,경상북도 청도군 각북면,중상사고,0,4,0,0,차량단독 - 공작물충돌,안전운전불이행,습기,비,단일로 - 기타,승용,남,72세,중상,,,,
2014022600100283,2014년 2월 26일 14시,수요일,경상북도 칠곡군 약목면,중상사고,0,2,1,0,차대차 - 기타,안전운전불이행,습기,비,단일로 - 기타,승용,남,55세,중상,화물,남,54세,중상
2014022600100284,2014년 2월 26일 14시,수요일,경상북도 경산시 옥산동,경상사고,0,0,2,0,차대차 - 기타,교차로운행방법위반,습기,비,교차로 - 교차로안,화물,남,37세,상해없음,승용,여,50세,경상
2014022600100307,2014년 2월 26일 15시,수요일,경상북도 경주시 배반동,경상사고,0,0,1,0,차대차 - 기타,중앙선침범,습기,비,단일로 - 기타,화물,남,39세,상해없음,화물,남,34세,경상
2014022600100308,2014년 2월 26일 15시,수요일,경상북도 영천시 화룡동,경상사고,0,0,1,0,차대차 - 추돌 - 주정차중,안전운전불이행,습기,비,교차로 - 교차로부근,화물,남,47세,상해없음,승용,남,42세,경상
2014022600100309,2014년 2월 26일 15시,수요일,경상북도 영천시 도남동,경상사고,0,0,1,0,차대차 - 추돌 - 주정차중,안전운전불이행,습기,비,단일로 - 기타,승용,남,41세,경상,승용,남,25세,기타불명
2014022600100336,2014년 2월 26일 16시,수요일,경상북도 영주시 하망동,경상사고,0,0,1,0,차대사람 - 길가장자리구역통행중,안전운전불이행,건조,맑음,단일로 - 기타,승용,남,62세,상해없음,보행자,여,17세,경상
2014022600100354,2014년 2월 26일 17시,수요일,경상북도 경주시 동방동,경상사고,0,0,5,0,차대차 - 기타,안전운전불이행,습기,비,단일로 - 기타,화물,남,40세,경상,승용,남,57세,경상
2014022600100355,2014년 2월 26일 17시,수요일,경상북도 경주시 양북면,중상사고,0,1,0,0,차대차 - 기타,안전운전불이행,습기,비,기타 - 기타,승용,여,25세,상해없음,승합,여,34세,중상
2014022600100356,2014년 2월 26일 17시,수요일,경상북도 안동시 임하면,중상사고,0,2,0,0,차대차 - 기타,중앙선침범,습기,비,기타 - 기타,승용,여,54세,상해없음,승용,남,65세,중상
2014022600100357,2014년 2월 26일 17시,수요일,경상북도 포항시 남구 효자동,경상사고,0,0,1,0,차대차 - 기타,안전운전불이행,습기,비,교차로 - 교차로부근,승용,남,50세,상해없음,승용,남,63세,경상
2014022600100390,2014년 2월 26일 18시,수요일,경상북도 경주시 성건동,중상사고,0,1,0,0,차대차 - 기타,안전운전불이행,습기,비,단일로 - 기타,화물,남,66세,상해없음,승용,남,47세,중상
2014022600100391,2014년 2월 26일 18시,수요일,경상북도 상주시 함창읍,중상사고,0,1,0,0,차대차 - 기타,안전운전불이행,습기,비,단일로 - 기타,승용,남,52세,상해없음,농기계,남,56세,중상
2014022600100392,2014년 2월 26일 18시,수요일,경상북도 영천시 문외동,경상사고,0,0,3,0,차대차 - 정면충돌,교차로운행방법위반,습기,맑음,교차로 - 교차로안,승용,여,43세,상해없음,승용,여,51세,경상
2014022600100442,2014년 2월 26일 19시,수요일,경상북도 안동시 용상동,중상사고,0,1,0,0,차대사람 - 기타,안전운전불이행,습기,흐림,교차로 - 교차로안,승용,남,66세,상해없음,보행자,남,68세,중상
2014022600100443,2014년 2월 26일 19시,수요일,경상북도 경산시 자인면,중상사고,0,1,0,0,차대차 - 기타,중앙선침범,습기,비,단일로 - 기타,화물,남,31세,상해없음,승용,남,43세,중상
2014022600100444,2014년 2월 26일 19시,수요일,경상북도 포항시 남구 송도동,경상사고,0,0,1,0,차대차 - 기타,교차로운행방법위반,건조,맑음,교차로 - 교차로부근,승용,남,47세,상해없음,승용,남,32세,경상
2014022600100445,2014년 2월 26일 19시,수요일,경상북도 경주시 건천읍,중상사고,0,3,0,0,차대차 - 측면직각충돌,안전운전불이행,습기,비,단일로 - 기타,기타불명,기타불명,기타불명,기타불명,승용,여,19세,중상
2014022600100473,2014년 2월 26일 20시,수요일,경상북도 경주시 외동읍,중상사고,0,1,3,0,차대차 - 추돌 - 진행중,안전운전불이행,습기,비,교차로 - 교차로부근,화물,남,54세,상해없음,승용,여,45세,경상