사고번호,사고일시,요일,시군구,사고내용,사망자수,중상자수,경상자수,부상신고자수,사고유형,법규위반,노면상태,기상상태,도로형태,가해운전자 차종,가해운전자 성별,가해운전자 연령,가해운전자 상해정도,피해운전자 차종,피해운전자 성별,피해운전자 연령,피해운전자 상해정도
2014022600100474,2014년 2월 26일 20시,수요일,경상북도 경산시 압량면,경상사고,0,0,1,0,차량단독 - 기타,안전운전불이행,습기,비,기타 - 기타,화물,남,43세,경상,,,,
2014022600100475,2014년 2월 26일 20시,수요일,경상북도 구미시 형곡동,중상사고,0,1,0,0,차대사람 - 기타,안전운전불이행,습기,비,단일로 - 기타,승용,남,46세,상해없음,보행자,남,38세,중상
2014022600100476,2014년 2월 26일 20시,수요일,경상북도 경산시 남천면,중상사고,0,1,0,0,차대차 - 추돌 - 주정차중,안전운전불이행,습기,비,단일로 - 기타,승용,남,58세,중상,승용,남,50세,상해없음
2014022600100507,2014년 2월 26일 21시,수요일,경상북도 상주시 신봉동,경상사고,0,0,1,0,차대차 - 측면직각충돌,교차로운행방법위반,습기,비,교차로 - 교차로안,승용,남,56세,상해없음,자전거,남,15세,경상
2014022600100508,2014년 2월 26일 21시,수요일,경상북도 구미시 원평동,경상사고,0,0,1,0,차대차 - 기타,안전운전불이행,습기,비,단일로 - 기타,승용,남,19세,상해없음,이륜,남,27세,경상
2014022600100550,2014년 2월 26일 22시,수요일,경상북도 영주시 휴천동,경상사고,0,0,2,0,차대차 - 측면직각충돌,안전운전불이행,건조,맑음,교차로 - 교차로안,승용,남,48세,상해없음,승용,여,45세,경상
2014022600100575,2014년 2월 26일 23시,수요일,경상북도 경주시 신평동,경상사고,0,0,1,0,차대차 - 기타,안전운전불이행,습기,비,단일로 - 기타,승용,남,22세,상해없음,승용,남,34세,경상
2014022600100576,2014년 2월 26일 23시,수요일,경상북도 영주시 풍기읍,경상사고,0,0,1,0,차대차 - 추돌 - 진행중,안전운전불이행,건조,맑음,단일로 - 기타,승용,여,56세,상해없음,승용,남,30세,경상
2014022600100577,2014년 2월 26일 23시,수요일,경상북도 포항시 남구 송내동,경상사고,0,0,3,0,차대차 - 추돌 - 진행중,안전거리미확보,건조,맑음,단일로 - 기타,승용,남,46세,상해없음,승용,남,49세,경상
2014022700100036,2014년 2월 27일 01시,목요일,경상북도 포항시 남구 연일읍,중상사고,0,1,0,0,차대차 - 측면직각충돌,신호위반,습기,비,교차로 - 교차로안,승용,남,54세,상해없음,승용,남,28세,중상
2014022700100091,2014년 2월 27일 06시,목요일,경상북도 포항시 북구 우현동,중상사고,0,1,0,0,차대차 - 측면직각충돌,차로위반,건조,맑음,단일로 - 기타,승합,남,65세,상해없음,승용,남,57세,중상
2014022700100107,2014년 2월 27일 07시,목요일,경상북도 경주시 강동면,경상사고,0,0,1,0,차대차 - 추돌 - 주정차중,안전운전불이행,습기,비,교차로 - 교차로부근,화물,남,35세,상해없음,승용,남,49세,경상
2014022700100108,2014년 2월 27일 07시,목요일,경상북도 상주시 청리면,중상사고,0,1,0,0,차대차 - 추돌 - 진행중,안전운전불이행,습기,비,단일로 - 기타,화물,남,42세,상해없음,자전거,남,73세,중상
2014022700100109,2014년 2월 27일 07시,목요일,경상북도 구미시 형곡동,중상사고,0,2,9,2,차대차 - 추돌 - 주정차중,안전거리미확보,건조,맑음,단일로 - 기타,승합,남,59세,상해없음,승합,남,55세,경상
2014022700100136,2014년 2월 27일 08시,목요일,경상북도 포항시 북구 청하면,중상사고,0,1,0,0,차대차 - 기타,안전운전불이행,건조,흐림,교차로 - 교차로안,화물,남,48세,상해없음,승합,남,54세,중상
2014022700100137,2014년 2월 27일 08시,목요일,경상북도 안동시 서후면,중상사고,0,2,2,0,차대차 - 추돌 - 진행중,안전운전불이행,건조,맑음,기타 - 기타,승용,남,27세,중상,특수,남,34세,중상
2014022700100138,2014년 2월 27일 08시,목요일,경상북도 김천시 평화동,경상사고,0,0,1,0,차대차 - 측면직각충돌,교차로운행방법위반,건조,맑음,교차로 - 교차로안,승용,남,56세,상해없음,이륜,여,21세,경상
2014022700100162,2014년 2월 27일 09시,목요일,경상북도 경주시 건천읍,사망사고,1,9,0,0,차량단독 - 기타,안전운전불이행,습기,흐림,단일로 - 기타,승합,남,65세,중상,,,,
2014022700100163,2014년 2월 27일 09시,목요일,경상북도 포항시 남구 인덕동,경상사고,0,0,2,0,차대차 - 기타,안전운전불이행,건조,맑음,교차로 - 교차로부근,승용,여,42세,경상,승용,남,39세,경상
2014022700100181,2014년 2월 27일 10시,목요일,경상북도 포항시 북구 장성동,중상사고,0,1,0,0,차대차 - 기타,안전운전불이행,건조,맑음,교차로 - 교차로안,승용,남,56세,상해없음,승용,여,57세,중상
2014022700100182,2014년 2월 27일 10시,목요일,경상북도 경산시 사정동,경상사고,0,0,1,0,차대차 - 기타,교차로운행방법위반,건조,맑음,교차로 - 교차로안,승용,남,50세,상해없음,자전거,남,31세,경상
2014022700100183,2014년 2월 27일 10시,목요일,경상북도 성주군 성주읍,중상사고,0,2,0,0,차대차 - 기타,안전운전불이행,건조,맑음,단일로 - 기타,화물,남,40세,상해없음,이륜,남,78세,중상
2014022700100207,2014년 2월 27일 11시,목요일,경상북도 의성군 의성읍,경상사고,0,0,1,0,차대사람 - 길가장자리구역통행중,안전운전불이행,건조,맑음,단일로 - 기타,화물,남,48세,상해없음,보행자,여,63세,경상
2014022700100242,2014년 2월 27일 13시,목요일,경상북도 경주시 사정동,중상사고,0,1,2,0,차대차 - 기타,중앙선침범,건조,맑음,단일로 - 기타,승용,남,58세,상해없음,승용,남,35세,경상
2014022700100243,2014년 2월 27일 13시,목요일,경상북도 영주시 휴천동,중상사고,0,1,2,0,차대차 - 기타,안전운전불이행,건조,맑음,교차로 - 교차로안,승용,남,55세,경상,화물,남,39세,경상
2014022700100244,2014년 2월 27일 13시,목요일,경상북도 영천시 문내동,중상사고,0,1,0,0,차대차 - 측면직각충돌,교차로운행방법위반,건조,맑음,교차로 - 교차로안,화물,남,48세,상해없음,이륜,남,71세,중상
2014022700100245,2014년 2월 27일 13시,목요일,경상북도 문경시 점촌동,중상사고,0,1,0,0,차대차 - 측면직각충돌,중앙선침범,건조,맑음,기타 - 기타,승용,남,61세,상해없음,승용,여,31세,중상
2014022700100246,2014년 2월 27일 13시,목요일,경상북도 경산시 계양동,경상사고,0,0,1,0,차대차 - 기타,교차로운행방법위반,건조,맑음,단일로 - 기타,이륜,남,69세,경상,승용,남,62세,상해없음
2014022700100247,2014년 2월 27일 13시,목요일,경상북도 청도군 청도읍,부상신고사고,0,0,0,1,차대차 - 추돌 - 진행중,안전거리미확보,건조,맑음,단일로 - 기타,원동기,남,54세,부상신고,원동기,남,70세,상해없음
2014022700100248,2014년 2월 27일 13시,목요일,경상북도 구미시 도개면,중상사고,0,1,0,1,차대차 - 기타,안전운전불이행,건조,맑음,단일로 - 기타,화물,남,64세,중상,화물,남,49세,부상신고
2014022700100249,2014년 2월 27일 13시,목요일,경상북도 포항시 남구 오천읍,경상사고,0,0,1,0,차대차 - 기타,안전운전불이행,건조,맑음,교차로 - 교차로안,승용,남,49세,상해없음,자전거,남,9세,경상
2014022700100270,2014년 2월 27일 14시,목요일,경상북도 상주시 이안면,중상사고,0,1,0,0,차대차 - 기타,안전운전불이행,건조,맑음,교차로 - 교차로부근,화물,남,74세,상해없음,자전거,남,80세,중상
2014022700100271,2014년 2월 27일 14시,목요일,경상북도 상주시 계산동,중상사고,0,3,0,0,차대차 - 기타,신호위반,건조,맑음,교차로 - 교차로안,화물,남,69세,상해없음,승용,남,49세,중상
2014022700100272,2014년 2월 27일 14시,목요일,경상북도 영천시 성내동,경상사고,0,0,1,0,차대차 - 기타,안전운전불이행,건조,맑음,교차로 - 교차로부근,승합,여,57세,상해없음,승합,남,41세,경상
2014022700100298,2014년 2월 27일 15시,목요일,경상북도 포항시 북구 학산동,경상사고,0,0,1,0,차대차 - 기타,안전운전불이행,건조,맑음,교차로 - 교차로부근,승용,남,40세,상해없음,원동기,남,53세,경상
2014022700100299,2014년 2월 27일 15시,목요일,경상북도 청도군 화양읍,경상사고,0,0,1,0,차량단독 - 공작물충돌,안전운전불이행,건조,맑음,단일로 - 기타,원동기,남,50세,경상,,,,
2014022700100329,2014년 2월 27일 16시,목요일,경상북도 경주시 현곡면,부상신고사고,0,0,0,1,차대차 - 기타,안전운전불이행,건조,맑음,교차로 - 교차로부근,자전거,남,12세,부상신고,승용,남,52세,상해없음
2014022700100330,2014년 2월 27일 16시,목요일,경상북도 상주시 남성동,중상사고,0,1,0,0,차대차 - 추돌 - 진행중,안전운전불이행,건조,맑음,교차로 - 교차로안,승합,남,71세,상해없음,이륜,남,45세,중상
2014022700100351,2014년 2월 27일 17시,목요일,경상북도 경산시 진량읍,경상사고,0,0,1,0,차대차 - 기타,안전운전불이행,건조,맑음,단일로 - 기타,승용,남,57세,상해없음,이륜,남,28세,경상
2014022700100381,2014년 2월 27일 18시,목요일,경상북도 포항시 북구 우현동,경상사고,0,0,1,0,차량단독 - 기타,안전운전불이행,건조,맑음,단일로 - 기타,승합,남,57세,상해없음,,,,
2014022700100382,2014년 2월 27일 18시,목요일,경상북도 포항시 북구 장성동,부상신고사고,0,0,0,1,차량단독 - 기타,안전운전불이행,건조,맑음,단일로 - 기타,승용,여,41세,상해없음,,,,
2014022700100383,2014년 2월 27일 18시,목요일,경상북도 영덕군 강구면,경상사고,0,0,1,0,차대차 - 측면직각충돌,신호위반,건조,맑음,교차로 - 교차로안,승용,여,31세,상해없음,승용,여,74세,경상
2014022700100384,2014년 2월 27일 18시,목요일,경상북도 청도군 청도읍,경상사고,0,0,1,0,차대차 - 기타,중앙선침범,건조,맑음,단일로 - 기타,승용,남,61세,상해없음,승용,남,25세,경상
2014022700100385,2014년 2월 27일 18시,목요일,경상북도 구미시 도량동,중상사고,0,1,0,0,차대차 - 기타,중앙선침범,건조,맑음,단일로 - 기타,승용,남,54세,상해없음,이륜,남,19세,중상
2014022700100419,2014년 2월 27일 19시,목요일,경상북도 경주시 외동읍,중상사고,0,1,0,0,차대사람 - 기타,안전운전불이행,습기,비,교차로 - 교차로안,화물,남,25세,상해없음,보행자,남,58세,중상
2014022700100420,2014년 2월 27일 19시,목요일,경상북도 포항시 북구 흥해읍,경상사고,0,0,2,0,차대차 - 기타,안전거리미확보,건조,흐림,단일로 - 기타,승용,남,31세,경상,승용,남,32세,상해없음
2014022700100421,2014년 2월 27일 19시,목요일,경상북도 안동시 태화동,중상사고,0,1,1,0,차대차 - 기타,안전거리미확보,건조,맑음,단일로 - 기타,화물,남,34세,상해없음,승용,남,58세,경상
2014022700100422,2014년 2월 27일 19시,목요일,경상북도 상주시 남성동,중상사고,0,1,0,0,차대사람 - 횡단중,보행자보호의무위반,건조,맑음,교차로 - 교차로부근,화물,남,43세,상해없음,보행자,여,76세,중상
2014022700100462,2014년 2월 27일 20시,목요일,경상북도 영주시 풍기읍,사망사고,1,0,0,0,차대차 - 추돌 - 주정차중,안전운전불이행,건조,맑음,단일로 - 기타,이륜,남,58세,사망,화물,남,71세,기타불명
2014022700100463,2014년 2월 27일 20시,목요일,경상북도 포항시 남구 대잠동,중상사고,0,1,0,0,차대사람 - 횡단중,안전운전불이행,건조,맑음,단일로 - 기타,승용,남,23세,상해없음,보행자,남,16세,중상
2014022700100490,2014년 2월 27일 21시,목요일,경상북도 안동시 수상동,중상사고,0,2,1,0,차대차 - 기타,안전운전불이행,건조,맑음,교차로 - 교차로안,승용,여,52세,경상,승용,여,33세,중상
2014022700100491,2014년 2월 27일 21시,목요일,경상북도 경산시 계양동,중상사고,0,1,0,0,차대사람 - 기타,안전운전불이행,건조,맑음,단일로 - 기타,원동기,남,21세,상해없음,보행자,남,36세,중상
2014022700100492,2014년 2월 27일 21시,목요일,경상북도 청도군 화양읍,중상사고,0,1,0,0,차대차 - 기타,중앙선침범,건조,맑음,단일로 - 횡단보도부근,화물,남,52세,상해없음,승용,여,60세,중상
2014022700100493,2014년 2월 27일 21시,목요일,경상북도 울진군 기성면,경상사고,0,0,1,0,차대사람 - 길가장자리구역통행중,안전운전불이행,건조,맑음,단일로 - 기타,승용,여,38세,상해없음,보행자,남,56세,경상
2014022700100543,2014년 2월 27일 23시,목요일,경상북도 경주시 동천동,중상사고,0,1,0,0,차대사람 - 기타,안전운전불이행,건조,맑음,단일로 - 기타,승용,남,47세,상해없음,보행자,남,37세,중상
2014022700100544,2014년 2월 27일 23시,목요일,경상북도 포항시 남구 대잠동,중상사고,0,1,0,0,차대사람 - 횡단중,안전운전불이행,건조,맑음,교차로 - 교차로안,승용,남,52세,상해없음,보행자,남,46세,중상
2014022700100545,2014년 2월 27일 23시,목요일,경상북도 문경시 문경읍,경상사고,0,0,1,0,차대차 - 기타,안전운전불이행,건조,맑음,기타 - 기타,승용,남,53세,상해없음,원동기,여,67세,경상
2014022700100546,2014년 2월 27일 23시,목요일,경상북도 경산시 진량읍,중상사고,0,1,0,0,차대사람 - 횡단중,안전운전불이행,건조,맑음,단일로 - 기타,승용,여,48세,상해없음,보행자,여,20세,중상
2014022700100547,2014년 2월 27일 23시,목요일,경상북도 구미시 공단동,경상사고,0,0,1,0,차대차 - 기타,안전운전불이행,건조,맑음,기타 - 기타,승용,남,44세,상해없음,승용,여,40세,경상
2014022700100548,2014년 2월 27일 23시,목요일,경상북도 포항시 남구 상도동,경상사고,0,0,1,1,차대차 - 기타,신호위반,건조,맑음,교차로 - 교차로안,승용,남,43세,상해없음,승용,남,64세,경상
2014022800100013,2014년 2월 28일 00시,금요일,경상북도 경산시 옥산동,경상사고,0,0,2,0,차대차 - 기타,안전운전불이행,건조,맑음,단일로 - 기타,승용,남,36세,상해없음,이륜,남,17세,경상
2014022800100024,2014년 2월 28일 01시,금요일,경상북도 청송군 안덕면,사망사고,1,0,0,0,차대차 - 정면충돌,중앙선침범,건조,맑음,단일로 - 기타,특수,남,34세,상해없음,승용,남,55세,사망
2014022800100035,2014년 2월 28일 02시,금요일,경상북도 경주시 감포읍,중상사고,0,1,0,0,차대차 - 기타,안전운전불이행,건조,맑음,교차로 - 교차로안,승용,남,39세,상해없음,승용,남,31세,중상
2014022800100051,2014년 2월 28일 05시,금요일,경상북도 칠곡군 석적읍,부상신고사고,0,0,0,1,차량단독 - 공작물충돌,안전운전불이행,건조,맑음,단일로 - 기타,승용,남,21세,부상신고,,,,
2014022800100065,2014년 2월 28일 06시,금요일,경상북도 김천시 교동,중상사고,0,1,0,0,차대차 - 측면직각충돌,안전운전불이행,건조,맑음,교차로 - 교차로안,승용,남,27세,상해없음,자전거,남,65세,중상
2014022800100066,2014년 2월 28일 06시,금요일,경상북도 김천시 구성면,경상사고,0,0,1,0,차대차 - 측면직각충돌,안전운전불이행,건조,맑음,단일로 - 기타,승용,남,45세,상해없음,건설기계,남,53세,경상
2014022800100081,2014년 2월 28일 07시,금요일,경상북도 영천시 화산면,중상사고,0,2,2,0,차대차 - 추돌 - 진행중,안전운전불이행,건조,맑음,단일로 - 기타,화물,남,21세,경상,화물,남,53세,상해없음
2014022800100101,2014년 2월 28일 08시,금요일,경상북도 군위군 군위읍,경상사고,0,0,2,0,차대차 - 측면직각충돌,안전운전불이행,건조,맑음,교차로 - 교차로안,승용,여,36세,상해없음,승합,남,72세,경상
2014022800100145,2014년 2월 28일 10시,금요일,경상북도 안동시 옥동,중상사고,0,1,0,0,차대차 - 기타,직진우회전진행방해,건조,맑음,교차로 - 교차로안,화물,남,51세,상해없음,원동기,남,72세,중상
2014022800100146,2014년 2월 28일 10시,금요일,경상북도 상주시 낙동면,중상사고,0,2,0,0,차대차 - 기타,안전운전불이행,건조,맑음,단일로 - 기타,화물,남,70세,상해없음,이륜,남,74세,중상
2014022800100147,2014년 2월 28일 10시,금요일,경상북도 문경시 마성면,부상신고사고,0,0,0,1,차대차 - 추돌 - 진행중,안전운전불이행,건조,맑음,교차로 - 교차로부근,승용,남,19세,상해없음,원동기,남,74세,부상신고
2014022800100148,2014년 2월 28일 10시,금요일,경상북도 경산시 용성면,중상사고,0,1,0,0,차대차 - 기타,안전거리미확보,건조,맑음,교차로 - 교차로부근,화물,남,35세,상해없음,승용,여,51세,중상
2014022800100170,2014년 2월 28일 11시,금요일,경상북도 김천시 구성면,경상사고,0,0,1,0,차대차 - 측면직각충돌,중앙선침범,건조,맑음,단일로 - 기타,이륜,남,71세,경상,승합,남,43세,상해없음
2014022800100189,2014년 2월 28일 12시,금요일,경상북도 경산시 신교동,중상사고,0,1,0,0,차대차 - 기타,교차로운행방법위반,건조,맑음,교차로 - 교차로부근,승용,여,57세,상해없음,이륜,남,30세,중상
2014022800100190,2014년 2월 28일 12시,금요일,경상북도 구미시 구평동,경상사고,0,0,2,0,차대차 - 추돌 - 주정차중,안전운전불이행,건조,맑음,단일로 - 기타,승용,남,46세,상해없음,화물,남,39세,경상
2014022800100212,2014년 2월 28일 13시,금요일,경상북도 안동시 임동면,중상사고,0,3,0,0,차대차 - 기타,중앙선침범,건조,맑음,단일로 - 기타,화물,남,57세,상해없음,승용,남,48세,중상
2014022800100213,2014년 2월 28일 13시,금요일,경상북도 문경시 산양면,중상사고,0,1,0,0,차대차 - 측면직각충돌,안전운전불이행,건조,맑음,교차로 - 교차로부근,원동기,남,83세,중상,화물,남,48세,상해없음
2014022800100214,2014년 2월 28일 13시,금요일,경상북도 포항시 남구 대잠동,경상사고,0,0,1,0,차대차 - 기타,안전거리미확보,건조,맑음,교차로 - 교차로부근,승용,남,59세,상해없음,승합,남,48세,상해없음
2014022800100241,2014년 2월 28일 14시,금요일,경상북도 포항시 북구 흥해읍,중상사고,0,1,0,0,차대차 - 기타,중앙선침범,건조,맑음,교차로 - 교차로부근,승용,남,62세,상해없음,승합,남,45세,중상
2014022800100242,2014년 2월 28일 14시,금요일,경상북도 칠곡군 가산면,중상사고,0,1,0,0,차대차 - 기타,중앙선침범,건조,맑음,단일로 - 기타,화물,남,45세,상해없음,승용,남,22세,중상
2014022800100243,2014년 2월 28일 14시,금요일,경상북도 포항시 남구 송도동,경상사고,0,0,1,0,차대차 - 추돌 - 진행중,안전운전불이행,건조,흐림,단일로 - 기타,화물,남,56세,상해없음,승용,남,58세,경상
2014022800100281,2014년 2월 28일 15시,금요일,경상북도 청송군 부동면,사망사고,1,0,0,0,차량단독 - 기타,기타,건조,맑음,단일로 - 기타,농기계,남,64세,사망,,,,
2014022800100282,2014년 2월 28일 15시,금요일,경상북도 상주시 낙동면,경상사고,0,0,3,0,차대차 - 추돌 - 주정차중,안전거리미확보,건조,맑음,단일로 - 터널,승용,남,37세,상해없음,승용,남,60세,경상
2014022800100319,2014년 2월 28일 16시,금요일,경상북도 구미시 진평동,경상사고,0,0,1,0,차대차 - 기타,중앙선침범,건조,맑음,교차로 - 교차로부근,자전거,남,80세,경상,승용,남,24세,상해없음
2014022800100357,2014년 2월 28일 17시,금요일,경상북도 칠곡군 가산면,경상사고,0,0,2,1,차대차 - 추돌 - 진행중,안전운전불이행,건조,맑음,단일로 - 기타,화물,남,39세,부상신고,승용,여,51세,경상
2014022800100358,2014년 2월 28일 17시,금요일,경상북도 포항시 남구 대잠동,경상사고,0,0,1,0,차대사람 - 길가장자리구역통행중,안전운전불이행,건조,맑음,단일로 - 기타,승용,남,49세,기타불명,보행자,남,46세,경상
2014022800100388,2014년 2월 28일 18시,금요일,경상북도 칠곡군 동명면,중상사고,0,1,0,0,차대차 - 측면직각충돌,안전운전불이행,건조,맑음,교차로 - 교차로부근,화물,남,37세,상해없음,승용,남,31세,중상
2014022800100389,2014년 2월 28일 18시,금요일,경상북도 문경시 가은읍,중상사고,0,1,0,0,차대사람 - 차도통행중,안전운전불이행,건조,맑음,단일로 - 기타,승용,남,32세,상해없음,보행자,남,52세,중상
2014022800100390,2014년 2월 28일 18시,금요일,경상북도 구미시 인의동,경상사고,0,0,1,0,차대차 - 기타,교차로운행방법위반,건조,맑음,교차로 - 교차로안,승용,남,32세,상해없음,원동기,남,24세,경상
2014022800100438,2014년 2월 28일 19시,금요일,경상북도 경주시 용강동,중상사고,0,1,0,0,차대차 - 기타,안전운전불이행,건조,맑음,단일로 - 기타,승용,남,57세,상해없음,이륜,남,37세,중상
2014022800100439,2014년 2월 28일 19시,금요일,경상북도 포항시 남구 해도동,중상사고,0,1,1,0,차대차 - 추돌 - 주정차중,안전운전불이행,건조,맑음,교차로 - 교차로부근,승용,남,45세,상해없음,승용,남,31세,중상
2014022800100477,2014년 2월 28일 20시,금요일,경상북도 안동시 송현동,경상사고,0,0,2,0,차대차 - 기타,안전거리미확보,건조,맑음,교차로 - 교차로부근,승용,남,44세,경상,승용,남,56세,경상
2014022800100478,2014년 2월 28일 20시,금요일,경상북도 문경시 산양면,경상사고,0,0,1,0,차대차 - 추돌 - 진행중,안전운전불이행,건조,맑음,교차로 - 교차로부근,승용,남,76세,경상,승용,남,43세,상해없음
2014022800100479,2014년 2월 28일 20시,금요일,경상북도 구미시 고아읍,중상사고,0,1,0,0,차대사람 - 기타,안전운전불이행,건조,맑음,기타 - 기타,승용,남,24세,상해없음,보행자,남,64세,중상
2014022800100552,2014년 2월 28일 22시,금요일,경상북도 경주시 건천읍,경상사고,0,0,1,0,차량단독 - 전도전복,안전운전불이행,건조,맑음,단일로 - 기타,승용,남,24세,경상,,,,
2014030100100029,2014년 3월 1일 00시,토요일,경상북도 포항시 북구 득량동,경상사고,0,0,1,0,차대차 - 기타,안전거리미확보,건조,맑음,교차로 - 교차로부근,승용,남,52세,기타불명,승용,남,43세,경상
2014030100100030,2014년 3월 1일 00시,토요일,경상북도 경산시 압량면,사망사고,1,2,0,0,차대차 - 기타,안전운전불이행,습기,기타,교차로 - 교차로부근,승용,남,23세,사망,승용,남,42세,중상
2014030100100057,2014년 3월 1일 01시,토요일,경상북도 경주시 강동면,부상신고사고,0,0,0,1,차량단독 - 공작물충돌,안전운전불이행,건조,맑음,단일로 - 기타,승용,남,44세,부상신고,,,,
2014030100100159,2014년 3월 1일 07시,토요일,경상북도 성주군 용암면,경상사고,0,0,2,0,차대차 - 측면직각충돌,안전운전불이행,습기,비,교차로 - 교차로안,승용,남,47세,상해없음,승용,남,49세,경상
2014030100100160,2014년 3월 1일 07시,토요일,경상북도 울진군 후포면,중상사고,0,3,1,0,차대차 - 측면직각충돌,중앙선침범,건조,맑음,단일로 - 기타,승용,여,53세,중상,승용,남,37세,상해없음
2014030100100161,2014년 3월 1일 07시,토요일,경상북도 구미시 진평동,경상사고,0,0,1,0,차대차 - 기타,직진우회전진행방해,건조,맑음,교차로 - 교차로안,승용,남,26세,경상,승용,남,27세,상해없음
2014030100100190,2014년 3월 1일 09시,토요일,경상북도 칠곡군 지천면,중상사고,0,1,0,0,차대차 - 추돌 - 진행중,안전운전불이행,건조,흐림,단일로 - 기타,승용,남,38세,상해없음,승용,여,40세,중상
2014030100100209,2014년 3월 1일 10시,토요일,경상북도 예천군 지보면,경상사고,0,0,1,0,차대차 - 기타,안전운전불이행,건조,흐림,단일로 - 기타,이륜,여,72세,경상,승용,남,50세,상해없음
2014030100100210,2014년 3월 1일 10시,토요일,경상북도 영양군 입암면,중상사고,0,1,1,0,차대차 - 추돌 - 진행중,안전거리미확보,건조,맑음,교차로 - 교차로부근,승용,남,56세,상해없음,승합,남,45세,경상
2014030100100211,2014년 3월 1일 10시,토요일,경상북도 구미시 인의동,중상사고,0,1,2,0,차대차 - 기타,안전운전불이행,건조,맑음,기타 - 기타,승용,남,23세,경상,승합,남,25세,중상
2014030100100229,2014년 3월 1일 11시,토요일,경상북도 군위군 효령면,경상사고,0,0,1,0,차대차 - 측면직각충돌,신호위반,건조,흐림,교차로 - 교차로안,원동기,여,64세,경상,건설기계,남,43세,상해없음
2014030100100230,2014년 3월 1일 11시,토요일,경상북도 구미시 상모동,중상사고,0,1,1,0,차대차 - 기타,안전운전불이행,건조,맑음,교차로 - 교차로안,승용,여,53세,중상,승용,남,51세,경상
2014030100100253,2014년 3월 1일 12시,토요일,경상북도 영주시 조암동,중상사고,0,1,0,0,차대차 - 측면직각충돌,교차로운행방법위반,건조,맑음,교차로 - 교차로안,승용,남,57세,상해없음,자전거,여,64세,중상
2014030100100254,2014년 3월 1일 12시,토요일,경상북도 경산시 하양읍,경상사고,0,0,1,0,차대차 - 기타,신호위반,건조,흐림,교차로 - 교차로안,승용,기타불명,14세,기타불명,승용,남,30세,경상
2014030100100255,2014년 3월 1일 12시,토요일,경상북도 경산시 진량읍,중상사고,0,1,1,0,차대차 - 기타,교차로운행방법위반,습기,흐림,교차로 - 교차로안,화물,남,45세,상해없음,승용,남,24세,경상
2014030100100282,2014년 3월 1일 13시,토요일,경상북도 포항시 북구 죽도동,경상사고,0,0,1,0,차대차 - 기타,기타,건조,맑음,단일로 - 기타,승용,남,54세,상해없음,원동기,여,48세,경상
2014030100100283,2014년 3월 1일 13시,토요일,경상북도 경산시 진량읍,경상사고,0,0,1,0,차대차 - 기타,안전거리미확보,건조,맑음,단일로 - 기타,승용,여,59세,상해없음,이륜,남,18세,경상
2014030100100284,2014년 3월 1일 13시,토요일,경상북도 포항시 남구 구룡포읍,경상사고,0,0,2,0,차대차 - 기타,안전운전불이행,건조,맑음,단일로 - 기타,화물,남,36세,상해없음,승용,여,54세,경상
2014030100100285,2014년 3월 1일 13시,토요일,경상북도 구미시 옥성면,중상사고,0,2,1,0,차대차 - 추돌 - 진행중,안전운전불이행,건조,맑음,단일로 - 기타,승용,남,19세,상해없음,화물,남,72세,중상
2014030100100317,2014년 3월 1일 14시,토요일,경상북도 칠곡군 지천면,경상사고,0,0,2,0,차대차 - 정면충돌,중앙선침범,건조,맑음,단일로 - 기타,승용,남,81세,상해없음,승합,남,58세,상해없음
2014030100100335,2014년 3월 1일 15시,토요일,경상북도 경주시 황오동,중상사고,0,1,0,0,차대차 - 측면직각충돌,안전운전불이행,건조,맑음,교차로 - 교차로부근,이륜,여,71세,중상,승용,남,51세,상해없음
2014030100100355,2014년 3월 1일 16시,토요일,경상북도 포항시 북구 청하면,중상사고,0,2,0,0,차대차 - 기타,중앙선침범,습기,비,단일로 - 기타,승용,남,62세,중상,승용,남,58세,중상
2014030100100356,2014년 3월 1일 16시,토요일,경상북도 경산시 남천면,경상사고,0,0,1,0,차대차 - 기타,중앙선침범,습기,비,단일로 - 기타,승용,남,45세,기타불명,승용,여,49세,경상
2014030100100357,2014년 3월 1일 16시,토요일,경상북도 경산시 압량면,중상사고,0,1,1,0,차대차 - 정면충돌,중앙선침범,건조,흐림,단일로 - 기타,승용,남,52세,상해없음,승용,여,51세,중상
2014030100100381,2014년 3월 1일 17시,토요일,경상북도 구미시 신평동,중상사고,0,1,1,0,차대사람 - 기타,보행자보호의무위반,건조,맑음,교차로 - 교차로부근,승용,남,31세,상해없음,보행자,여,13세,중상
2014030100100403,2014년 3월 1일 18시,토요일,경상북도 안동시 길안면,사망사고,1,2,1,0,차량단독 - 도로외이탈 - 기타,안전운전불이행,습기,비,교차로 - 교차로부근,승용,남,49세,중상,,,,
2014030100100404,2014년 3월 1일 18시,토요일,경상북도 상주시 함창읍,경상사고,0,0,1,0,차대차 - 기타,안전운전불이행,건조,맑음,단일로 - 기타,승용,남,47세,상해없음,원동기,여,58세,경상
2014030100100405,2014년 3월 1일 18시,토요일,경상북도 영주시 가흥동,중상사고,0,2,0,0,차대차 - 측면직각충돌,교차로운행방법위반,건조,맑음,교차로 - 교차로안,승용,남,59세,상해없음,승용,남,54세,중상
2014030100100406,2014년 3월 1일 18시,토요일,경상북도 경산시 하양읍,경상사고,0,0,3,0,차대차 - 기타,안전운전불이행,건조,맑음,교차로 - 교차로안,화물,남,61세,상해없음,승용,남,78세,경상