사고번호,사고일시,요일,시군구,사고내용,사망자수,중상자수,경상자수,부상신고자수,사고유형,법규위반,노면상태,기상상태,도로형태,가해운전자 차종,가해운전자 성별,가해운전자 연령,가해운전자 상해정도,피해운전자 차종,피해운전자 성별,피해운전자 연령,피해운전자 상해정도
2014030400100320,2014년 3월 4일 17시,화요일,경상북도 경산시 중방동,중상사고,0,1,0,0,차대차 - 기타,안전운전불이행,건조,맑음,단일로 - 기타,승용,남,24세,상해없음,화물,남,60세,중상
2014030400100321,2014년 3월 4일 17시,화요일,경상북도 구미시 봉곡동,경상사고,0,0,2,0,차대차 - 추돌 - 진행중,안전운전불이행,건조,맑음,단일로 - 기타,승용,남,52세,상해없음,화물,남,60세,경상
2014030400100344,2014년 3월 4일 18시,화요일,경상북도 경주시 황용동,경상사고,0,0,1,1,차대차 - 기타,중앙선침범,건조,맑음,단일로 - 기타,승용,남,63세,부상신고,화물,남,49세,경상
2014030400100345,2014년 3월 4일 18시,화요일,경상북도 포항시 북구 용흥동,경상사고,0,0,1,0,차대사람 - 횡단중,안전운전불이행,건조,맑음,단일로 - 기타,원동기,기타불명,기타불명,기타불명,보행자,여,12세,경상
2014030400100387,2014년 3월 4일 19시,화요일,경상북도 포항시 북구 남빈동,경상사고,0,0,3,0,차대차 - 기타,신호위반,건조,맑음,교차로 - 교차로안,승용,남,60세,상해없음,승용,남,69세,경상
2014030400100388,2014년 3월 4일 19시,화요일,경상북도 포항시 북구 장성동,중상사고,0,1,0,0,차대차 - 측면직각충돌,교차로운행방법위반,건조,맑음,교차로 - 교차로안,승용,남,63세,상해없음,원동기,남,48세,중상
2014030400100389,2014년 3월 4일 19시,화요일,경상북도 칠곡군 지천면,중상사고,0,1,0,0,차대차 - 기타,안전운전불이행,건조,맑음,단일로 - 기타,승합,남,23세,상해없음,자전거,남,63세,중상
2014030400100390,2014년 3월 4일 19시,화요일,경상북도 구미시 고아읍,경상사고,0,0,1,0,차대차 - 추돌 - 진행중,안전운전불이행,건조,맑음,단일로 - 기타,기타불명,기타불명,기타불명,기타불명,이륜,여,50세,경상
2014030400100422,2014년 3월 4일 20시,화요일,경상북도 의성군 의성읍,중상사고,0,1,0,0,차대사람 - 차도통행중,안전운전불이행,건조,기타,교차로 - 교차로안,화물,남,42세,상해없음,보행자,남,41세,중상
2014030400100423,2014년 3월 4일 20시,화요일,경상북도 경산시 대동,경상사고,0,0,1,0,차대차 - 측면직각충돌,차로위반,건조,맑음,단일로 - 기타,승용,남,53세,상해없음,원동기,남,18세,경상
2014030400100448,2014년 3월 4일 21시,화요일,경상북도 김천시 성내동,경상사고,0,0,1,0,차대차 - 측면직각충돌,중앙선침범,건조,맑음,단일로 - 기타,승용,남,63세,상해없음,화물,여,62세,경상
2014030400100473,2014년 3월 4일 22시,화요일,경상북도 안동시 정하동,중상사고,0,2,0,1,차대차 - 추돌 - 주정차중,안전운전불이행,건조,맑음,교차로 - 교차로부근,승용,남,41세,상해없음,승용,남,24세,중상
2014030400100474,2014년 3월 4일 22시,화요일,경상북도 칠곡군 석적읍,경상사고,0,0,3,1,차대차 - 기타,안전운전불이행,건조,맑음,교차로 - 교차로부근,승용,여,58세,상해없음,승용,남,55세,경상
2014030400100497,2014년 3월 4일 23시,화요일,경상북도 구미시 도량동,중상사고,0,1,0,0,차대차 - 추돌 - 진행중,안전운전불이행,건조,맑음,교차로 - 교차로부근,승용,남,24세,상해없음,승용,여,37세,중상
2014030500100075,2014년 3월 5일 06시,수요일,경상북도 울진군 북면,중상사고,0,1,0,0,차대사람 - 횡단중,안전운전불이행,건조,흐림,교차로 - 교차로안,승용,남,49세,상해없음,보행자,남,69세,중상
2014030500100076,2014년 3월 5일 06시,수요일,경상북도 구미시 시미동,경상사고,0,0,1,0,차대차 - 추돌 - 진행중,안전운전불이행,건조,맑음,교차로 - 교차로부근,승용,기타불명,기타불명,기타불명,승합,남,46세,경상
2014030500100077,2014년 3월 5일 06시,수요일,경상북도 구미시 장천면,경상사고,0,0,1,0,차대차 - 기타,안전운전불이행,기타,기타,기타 - 기타,승용,남,44세,경상,화물,남,61세,상해없음
2014030500100093,2014년 3월 5일 07시,수요일,경상북도 포항시 북구 기계면,중상사고,0,1,1,0,차대차 - 기타,교차로운행방법위반,건조,맑음,교차로 - 교차로안,화물,남,57세,상해없음,승용,여,54세,중상
2014030500100094,2014년 3월 5일 07시,수요일,경상북도 포항시 북구 신흥동,중상사고,0,1,0,0,차대차 - 기타,기타,건조,맑음,교차로 - 교차로안,기타불명,기타불명,기타불명,기타불명,승용,여,42세,중상
2014030500100095,2014년 3월 5일 07시,수요일,경상북도 안동시 법흥동,중상사고,0,1,0,0,차대차 - 기타,안전운전불이행,건조,맑음,단일로 - 횡단보도상,자전거,남,78세,중상,승용,여,47세,상해없음
2014030500100096,2014년 3월 5일 07시,수요일,경상북도 경산시 사동,중상사고,0,1,0,0,차대차 - 기타,안전운전불이행,건조,맑음,교차로 - 교차로안,승용,남,49세,상해없음,자전거,남,54세,중상
2014030500100097,2014년 3월 5일 07시,수요일,경상북도 구미시 송정동,경상사고,0,0,2,0,차대차 - 기타,안전운전불이행,건조,맑음,단일로 - 기타,승용,남,34세,상해없음,이륜,남,19세,경상
2014030500100124,2014년 3월 5일 08시,수요일,경상북도 포항시 북구 흥해읍,중상사고,0,2,0,0,차대차 - 기타,안전거리미확보,건조,맑음,단일로 - 기타,승용,남,56세,중상,승용,남,54세,상해없음
2014030500100125,2014년 3월 5일 08시,수요일,경상북도 안동시 서부동,경상사고,0,0,2,0,차대차 - 기타,직진우회전진행방해,건조,맑음,교차로 - 교차로안,승용,여,54세,경상,승용,남,54세,경상
2014030500100126,2014년 3월 5일 08시,수요일,경상북도 상주시 함창읍,경상사고,0,0,1,0,차대차 - 측면직각충돌,안전운전불이행,건조,맑음,단일로 - 기타,승용,여,39세,상해없음,자전거,남,11세,경상
2014030500100127,2014년 3월 5일 08시,수요일,경상북도 칠곡군 약목면,중상사고,0,1,0,0,차대차 - 추돌 - 주정차중,안전거리미확보,건조,맑음,교차로 - 교차로부근,화물,남,52세,상해없음,화물,남,41세,상해없음
2014030500100128,2014년 3월 5일 08시,수요일,경상북도 구미시 사곡동,경상사고,0,0,1,1,차대차 - 기타,중앙선침범,건조,맑음,단일로 - 기타,승용,남,48세,부상신고,승용,여,32세,경상
2014030500100162,2014년 3월 5일 09시,수요일,경상북도 문경시 산양면,경상사고,0,0,1,0,차대차 - 측면직각충돌,안전운전불이행,건조,맑음,단일로 - 기타,화물,남,62세,상해없음,화물,남,58세,경상
2014030500100186,2014년 3월 5일 10시,수요일,경상북도 김천시 구성면,중상사고,0,1,2,0,차대차 - 측면직각충돌,안전운전불이행,건조,맑음,단일로 - 기타,화물,남,78세,상해없음,화물,여,47세,경상
2014030500100187,2014년 3월 5일 10시,수요일,경상북도 영주시 영주동,경상사고,0,0,2,0,차대차 - 측면직각충돌,신호위반,건조,맑음,교차로 - 교차로안,승용,남,17세,경상,승용,남,60세,경상
2014030500100188,2014년 3월 5일 10시,수요일,경상북도 영주시 부석면,중상사고,0,1,0,0,차대차 - 측면직각충돌,교차로운행방법위반,건조,맑음,교차로 - 교차로안,농기계,남,70세,중상,화물,남,52세,상해없음
2014030500100189,2014년 3월 5일 10시,수요일,경상북도 칠곡군 지천면,경상사고,0,0,1,0,차대차 - 기타,중앙선침범,건조,맑음,단일로 - 기타,화물,남,41세,상해없음,승용,여,42세,경상
2014030500100190,2014년 3월 5일 10시,수요일,경상북도 성주군 성주읍,경상사고,0,0,1,0,차대차 - 측면직각충돌,직진우회전진행방해,건조,맑음,교차로 - 교차로안,화물,남,63세,상해없음,화물,남,20세,경상
2014030500100213,2014년 3월 5일 11시,수요일,경상북도 영천시 조교동,중상사고,0,1,0,0,차대차 - 측면직각충돌,안전운전불이행,건조,맑음,단일로 - 기타,승용,여,38세,상해없음,이륜,남,82세,중상
2014030500100231,2014년 3월 5일 12시,수요일,경상북도 경주시 충효동,부상신고사고,0,0,0,1,차대차 - 기타,안전운전불이행,건조,맑음,교차로 - 교차로안,승용,여,39세,부상신고,승용,남,64세,상해없음
2014030500100232,2014년 3월 5일 12시,수요일,경상북도 칠곡군 석적읍,중상사고,0,1,0,0,차대사람 - 횡단중,안전운전불이행,건조,맑음,단일로 - 기타,승용,여,27세,상해없음,보행자,남,9세,중상
2014030500100265,2014년 3월 5일 13시,수요일,경상북도 경산시 하양읍,중상사고,0,1,0,0,차대차 - 기타,기타,건조,맑음,교차로 - 교차로안,승용,남,52세,상해없음,이륜,남,45세,중상
2014030500100292,2014년 3월 5일 14시,수요일,경상북도 상주시 인평동,경상사고,0,0,1,0,차대차 - 측면직각충돌,안전운전불이행,건조,맑음,단일로 - 기타,승용,여,24세,상해없음,자전거,여,71세,경상
2014030500100325,2014년 3월 5일 15시,수요일,경상북도 경주시 안강읍,경상사고,0,0,1,0,차대차 - 기타,안전운전불이행,건조,맑음,교차로 - 교차로안,농기계,남,74세,경상,승용,남,45세,상해없음
2014030500100326,2014년 3월 5일 15시,수요일,경상북도 포항시 북구 학잠동,경상사고,0,0,1,0,차대차 - 기타,안전운전불이행,건조,맑음,단일로 - 기타,승용,남,78세,상해없음,승용,여,40세,경상
2014030500100327,2014년 3월 5일 15시,수요일,경상북도 칠곡군 왜관읍,경상사고,0,0,1,0,차대차 - 기타,안전운전불이행,건조,맑음,교차로 - 교차로부근,승용,남,39세,상해없음,승용,여,53세,경상
2014030500100328,2014년 3월 5일 15시,수요일,경상북도 구미시 광평동,중상사고,0,1,2,0,차대차 - 기타,직진우회전진행방해,건조,맑음,교차로 - 교차로안,화물,남,42세,경상,승용,남,54세,중상
2014030500100329,2014년 3월 5일 15시,수요일,경상북도 구미시 공단동,경상사고,0,0,1,0,차대차 - 기타,안전운전불이행,건조,맑음,단일로 - 기타,화물,여,53세,상해없음,이륜,남,32세,경상
2014030500100353,2014년 3월 5일 16시,수요일,경상북도 포항시 북구 장성동,경상사고,0,0,1,0,차대차 - 기타,안전운전불이행,건조,맑음,기타 - 기타,승용,여,31세,상해없음,승용,여,46세,경상
2014030500100354,2014년 3월 5일 16시,수요일,경상북도 영주시 휴천동,경상사고,0,0,2,0,차대차 - 측면직각충돌,안전운전불이행,건조,맑음,단일로 - 기타,화물,남,38세,상해없음,승용,여,62세,경상
2014030500100394,2014년 3월 5일 17시,수요일,경상북도 상주시 신봉동,경상사고,0,0,1,0,차대차 - 기타,안전운전불이행,건조,맑음,교차로 - 교차로부근,화물,남,60세,상해없음,자전거,남,14세,경상
2014030500100395,2014년 3월 5일 17시,수요일,경상북도 칠곡군 동명면,경상사고,0,0,1,0,차대차 - 기타,안전운전불이행,건조,맑음,단일로 - 기타,승용,남,60세,상해없음,이륜,남,41세,경상
2014030500100396,2014년 3월 5일 17시,수요일,경상북도 구미시 구평동,부상신고사고,0,0,0,1,차대차 - 기타,교차로운행방법위반,건조,맑음,교차로 - 교차로안,이륜,남,34세,부상신고,승용,남,39세,상해없음
2014030500100424,2014년 3월 5일 18시,수요일,경상북도 영천시 청통면,경상사고,0,0,1,0,차대차 - 기타,중앙선침범,건조,맑음,단일로 - 기타,화물,남,62세,상해없음,승용,남,49세,경상
2014030500100425,2014년 3월 5일 18시,수요일,경상북도 포항시 남구 대송면,중상사고,0,1,0,0,차대사람 - 횡단중,안전운전불이행,건조,맑음,교차로 - 교차로부근,승용,여,24세,상해없음,보행자,남,25세,중상
2014030500100470,2014년 3월 5일 19시,수요일,경상북도 김천시 감문면,중상사고,0,2,0,0,차대차 - 측면직각충돌,교차로운행방법위반,건조,맑음,교차로 - 교차로안,이륜,남,69세,중상,자전거,여,74세,중상
2014030500100471,2014년 3월 5일 19시,수요일,경상북도 영주시 휴천동,경상사고,0,0,1,0,차대차 - 추돌 - 진행중,안전운전불이행,건조,맑음,교차로 - 교차로부근,승용,남,46세,상해없음,자전거,남,73세,경상
2014030500100472,2014년 3월 5일 19시,수요일,경상북도 영천시 금호읍,경상사고,0,0,1,0,차대차 - 기타,중앙선침범,건조,맑음,기타 - 기타,승합,남,56세,상해없음,승용,남,45세,경상
2014030500100473,2014년 3월 5일 19시,수요일,경상북도 영천시 창구동,경상사고,0,0,1,0,차대차 - 측면직각충돌,안전운전불이행,건조,맑음,단일로 - 기타,승용,남,45세,상해없음,승용,남,54세,경상
2014030500100474,2014년 3월 5일 19시,수요일,경상북도 구미시 상모동,경상사고,0,0,1,0,차대차 - 기타,안전운전불이행,건조,맑음,단일로 - 기타,승용,남,30세,상해없음,승합,남,34세,경상
2014030500100542,2014년 3월 5일 21시,수요일,경상북도 경주시 외동읍,중상사고,0,1,0,0,차대사람 - 기타,안전운전불이행,건조,맑음,교차로 - 교차로안,승용,여,53세,상해없음,보행자,여,45세,중상
2014030500100543,2014년 3월 5일 21시,수요일,경상북도 경산시 대동,경상사고,0,0,1,0,차대사람 - 횡단중,안전운전불이행,건조,맑음,단일로 - 기타,승용,남,68세,상해없음,보행자,남,18세,경상
2014030500100569,2014년 3월 5일 22시,수요일,경상북도 경주시 외동읍,경상사고,0,0,1,0,차대차 - 기타,안전운전불이행,건조,맑음,단일로 - 기타,승용,남,38세,상해없음,화물,남,46세,경상
2014030500100570,2014년 3월 5일 22시,수요일,경상북도 구미시 신평동,중상사고,0,1,0,0,차대사람 - 횡단중,신호위반,건조,맑음,교차로 - 교차로부근,이륜,남,17세,상해없음,보행자,남,38세,중상
2014030500100593,2014년 3월 5일 23시,수요일,경상북도 경산시 와촌면,경상사고,0,0,1,0,차대차 - 기타,안전운전불이행,건조,맑음,단일로 - 기타,승용,여,43세,상해없음,승용,남,42세,경상
2014030600100013,2014년 3월 6일 00시,목요일,경상북도 경주시 안강읍,경상사고,0,0,1,0,차대차 - 기타,안전운전불이행,건조,맑음,단일로 - 기타,화물,남,48세,상해없음,승용,여,21세,경상
2014030600100014,2014년 3월 6일 00시,목요일,경상북도 포항시 북구 대흥동,경상사고,0,0,1,0,차대차 - 기타,안전운전불이행,건조,맑음,교차로 - 교차로부근,승용,남,52세,상해없음,승용,남,51세,경상
2014030600100015,2014년 3월 6일 00시,목요일,경상북도 포항시 북구 대신동,경상사고,0,0,1,0,차대차 - 기타,교차로운행방법위반,건조,맑음,교차로 - 교차로안,승용,남,32세,상해없음,승용,남,56세,상해없음
2014030600100030,2014년 3월 6일 01시,목요일,경상북도 경산시 하양읍,경상사고,0,0,1,0,차대차 - 기타,직진우회전진행방해,건조,맑음,교차로 - 교차로안,승용,남,28세,상해없음,이륜,남,18세,경상
2014030600100040,2014년 3월 6일 02시,목요일,경상북도 칠곡군 가산면,부상신고사고,0,0,0,1,차대차 - 기타,안전운전불이행,건조,맑음,단일로 - 기타,화물,남,31세,부상신고,화물,남,30세,상해없음
2014030600100055,2014년 3월 6일 04시,목요일,경상북도 구미시 선산읍,부상신고사고,0,0,0,1,차대차 - 측면직각충돌,교차로운행방법위반,건조,맑음,교차로 - 교차로안,이륜,남,16세,부상신고,승용,남,30세,기타불명
2014030600100071,2014년 3월 6일 06시,목요일,경상북도 영천시 교촌동,중상사고,0,1,1,0,차대사람 - 기타,안전운전불이행,건조,맑음,단일로 - 기타,화물,남,58세,중상,보행자,여,79세,경상
2014030600100090,2014년 3월 6일 07시,목요일,경상북도 영천시 완산동,경상사고,0,0,3,0,차대차 - 추돌 - 진행중,안전운전불이행,건조,맑음,단일로 - 기타,승용,남,56세,상해없음,승용,남,30세,경상
2014030600100091,2014년 3월 6일 07시,목요일,경상북도 문경시 산양면,중상사고,0,1,0,0,차대차 - 측면직각충돌,신호위반,건조,맑음,교차로 - 교차로안,승용,남,61세,상해없음,승용,여,34세,중상
2014030600100092,2014년 3월 6일 07시,목요일,경상북도 문경시 흥덕동,경상사고,0,0,1,1,차대차 - 측면직각충돌,신호위반,건조,맑음,교차로 - 교차로안,승용,남,42세,부상신고,화물,남,23세,경상
2014030600100093,2014년 3월 6일 07시,목요일,경상북도 포항시 남구 오천읍,경상사고,0,0,1,0,차대차 - 기타,안전운전불이행,건조,맑음,교차로 - 교차로부근,자전거,남,36세,경상,승용,남,56세,상해없음
2014030600100133,2014년 3월 6일 08시,목요일,경상북도 칠곡군 지천면,경상사고,0,0,3,1,차대차 - 기타,안전거리미확보,건조,맑음,단일로 - 기타,화물,남,55세,상해없음,승용,남,33세,상해없음
2014030600100134,2014년 3월 6일 08시,목요일,경상북도 포항시 남구 구룡포읍,경상사고,0,0,1,0,차대사람 - 기타,안전운전불이행,건조,맑음,단일로 - 기타,기타불명,기타불명,기타불명,기타불명,보행자,남,12세,경상
2014030600100135,2014년 3월 6일 08시,목요일,경상북도 포항시 남구 오천읍,경상사고,0,0,1,0,차대차 - 기타,교차로운행방법위반,건조,맑음,교차로 - 교차로안,승용,여,36세,상해없음,승용,여,23세,경상
2014030600100157,2014년 3월 6일 09시,목요일,경상북도 김천시 덕곡동,경상사고,0,0,1,0,차대차 - 측면직각충돌,안전운전불이행,건조,맑음,단일로 - 기타,이륜,남,74세,경상,승용,여,35세,상해없음
2014030600100158,2014년 3월 6일 09시,목요일,경상북도 의성군 점곡면,경상사고,0,0,1,0,차대차 - 측면직각충돌,안전운전불이행,건조,맑음,단일로 - 기타,화물,남,65세,상해없음,화물,남,31세,경상
2014030600100159,2014년 3월 6일 09시,목요일,경상북도 구미시 공단동,경상사고,0,0,1,0,차대차 - 기타,안전운전불이행,건조,맑음,기타 - 기타,승용,남,48세,상해없음,자전거,남,25세,경상
2014030600100306,2014년 3월 6일 15시,목요일,경상북도 안동시 송현동,경상사고,0,0,1,0,차대차 - 기타,안전운전불이행,건조,맑음,단일로 - 기타,승용,여,44세,상해없음,원동기,남,68세,경상
2014030600100307,2014년 3월 6일 15시,목요일,경상북도 안동시 길안면,중상사고,0,1,0,0,차대차 - 기타,안전운전불이행,건조,맑음,단일로 - 기타,승용,여,45세,상해없음,농기계,남,66세,중상
2014030600100308,2014년 3월 6일 15시,목요일,경상북도 칠곡군 지천면,중상사고,0,1,0,0,차량단독 - 공작물충돌,안전운전불이행,기타,기타,단일로 - 기타,승용,남,61세,중상,,,,
2014030600100309,2014년 3월 6일 15시,목요일,경상북도 영천시 금호읍,경상사고,0,0,1,0,차대차 - 기타,안전운전불이행,건조,맑음,기타 - 기타,이륜,남,58세,경상,승용,남,48세,상해없음
2014030600100310,2014년 3월 6일 15시,목요일,경상북도 경산시 중방동,경상사고,0,0,1,0,차대차 - 기타,안전운전불이행,건조,맑음,단일로 - 기타,승용,남,22세,기타불명,자전거,남,23세,경상
2014030600100337,2014년 3월 6일 16시,목요일,경상북도 영주시 영주동,경상사고,0,0,2,0,차대차 - 측면직각충돌,직진우회전진행방해,건조,맑음,교차로 - 교차로안,승용,남,60세,상해없음,승용,남,71세,경상
2014030600100338,2014년 3월 6일 16시,목요일,경상북도 구미시 구포동,중상사고,0,1,0,0,차대차 - 기타,안전운전불이행,건조,맑음,단일로 - 기타,승용,남,23세,상해없음,이륜,남,34세,중상
2014030600100359,2014년 3월 6일 17시,목요일,경상북도 포항시 북구 흥해읍,중상사고,0,1,0,0,차대차 - 기타,기타,건조,맑음,단일로 - 기타,원동기,남,72세,중상,승용,남,56세,상해없음
2014030600100360,2014년 3월 6일 17시,목요일,경상북도 울진군 울진읍,중상사고,0,1,0,0,차대차 - 측면직각충돌,직진우회전진행방해,건조,맑음,교차로 - 교차로안,승용,남,53세,상해없음,승용,여,46세,중상
2014030600100381,2014년 3월 6일 18시,목요일,경상북도 포항시 북구 덕산동,경상사고,0,0,2,0,차대차 - 기타,안전운전불이행,건조,맑음,교차로 - 교차로안,승용,여,55세,상해없음,승용,남,57세,경상
2014030600100417,2014년 3월 6일 19시,목요일,경상북도 구미시 공단동,경상사고,0,0,1,0,차대차 - 기타,안전운전불이행,건조,맑음,단일로 - 기타,기타불명,기타불명,기타불명,기타불명,자전거,여,53세,경상
2014030600100418,2014년 3월 6일 19시,목요일,경상북도 포항시 남구 송내동,중상사고,0,1,0,0,차대차 - 추돌 - 주정차중,안전운전불이행,건조,맑음,단일로 - 교량,화물,남,44세,상해없음,승용,여,30세,중상
2014030600100491,2014년 3월 6일 22시,목요일,경상북도 경주시 성건동,경상사고,0,0,1,0,차대사람 - 기타,안전운전불이행,건조,기타,단일로 - 기타,승용,남,66세,상해없음,보행자,남,26세,경상
2014030600100492,2014년 3월 6일 22시,목요일,경상북도 구미시 광평동,중상사고,0,1,0,0,차대차 - 기타,안전운전불이행,건조,맑음,단일로 - 기타,기타불명,기타불명,기타불명,기타불명,이륜,남,43세,중상
2014030600100524,2014년 3월 6일 23시,목요일,경상북도 포항시 북구 장성동,경상사고,0,0,1,0,차대차 - 기타,안전운전불이행,건조,맑음,교차로 - 교차로부근,승용,남,42세,상해없음,승용,남,65세,경상
2014030600100525,2014년 3월 6일 23시,목요일,경상북도 상주시 계산동,중상사고,0,1,0,0,차대차 - 기타,신호위반,건조,맑음,교차로 - 교차로안,승용,남,44세,상해없음,승용,여,47세,중상
2014030600100526,2014년 3월 6일 23시,목요일,경상북도 포항시 남구 효자동,중상사고,0,2,0,0,차대차 - 기타,직진우회전진행방해,건조,맑음,교차로 - 교차로안,승용,남,48세,상해없음,이륜,남,25세,중상
2014030700100034,2014년 3월 7일 02시,금요일,경상북도 경산시 중방동,중상사고,0,3,1,0,차대차 - 기타,안전운전불이행,건조,맑음,단일로 - 기타,승용,남,28세,상해없음,승용,남,56세,중상
2014030700100090,2014년 3월 7일 07시,금요일,경상북도 김천시 아포읍,중상사고,0,2,1,0,차대차 - 추돌 - 진행중,기타,건조,맑음,단일로 - 기타,승용,남,26세,경상,승용,남,48세,중상
2014030700100135,2014년 3월 7일 08시,금요일,경상북도 경산시 용성면,경상사고,0,0,2,0,차대차 - 정면충돌,중앙선침범,건조,맑음,단일로 - 기타,화물,여,35세,경상,건설기계,남,47세,경상
2014030700100136,2014년 3월 7일 08시,금요일,경상북도 포항시 남구 대도동,중상사고,0,1,0,0,차대차 - 기타,보행자보호의무위반,건조,맑음,교차로 - 교차로부근,승용,남,51세,상해없음,승용,남,53세,상해없음
2014030700100160,2014년 3월 7일 09시,금요일,경상북도 구미시 황상동,경상사고,0,0,1,1,차대차 - 기타,교차로운행방법위반,건조,맑음,교차로 - 교차로안,승용,여,46세,부상신고,승용,여,51세,경상
2014030700100186,2014년 3월 7일 10시,금요일,경상북도 경주시 외동읍,중상사고,0,3,7,0,차대차 - 기타,신호위반,건조,맑음,교차로 - 교차로안,화물,남,50세,상해없음,화물,남,26세,중상
2014030700100187,2014년 3월 7일 10시,금요일,경상북도 영천시 화남면,경상사고,0,0,1,0,차대차 - 기타,기타,건조,맑음,교차로 - 교차로부근,화물,남,62세,상해없음,승용,남,45세,경상
2014030700100210,2014년 3월 7일 11시,금요일,경상북도 경주시 양북면,경상사고,0,0,1,1,차대차 - 기타,안전운전불이행,건조,맑음,단일로 - 기타,승용,남,72세,부상신고,승용,남,24세,경상
2014030700100211,2014년 3월 7일 11시,금요일,경상북도 상주시 서성동,중상사고,0,1,0,0,차대차 - 추돌 - 진행중,안전운전불이행,건조,맑음,단일로 - 기타,승용,여,39세,상해없음,자전거,남,80세,중상
2014030700100212,2014년 3월 7일 11시,금요일,경상북도 영천시 화산면,경상사고,0,0,1,0,차대차 - 측면직각충돌,교차로운행방법위반,건조,맑음,교차로 - 교차로안,승용,남,88세,상해없음,승용,남,39세,경상
2014030700100232,2014년 3월 7일 12시,금요일,경상북도 포항시 남구 대잠동,중상사고,0,1,1,0,차대차 - 기타,안전운전불이행,건조,맑음,단일로 - 기타,승용,남,48세,상해없음,자전거,여,20세,중상
2014030700100300,2014년 3월 7일 15시,금요일,경상북도 경산시 삼남동,부상신고사고,0,0,0,1,차대차 - 기타,안전거리미확보,건조,맑음,교차로 - 교차로부근,승용,남,46세,상해없음,승용,남,33세,부상신고
2014030700100326,2014년 3월 7일 16시,금요일,경상북도 영천시 임고면,중상사고,0,2,1,0,차대차 - 추돌 - 진행중,안전운전불이행,건조,맑음,단일로 - 기타,화물,남,28세,상해없음,승용,남,35세,중상
2014030700100357,2014년 3월 7일 17시,금요일,경상북도 포항시 남구 해도동,경상사고,0,0,1,0,차대차 - 기타,안전운전불이행,건조,맑음,단일로 - 기타,승용,여,46세,상해없음,이륜,남,38세,경상
2014030700100392,2014년 3월 7일 18시,금요일,경상북도 경주시 강동면,중상사고,0,2,0,0,차량단독 - 공작물충돌,안전운전불이행,건조,맑음,단일로 - 기타,승합,남,30세,중상,,,,
2014030700100393,2014년 3월 7일 18시,금요일,경상북도 경주시 시래동,중상사고,0,1,0,0,차대차 - 추돌 - 주정차중,안전운전불이행,건조,맑음,교차로 - 교차로안,화물,남,64세,상해없음,승용,여,46세,중상
2014030700100394,2014년 3월 7일 18시,금요일,경상북도 예천군 풍양면,경상사고,0,0,2,0,차대차 - 측면직각충돌,중앙선침범,건조,맑음,단일로 - 기타,화물,남,61세,경상,승용,남,49세,경상
2014030700100430,2014년 3월 7일 19시,금요일,경상북도 김천시 부곡동,중상사고,0,1,0,0,차대사람 - 기타,안전운전불이행,건조,맑음,교차로 - 교차로부근,승합,남,32세,상해없음,보행자,여,72세,중상
2014030700100431,2014년 3월 7일 19시,금요일,경상북도 문경시 점촌동,중상사고,0,1,0,0,차대사람 - 횡단중,안전운전불이행,건조,맑음,교차로 - 교차로안,승용,남,45세,상해없음,보행자,여,53세,중상
2014030700100432,2014년 3월 7일 19시,금요일,경상북도 구미시 형곡동,중상사고,0,1,0,0,차대사람 - 기타,안전운전불이행,건조,맑음,단일로 - 횡단보도부근,승용,남,62세,상해없음,보행자,남,57세,중상
2014030700100463,2014년 3월 7일 20시,금요일,경상북도 경주시 용강동,경상사고,0,0,2,0,차대차 - 측면직각충돌,안전운전불이행,건조,맑음,단일로 - 기타,승용,남,45세,상해없음,승용,남,60세,경상
2014030700100492,2014년 3월 7일 21시,금요일,경상북도 영천시 북안면,중상사고,0,1,0,0,차대차 - 기타,중앙선침범,건조,맑음,단일로 - 기타,화물,남,47세,기타불명,승용,남,34세,중상
2014030700100493,2014년 3월 7일 21시,금요일,경상북도 구미시 봉곡동,부상신고사고,0,0,0,1,차대차 - 기타,기타,건조,맑음,교차로 - 교차로안,승용,남,54세,상해없음,이륜,남,19세,부상신고
2014030700100533,2014년 3월 7일 22시,금요일,경상북도 구미시 봉곡동,중상사고,0,1,0,0,차대차 - 기타,안전운전불이행,건조,맑음,단일로 - 기타,승용,남,45세,상해없음,이륜,남,18세,중상
2014030700100560,2014년 3월 7일 23시,금요일,경상북도 경산시 사동,경상사고,0,0,3,0,차대차 - 측면직각충돌,신호위반,건조,맑음,교차로 - 교차로안,원동기,남,17세,경상,승용,남,24세,경상
2014030700100561,2014년 3월 7일 23시,금요일,경상북도 포항시 남구 장흥동,경상사고,0,0,2,0,차대차 - 기타,직진우회전진행방해,건조,맑음,교차로 - 교차로안,승용,남,21세,경상,화물,남,57세,경상
2014030800100047,2014년 3월 8일 01시,토요일,경상북도 안동시 당북동,경상사고,0,0,2,0,차대차 - 측면직각충돌,신호위반,건조,맑음,교차로 - 교차로안,승용,남,51세,상해없음,승용,남,32세,경상
2014030800100065,2014년 3월 8일 02시,토요일,경상북도 포항시 북구 동빈2가,경상사고,0,0,1,0,차대차 - 기타,중앙선침범,건조,맑음,단일로 - 기타,화물,남,52세,상해없음,승용,남,45세,경상
2014030800100077,2014년 3월 8일 03시,토요일,경상북도 포항시 북구 장성동,경상사고,0,0,1,0,차대차 - 기타,신호위반,건조,맑음,교차로 - 교차로안,승용,남,39세,상해없음,승용,남,44세,경상
2014030800100114,2014년 3월 8일 06시,토요일,경상북도 영천시 금호읍,경상사고,0,0,1,0,차대차 - 추돌 - 진행중,안전운전불이행,건조,맑음,단일로 - 기타,승용,남,50세,경상,승용,남,19세,상해없음