사고번호,사고일시,요일,시군구,사고내용,사망자수,중상자수,경상자수,부상신고자수,사고유형,법규위반,노면상태,기상상태,도로형태,가해운전자 차종,가해운전자 성별,가해운전자 연령,가해운전자 상해정도,피해운전자 차종,피해운전자 성별,피해운전자 연령,피해운전자 상해정도
2014030800100130,2014년 3월 8일 07시,토요일,경상북도 영덕군 남정면,중상사고,0,7,2,0,차대차 - 추돌 - 진행중,안전운전불이행,건조,맑음,단일로 - 기타,화물,남,61세,경상,승합,남,58세,경상
2014030800100158,2014년 3월 8일 09시,토요일,경상북도 김천시 신음동,경상사고,0,0,3,0,차대차 - 측면직각충돌,안전운전불이행,건조,맑음,단일로 - 기타,화물,남,67세,상해없음,승용,남,70세,경상
2014030800100159,2014년 3월 8일 09시,토요일,경상북도 예천군 지보면,사망사고,1,0,0,0,차대차 - 측면직각충돌,불법유턴,건조,맑음,단일로 - 기타,농기계,남,69세,사망,승용,남,49세,상해없음
2014030800100160,2014년 3월 8일 09시,토요일,경상북도 구미시 고아읍,중상사고,0,1,1,0,차대차 - 측면직각충돌,교차로운행방법위반,건조,맑음,교차로 - 교차로안,승용,남,47세,경상,건설기계,남,46세,상해없음
2014030800100186,2014년 3월 8일 10시,토요일,경상북도 경주시 노서동,경상사고,0,0,1,0,차대차 - 기타,신호위반,건조,맑음,교차로 - 교차로안,이륜,남,75세,경상,승용,남,34세,상해없음
2014030800100187,2014년 3월 8일 10시,토요일,경상북도 안동시 옥동,경상사고,0,0,2,0,차대차 - 측면직각충돌,직진우회전진행방해,건조,맑음,교차로 - 교차로안,승용,여,48세,상해없음,승용,남,46세,경상
2014030800100188,2014년 3월 8일 10시,토요일,경상북도 봉화군 명호면,중상사고,0,1,0,0,차량단독 - 도로외이탈 - 기타,안전운전불이행,건조,맑음,단일로 - 기타,원동기,남,78세,중상,,,,
2014030800100211,2014년 3월 8일 11시,토요일,경상북도 구미시 옥성면,중상사고,0,1,0,0,차대차 - 측면직각충돌,안전운전불이행,건조,맑음,단일로 - 터널,화물,남,56세,상해없음,화물,남,44세,중상
2014030800100235,2014년 3월 8일 12시,토요일,경상북도 경주시 외동읍,중상사고,0,1,0,0,차대차 - 기타,안전운전불이행,건조,맑음,교차로 - 교차로안,화물,남,46세,상해없음,이륜,남,81세,중상
2014030800100236,2014년 3월 8일 12시,토요일,경상북도 고령군 쌍림면,경상사고,0,0,2,0,차대차 - 추돌 - 진행중,안전운전불이행,건조,맑음,단일로 - 기타,승합,남,57세,상해없음,승용,남,68세,경상
2014030800100261,2014년 3월 8일 13시,토요일,경상북도 포항시 북구 대흥동,경상사고,0,0,1,0,차대차 - 추돌 - 진행중,안전운전불이행,건조,맑음,교차로 - 교차로부근,승용,남,63세,상해없음,승용,남,47세,경상
2014030800100262,2014년 3월 8일 13시,토요일,경상북도 포항시 북구 장성동,경상사고,0,0,1,0,차대사람 - 횡단중,보행자보호의무위반,건조,맑음,교차로 - 교차로안,승용,여,31세,상해없음,보행자,여,15세,경상
2014030800100263,2014년 3월 8일 13시,토요일,경상북도 영주시 가흥동,경상사고,0,0,4,0,차대차 - 추돌 - 주정차중,안전운전불이행,건조,맑음,교차로 - 교차로부근,승용,남,57세,상해없음,승용,남,50세,경상
2014030800100264,2014년 3월 8일 13시,토요일,경상북도 영덕군 강구면,부상신고사고,0,0,0,1,차대차 - 측면직각충돌,안전운전불이행,건조,맑음,단일로 - 기타,자전거,남,70세,부상신고,승합,남,37세,상해없음
2014030800100317,2014년 3월 8일 15시,토요일,경상북도 구미시 도량동,경상사고,0,0,1,0,차대차 - 기타,안전운전불이행,건조,맑음,단일로 - 횡단보도상,승용,남,64세,상해없음,자전거,남,44세,경상
2014030800100369,2014년 3월 8일 17시,토요일,경상북도 고령군 덕곡면,중상사고,0,1,0,0,차대차 - 측면직각충돌,안전운전불이행,건조,맑음,교차로 - 교차로부근,승용,남,58세,상해없음,자전거,남,61세,중상
2014030800100397,2014년 3월 8일 18시,토요일,경상북도 포항시 북구 죽도동,경상사고,0,0,1,0,차대차 - 기타,안전운전불이행,건조,맑음,단일로 - 기타,승용,남,58세,상해없음,승용,남,29세,경상
2014030800100398,2014년 3월 8일 18시,토요일,경상북도 포항시 남구 효자동,경상사고,0,0,1,0,차대사람 - 기타,안전운전불이행,건조,맑음,단일로 - 기타,기타불명,기타불명,기타불명,기타불명,보행자,여,77세,경상
2014030800100440,2014년 3월 8일 19시,토요일,경상북도 경산시 진량읍,경상사고,0,0,1,0,차대사람 - 기타,안전운전불이행,건조,맑음,교차로 - 교차로부근,승용,여,45세,상해없음,보행자,남,51세,경상
2014030800100441,2014년 3월 8일 19시,토요일,경상북도 구미시 신평동,중상사고,0,1,0,0,차대차 - 기타,안전운전불이행,건조,맑음,단일로 - 기타,승용,남,52세,중상,특수,남,32세,기타불명
2014030800100480,2014년 3월 8일 20시,토요일,경상북도 안동시 대석동,경상사고,0,0,1,0,차대차 - 추돌 - 진행중,안전운전불이행,건조,맑음,단일로 - 기타,승용,남,49세,상해없음,승용,남,60세,경상
2014030800100481,2014년 3월 8일 20시,토요일,경상북도 경산시 자인면,경상사고,0,0,1,0,차대차 - 정면충돌,중앙선침범,건조,맑음,교차로 - 교차로안,승용,남,47세,상해없음,화물,남,54세,경상
2014030800100482,2014년 3월 8일 20시,토요일,경상북도 구미시 광평동,경상사고,0,0,1,0,차대차 - 기타,신호위반,건조,맑음,교차로 - 교차로안,승용,남,37세,상해없음,이륜,남,33세,경상
2014030800100513,2014년 3월 8일 21시,토요일,경상북도 구미시 고아읍,중상사고,0,1,1,0,차대차 - 측면직각충돌,안전운전불이행,건조,맑음,교차로 - 교차로부근,승용,남,38세,상해없음,승용,남,32세,중상
2014030900100018,2014년 3월 9일 00시,일요일,경상북도 경산시 조영동,중상사고,0,1,0,0,차대차 - 기타,안전운전불이행,건조,맑음,단일로 - 기타,승용,남,24세,상해없음,승용,남,22세,상해없음
2014030900100019,2014년 3월 9일 00시,일요일,경상북도 청도군 이서면,중상사고,0,2,3,0,차량단독 - 전도전복,안전운전불이행,건조,맑음,단일로 - 교량,화물,남,57세,경상,,,,
2014030900100020,2014년 3월 9일 00시,일요일,경상북도 구미시 사곡동,경상사고,0,0,2,0,차대차 - 측면직각충돌,안전운전불이행,건조,맑음,교차로 - 교차로부근,승용,남,28세,상해없음,승용,남,51세,경상
2014030900100063,2014년 3월 9일 02시,일요일,경상북도 칠곡군 기산면,중상사고,0,1,0,0,차량단독 - 전도전복,안전운전불이행,건조,맑음,단일로 - 기타,승용,남,29세,중상,,,,
2014030900100064,2014년 3월 9일 02시,일요일,경상북도 경산시 압량면,경상사고,0,0,2,0,차대차 - 추돌 - 주정차중,안전운전불이행,건조,맑음,교차로 - 교차로부근,승용,남,26세,경상,승용,여,39세,기타불명
2014030900100142,2014년 3월 9일 08시,일요일,경상북도 의성군 의성읍,중상사고,0,3,0,0,차대차 - 기타,중앙선침범,적설,흐림,단일로 - 기타,승용,남,50세,상해없음,승용,남,51세,중상
2014030900100153,2014년 3월 9일 09시,일요일,경상북도 영주시 영주동,중상사고,0,1,0,0,차대사람 - 기타,신호위반,습기,눈,교차로 - 교차로안,화물,남,59세,상해없음,보행자,남,48세,중상
2014030900100169,2014년 3월 9일 10시,일요일,경상북도 의성군 단촌면,부상신고사고,0,0,0,1,차량단독 - 전도전복,안전운전불이행,결빙,흐림,단일로 - 기타,화물,남,19세,상해없음,,,,
2014030900100170,2014년 3월 9일 10시,일요일,경상북도 칠곡군 지천면,중상사고,0,1,0,0,차대차 - 측면직각충돌,교차로운행방법위반,건조,흐림,교차로 - 교차로안,승용,남,45세,상해없음,이륜,남,46세,중상
2014030900100190,2014년 3월 9일 11시,일요일,경상북도 영주시 풍기읍,중상사고,0,3,0,0,차대차 - 측면직각충돌,안전운전불이행,습기,맑음,교차로 - 교차로안,승용,남,49세,상해없음,승용,여,23세,중상
2014030900100207,2014년 3월 9일 12시,일요일,경상북도 포항시 북구 용흥동,경상사고,0,0,1,0,차대차 - 추돌 - 진행중,신호위반,건조,맑음,단일로 - 기타,승용,여,36세,상해없음,승용,남,44세,경상
2014030900100208,2014년 3월 9일 12시,일요일,경상북도 구미시 광평동,경상사고,0,0,2,0,차대차 - 기타,교차로운행방법위반,건조,맑음,교차로 - 교차로안,승용,여,45세,상해없음,승용,남,57세,경상
2014030900100209,2014년 3월 9일 12시,일요일,경상북도 포항시 남구 오천읍,중상사고,0,1,0,0,차대차 - 기타,직진우회전진행방해,건조,맑음,교차로 - 교차로안,이륜,남,40세,중상,화물,남,41세,상해없음
2014030900100223,2014년 3월 9일 13시,일요일,경상북도 포항시 북구 동빈2가,경상사고,0,0,5,0,차대차 - 기타,안전운전불이행,건조,맑음,단일로 - 기타,승용,남,56세,상해없음,승용,여,46세,경상
2014030900100244,2014년 3월 9일 14시,일요일,경상북도 안동시 안흥동,경상사고,0,0,1,0,차대차 - 기타,차로위반,건조,맑음,단일로 - 기타,승용,남,77세,상해없음,화물,여,53세,경상
2014030900100245,2014년 3월 9일 14시,일요일,경상북도 김천시 감천면,중상사고,0,1,2,1,차대차 - 측면직각충돌,교차로운행방법위반,건조,맑음,교차로 - 교차로안,승용,남,32세,부상신고,승용,남,55세,경상
2014030900100276,2014년 3월 9일 15시,일요일,경상북도 경주시 감포읍,부상신고사고,0,0,0,1,차대차 - 정면충돌,중앙선침범,건조,맑음,단일로 - 기타,승용,남,55세,상해없음,승합,남,58세,상해없음
2014030900100277,2014년 3월 9일 15시,일요일,경상북도 영주시 상망동,경상사고,0,0,3,0,차대차 - 추돌 - 주정차중,안전운전불이행,건조,맑음,교차로 - 교차로부근,화물,남,57세,상해없음,승용,여,48세,경상
2014030900100278,2014년 3월 9일 15시,일요일,경상북도 문경시 모전동,중상사고,0,2,3,0,차대차 - 기타,안전운전불이행,건조,맑음,교차로 - 교차로안,승용,남,54세,상해없음,승용,남,46세,중상
2014030900100305,2014년 3월 9일 16시,일요일,경상북도 경주시 건천읍,중상사고,0,1,0,0,차대차 - 기타,안전운전불이행,건조,맑음,단일로 - 기타,이륜,남,83세,중상,승합,남,52세,상해없음
2014030900100306,2014년 3월 9일 16시,일요일,경상북도 문경시 산양면,중상사고,0,1,1,0,차대차 - 기타,중앙선침범,건조,맑음,단일로 - 기타,승용,남,37세,상해없음,승합,남,54세,상해없음
2014030900100331,2014년 3월 9일 17시,일요일,경상북도 구미시 임수동,경상사고,0,0,3,0,차대차 - 기타,안전운전불이행,건조,맑음,미분류 - 미분류,화물,남,53세,상해없음,승용,남,48세,경상
2014030900100363,2014년 3월 9일 18시,일요일,경상북도 경산시 계양동,경상사고,0,0,1,0,차대차 - 기타,안전운전불이행,건조,맑음,단일로 - 기타,승용,남,24세,상해없음,이륜,남,52세,경상
2014030900100417,2014년 3월 9일 20시,일요일,경상북도 칠곡군 가산면,부상신고사고,0,0,0,1,차량단독 - 공작물충돌,안전운전불이행,건조,맑음,단일로 - 기타,승용,남,40세,부상신고,,,,
2014030900100418,2014년 3월 9일 20시,일요일,경상북도 문경시 공평동,경상사고,0,0,4,0,차대차 - 정면충돌,신호위반,건조,맑음,교차로 - 교차로안,승용,남,26세,경상,승합,남,55세,상해없음
2014030900100419,2014년 3월 9일 20시,일요일,경상북도 구미시 고아읍,중상사고,0,2,2,0,차대차 - 기타,안전운전불이행,건조,맑음,교차로 - 교차로안,승용,남,36세,중상,승용,남,27세,경상
2014030900100448,2014년 3월 9일 21시,일요일,경상북도 김천시 감천면,사망사고,1,0,0,0,차대사람 - 기타,안전운전불이행,건조,맑음,단일로 - 기타,승용,남,56세,상해없음,보행자,여,77세,사망
2014030900100473,2014년 3월 9일 22시,일요일,경상북도 칠곡군 북삼읍,경상사고,0,0,1,0,차대차 - 측면직각충돌,안전운전불이행,건조,맑음,교차로 - 교차로부근,원동기,남,49세,경상,승용,여,22세,상해없음
2014031000100004,2014년 3월 10일 00시,월요일,경상북도 칠곡군 석적읍,부상신고사고,0,0,0,1,차대차 - 측면직각충돌,안전운전불이행,건조,맑음,단일로 - 기타,승용,남,40세,부상신고,승용,남,41세,기타불명
2014031000100005,2014년 3월 10일 00시,월요일,경상북도 구미시 옥계동,경상사고,0,0,3,0,차대차 - 측면직각충돌,신호위반,건조,맑음,교차로 - 교차로안,승합,남,27세,상해없음,승용,남,29세,경상
2014031000100033,2014년 3월 10일 02시,월요일,경상북도 영천시 화남면,중상사고,0,1,0,0,차량단독 - 전도전복,안전운전불이행,건조,맑음,기타 - 기타,화물,남,31세,중상,,,,
2014031000100092,2014년 3월 10일 07시,월요일,경상북도 안동시 옥동,중상사고,0,1,1,0,차대차 - 기타,안전운전불이행,건조,맑음,기타 - 기타,승용,남,52세,상해없음,승용,남,69세,경상
2014031000100093,2014년 3월 10일 07시,월요일,경상북도 고령군 덕곡면,중상사고,0,1,0,0,차대사람 - 횡단중,안전운전불이행,건조,맑음,단일로 - 기타,승용,남,41세,상해없음,보행자,여,66세,중상
2014031000100130,2014년 3월 10일 08시,월요일,경상북도 영주시 휴천동,중상사고,0,1,0,0,차대사람 - 차도통행중,안전운전불이행,건조,맑음,단일로 - 기타,승용,남,80세,상해없음,보행자,남,43세,중상
2014031000100131,2014년 3월 10일 08시,월요일,경상북도 구미시 지산동,중상사고,0,4,3,0,차대차 - 정면충돌,중앙선침범,건조,맑음,단일로 - 기타,승용,남,50세,경상,승용,남,37세,경상
2014031000100132,2014년 3월 10일 08시,월요일,경상북도 칠곡군 지천면,경상사고,0,0,1,0,차대차 - 측면직각충돌,안전운전불이행,건조,맑음,단일로 - 기타,기타불명,기타불명,기타불명,기타불명,화물,남,43세,경상
2014031000100169,2014년 3월 10일 09시,월요일,경상북도 포항시 남구 연일읍,경상사고,0,0,1,0,차대차 - 기타,안전운전불이행,건조,맑음,교차로 - 교차로부근,승용,남,41세,상해없음,승용,여,54세,경상
2014031000100170,2014년 3월 10일 09시,월요일,경상북도 포항시 남구 동촌동,경상사고,0,0,1,0,차대차 - 기타,안전거리미확보,건조,맑음,단일로 - 기타,승용,여,54세,상해없음,승용,여,37세,경상
2014031000100197,2014년 3월 10일 10시,월요일,경상북도 경주시 용강동,경상사고,0,0,1,0,차대차 - 기타,안전운전불이행,건조,맑음,교차로 - 교차로부근,승용,여,32세,상해없음,자전거,여,54세,경상
2014031000100198,2014년 3월 10일 10시,월요일,경상북도 경주시 천북면,중상사고,0,1,0,0,차량단독 - 공작물충돌,안전운전불이행,건조,맑음,단일로 - 기타,승용,남,35세,중상,,,,
2014031000100199,2014년 3월 10일 10시,월요일,경상북도 포항시 북구 양덕동,경상사고,0,0,4,0,차대차 - 기타,직진우회전진행방해,건조,맑음,교차로 - 교차로안,승용,여,41세,경상,승용,남,51세,경상
2014031000100200,2014년 3월 10일 10시,월요일,경상북도 경산시 진량읍,부상신고사고,0,0,0,1,차대차 - 기타,안전운전불이행,건조,맑음,단일로 - 기타,화물,남,74세,부상신고,승용,남,39세,상해없음
2014031000100201,2014년 3월 10일 10시,월요일,경상북도 예천군 예천읍,경상사고,0,0,2,0,차대차 - 측면직각충돌,신호위반,건조,맑음,교차로 - 교차로안,승용,남,72세,상해없음,화물,남,75세,경상
2014031000100202,2014년 3월 10일 10시,월요일,경상북도 청송군 현서면,중상사고,0,1,0,0,차량단독 - 도로외이탈 - 추락,안전운전불이행,건조,맑음,단일로 - 기타,화물,남,58세,상해없음,,,,
2014031000100203,2014년 3월 10일 10시,월요일,경상북도 포항시 남구 연일읍,경상사고,0,0,2,0,차대사람 - 기타,안전운전불이행,건조,맑음,단일로 - 기타,승용,여,45세,상해없음,보행자,여,52세,경상
2014031000100223,2014년 3월 10일 11시,월요일,경상북도 경주시 석장동,경상사고,0,0,1,1,차대차 - 기타,안전운전불이행,건조,맑음,단일로 - 횡단보도부근,승용,남,61세,상해없음,승용,남,62세,상해없음
2014031000100248,2014년 3월 10일 12시,월요일,경상북도 포항시 북구 양덕동,중상사고,0,1,0,0,차대차 - 기타,안전운전불이행,건조,맑음,교차로 - 교차로안,승용,여,67세,상해없음,승용,남,51세,중상
2014031000100249,2014년 3월 10일 12시,월요일,경상북도 김천시 농소면,중상사고,0,1,0,1,차대차 - 측면직각충돌,중앙선침범,건조,맑음,단일로 - 기타,승용,여,38세,부상신고,승용,남,55세,중상
2014031000100273,2014년 3월 10일 13시,월요일,경상북도 경주시 외동읍,중상사고,0,2,1,0,차대차 - 기타,안전운전불이행,건조,맑음,단일로 - 기타,승용,남,31세,경상,화물,남,37세,중상
2014031000100274,2014년 3월 10일 13시,월요일,경상북도 영덕군 강구면,경상사고,0,0,3,0,차대차 - 추돌 - 주정차중,안전거리미확보,건조,맑음,단일로 - 기타,건설기계,남,53세,상해없음,승용,남,46세,경상
2014031000100275,2014년 3월 10일 13시,월요일,경상북도 포항시 남구 대도동,중상사고,0,1,0,0,차대사람 - 횡단중,중앙선침범,건조,맑음,단일로 - 기타,화물,남,62세,상해없음,보행자,여,73세,중상
2014031000100337,2014년 3월 10일 15시,월요일,경상북도 안동시 풍산읍,경상사고,0,0,3,0,차대차 - 기타,안전거리미확보,건조,맑음,단일로 - 기타,화물,남,59세,상해없음,승용,남,46세,경상
2014031000100367,2014년 3월 10일 16시,월요일,경상북도 경주시 성건동,경상사고,0,0,1,0,차대차 - 기타,안전운전불이행,건조,맑음,단일로 - 기타,자전거,여,34세,경상,승용,남,29세,상해없음
2014031000100368,2014년 3월 10일 16시,월요일,경상북도 포항시 북구 송라면,경상사고,0,0,2,0,차대차 - 기타,안전운전불이행,건조,맑음,단일로 - 기타,화물,남,71세,상해없음,승용,남,27세,경상
2014031000100401,2014년 3월 10일 17시,월요일,경상북도 포항시 남구 해도동,경상사고,0,0,2,0,차대차 - 측면직각충돌,신호위반,건조,맑음,교차로 - 교차로안,승용,남,69세,상해없음,승용,남,73세,경상
2014031000100451,2014년 3월 10일 18시,월요일,경상북도 구미시 옥계동,중상사고,0,1,0,0,차대사람 - 기타,안전운전불이행,건조,맑음,단일로 - 기타,승용,남,33세,상해없음,보행자,남,42세,중상
2014031000100492,2014년 3월 10일 19시,월요일,경상북도 의성군 단촌면,사망사고,1,0,0,0,차대차 - 추돌 - 진행중,안전운전불이행,건조,맑음,단일로 - 기타,승용,남,55세,상해없음,농기계,남,74세,사망
2014031000100493,2014년 3월 10일 19시,월요일,경상북도 포항시 남구 대잠동,중상사고,0,1,0,0,차대사람 - 횡단중,안전운전불이행,건조,맑음,교차로 - 교차로부근,승용,여,49세,상해없음,보행자,여,25세,중상
2014031000100533,2014년 3월 10일 20시,월요일,경상북도 상주시 낙양동,중상사고,0,2,0,0,차대차 - 기타,신호위반,건조,맑음,단일로 - 기타,승용,남,55세,상해없음,화물,남,37세,중상
2014031000100558,2014년 3월 10일 21시,월요일,경상북도 경주시 내남면,부상신고사고,0,0,0,1,차량단독 - 기타,안전운전불이행,건조,맑음,단일로 - 기타,승합,남,43세,부상신고,,,,
2014031000100559,2014년 3월 10일 21시,월요일,경상북도 의성군 단촌면,사망사고,1,0,0,0,차대차 - 추돌 - 진행중,안전운전불이행,건조,맑음,교차로 - 교차로안,승용,남,48세,상해없음,자전거,남,57세,사망
2014031000100560,2014년 3월 10일 21시,월요일,경상북도 칠곡군 북삼읍,경상사고,0,0,1,0,차대차 - 기타,안전운전불이행,건조,맑음,교차로 - 교차로부근,승합,남,32세,상해없음,승용,여,50세,경상
2014031000100587,2014년 3월 10일 22시,월요일,경상북도 구미시 공단동,경상사고,0,0,1,0,차대차 - 기타,차로위반,건조,맑음,단일로 - 기타,기타불명,기타불명,기타불명,기타불명,승합,남,34세,경상
2014031000100588,2014년 3월 10일 22시,월요일,경상북도 구미시 황상동,중상사고,0,1,0,0,차대사람 - 기타,안전운전불이행,건조,맑음,교차로 - 교차로안,승용,남,28세,상해없음,보행자,남,47세,중상
2014031000100617,2014년 3월 10일 23시,월요일,경상북도 포항시 남구 장흥동,경상사고,0,0,1,0,차대차 - 측면직각충돌,교차로운행방법위반,건조,맑음,교차로 - 교차로안,승용,남,27세,상해없음,승용,여,48세,경상
2014031100100061,2014년 3월 11일 06시,화요일,경상북도 영주시 휴천동,경상사고,0,0,1,0,차대차 - 측면직각충돌,안전운전불이행,건조,맑음,단일로 - 기타,승용,남,22세,경상,승용,여,57세,상해없음
2014031100100062,2014년 3월 11일 06시,화요일,경상북도 영천시 금호읍,경상사고,0,0,4,0,차대차 - 추돌 - 진행중,안전운전불이행,건조,맑음,단일로 - 기타,승용,남,35세,상해없음,승용,남,64세,경상
2014031100100088,2014년 3월 11일 07시,화요일,경상북도 포항시 북구 장성동,경상사고,0,0,4,1,차대차 - 기타,안전운전불이행,건조,맑음,교차로 - 교차로안,승용,남,73세,경상,승용,여,42세,경상
2014031100100120,2014년 3월 11일 08시,화요일,경상북도 포항시 북구 덕수동,중상사고,0,1,0,0,차대사람 - 기타,안전운전불이행,건조,맑음,단일로 - 기타,승용,남,50세,상해없음,보행자,남,8세,중상
2014031100100168,2014년 3월 11일 10시,화요일,경상북도 포항시 북구 남빈동,중상사고,0,1,0,0,차대사람 - 기타,안전운전불이행,건조,맑음,교차로 - 교차로안,승용,여,31세,상해없음,보행자,여,61세,중상
2014031100100169,2014년 3월 11일 10시,화요일,경상북도 영천시 봉동,경상사고,0,0,1,0,차대차 - 추돌 - 진행중,안전운전불이행,건조,맑음,기타 - 기타,특수,남,45세,상해없음,화물,여,37세,경상
2014031100100170,2014년 3월 11일 10시,화요일,경상북도 구미시 공단동,경상사고,0,0,2,0,차대차 - 기타,직진우회전진행방해,건조,맑음,교차로 - 교차로안,승용,남,40세,경상,승용,남,55세,경상
2014031100100187,2014년 3월 11일 11시,화요일,경상북도 포항시 북구 장성동,중상사고,0,1,0,0,차대차 - 기타,교차로운행방법위반,건조,맑음,교차로 - 교차로안,승용,여,31세,상해없음,원동기,남,62세,중상
2014031100100214,2014년 3월 11일 12시,화요일,경상북도 경주시 성동동,중상사고,0,1,0,0,차대차 - 기타,안전운전불이행,건조,맑음,단일로 - 기타,승용,남,52세,상해없음,자전거,남,79세,중상
2014031100100241,2014년 3월 11일 13시,화요일,경상북도 포항시 남구 오천읍,경상사고,0,0,1,0,차대차 - 측면직각충돌,직진우회전진행방해,건조,맑음,교차로 - 교차로안,승용,여,31세,상해없음,승용,여,45세,경상
2014031100100274,2014년 3월 11일 14시,화요일,경상북도 경주시 노서동,경상사고,0,0,1,0,차대차 - 기타,안전운전불이행,건조,맑음,단일로 - 기타,원동기,남,71세,경상,승용,남,37세,상해없음
2014031100100275,2014년 3월 11일 14시,화요일,경상북도 구미시 도량동,중상사고,0,1,0,0,차대사람 - 기타,안전운전불이행,건조,맑음,교차로 - 교차로부근,승용,여,54세,상해없음,보행자,여,75세,중상
2014031100100301,2014년 3월 11일 15시,화요일,경상북도 경산시 조영동,중상사고,0,1,0,0,차대차 - 기타,안전운전불이행,건조,맑음,교차로 - 교차로안,승용,여,23세,상해없음,이륜,남,24세,중상
2014031100100302,2014년 3월 11일 15시,화요일,경상북도 경산시 삼풍동,경상사고,0,0,1,0,차대사람 - 기타,기타,건조,맑음,교차로 - 교차로부근,승용,남,48세,상해없음,보행자,여,77세,경상
2014031100100303,2014년 3월 11일 15시,화요일,경상북도 청도군 금천면,중상사고,0,1,3,0,차대차 - 기타,신호위반,건조,맑음,교차로 - 교차로안,승용,여,54세,경상,승합,남,57세,중상
2014031100100333,2014년 3월 11일 16시,화요일,경상북도 영주시 장수면,경상사고,0,0,1,0,차대사람 - 차도통행중,안전운전불이행,건조,맑음,교차로 - 교차로안,화물,남,56세,상해없음,보행자,여,80세,경상
2014031100100334,2014년 3월 11일 16시,화요일,경상북도 경산시 중방동,중상사고,0,1,0,0,차대사람 - 기타,안전운전불이행,건조,맑음,단일로 - 기타,승용,남,76세,상해없음,보행자,남,75세,중상
2014031100100335,2014년 3월 11일 16시,화요일,경상북도 경산시 중방동,중상사고,0,1,0,0,차대차 - 기타,안전운전불이행,기타,기타,교차로 - 교차로안,기타불명,기타불명,기타불명,기타불명,자전거,남,21세,중상
2014031100100359,2014년 3월 11일 17시,화요일,경상북도 고령군 다산면,중상사고,0,1,0,0,차대사람 - 기타,안전운전불이행,건조,맑음,기타 - 기타,건설기계,남,34세,상해없음,보행자,남,60세,중상
2014031100100422,2014년 3월 11일 19시,화요일,경상북도 칠곡군 왜관읍,경상사고,0,0,2,0,차대차 - 측면직각충돌,안전운전불이행,건조,맑음,교차로 - 교차로안,승용,남,58세,상해없음,승용,남,43세,경상
2014031100100471,2014년 3월 11일 21시,화요일,경상북도 포항시 북구 장성동,경상사고,0,0,2,0,차대차 - 측면직각충돌,교차로운행방법위반,건조,맑음,교차로 - 교차로안,승용,남,48세,상해없음,승용,여,30세,경상
2014031100100472,2014년 3월 11일 21시,화요일,경상북도 김천시 부곡동,경상사고,0,0,1,0,차대차 - 측면직각충돌,신호위반,건조,맑음,교차로 - 교차로안,승용,남,23세,상해없음,승용,남,57세,경상
2014031100100503,2014년 3월 11일 22시,화요일,경상북도 경주시 성동동,경상사고,0,0,1,0,차대차 - 측면직각충돌,안전운전불이행,건조,맑음,단일로 - 기타,자전거,남,16세,경상,승용,남,40세,상해없음
2014031100100504,2014년 3월 11일 22시,화요일,경상북도 포항시 북구 용흥동,부상신고사고,0,0,0,2,차대차 - 기타,교차로운행방법위반,건조,맑음,교차로 - 교차로안,승용,남,29세,상해없음,승용,남,56세,부상신고
2014031100100505,2014년 3월 11일 22시,화요일,경상북도 포항시 남구 오천읍,중상사고,0,1,0,0,차대사람 - 횡단중,안전운전불이행,건조,맑음,교차로 - 교차로안,승용,남,48세,상해없음,보행자,남,50세,중상
2014031100100519,2014년 3월 11일 23시,화요일,경상북도 구미시 송정동,중상사고,0,1,0,0,차대차 - 기타,안전운전불이행,건조,맑음,단일로 - 기타,화물,남,43세,상해없음,승용,여,29세,중상
2014031200100051,2014년 3월 12일 03시,수요일,경상북도 영천시 본촌동,경상사고,0,0,1,0,차대차 - 추돌 - 진행중,안전운전불이행,건조,맑음,단일로 - 기타,승용,남,53세,상해없음,화물,남,46세,경상
2014031200100121,2014년 3월 12일 08시,수요일,경상북도 안동시 옥동,중상사고,0,1,0,0,차대사람 - 기타,보행자보호의무위반,건조,흐림,교차로 - 교차로부근,승용,여,26세,상해없음,보행자,여,56세,중상
2014031200100122,2014년 3월 12일 08시,수요일,경상북도 영주시 휴천동,경상사고,0,0,1,0,차대차 - 기타,안전운전불이행,건조,맑음,교차로 - 교차로안,승용,여,45세,상해없음,자전거,남,12세,경상
2014031200100143,2014년 3월 12일 09시,수요일,경상북도 칠곡군 왜관읍,경상사고,0,0,1,0,차대사람 - 기타,안전운전불이행,습기,비,단일로 - 기타,기타불명,기타불명,기타불명,기타불명,보행자,여,44세,경상
2014031200100170,2014년 3월 12일 10시,수요일,경상북도 문경시 공평동,중상사고,0,1,0,0,차대차 - 기타,안전운전불이행,건조,맑음,단일로 - 기타,승용,남,47세,상해없음,이륜,남,72세,중상
2014031200100171,2014년 3월 12일 10시,수요일,경상북도 고령군 고령읍,중상사고,0,1,0,0,차대차 - 측면직각충돌,교차로운행방법위반,습기,비,교차로 - 교차로안,화물,남,51세,상해없음,이륜,남,77세,중상
2014031200100197,2014년 3월 12일 11시,수요일,경상북도 경주시 황성동,중상사고,0,1,0,0,차대사람 - 횡단중,안전운전불이행,습기,비,단일로 - 기타,승용,남,65세,상해없음,보행자,여,83세,중상
2014031200100198,2014년 3월 12일 11시,수요일,경상북도 상주시 무양동,중상사고,0,1,0,0,차대차 - 측면직각충돌,교차로운행방법위반,습기,비,교차로 - 교차로안,승합,여,31세,상해없음,승용,남,26세,중상