사고번호,사고일시,요일,시군구,사고내용,사망자수,중상자수,경상자수,부상신고자수,사고유형,법규위반,노면상태,기상상태,도로형태,가해운전자 차종,가해운전자 성별,가해운전자 연령,가해운전자 상해정도,피해운전자 차종,피해운전자 성별,피해운전자 연령,피해운전자 상해정도
2014031200100199,2014년 3월 12일 11시,수요일,경상북도 칠곡군 약목면,부상신고사고,0,0,0,1,차대차 - 기타,안전운전불이행,건조,흐림,단일로 - 기타,화물,남,58세,상해없음,화물,남,39세,부상신고
2014031200100221,2014년 3월 12일 12시,수요일,경상북도 경주시 성동동,경상사고,0,0,1,0,차대차 - 기타,안전운전불이행,건조,맑음,단일로 - 기타,승용,남,65세,상해없음,승용,남,31세,경상
2014031200100222,2014년 3월 12일 12시,수요일,경상북도 포항시 북구 용흥동,경상사고,0,0,1,0,차대차 - 기타,중앙선침범,건조,흐림,단일로 - 기타,승용,여,58세,상해없음,승용,남,61세,경상
2014031200100223,2014년 3월 12일 12시,수요일,경상북도 울진군 기성면,중상사고,0,1,1,0,차대차 - 추돌 - 주정차중,안전운전불이행,건조,맑음,단일로 - 기타,화물,남,50세,중상,화물,남,35세,경상
2014031200100239,2014년 3월 12일 13시,수요일,경상북도 의성군 비안면,중상사고,0,2,0,0,차대차 - 추돌 - 진행중,안전운전불이행,습기,비,단일로 - 기타,화물,여,55세,상해없음,농기계,여,52세,중상
2014031200100240,2014년 3월 12일 13시,수요일,경상북도 영주시 풍기읍,중상사고,0,2,0,0,차대차 - 측면직각충돌,안전운전불이행,습기,비,교차로 - 교차로안,화물,남,49세,상해없음,승용,남,72세,중상
2014031200100241,2014년 3월 12일 13시,수요일,경상북도 성주군 월항면,사망사고,1,0,0,0,차량단독 - 도로외이탈 - 추락,안전운전불이행,습기,비,교차로 - 교차로부근,원동기,남,73세,사망,,,,
2014031200100275,2014년 3월 12일 14시,수요일,경상북도 경산시 대정동,경상사고,0,0,2,0,차대차 - 기타,안전거리미확보,습기,비,교차로 - 교차로안,승용,남,33세,상해없음,승용,여,44세,경상
2014031200100276,2014년 3월 12일 14시,수요일,경상북도 예천군 지보면,경상사고,0,0,3,0,차대차 - 측면직각충돌,직진우회전진행방해,습기,비,교차로 - 교차로안,승용,남,53세,경상,화물,남,59세,경상
2014031200100277,2014년 3월 12일 14시,수요일,경상북도 구미시 원평동,경상사고,0,0,3,0,차대차 - 기타,안전운전불이행,습기,비,단일로 - 기타,승용,남,41세,상해없음,승용,여,41세,경상
2014031200100278,2014년 3월 12일 14시,수요일,경상북도 구미시 공단동,중상사고,0,1,0,1,차대차 - 기타,안전운전불이행,습기,비,교차로 - 교차로안,승용,남,33세,부상신고,승용,남,42세,중상
2014031200100318,2014년 3월 12일 15시,수요일,경상북도 경주시 황성동,경상사고,0,0,1,0,차대차 - 기타,안전운전불이행,습기,비,단일로 - 기타,화물,남,47세,상해없음,승용,여,54세,경상
2014031200100319,2014년 3월 12일 15시,수요일,경상북도 구미시 구평동,경상사고,0,0,1,0,차대차 - 기타,교차로운행방법위반,습기,비,교차로 - 교차로안,승용,여,38세,상해없음,화물,남,45세,경상
2014031200100320,2014년 3월 12일 15시,수요일,경상북도 구미시 오태동,경상사고,0,0,1,0,차대사람 - 기타,안전운전불이행,습기,비,단일로 - 기타,승용,남,19세,상해없음,보행자,남,52세,경상
2014031200100349,2014년 3월 12일 16시,수요일,경상북도 경주시 양남면,경상사고,0,0,1,0,차대차 - 기타,중앙선침범,습기,비,단일로 - 기타,화물,남,57세,상해없음,농기계,남,81세,경상
2014031200100350,2014년 3월 12일 16시,수요일,경상북도 김천시 평화동,중상사고,0,1,0,0,차대사람 - 기타,안전운전불이행,습기,비,단일로 - 기타,승용,여,38세,상해없음,보행자,여,12세,중상
2014031200100351,2014년 3월 12일 16시,수요일,경상북도 영천시 화남면,경상사고,0,0,2,0,차대차 - 측면직각충돌,안전운전불이행,습기,비,단일로 - 기타,승용,남,61세,상해없음,승용,남,64세,경상
2014031200100352,2014년 3월 12일 16시,수요일,경상북도 예천군 호명면,중상사고,0,1,0,0,차량단독 - 도로외이탈 - 기타,안전운전불이행,습기,비,단일로 - 기타,화물,남,50세,중상,,,,
2014031200100353,2014년 3월 12일 16시,수요일,경상북도 포항시 남구 오천읍,경상사고,0,0,3,0,차대차 - 측면직각충돌,안전운전불이행,습기,비,교차로 - 교차로안,이륜,남,36세,경상,승용,여,39세,경상
2014031200100393,2014년 3월 12일 17시,수요일,경상북도 경산시 하양읍,경상사고,0,0,1,0,차대사람 - 횡단중,안전운전불이행,습기,비,단일로 - 기타,승용,여,56세,상해없음,보행자,남,12세,경상
2014031200100394,2014년 3월 12일 17시,수요일,경상북도 구미시 사곡동,경상사고,0,0,1,0,차대사람 - 횡단중,안전운전불이행,습기,비,단일로 - 기타,승용,여,44세,상해없음,보행자,여,16세,경상
2014031200100395,2014년 3월 12일 17시,수요일,경상북도 포항시 남구 해도동,중상사고,0,1,0,0,차대차 - 기타,교차로운행방법위반,건조,맑음,단일로 - 기타,승용,남,34세,상해없음,이륜,남,56세,중상
2014031200100434,2014년 3월 12일 18시,수요일,경상북도 경주시 용강동,경상사고,0,0,1,0,차대차 - 기타,안전운전불이행,습기,비,교차로 - 교차로안,화물,남,37세,상해없음,승용,남,49세,경상
2014031200100435,2014년 3월 12일 18시,수요일,경상북도 칠곡군 기산면,사망사고,1,0,1,0,차대차 - 기타,안전운전불이행,습기,비,단일로 - 기타,승용,남,49세,상해없음,승용,여,50세,경상
2014031200100501,2014년 3월 12일 19시,수요일,경상북도 구미시 남통동,경상사고,0,0,1,0,차대사람 - 기타,보행자보호의무위반,습기,비,교차로 - 교차로안,승합,여,38세,상해없음,보행자,여,17세,경상
2014031200100502,2014년 3월 12일 19시,수요일,경상북도 포항시 남구 대도동,경상사고,0,0,3,0,차대차 - 추돌 - 주정차중,안전운전불이행,습기,비,교차로 - 교차로부근,승용,남,48세,상해없음,승용,남,50세,경상
2014031200100557,2014년 3월 12일 20시,수요일,경상북도 경주시 석장동,중상사고,0,1,0,0,차대사람 - 기타,보행자보호의무위반,습기,비,교차로 - 교차로부근,승용,여,34세,상해없음,보행자,남,25세,중상
2014031200100558,2014년 3월 12일 20시,수요일,경상북도 안동시 용상동,경상사고,0,0,2,0,차대차 - 추돌 - 진행중,안전운전불이행,습기,비,교차로 - 교차로안,화물,남,53세,상해없음,승용,남,52세,경상
2014031200100559,2014년 3월 12일 20시,수요일,경상북도 의성군 봉양면,중상사고,0,1,0,0,차대차 - 추돌 - 주정차중,안전운전불이행,습기,비,교차로 - 교차로부근,화물,남,53세,상해없음,승용,남,64세,중상
2014031200100560,2014년 3월 12일 20시,수요일,경상북도 영천시 금호읍,중상사고,0,2,0,0,차대사람 - 횡단중,안전운전불이행,습기,비,기타 - 기타,승용,남,59세,상해없음,보행자,여,43세,중상
2014031200100561,2014년 3월 12일 20시,수요일,경상북도 구미시 구평동,중상사고,0,1,1,0,차대차 - 측면직각충돌,안전운전불이행,습기,비,단일로 - 기타,승용,남,56세,상해없음,화물,남,58세,중상
2014031200100616,2014년 3월 12일 21시,수요일,경상북도 포항시 북구 장성동,경상사고,0,0,1,0,차대사람 - 기타,안전운전불이행,습기,비,단일로 - 기타,승용,남,29세,상해없음,보행자,여,14세,경상
2014031200100617,2014년 3월 12일 21시,수요일,경상북도 포항시 북구 우현동,경상사고,0,0,1,1,차대차 - 기타,안전운전불이행,습기,비,단일로 - 기타,승용,남,35세,상해없음,승용,남,67세,경상
2014031200100618,2014년 3월 12일 21시,수요일,경상북도 포항시 북구 우현동,경상사고,0,0,1,0,차대사람 - 기타,안전운전불이행,습기,비,단일로 - 기타,승용,남,52세,상해없음,보행자,남,34세,경상
2014031200100619,2014년 3월 12일 21시,수요일,경상북도 영주시 영주동,중상사고,0,1,0,0,차대차 - 추돌 - 주정차중,안전운전불이행,습기,비,단일로 - 기타,승용,남,62세,상해없음,이륜,남,56세,기타불명
2014031200100620,2014년 3월 12일 21시,수요일,경상북도 포항시 남구 오천읍,경상사고,0,0,1,0,차대차 - 기타,중앙선침범,습기,비,단일로 - 기타,승용,남,36세,상해없음,승용,남,31세,경상
2014031200100668,2014년 3월 12일 22시,수요일,경상북도 경주시 용강동,경상사고,0,0,1,0,차대차 - 기타,안전운전불이행,습기,비,단일로 - 횡단보도상,자전거,남,17세,경상,승용,남,46세,상해없음
2014031200100669,2014년 3월 12일 22시,수요일,경상북도 상주시 서성동,경상사고,0,0,1,0,차대차 - 기타,안전운전불이행,습기,비,단일로 - 기타,승용,남,63세,상해없음,원동기,남,16세,경상
2014031200100670,2014년 3월 12일 22시,수요일,경상북도 영천시 문외동,경상사고,0,0,1,0,차대차 - 측면직각충돌,안전운전불이행,습기,비,교차로 - 교차로안,승용,남,36세,상해없음,화물,남,56세,경상
2014031200100671,2014년 3월 12일 22시,수요일,경상북도 구미시 도량동,중상사고,0,1,0,0,차대차 - 추돌 - 진행중,안전운전불이행,습기,비,단일로 - 기타,승용,남,40세,기타불명,승합,남,43세,상해없음
2014031200100714,2014년 3월 12일 23시,수요일,경상북도 경주시 동천동,중상사고,0,1,0,0,차대사람 - 기타,안전운전불이행,습기,비,교차로 - 교차로안,승용,여,23세,상해없음,보행자,남,51세,중상
2014031200100715,2014년 3월 12일 23시,수요일,경상북도 포항시 북구 동빈2가,중상사고,0,4,0,0,차대차 - 기타,신호위반,습기,비,교차로 - 교차로안,승용,여,65세,중상,승용,여,57세,중상
2014031200100716,2014년 3월 12일 23시,수요일,경상북도 영주시 풍기읍,중상사고,0,1,0,0,차대사람 - 기타,안전운전불이행,습기,비,단일로 - 기타,승용,남,44세,상해없음,보행자,남,23세,중상
2014031300100041,2014년 3월 13일 01시,목요일,경상북도 포항시 북구 대신동,중상사고,0,1,0,0,차대사람 - 기타,안전운전불이행,습기,비,단일로 - 기타,승용,남,66세,상해없음,보행자,남,43세,중상
2014031300100042,2014년 3월 13일 01시,목요일,경상북도 포항시 북구 장성동,중상사고,0,2,0,0,차대차 - 기타,안전운전불이행,습기,비,단일로 - 기타,승용,남,48세,상해없음,승용,남,60세,중상
2014031300100056,2014년 3월 13일 02시,목요일,경상북도 김천시 대덕면,경상사고,0,0,1,0,차대차 - 측면직각충돌,안전운전불이행,습기,비,단일로 - 기타,승용,남,49세,상해없음,화물,남,65세,경상
2014031300100057,2014년 3월 13일 02시,목요일,경상북도 구미시 도량동,중상사고,0,1,2,0,차대차 - 추돌 - 주정차중,안전운전불이행,습기,비,교차로 - 교차로안,승용,남,46세,상해없음,승용,남,33세,경상
2014031300100071,2014년 3월 13일 03시,목요일,경상북도 포항시 북구 우현동,경상사고,0,0,1,0,차대차 - 기타,안전운전불이행,습기,비,단일로 - 기타,승용,남,32세,상해없음,승용,남,29세,경상
2014031300100081,2014년 3월 13일 04시,목요일,경상북도 포항시 북구 우현동,사망사고,1,0,0,0,차량단독 - 공작물충돌,안전운전불이행,습기,비,교차로 - 교차로부근,승합,남,54세,사망,,,,
2014031300100082,2014년 3월 13일 04시,목요일,경상북도 구미시 원평동,경상사고,0,0,2,0,차대차 - 측면직각충돌,안전운전불이행,습기,비,단일로 - 기타,승용,남,28세,상해없음,승용,남,30세,경상
2014031300100101,2014년 3월 13일 06시,목요일,경상북도 경주시 감포읍,중상사고,0,1,0,0,차대사람 - 기타,안전운전불이행,습기,비,교차로 - 교차로부근,승용,남,65세,상해없음,보행자,여,57세,중상
2014031300100121,2014년 3월 13일 07시,목요일,경상북도 영천시 완산동,중상사고,0,1,0,0,차대차 - 측면직각충돌,안전운전불이행,습기,맑음,교차로 - 교차로안,승용,남,53세,상해없음,승합,남,45세,상해없음
2014031300100122,2014년 3월 13일 07시,목요일,경상북도 경산시 압량면,경상사고,0,0,1,0,차대차 - 기타,신호위반,습기,비,교차로 - 교차로안,승용,남,22세,상해없음,승합,남,44세,경상
2014031300100123,2014년 3월 13일 07시,목요일,경상북도 청도군 각북면,중상사고,0,1,2,0,차대차 - 기타,직진우회전진행방해,건조,맑음,교차로 - 교차로안,승용,남,64세,경상,승용,여,50세,경상
2014031300100124,2014년 3월 13일 07시,목요일,경상북도 구미시 광평동,중상사고,0,2,0,0,차대차 - 기타,직진우회전진행방해,습기,비,교차로 - 교차로안,승용,남,54세,상해없음,승용,남,52세,중상
2014031300100151,2014년 3월 13일 08시,목요일,경상북도 경주시 황성동,경상사고,0,0,1,0,차대차 - 기타,안전운전불이행,습기,비,교차로 - 교차로안,승용,여,45세,상해없음,승용,여,30세,경상
2014031300100152,2014년 3월 13일 08시,목요일,경상북도 칠곡군 왜관읍,부상신고사고,0,0,0,1,차대사람 - 기타,안전운전불이행,습기,비,단일로 - 기타,기타불명,기타불명,기타불명,기타불명,보행자,남,12세,부상신고
2014031300100153,2014년 3월 13일 08시,목요일,경상북도 경산시 진량읍,중상사고,0,1,1,0,차대차 - 기타,안전운전불이행,습기,비,교차로 - 교차로부근,화물,남,46세,상해없음,승용,남,25세,중상
2014031300100154,2014년 3월 13일 08시,목요일,경상북도 구미시 거의동,경상사고,0,0,2,0,차대차 - 기타,안전운전불이행,건조,맑음,단일로 - 기타,승용,여,62세,상해없음,화물,남,57세,경상
2014031300100155,2014년 3월 13일 08시,목요일,경상북도 구미시 비산동,경상사고,0,0,2,0,차대차 - 기타,안전거리미확보,건조,맑음,단일로 - 기타,승합,남,48세,상해없음,승용,여,66세,경상
2014031300100182,2014년 3월 13일 09시,목요일,경상북도 경주시 외동읍,경상사고,0,0,2,0,차대차 - 기타,안전운전불이행,습기,비,교차로 - 교차로부근,특수,남,55세,상해없음,특수,남,60세,상해없음
2014031300100183,2014년 3월 13일 09시,목요일,경상북도 김천시 모암동,경상사고,0,0,1,1,차대차 - 측면직각충돌,안전운전불이행,습기,비,교차로 - 교차로안,승용,남,28세,부상신고,승합,남,52세,기타불명
2014031300100212,2014년 3월 13일 10시,목요일,경상북도 경주시 성동동,경상사고,0,0,2,0,차대차 - 기타,안전운전불이행,습기,비,단일로 - 기타,화물,남,55세,상해없음,승용,남,21세,경상
2014031300100213,2014년 3월 13일 10시,목요일,경상북도 영주시 가흥동,경상사고,0,0,1,0,차대차 - 측면직각충돌,안전운전불이행,습기,비,단일로 - 기타,화물,남,50세,상해없음,이륜,남,25세,경상
2014031300100214,2014년 3월 13일 10시,목요일,경상북도 영주시 휴천동,중상사고,0,1,0,0,차대사람 - 차도통행중,안전운전불이행,습기,비,교차로 - 교차로안,승용,남,49세,상해없음,보행자,여,72세,중상
2014031300100215,2014년 3월 13일 10시,목요일,경상북도 문경시 모전동,경상사고,0,0,1,0,차대차 - 기타,안전운전불이행,습기,비,교차로 - 교차로안,승용,여,45세,상해없음,승용,남,73세,경상
2014031300100239,2014년 3월 13일 11시,목요일,경상북도 경주시 동천동,중상사고,0,1,1,0,차대차 - 기타,중앙선침범,습기,비,단일로 - 기타,승용,남,23세,상해없음,승용,여,51세,중상
2014031300100241,2014년 3월 13일 11시,목요일,경상북도 안동시 용상동,중상사고,0,1,0,0,차대차 - 측면직각충돌,안전운전불이행,습기,비,교차로 - 교차로부근,승용,남,59세,상해없음,승용,여,41세,중상
2014031300100242,2014년 3월 13일 11시,목요일,경상북도 청도군 금천면,중상사고,0,1,0,0,차대차 - 기타,교차로운행방법위반,습기,비,교차로 - 교차로부근,건설기계,남,59세,상해없음,승용,남,61세,중상
2014031300100271,2014년 3월 13일 12시,목요일,경상북도 칠곡군 약목면,경상사고,0,0,1,0,차대차 - 기타,안전운전불이행,습기,비,교차로 - 교차로안,승용,여,52세,경상,화물,남,34세,상해없음
2014031300100272,2014년 3월 13일 12시,목요일,경상북도 성주군 성주읍,경상사고,0,0,1,0,차대차 - 기타,안전운전불이행,습기,비,기타 - 기타,승용,남,44세,상해없음,승용,남,24세,경상
2014031300100294,2014년 3월 13일 13시,목요일,경상북도 문경시 농암면,사망사고,1,3,5,0,차대차 - 정면충돌,중앙선침범,습기,비,단일로 - 기타,화물,남,69세,사망,승합,남,45세,경상
2014031300100295,2014년 3월 13일 13시,목요일,경상북도 경산시 자인면,경상사고,0,0,1,0,차대차 - 측면직각충돌,안전운전불이행,습기,비,단일로 - 기타,승용,남,46세,기타불명,승용,남,53세,경상
2014031300100296,2014년 3월 13일 13시,목요일,경상북도 청도군 풍각면,경상사고,0,0,2,0,차대차 - 기타,직진우회전진행방해,습기,비,교차로 - 교차로부근,승용,남,65세,상해없음,원동기,남,73세,경상
2014031300100297,2014년 3월 13일 13시,목요일,경상북도 구미시 형곡동,사망사고,1,0,0,0,차대사람 - 기타,안전운전불이행,건조,맑음,교차로 - 교차로부근,승합,남,56세,상해없음,보행자,남,79세,사망
2014031300100298,2014년 3월 13일 13시,목요일,경상북도 구미시 공단동,중상사고,0,1,0,0,차대차 - 기타,안전거리미확보,습기,비,교차로 - 교차로부근,화물,남,43세,상해없음,승용,여,32세,중상
2014031300100322,2014년 3월 13일 14시,목요일,경상북도 경산시 삼북동,경상사고,0,0,1,0,차대차 - 기타,중앙선침범,습기,비,단일로 - 기타,승용,남,56세,상해없음,이륜,남,18세,경상
2014031300100323,2014년 3월 13일 14시,목요일,경상북도 구미시 인의동,경상사고,0,0,1,0,차대차 - 기타,교차로운행방법위반,습기,비,교차로 - 교차로부근,승용,남,60세,상해없음,이륜,여,54세,경상
2014031300100348,2014년 3월 13일 15시,목요일,경상북도 경주시 외동읍,경상사고,0,0,1,0,차대사람 - 기타,보행자보호의무위반,습기,비,단일로 - 횡단보도상,승용,여,31세,상해없음,보행자,여,9세,경상
2014031300100349,2014년 3월 13일 15시,목요일,경상북도 상주시 낙동면,경상사고,0,0,1,0,차대차 - 기타,안전운전불이행,습기,비,교차로 - 교차로안,화물,남,49세,상해없음,화물,남,66세,상해없음
2014031300100350,2014년 3월 13일 15시,목요일,경상북도 경산시 대평동,중상사고,0,1,0,0,차대사람 - 기타,보행자보호의무위반,습기,비,교차로 - 교차로부근,승용,남,54세,상해없음,보행자,여,62세,중상
2014031300100351,2014년 3월 13일 15시,목요일,경상북도 포항시 남구 연일읍,경상사고,0,0,3,0,차대차 - 측면직각충돌,안전운전불이행,습기,비,교차로 - 교차로안,승용,남,67세,경상,승용,남,59세,경상
2014031300100375,2014년 3월 13일 16시,목요일,경상북도 칠곡군 왜관읍,경상사고,0,0,1,1,차대차 - 기타,교차로운행방법위반,습기,비,교차로 - 교차로안,승용,여,52세,부상신고,화물,남,42세,경상
2014031300100403,2014년 3월 13일 17시,목요일,경상북도 안동시 옥동,경상사고,0,0,1,0,차대사람 - 횡단중,보행자보호의무위반,습기,비,교차로 - 교차로부근,승용,여,43세,상해없음,보행자,여,11세,경상
2014031300100404,2014년 3월 13일 17시,목요일,경상북도 의성군 금성면,중상사고,0,3,0,0,차대차 - 정면충돌,중앙선침범,습기,비,단일로 - 기타,승용,여,56세,중상,승용,남,41세,중상
2014031300100405,2014년 3월 13일 17시,목요일,경상북도 문경시 문경읍,경상사고,0,0,1,0,차대차 - 측면직각충돌,교차로운행방법위반,습기,흐림,교차로 - 교차로안,화물,남,63세,상해없음,승용,남,55세,상해없음
2014031300100406,2014년 3월 13일 17시,목요일,경상북도 경산시 압량면,중상사고,0,1,0,0,차대차 - 추돌 - 주정차중,중앙선침범,습기,비,단일로 - 기타,승용,남,38세,상해없음,승용,여,62세,중상
2014031300100449,2014년 3월 13일 18시,목요일,경상북도 포항시 북구 우현동,경상사고,0,0,1,0,차대차 - 기타,안전거리미확보,습기,비,단일로 - 기타,승용,남,54세,상해없음,승용,남,50세,상해없음
2014031300100450,2014년 3월 13일 18시,목요일,경상북도 상주시 냉림동,중상사고,0,2,0,0,차대사람 - 횡단중,안전운전불이행,습기,비,단일로 - 기타,승용,여,47세,상해없음,보행자,남,60세,중상
2014031300100451,2014년 3월 13일 18시,목요일,경상북도 경산시 진량읍,중상사고,0,1,0,0,차대사람 - 기타,안전운전불이행,건조,맑음,기타 - 기타,승용,남,45세,상해없음,보행자,여,59세,중상
2014031300100452,2014년 3월 13일 18시,목요일,경상북도 경산시 임당동,경상사고,0,0,2,0,차대차 - 추돌 - 주정차중,안전운전불이행,습기,비,단일로 - 기타,승용,남,50세,상해없음,승용,남,28세,경상
2014031300100453,2014년 3월 13일 18시,목요일,경상북도 구미시 시미동,경상사고,0,0,4,0,차대차 - 기타,안전운전불이행,습기,비,교차로 - 교차로부근,화물,남,33세,상해없음,화물,남,46세,경상
2014031300100500,2014년 3월 13일 19시,목요일,경상북도 안동시 서후면,경상사고,0,0,1,0,차대차 - 측면직각충돌,직진우회전진행방해,습기,비,교차로 - 교차로안,승용,남,42세,상해없음,화물,남,67세,경상
2014031300100501,2014년 3월 13일 19시,목요일,경상북도 안동시 운흥동,중상사고,0,1,0,0,차대차 - 측면직각충돌,중앙선침범,습기,흐림,단일로 - 기타,승합,남,46세,상해없음,원동기,남,81세,중상
2014031300100502,2014년 3월 13일 19시,목요일,경상북도 성주군 용암면,사망사고,1,0,0,0,차대사람 - 기타,안전운전불이행,습기,비,기타 - 기타,승용,남,35세,상해없음,보행자,여,81세,사망
2014031300100503,2014년 3월 13일 19시,목요일,경상북도 울진군 후포면,경상사고,0,0,1,0,차대사람 - 횡단중,안전운전불이행,건조,맑음,단일로 - 기타,승용,남,41세,상해없음,보행자,남,63세,경상
2014031300100536,2014년 3월 13일 20시,목요일,경상북도 문경시 흥덕동,경상사고,0,0,4,0,차대차 - 측면직각충돌,직진우회전진행방해,습기,비,교차로 - 교차로안,승용,남,59세,상해없음,승용,남,39세,경상
2014031300100537,2014년 3월 13일 20시,목요일,경상북도 구미시 송정동,중상사고,0,1,0,0,차대사람 - 기타,안전운전불이행,건조,맑음,단일로 - 기타,승용,남,40세,기타불명,보행자,여,78세,중상
2014031300100538,2014년 3월 13일 20시,목요일,경상북도 구미시 시미동,중상사고,0,1,0,0,차대차 - 기타,안전운전불이행,습기,비,단일로 - 기타,승용,남,36세,상해없음,승용,남,42세,중상
2014031300100572,2014년 3월 13일 21시,목요일,경상북도 포항시 남구 송도동,경상사고,0,0,1,0,차대차 - 기타,안전운전불이행,습기,비,단일로 - 기타,승용,남,25세,상해없음,승용,여,28세,경상
2014031300100605,2014년 3월 13일 22시,목요일,경상북도 청송군 진보면,중상사고,0,2,1,1,차대차 - 정면충돌,중앙선침범,결빙,안개,단일로 - 교량,승합,남,45세,부상신고,승합,남,42세,상해없음
2014031300100632,2014년 3월 13일 23시,목요일,경상북도 안동시 금곡동,중상사고,0,2,0,0,차대차 - 추돌 - 진행중,안전운전불이행,습기,흐림,단일로 - 기타,승용,여,25세,상해없음,승용,남,36세,중상
2014031400100036,2014년 3월 14일 01시,금요일,경상북도 김천시 모암동,중상사고,0,1,0,0,차대차 - 측면직각충돌,중앙선침범,건조,맑음,기타 - 기타,승용,남,41세,상해없음,승용,남,46세,중상
2014031400100037,2014년 3월 14일 01시,금요일,경상북도 영천시 화북면,경상사고,0,0,2,0,차량단독 - 공작물충돌,안전운전불이행,결빙,기타,단일로 - 기타,화물,여,54세,경상,,,,
2014031400100065,2014년 3월 14일 05시,금요일,경상북도 경주시 안강읍,중상사고,0,1,0,0,차대사람 - 차도통행중,안전운전불이행,건조,맑음,교차로 - 교차로안,승용,남,45세,상해없음,보행자,남,52세,중상
2014031400100097,2014년 3월 14일 07시,금요일,경상북도 경주시 보문동,경상사고,0,0,2,0,차대차 - 정면충돌,중앙선침범,결빙,맑음,단일로 - 기타,승용,여,56세,경상,승용,남,51세,경상
2014031400100098,2014년 3월 14일 07시,금요일,경상북도 영천시 완산동,경상사고,0,0,1,0,차대차 - 측면직각충돌,교차로운행방법위반,건조,맑음,단일로 - 기타,화물,남,65세,상해없음,화물,남,57세,상해없음
2014031400100099,2014년 3월 14일 07시,금요일,경상북도 경산시 압량면,경상사고,0,0,1,0,차대차 - 기타,안전운전불이행,건조,흐림,단일로 - 기타,승용,남,52세,상해없음,승용,남,44세,상해없음
2014031400100100,2014년 3월 14일 07시,금요일,경상북도 성주군 선남면,경상사고,0,0,1,0,차대차 - 기타,안전운전불이행,결빙,맑음,단일로 - 교량,화물,남,44세,상해없음,승합,여,50세,경상
2014031400100101,2014년 3월 14일 07시,금요일,경상북도 고령군 다산면,중상사고,0,1,0,0,차대차 - 측면직각충돌,중앙선침범,결빙,흐림,단일로 - 기타,화물,남,54세,상해없음,이륜,남,75세,중상
2014031400100102,2014년 3월 14일 07시,금요일,경상북도 포항시 남구 괴동동,중상사고,0,1,4,0,차대차 - 기타,안전운전불이행,건조,맑음,단일로 - 기타,화물,남,63세,중상,승용,기타불명,기타불명,기타불명
2014031400100150,2014년 3월 14일 08시,금요일,경상북도 안동시 금곡동,경상사고,0,0,2,0,차대차 - 기타,안전운전불이행,건조,맑음,교차로 - 교차로안,승용,여,50세,상해없음,승용,남,47세,경상
2014031400100247,2014년 3월 14일 11시,금요일,경상북도 경주시 황성동,부상신고사고,0,0,0,1,차대차 - 기타,안전운전불이행,건조,맑음,단일로 - 기타,화물,남,27세,상해없음,원동기,남,74세,부상신고
2014031400100248,2014년 3월 14일 11시,금요일,경상북도 영천시 금호읍,부상신고사고,0,0,0,1,차대차 - 추돌 - 진행중,안전운전불이행,건조,맑음,교차로 - 교차로안,원동기,남,76세,부상신고,승용,남,59세,상해없음
2014031400100249,2014년 3월 14일 11시,금요일,경상북도 포항시 남구 대도동,경상사고,0,0,1,0,차대차 - 기타,안전운전불이행,건조,맑음,교차로 - 교차로안,이륜,남,16세,경상,승용,남,53세,상해없음
2014031400100250,2014년 3월 14일 11시,금요일,경상북도 포항시 남구 구룡포읍,중상사고,0,1,0,0,차대차 - 기타,안전운전불이행,건조,맑음,단일로 - 기타,화물,남,67세,상해없음,이륜,남,78세,중상
2014031400100278,2014년 3월 14일 12시,금요일,경상북도 김천시 남산동,중상사고,0,1,0,0,차량단독 - 전도전복,안전운전불이행,건조,맑음,교차로 - 교차로부근,이륜,여,60세,중상,,,,
2014031400100279,2014년 3월 14일 12시,금요일,경상북도 경산시 진량읍,부상신고사고,0,0,0,1,차대차 - 기타,안전운전불이행,건조,맑음,단일로 - 기타,화물,남,62세,부상신고,건설기계,남,32세,상해없음
2014031400100304,2014년 3월 14일 13시,금요일,경상북도 의성군 금성면,경상사고,0,0,1,0,차대차 - 측면직각충돌,안전운전불이행,건조,맑음,교차로 - 교차로안,화물,남,74세,상해없음,승용,여,53세,경상
2014031400100305,2014년 3월 14일 13시,금요일,경상북도 문경시 모전동,경상사고,0,0,1,0,차대차 - 추돌 - 주정차중,안전운전불이행,건조,맑음,교차로 - 교차로부근,승용,여,35세,상해없음,승용,남,44세,경상
2014031400100306,2014년 3월 14일 13시,금요일,경상북도 울진군 근남면,경상사고,0,0,4,0,차대차 - 기타,안전운전불이행,건조,맑음,교차로 - 교차로안,건설기계,남,53세,상해없음,승용,여,57세,경상
2014031400100307,2014년 3월 14일 13시,금요일,경상북도 청송군 청송읍,중상사고,0,1,0,0,차량단독 - 기타,안전운전불이행,건조,맑음,단일로 - 기타,원동기,남,74세,상해없음,,,,
2014031400100341,2014년 3월 14일 14시,금요일,경상북도 경주시 성건동,경상사고,0,0,1,0,차대사람 - 기타,안전운전불이행,건조,맑음,교차로 - 교차로부근,승용,남,41세,상해없음,보행자,남,60세,경상
2014031400100342,2014년 3월 14일 14시,금요일,경상북도 포항시 북구 여천동,경상사고,0,0,1,0,차대사람 - 기타,안전운전불이행,건조,맑음,교차로 - 교차로안,승용,남,57세,상해없음,보행자,여,41세,경상