사고번호,사고일시,요일,시군구,사고내용,사망자수,중상자수,경상자수,부상신고자수,사고유형,법규위반,노면상태,기상상태,도로형태,가해운전자 차종,가해운전자 성별,가해운전자 연령,가해운전자 상해정도,피해운전자 차종,피해운전자 성별,피해운전자 연령,피해운전자 상해정도
2014031400100344,2014년 3월 14일 14시,금요일,경상북도 안동시 와룡면,경상사고,0,0,2,0,차대차 - 기타,안전운전불이행,건조,맑음,단일로 - 기타,화물,남,27세,상해없음,화물,여,62세,경상
2014031400100345,2014년 3월 14일 14시,금요일,경상북도 상주시 외답동,사망사고,1,0,0,0,차대차 - 기타,안전거리미확보,건조,맑음,단일로 - 기타,원동기,남,80세,사망,승용,남,70세,상해없음
2014031400100346,2014년 3월 14일 14시,금요일,경상북도 상주시 모동면,중상사고,0,1,0,0,차대차 - 기타,안전운전불이행,건조,맑음,단일로 - 기타,승용,남,44세,상해없음,자전거,여,70세,중상
2014031400100375,2014년 3월 14일 15시,금요일,경상북도 포항시 북구 흥해읍,경상사고,0,0,1,0,차대차 - 기타,안전운전불이행,건조,기타,교차로 - 교차로부근,승용,여,53세,상해없음,자전거,남,11세,경상
2014031400100376,2014년 3월 14일 15시,금요일,경상북도 칠곡군 지천면,중상사고,0,1,0,0,차대차 - 기타,안전운전불이행,건조,맑음,단일로 - 기타,이륜,남,80세,중상,화물,남,55세,상해없음
2014031400100377,2014년 3월 14일 15시,금요일,경상북도 영천시 문외동,경상사고,0,0,1,0,차대차 - 측면직각충돌,중앙선침범,건조,맑음,기타 - 기타,승용,남,60세,상해없음,승용,남,43세,경상
2014031400100378,2014년 3월 14일 15시,금요일,경상북도 구미시 비산동,중상사고,0,1,0,0,차대차 - 기타,교차로운행방법위반,건조,맑음,교차로 - 교차로안,승용,남,51세,상해없음,이륜,남,56세,중상
2014031400100413,2014년 3월 14일 16시,금요일,경상북도 경주시 용강동,경상사고,0,0,1,0,차대사람 - 기타,안전운전불이행,건조,맑음,단일로 - 기타,승용,남,58세,상해없음,보행자,여,44세,경상
2014031400100414,2014년 3월 14일 16시,금요일,경상북도 경산시 진량읍,부상신고사고,0,0,0,1,차대차 - 기타,안전운전불이행,건조,맑음,단일로 - 기타,이륜,남,17세,부상신고,승용,여,37세,상해없음
2014031400100415,2014년 3월 14일 16시,금요일,경상북도 영양군 영양읍,경상사고,0,0,1,0,차대차 - 측면직각충돌,안전운전불이행,건조,맑음,단일로 - 기타,승용,여,41세,상해없음,원동기,남,73세,경상
2014031400100416,2014년 3월 14일 16시,금요일,경상북도 구미시 도량동,중상사고,0,1,0,0,차대차 - 기타,교차로운행방법위반,건조,맑음,교차로 - 교차로안,승용,남,41세,상해없음,승용,여,32세,중상
2014031400100489,2014년 3월 14일 18시,금요일,경상북도 상주시 낙양동,경상사고,0,0,1,0,차대사람 - 기타,안전운전불이행,건조,맑음,단일로 - 기타,승용,남,71세,상해없음,보행자,남,30세,경상
2014031400100490,2014년 3월 14일 18시,금요일,경상북도 고령군 고령읍,중상사고,0,2,0,0,차대차 - 측면직각충돌,중앙선침범,건조,맑음,단일로 - 기타,승용,남,53세,상해없음,이륜,남,62세,중상
2014031400100491,2014년 3월 14일 18시,금요일,경상북도 구미시 공단동,경상사고,0,0,2,0,차대차 - 기타,안전운전불이행,건조,맑음,기타 - 기타,승용,남,24세,상해없음,승합,남,34세,경상
2014031400100492,2014년 3월 14일 18시,금요일,경상북도 포항시 남구 동촌동,경상사고,0,0,1,0,차대차 - 기타,안전운전불이행,건조,맑음,교차로 - 교차로부근,승용,남,34세,상해없음,승용,여,38세,경상
2014031400100536,2014년 3월 14일 19시,금요일,경상북도 포항시 북구 장성동,중상사고,0,1,2,0,차대차 - 기타,안전운전불이행,건조,맑음,교차로 - 교차로부근,승용,남,46세,상해없음,승용,여,33세,중상
2014031400100537,2014년 3월 14일 19시,금요일,경상북도 구미시 도량동,경상사고,0,0,1,0,차대차 - 기타,안전운전불이행,건조,맑음,단일로 - 기타,승용,남,59세,경상,승용,남,36세,기타불명
2014031400100538,2014년 3월 14일 19시,금요일,경상북도 포항시 남구 대송면,중상사고,0,1,0,0,차량단독 - 공작물충돌,안전운전불이행,건조,맑음,단일로 - 기타,화물,남,63세,중상,,,,
2014031400100580,2014년 3월 14일 20시,금요일,경상북도 칠곡군 지천면,부상신고사고,0,0,0,1,차대차 - 측면직각충돌,교차로운행방법위반,건조,맑음,교차로 - 교차로안,특수,남,51세,상해없음,승용,남,56세,부상신고
2014031400100617,2014년 3월 14일 21시,금요일,경상북도 경주시 감포읍,사망사고,1,0,0,0,차대사람 - 기타,안전운전불이행,건조,맑음,단일로 - 기타,화물,여,52세,상해없음,보행자,여,73세,사망
2014031400100618,2014년 3월 14일 21시,금요일,경상북도 경주시 동천동,중상사고,0,1,0,0,차대차 - 기타,안전운전불이행,건조,맑음,단일로 - 기타,화물,남,44세,상해없음,승용,남,64세,중상
2014031400100619,2014년 3월 14일 21시,금요일,경상북도 안동시 광석동,중상사고,0,1,0,0,차대사람 - 횡단중,신호위반,건조,맑음,교차로 - 교차로부근,화물,남,42세,상해없음,보행자,남,24세,중상
2014031400100620,2014년 3월 14일 21시,금요일,경상북도 경산시 하양읍,경상사고,0,0,2,0,차대차 - 기타,안전운전불이행,건조,맑음,교차로 - 교차로부근,승용,남,40세,상해없음,승용,남,30세,경상
2014031400100621,2014년 3월 14일 21시,금요일,경상북도 포항시 남구 오천읍,중상사고,0,1,1,0,차대차 - 기타,교차로운행방법위반,건조,맑음,교차로 - 교차로안,승용,남,33세,중상,이륜,남,16세,경상
2014031400100660,2014년 3월 14일 22시,금요일,경상북도 안동시 북후면,경상사고,0,0,2,0,차대차 - 기타,안전운전불이행,건조,맑음,단일로 - 기타,승용,여,25세,경상,화물,남,41세,경상
2014031400100661,2014년 3월 14일 22시,금요일,경상북도 포항시 남구 해도동,경상사고,0,0,1,0,차대사람 - 횡단중,안전운전불이행,건조,맑음,교차로 - 교차로부근,이륜,남,38세,상해없음,보행자,남,56세,경상
2014031400100701,2014년 3월 14일 23시,금요일,경상북도 경주시 동천동,경상사고,0,0,4,0,차대차 - 기타,안전운전불이행,건조,맑음,교차로 - 교차로안,승용,남,53세,상해없음,승용,남,46세,상해없음
2014031400100702,2014년 3월 14일 23시,금요일,경상북도 포항시 북구 우현동,경상사고,0,0,1,0,차대차 - 기타,안전운전불이행,건조,맑음,교차로 - 교차로부근,승용,여,49세,경상,승용,남,45세,상해없음
2014031400100703,2014년 3월 14일 23시,금요일,경상북도 경산시 진량읍,경상사고,0,0,1,0,차대사람 - 기타,중앙선침범,건조,맑음,단일로 - 기타,승용,남,22세,상해없음,보행자,남,20세,경상
2014031400100704,2014년 3월 14일 23시,금요일,경상북도 포항시 남구 호동,중상사고,0,1,1,0,차대차 - 측면직각충돌,안전운전불이행,건조,맑음,교차로 - 교차로안,화물,남,34세,중상,승용,남,40세,경상
2014031500100018,2014년 3월 15일 00시,토요일,경상북도 구미시 형곡동,사망사고,2,0,1,0,차대사람 - 기타,과속,건조,맑음,교차로 - 교차로부근,승용,남,48세,경상,보행자,여,51세,사망
2014031500100019,2014년 3월 15일 00시,토요일,경상북도 포항시 남구 연일읍,중상사고,0,2,0,0,차대차 - 기타,안전운전불이행,결빙,맑음,단일로 - 기타,화물,남,50세,상해없음,승용,남,31세,중상
2014031500100053,2014년 3월 15일 01시,토요일,경상북도 안동시 수상동,경상사고,0,0,2,0,차대차 - 정면충돌,중앙선침범,건조,맑음,미분류 - 미분류,승용,여,22세,상해없음,승용,여,35세,경상
2014031500100088,2014년 3월 15일 04시,토요일,경상북도 경주시 외동읍,중상사고,0,1,0,0,차대차 - 기타,안전운전불이행,건조,맑음,기타 - 기타,승용,남,22세,상해없음,이륜,남,43세,중상
2014031500100089,2014년 3월 15일 04시,토요일,경상북도 김천시 덕곡동,중상사고,0,1,0,0,차대사람 - 기타,신호위반,건조,맑음,단일로 - 횡단보도상,승용,남,44세,상해없음,보행자,남,65세,중상
2014031500100090,2014년 3월 15일 04시,토요일,경상북도 구미시 공단동,부상신고사고,0,0,0,1,차량단독 - 기타,안전운전불이행,건조,맑음,교차로 - 교차로안,승용,남,22세,부상신고,,,,
2014031500100105,2014년 3월 15일 05시,토요일,경상북도 구미시 인의동,중상사고,0,2,4,0,차대차 - 기타,안전운전불이행,건조,흐림,단일로 - 기타,승용,남,28세,상해없음,승용,남,26세,경상
2014031500100125,2014년 3월 15일 06시,토요일,경상북도 포항시 북구 덕산동,경상사고,0,0,4,0,차대차 - 기타,신호위반,건조,맑음,교차로 - 교차로안,승용,여,43세,경상,승용,남,28세,경상
2014031500100126,2014년 3월 15일 06시,토요일,경상북도 안동시 안막동,경상사고,0,0,1,0,차대차 - 기타,안전운전불이행,건조,맑음,기타 - 기타,승용,남,59세,경상,화물,남,53세,상해없음
2014031500100204,2014년 3월 15일 10시,토요일,경상북도 포항시 북구 용흥동,경상사고,0,0,3,0,차대차 - 기타,안전운전불이행,건조,맑음,교차로 - 교차로부근,화물,남,28세,상해없음,승용,남,40세,상해없음
2014031500100205,2014년 3월 15일 10시,토요일,경상북도 김천시 모암동,중상사고,0,1,0,0,차대차 - 기타,교차로운행방법위반,건조,맑음,교차로 - 교차로안,승용,남,68세,상해없음,자전거,여,56세,중상
2014031500100237,2014년 3월 15일 11시,토요일,경상북도 경주시 천군동,중상사고,0,1,0,0,차량단독 - 기타,안전운전불이행,건조,맑음,단일로 - 기타,이륜,남,19세,중상,,,,
2014031500100238,2014년 3월 15일 11시,토요일,경상북도 영주시 영주동,경상사고,0,0,2,0,차대사람 - 횡단중,보행자보호의무위반,건조,맑음,단일로 - 횡단보도상,승용,여,53세,상해없음,보행자,여,33세,경상
2014031500100303,2014년 3월 15일 13시,토요일,경상북도 경주시 인왕동,경상사고,0,0,2,0,차대차 - 기타,안전운전불이행,건조,맑음,단일로 - 기타,승용,남,19세,상해없음,승용,남,40세,경상
2014031500100304,2014년 3월 15일 13시,토요일,경상북도 경주시 용강동,중상사고,0,1,0,0,차대차 - 기타,신호위반,건조,맑음,교차로 - 교차로안,승용,남,32세,상해없음,승용,여,47세,중상
2014031500100305,2014년 3월 15일 13시,토요일,경상북도 안동시 길안면,경상사고,0,0,2,0,차대차 - 추돌 - 진행중,안전운전불이행,건조,맑음,단일로 - 기타,특수,남,51세,상해없음,승용,남,52세,경상
2014031500100306,2014년 3월 15일 13시,토요일,경상북도 경산시 진량읍,경상사고,0,0,1,0,차대사람 - 기타,기타,건조,맑음,단일로 - 기타,승합,남,43세,기타불명,보행자,남,24세,경상
2014031500100307,2014년 3월 15일 13시,토요일,경상북도 구미시 남통동,중상사고,0,1,0,0,차대사람 - 횡단중,안전운전불이행,건조,맑음,단일로 - 기타,승용,남,59세,상해없음,보행자,남,3세,중상
2014031500100337,2014년 3월 15일 14시,토요일,경상북도 포항시 북구 죽도동,중상사고,0,1,4,0,차대차 - 기타,안전거리미확보,건조,맑음,단일로 - 기타,승용,남,56세,상해없음,승용,여,45세,중상
2014031500100338,2014년 3월 15일 14시,토요일,경상북도 청도군 이서면,중상사고,0,2,0,0,차대차 - 기타,안전거리미확보,건조,맑음,교차로 - 교차로부근,화물,남,51세,상해없음,승용,여,32세,중상
2014031500100339,2014년 3월 15일 14시,토요일,경상북도 구미시 신평동,경상사고,0,0,1,0,차대차 - 기타,안전운전불이행,건조,맑음,단일로 - 기타,승용,남,47세,기타불명,승용,남,54세,경상
2014031500100401,2014년 3월 15일 16시,토요일,경상북도 경주시 천북면,경상사고,0,0,3,1,차대차 - 기타,안전운전불이행,건조,맑음,단일로 - 기타,승용,여,38세,부상신고,승용,남,40세,경상
2014031500100402,2014년 3월 15일 16시,토요일,경상북도 상주시 공성면,중상사고,0,1,0,0,차대사람 - 횡단중,안전운전불이행,건조,맑음,단일로 - 기타,화물,남,77세,상해없음,보행자,남,7세,중상
2014031500100403,2014년 3월 15일 16시,토요일,경상북도 경산시 압량면,경상사고,0,0,3,0,차대차 - 기타,안전운전불이행,건조,맑음,단일로 - 기타,승용,남,42세,상해없음,건설기계,남,46세,상해없음
2014031500100404,2014년 3월 15일 16시,토요일,경상북도 울진군 평해읍,사망사고,1,0,0,0,차량단독 - 전도전복,안전운전불이행,건조,맑음,단일로 - 기타,건설기계,남,59세,사망,,,,
2014031500100405,2014년 3월 15일 16시,토요일,경상북도 울진군 울진읍,중상사고,0,1,0,0,차대차 - 측면직각충돌,직진우회전진행방해,건조,맑음,교차로 - 교차로안,승용,남,48세,상해없음,이륜,남,16세,중상
2014031500100406,2014년 3월 15일 16시,토요일,경상북도 고령군 고령읍,중상사고,0,1,0,0,차대차 - 측면직각충돌,안전운전불이행,건조,맑음,단일로 - 기타,화물,남,65세,상해없음,이륜,남,81세,중상
2014031500100407,2014년 3월 15일 16시,토요일,경상북도 포항시 남구 오천읍,중상사고,0,1,0,0,차대차 - 기타,안전운전불이행,건조,맑음,단일로 - 기타,승용,남,28세,상해없음,자전거,남,66세,중상
2014031500100443,2014년 3월 15일 17시,토요일,경상북도 경주시 신평동,중상사고,0,1,0,0,차량단독 - 기타,안전운전불이행,건조,맑음,단일로 - 기타,원동기,남,16세,중상,,,,
2014031500100444,2014년 3월 15일 17시,토요일,경상북도 포항시 북구 덕산동,경상사고,0,0,1,0,차대차 - 기타,교차로운행방법위반,건조,맑음,교차로 - 교차로안,승용,남,21세,상해없음,승용,남,62세,경상
2014031500100476,2014년 3월 15일 18시,토요일,경상북도 영천시 대전동,경상사고,0,0,1,0,차대차 - 추돌 - 진행중,안전거리미확보,건조,맑음,단일로 - 기타,화물,여,63세,상해없음,승용,남,53세,상해없음
2014031500100477,2014년 3월 15일 18시,토요일,경상북도 영덕군 영해면,중상사고,0,1,0,0,차대차 - 측면직각충돌,교차로운행방법위반,건조,맑음,단일로 - 기타,승용,여,28세,상해없음,자전거,남,56세,중상
2014031500100517,2014년 3월 15일 19시,토요일,경상북도 경주시 용강동,중상사고,0,1,4,0,차대차 - 추돌 - 주정차중,안전운전불이행,건조,맑음,단일로 - 기타,승용,남,49세,상해없음,승용,남,30세,경상
2014031500100518,2014년 3월 15일 19시,토요일,경상북도 포항시 북구 대흥동,경상사고,0,0,1,0,차대사람 - 횡단중,안전운전불이행,건조,맑음,단일로 - 기타,승용,남,51세,상해없음,보행자,남,6세,경상
2014031500100519,2014년 3월 15일 19시,토요일,경상북도 칠곡군 석적읍,경상사고,0,0,1,0,차대차 - 정면충돌,안전운전불이행,건조,맑음,단일로 - 기타,승용,남,32세,상해없음,원동기,남,28세,경상
2014031500100520,2014년 3월 15일 19시,토요일,경상북도 경산시 진량읍,경상사고,0,0,2,0,차대차 - 기타,안전운전불이행,건조,맑음,단일로 - 횡단보도부근,화물,남,63세,상해없음,승용,남,43세,경상
2014031500100558,2014년 3월 15일 20시,토요일,경상북도 포항시 북구 흥해읍,경상사고,0,0,1,0,차대사람 - 기타,안전운전불이행,건조,맑음,단일로 - 기타,화물,남,55세,상해없음,보행자,남,55세,경상
2014031500100559,2014년 3월 15일 20시,토요일,경상북도 경산시 진량읍,경상사고,0,0,3,0,차대차 - 추돌 - 주정차중,안전운전불이행,건조,맑음,단일로 - 기타,승용,남,43세,상해없음,승용,남,39세,경상
2014031500100560,2014년 3월 15일 20시,토요일,경상북도 예천군 예천읍,경상사고,0,0,1,0,차대차 - 측면직각충돌,중앙선침범,건조,맑음,단일로 - 기타,승용,남,47세,상해없음,승용,남,60세,경상
2014031500100561,2014년 3월 15일 20시,토요일,경상북도 포항시 남구 오천읍,경상사고,0,0,2,0,차대차 - 기타,직진우회전진행방해,건조,맑음,교차로 - 교차로안,승용,여,51세,상해없음,승용,남,42세,경상
2014031500100587,2014년 3월 15일 21시,토요일,경상북도 구미시 송정동,경상사고,0,0,1,0,차대차 - 기타,안전운전불이행,건조,맑음,기타 - 기타,승용,남,54세,상해없음,이륜,남,19세,경상
2014031500100618,2014년 3월 15일 22시,토요일,경상북도 안동시 안기동,중상사고,0,1,0,0,차대사람 - 기타,안전운전불이행,건조,맑음,단일로 - 기타,승용,남,36세,상해없음,보행자,남,67세,중상
2014031500100619,2014년 3월 15일 22시,토요일,경상북도 포항시 남구 호동,중상사고,0,1,0,0,차대차 - 기타,교차로운행방법위반,건조,맑음,교차로 - 교차로안,승용,남,45세,상해없음,이륜,남,34세,중상
2014031500100620,2014년 3월 15일 22시,토요일,경상북도 포항시 남구 연일읍,경상사고,0,0,1,0,차량단독 - 주차차량충돌,안전운전불이행,건조,맑음,단일로 - 기타,화물,남,49세,경상,,,,
2014031500100621,2014년 3월 15일 22시,토요일,경상북도 의성군 봉양면,중상사고,0,1,0,0,차대차 - 측면직각충돌,안전운전불이행,건조,맑음,단일로 - 기타,승용,남,53세,상해없음,승용,남,53세,중상
2014031500100653,2014년 3월 15일 23시,토요일,경상북도 칠곡군 왜관읍,중상사고,0,1,0,0,차대차 - 측면직각충돌,교차로운행방법위반,건조,맑음,교차로 - 교차로안,승용,남,22세,상해없음,승용,여,36세,중상
2014031500100654,2014년 3월 15일 23시,토요일,경상북도 경산시 대동,경상사고,0,0,1,0,차대사람 - 기타,안전운전불이행,건조,맑음,교차로 - 교차로안,승용,남,26세,기타불명,보행자,남,33세,경상
2014031600100010,2014년 3월 16일 00시,일요일,경상북도 상주시 성하동,경상사고,0,0,1,0,차대차 - 기타,안전운전불이행,건조,맑음,교차로 - 교차로부근,승용,남,69세,상해없음,자전거,남,65세,경상
2014031600100011,2014년 3월 16일 00시,일요일,경상북도 청도군 화양읍,경상사고,0,0,3,0,차대차 - 기타,안전운전불이행,건조,맑음,교차로 - 교차로부근,승용,여,40세,상해없음,승용,남,43세,경상
2014031600100035,2014년 3월 16일 01시,일요일,경상북도 경산시 진량읍,중상사고,0,2,0,0,차대차 - 기타,중앙선침범,건조,맑음,교차로 - 교차로안,화물,남,60세,상해없음,승용,남,58세,중상
2014031600100080,2014년 3월 16일 03시,일요일,경상북도 영천시 청통면,경상사고,0,0,1,0,차량단독 - 기타,안전운전불이행,건조,맑음,기타 - 기타,화물,남,43세,경상,,,,
2014031600100092,2014년 3월 16일 04시,일요일,경상북도 경주시 성건동,중상사고,0,1,1,1,차대차 - 정면충돌,안전운전불이행,건조,맑음,교차로 - 교차로안,승용,남,23세,부상신고,승용,남,56세,중상
2014031600100103,2014년 3월 16일 05시,일요일,경상북도 경산시 진량읍,중상사고,0,1,0,0,차대사람 - 기타,안전운전불이행,건조,맑음,단일로 - 기타,기타불명,기타불명,기타불명,기타불명,보행자,여,71세,중상
2014031600100104,2014년 3월 16일 05시,일요일,경상북도 경산시 와촌면,경상사고,0,0,2,0,차대차 - 측면직각충돌,신호위반,건조,맑음,교차로 - 교차로안,승용,남,31세,경상,화물,남,18세,경상
2014031600100144,2014년 3월 16일 08시,일요일,경상북도 경산시 와촌면,경상사고,0,0,3,0,차대차 - 기타,안전운전불이행,건조,맑음,단일로 - 기타,승용,여,52세,상해없음,승용,여,43세,경상
2014031600100145,2014년 3월 16일 08시,일요일,경상북도 포항시 남구 장흥동,경상사고,0,0,1,0,차대차 - 기타,교차로운행방법위반,건조,맑음,교차로 - 교차로안,건설기계,남,32세,상해없음,승용,남,31세,경상
2014031600100173,2014년 3월 16일 10시,일요일,경상북도 경주시 광명동,중상사고,0,1,1,0,차대차 - 기타,안전운전불이행,건조,맑음,단일로 - 터널,화물,남,68세,상해없음,승용,남,54세,중상
2014031600100236,2014년 3월 16일 13시,일요일,경상북도 경주시 천군동,경상사고,0,0,2,0,차대차 - 기타,안전운전불이행,건조,맑음,교차로 - 교차로부근,승용,남,49세,상해없음,승용,남,40세,경상
2014031600100237,2014년 3월 16일 13시,일요일,경상북도 경주시 황오동,중상사고,0,1,0,0,차대차 - 기타,안전운전불이행,건조,맑음,교차로 - 교차로부근,승용,여,55세,상해없음,원동기,남,25세,중상
2014031600100238,2014년 3월 16일 13시,일요일,경상북도 영덕군 축산면,중상사고,0,6,1,0,차대차 - 추돌 - 주정차중,안전거리미확보,건조,맑음,단일로 - 기타,화물,여,56세,중상,화물,남,71세,중상
2014031600100239,2014년 3월 16일 13시,일요일,경상북도 청도군 청도읍,경상사고,0,0,1,0,차대사람 - 기타,안전운전불이행,기타,맑음,기타 - 기타,승용,남,33세,기타불명,보행자,여,4세,경상
2014031600100271,2014년 3월 16일 14시,일요일,경상북도 안동시 와룡면,경상사고,0,0,1,0,차량단독 - 전도전복,기타,건조,맑음,단일로 - 기타,원동기,남,71세,경상,,,,
2014031600100301,2014년 3월 16일 15시,일요일,경상북도 경주시 강동면,경상사고,0,0,2,0,차대차 - 기타,안전운전불이행,건조,맑음,단일로 - 기타,화물,남,49세,상해없음,승용,여,40세,경상
2014031600100302,2014년 3월 16일 15시,일요일,경상북도 안동시 용상동,중상사고,0,1,0,0,차대차 - 측면직각충돌,교차로운행방법위반,건조,맑음,교차로 - 교차로안,화물,남,28세,상해없음,이륜,여,66세,중상
2014031600100303,2014년 3월 16일 15시,일요일,경상북도 청도군 각북면,중상사고,0,1,1,0,차대차 - 기타,교차로운행방법위반,건조,맑음,교차로 - 교차로부근,승용,여,50세,상해없음,승용,여,64세,경상
2014031600100304,2014년 3월 16일 15시,일요일,경상북도 청송군 진보면,중상사고,0,1,0,0,차량단독 - 기타,안전운전불이행,건조,맑음,단일로 - 기타,원동기,남,45세,중상,,,,
2014031600100305,2014년 3월 16일 15시,일요일,경상북도 구미시 원평동,경상사고,0,0,1,0,차대차 - 기타,안전거리미확보,건조,맑음,교차로 - 교차로부근,승용,남,27세,상해없음,승용,여,44세,경상
2014031600100336,2014년 3월 16일 16시,일요일,경상북도 경산시 하양읍,경상사고,0,0,1,0,차대차 - 기타,신호위반,건조,맑음,교차로 - 교차로안,화물,남,45세,상해없음,승용,여,58세,경상
2014031600100337,2014년 3월 16일 16시,일요일,경상북도 구미시 선산읍,경상사고,0,0,1,0,차대차 - 기타,안전운전불이행,건조,맑음,교차로 - 교차로안,이륜,남,78세,경상,승용,남,38세,상해없음
2014031600100369,2014년 3월 16일 17시,일요일,경상북도 상주시 화서면,중상사고,0,1,1,0,차대차 - 기타,교차로운행방법위반,건조,맑음,교차로 - 교차로안,승용,여,45세,상해없음,화물,남,59세,경상
2014031600100392,2014년 3월 16일 18시,일요일,경상북도 안동시 정상동,중상사고,0,1,0,0,차대차 - 기타,안전운전불이행,건조,맑음,단일로 - 기타,승용,남,25세,중상,승용,남,52세,상해없음
2014031600100393,2014년 3월 16일 18시,일요일,경상북도 안동시 남선면,부상신고사고,0,0,0,1,차량단독 - 도로외이탈 - 기타,안전운전불이행,건조,맑음,단일로 - 기타,승용,남,47세,부상신고,,,,
2014031600100394,2014년 3월 16일 18시,일요일,경상북도 구미시 진평동,경상사고,0,0,1,0,차대차 - 기타,교차로운행방법위반,건조,맑음,교차로 - 교차로안,승용,남,26세,상해없음,승합,남,50세,경상
2014031600100422,2014년 3월 16일 19시,일요일,경상북도 경산시 조영동,중상사고,0,1,0,0,차대사람 - 기타,신호위반,건조,맑음,교차로 - 교차로안,화물,남,77세,상해없음,보행자,여,20세,중상
2014031600100423,2014년 3월 16일 19시,일요일,경상북도 청도군 청도읍,중상사고,0,1,0,0,차대차 - 기타,교차로운행방법위반,건조,맑음,교차로 - 교차로안,화물,남,52세,상해없음,승용,남,40세,중상
2014031700100025,2014년 3월 17일 02시,월요일,경상북도 구미시 임은동,경상사고,0,0,1,0,차대차 - 측면직각충돌,신호위반,건조,맑음,교차로 - 교차로안,승용,남,25세,상해없음,승합,남,58세,경상
2014031700100026,2014년 3월 17일 02시,월요일,경상북도 구미시 송정동,경상사고,0,0,1,0,차량단독 - 공작물충돌,안전운전불이행,건조,맑음,교차로 - 교차로안,승용,여,42세,경상,,,,
2014031700100030,2014년 3월 17일 03시,월요일,경상북도 칠곡군 석적읍,부상신고사고,0,0,0,1,차량단독 - 공작물충돌,안전운전불이행,건조,흐림,교차로 - 교차로안,승용,남,27세,부상신고,,,,
2014031700100059,2014년 3월 17일 06시,월요일,경상북도 포항시 북구 양덕동,중상사고,0,1,0,0,차대차 - 기타,안전운전불이행,건조,맑음,단일로 - 기타,승용,여,64세,상해없음,자전거,남,41세,중상
2014031700100060,2014년 3월 17일 06시,월요일,경상북도 포항시 북구 남빈동,경상사고,0,0,1,0,차대사람 - 기타,보행자보호의무위반,건조,맑음,교차로 - 교차로안,기타불명,기타불명,기타불명,기타불명,보행자,여,75세,경상
2014031700100087,2014년 3월 17일 07시,월요일,경상북도 경산시 정평동,경상사고,0,0,1,0,차대사람 - 기타,신호위반,건조,맑음,교차로 - 교차로안,기타불명,기타불명,기타불명,기타불명,보행자,여,14세,경상
2014031700100128,2014년 3월 17일 08시,월요일,경상북도 경주시 노서동,경상사고,0,0,1,0,차대차 - 기타,안전운전불이행,건조,맑음,단일로 - 기타,승용,남,64세,상해없음,승용,남,32세,경상
2014031700100129,2014년 3월 17일 08시,월요일,경상북도 경주시 시래동,중상사고,0,1,0,0,차대차 - 기타,안전운전불이행,건조,맑음,기타 - 기타,특수,남,51세,상해없음,자전거,남,11세,중상
2014031700100130,2014년 3월 17일 08시,월요일,경상북도 안동시 정하동,중상사고,0,1,0,0,차대차 - 기타,신호위반,건조,맑음,교차로 - 교차로부근,승용,남,71세,상해없음,자전거,남,17세,중상
2014031700100131,2014년 3월 17일 08시,월요일,경상북도 의성군 의성읍,부상신고사고,0,0,0,1,차대차 - 측면직각충돌,안전운전불이행,건조,맑음,교차로 - 교차로안,원동기,남,69세,부상신고,승용,여,44세,상해없음
2014031700100132,2014년 3월 17일 08시,월요일,경상북도 포항시 남구 송내동,경상사고,0,0,1,0,차대차 - 기타,차로위반,건조,맑음,교차로 - 교차로부근,화물,남,60세,상해없음,화물,남,43세,경상
2014031700100133,2014년 3월 17일 08시,월요일,경상북도 포항시 남구 오천읍,경상사고,0,0,1,0,차대차 - 기타,안전운전불이행,건조,맑음,교차로 - 교차로안,승용,남,31세,상해없음,승용,남,55세,상해없음
2014031700100157,2014년 3월 17일 09시,월요일,경상북도 상주시 화북면,사망사고,1,0,0,0,차대차 - 추돌 - 진행중,안전운전불이행,건조,맑음,단일로 - 기타,승합,남,52세,상해없음,이륜,남,75세,사망
2014031700100158,2014년 3월 17일 09시,월요일,경상북도 상주시 남성동,경상사고,0,0,1,0,차대사람 - 기타,안전운전불이행,건조,맑음,기타 - 기타,승용,여,53세,상해없음,보행자,남,43세,경상
2014031700100159,2014년 3월 17일 09시,월요일,경상북도 영천시 청통면,경상사고,0,0,1,0,차대차 - 기타,중앙선침범,건조,맑음,단일로 - 기타,승합,남,52세,상해없음,승용,남,54세,상해없음
2014031700100191,2014년 3월 17일 10시,월요일,경상북도 경주시 외동읍,경상사고,0,0,1,0,차대차 - 기타,안전운전불이행,건조,맑음,교차로 - 교차로부근,화물,남,60세,상해없음,이륜,남,76세,경상
2014031700100218,2014년 3월 17일 11시,월요일,경상북도 칠곡군 약목면,중상사고,0,2,0,0,차대차 - 측면직각충돌,안전운전불이행,건조,맑음,단일로 - 기타,화물,남,73세,상해없음,이륜,남,82세,중상
2014031700100219,2014년 3월 17일 11시,월요일,경상북도 구미시 도량동,중상사고,0,1,0,0,차대차 - 기타,안전운전불이행,건조,맑음,단일로 - 기타,승용,남,54세,상해없음,이륜,남,41세,중상
2014031700100240,2014년 3월 17일 12시,월요일,경상북도 포항시 북구 대흥동,중상사고,0,1,0,0,차대사람 - 횡단중,안전운전불이행,건조,맑음,단일로 - 기타,승용,여,60세,상해없음,보행자,여,73세,중상