사고번호,사고일시,요일,시군구,사고내용,사망자수,중상자수,경상자수,부상신고자수,사고유형,법규위반,노면상태,기상상태,도로형태,가해운전자 차종,가해운전자 성별,가해운전자 연령,가해운전자 상해정도,피해운전자 차종,피해운전자 성별,피해운전자 연령,피해운전자 상해정도
2014032200100512,2014년 3월 22일 19시,토요일,경상북도 구미시 진평동,중상사고,0,1,1,0,차대차 - 측면직각충돌,안전운전불이행,건조,맑음,단일로 - 기타,이륜,남,16세,경상,승용,남,43세,상해없음
2014032200100539,2014년 3월 22일 20시,토요일,경상북도 경주시 외동읍,중상사고,0,1,0,0,차대사람 - 기타,안전운전불이행,건조,맑음,단일로 - 기타,승용,남,31세,상해없음,보행자,여,77세,중상
2014032200100540,2014년 3월 22일 20시,토요일,경상북도 김천시 개령면,중상사고,0,1,0,0,차량단독 - 전도전복,안전운전불이행,건조,맑음,기타 - 기타,승용,남,50세,중상,,,,
2014032200100541,2014년 3월 22일 20시,토요일,경상북도 영주시 휴천동,경상사고,0,0,4,0,차대차 - 측면직각충돌,신호위반,건조,맑음,교차로 - 교차로안,승용,남,22세,상해없음,승용,남,35세,상해없음
2014032200100542,2014년 3월 22일 20시,토요일,경상북도 문경시 문경읍,중상사고,0,1,0,0,차대차 - 기타,중앙선침범,건조,맑음,단일로 - 기타,승용,여,48세,상해없음,화물,남,54세,중상
2014032200100543,2014년 3월 22일 20시,토요일,경상북도 경산시 남천면,경상사고,0,0,1,0,차대차 - 기타,차로위반,건조,맑음,단일로 - 기타,승용,남,21세,상해없음,승용,남,32세,경상
2014032200100544,2014년 3월 22일 20시,토요일,경상북도 구미시 형곡동,경상사고,0,0,1,0,차대차 - 측면직각충돌,안전운전불이행,건조,맑음,단일로 - 기타,이륜,남,16세,경상,승용,남,22세,상해없음
2014032200100568,2014년 3월 22일 21시,토요일,경상북도 영주시 휴천동,경상사고,0,0,1,0,차대차 - 측면직각충돌,교차로운행방법위반,건조,맑음,교차로 - 교차로안,승용,남,22세,상해없음,승용,남,50세,경상
2014032200100569,2014년 3월 22일 21시,토요일,경상북도 구미시 도량동,경상사고,0,0,2,0,차대사람 - 기타,안전운전불이행,기타,기타,기타 - 기타,이륜,남,18세,상해없음,보행자,남,42세,경상
2014032200100570,2014년 3월 22일 21시,토요일,경상북도 포항시 남구 동해면,경상사고,0,0,2,0,차대차 - 기타,안전운전불이행,건조,맑음,단일로 - 기타,승용,남,42세,상해없음,화물,남,49세,경상
2014032200100571,2014년 3월 22일 21시,토요일,경상북도 포항시 남구 대송면,경상사고,0,0,3,0,차대차 - 기타,안전운전불이행,건조,맑음,교차로 - 교차로부근,승용,남,62세,상해없음,화물,남,52세,경상
2014032200100605,2014년 3월 22일 22시,토요일,경상북도 포항시 북구 죽도동,경상사고,0,0,3,0,차대차 - 기타,안전거리미확보,건조,맑음,교차로 - 교차로부근,승용,남,40세,경상,승용,남,24세,경상
2014032200100606,2014년 3월 22일 22시,토요일,경상북도 안동시 태화동,중상사고,0,2,1,0,차대차 - 기타,직진우회전진행방해,건조,맑음,교차로 - 교차로부근,승용,남,71세,기타불명,승용,여,44세,경상
2014032200100607,2014년 3월 22일 22시,토요일,경상북도 안동시 옥동,경상사고,0,0,1,0,차대사람 - 횡단중,보행자보호의무위반,건조,맑음,교차로 - 교차로안,이륜,남,16세,상해없음,보행자,남,22세,경상
2014032200100608,2014년 3월 22일 22시,토요일,경상북도 구미시 인의동,중상사고,0,1,0,0,차대사람 - 기타,안전운전불이행,건조,맑음,단일로 - 기타,승용,남,26세,상해없음,보행자,남,36세,중상
2014032300100058,2014년 3월 23일 02시,일요일,경상북도 울진군 죽변면,경상사고,0,0,1,0,차대차 - 추돌 - 주정차중,안전운전불이행,건조,맑음,단일로 - 기타,승용,남,33세,상해없음,승용,남,56세,경상
2014032300100068,2014년 3월 23일 03시,일요일,경상북도 구미시 옥계동,경상사고,0,0,1,0,차대차 - 기타,안전운전불이행,기타,기타,교차로 - 교차로부근,승용,남,32세,상해없음,승용,여,45세,경상
2014032300100110,2014년 3월 23일 06시,일요일,경상북도 경주시 황성동,중상사고,0,1,0,0,차대차 - 추돌 - 진행중,안전운전불이행,건조,맑음,교차로 - 교차로부근,승용,남,23세,상해없음,승용,남,31세,중상
2014032300100145,2014년 3월 23일 08시,일요일,경상북도 상주시 무양동,경상사고,0,0,1,0,차대차 - 기타,안전운전불이행,건조,맑음,교차로 - 교차로안,승용,남,41세,상해없음,화물,남,63세,경상
2014032300100166,2014년 3월 23일 09시,일요일,경상북도 문경시 점촌동,경상사고,0,0,1,0,차대차 - 기타,안전운전불이행,건조,맑음,교차로 - 교차로부근,화물,남,64세,상해없음,자전거,남,10세,경상
2014032300100186,2014년 3월 23일 10시,일요일,경상북도 포항시 북구 흥해읍,경상사고,0,0,1,0,차대차 - 기타,안전거리미확보,건조,맑음,단일로 - 기타,화물,남,30세,상해없음,승용,남,68세,상해없음
2014032300100187,2014년 3월 23일 10시,일요일,경상북도 영주시 안정면,경상사고,0,0,1,0,차대차 - 측면직각충돌,안전운전불이행,건조,맑음,교차로 - 교차로안,화물,남,44세,상해없음,승합,남,63세,상해없음
2014032300100188,2014년 3월 23일 10시,일요일,경상북도 칠곡군 동명면,경상사고,0,0,2,0,차대차 - 측면직각충돌,안전운전불이행,건조,맑음,단일로 - 기타,화물,남,61세,상해없음,승용,여,54세,경상
2014032300100207,2014년 3월 23일 11시,일요일,경상북도 포항시 북구 죽도동,경상사고,0,0,1,0,차대차 - 기타,안전운전불이행,건조,맑음,단일로 - 기타,승용,남,45세,상해없음,승용,남,46세,경상
2014032300100248,2014년 3월 23일 13시,일요일,경상북도 문경시 점촌동,중상사고,0,1,0,0,차대사람 - 횡단중,안전운전불이행,건조,맑음,단일로 - 기타,승용,여,55세,상해없음,보행자,남,78세,중상
2014032300100249,2014년 3월 23일 13시,일요일,경상북도 고령군 성산면,사망사고,1,0,0,0,차대사람 - 기타,안전운전불이행,건조,맑음,단일로 - 기타,화물,남,48세,상해없음,보행자,남,84세,사망
2014032300100250,2014년 3월 23일 13시,일요일,경상북도 구미시 도량동,경상사고,0,0,2,0,차대차 - 기타,신호위반,건조,맑음,교차로 - 교차로안,이륜,남,17세,경상,승용,남,26세,경상
2014032300100284,2014년 3월 23일 14시,일요일,경상북도 경주시 성건동,부상신고사고,0,0,0,1,차대차 - 기타,안전운전불이행,건조,맑음,교차로 - 교차로안,원동기,여,70세,부상신고,승용,남,47세,상해없음
2014032300100285,2014년 3월 23일 14시,일요일,경상북도 영주시 영주동,경상사고,0,0,6,0,차대차 - 기타,안전운전불이행,건조,맑음,교차로 - 교차로안,승용,남,19세,상해없음,승용,여,28세,경상
2014032300100310,2014년 3월 23일 15시,일요일,경상북도 경주시 천북면,경상사고,0,0,3,0,차대차 - 기타,안전운전불이행,건조,맑음,단일로 - 기타,승용,남,39세,상해없음,승용,남,25세,경상
2014032300100311,2014년 3월 23일 15시,일요일,경상북도 포항시 남구 동촌동,중상사고,0,1,3,0,차대차 - 추돌 - 진행중,안전운전불이행,건조,맑음,단일로 - 기타,화물,남,48세,기타불명,승용,남,38세,중상
2014032300100342,2014년 3월 23일 16시,일요일,경상북도 구미시 진평동,부상신고사고,0,0,0,1,차대사람 - 기타,안전운전불이행,건조,맑음,기타 - 기타,승용,남,67세,상해없음,보행자,여,31세,부상신고
2014032300100343,2014년 3월 23일 16시,일요일,경상북도 군위군 군위읍,중상사고,0,1,0,0,차대차 - 추돌 - 진행중,안전운전불이행,건조,맑음,단일로 - 기타,승용,남,29세,상해없음,승용,여,42세,중상
2014032300100378,2014년 3월 23일 17시,일요일,경상북도 구미시 고아읍,사망사고,1,0,0,0,차대차 - 기타,안전운전불이행,건조,맑음,단일로 - 기타,승용,남,26세,상해없음,자전거,여,74세,사망
2014032300100406,2014년 3월 23일 18시,일요일,경상북도 경주시 천군동,경상사고,0,0,1,0,차대차 - 기타,안전운전불이행,건조,기타,기타 - 기타,기타불명,남,19세,기타불명,기타불명,여,34세,상해없음
2014032300100436,2014년 3월 23일 19시,일요일,경상북도 포항시 북구 양덕동,경상사고,0,0,1,0,차대차 - 기타,안전운전불이행,건조,맑음,단일로 - 기타,승용,남,29세,상해없음,승용,남,55세,경상
2014032300100437,2014년 3월 23일 19시,일요일,경상북도 김천시 지좌동,경상사고,0,0,2,0,차량단독 - 공작물충돌,안전운전불이행,건조,맑음,단일로 - 기타,승용,남,56세,경상,,,,
2014032300100438,2014년 3월 23일 19시,일요일,경상북도 칠곡군 가산면,중상사고,0,1,0,0,차대차 - 기타,안전운전불이행,건조,맑음,단일로 - 기타,승용,남,25세,상해없음,화물,남,29세,중상
2014032300100439,2014년 3월 23일 19시,일요일,경상북도 포항시 남구 오천읍,경상사고,0,0,1,0,차대차 - 기타,안전운전불이행,건조,맑음,단일로 - 교량,승용,남,47세,상해없음,승용,여,24세,경상
2014032300100474,2014년 3월 23일 20시,일요일,경상북도 포항시 북구 용흥동,경상사고,0,0,1,0,차대차 - 기타,안전운전불이행,건조,맑음,교차로 - 교차로안,승용,남,58세,상해없음,승용,여,25세,경상
2014032300100475,2014년 3월 23일 20시,일요일,경상북도 칠곡군 왜관읍,경상사고,0,0,1,0,차대차 - 기타,신호위반,건조,맑음,교차로 - 교차로안,승용,남,42세,상해없음,승용,남,23세,경상
2014032300100500,2014년 3월 23일 21시,일요일,경상북도 구미시 도량동,중상사고,0,1,1,0,차대차 - 기타,안전운전불이행,건조,맑음,단일로 - 기타,승용,남,57세,상해없음,승용,남,56세,기타불명
2014032300100501,2014년 3월 23일 21시,일요일,경상북도 구미시 시미동,경상사고,0,0,2,0,차대차 - 기타,안전거리미확보,건조,맑음,단일로 - 기타,승용,남,27세,상해없음,승용,남,26세,경상
2014032300100502,2014년 3월 23일 21시,일요일,경상북도 경주시 내남면,경상사고,0,0,1,0,차대차 - 추돌 - 주정차중,안전운전불이행,건조,맑음,기타 - 기타,승용,남,55세,상해없음,승용,남,43세,경상
2014032300100520,2014년 3월 23일 22시,일요일,경상북도 경주시 성건동,경상사고,0,0,1,0,차대차 - 기타,중앙선침범,건조,맑음,단일로 - 기타,승용,남,57세,상해없음,원동기,남,17세,경상
2014032400100021,2014년 3월 24일 01시,월요일,경상북도 경주시 산내면,사망사고,1,0,0,0,차량단독 - 공작물충돌,안전운전불이행,건조,맑음,단일로 - 기타,승용,여,53세,사망,,,,
2014032400100022,2014년 3월 24일 01시,월요일,경상북도 포항시 남구 대송면,사망사고,1,0,0,0,차량단독 - 기타,안전운전불이행,건조,맑음,교차로 - 교차로부근,이륜,남,23세,사망,,,,
2014032400100038,2014년 3월 24일 03시,월요일,경상북도 포항시 북구 죽도동,중상사고,0,1,1,0,차대차 - 기타,차로위반,건조,맑음,단일로 - 기타,승용,남,71세,상해없음,승용,남,49세,중상
2014032400100039,2014년 3월 24일 03시,월요일,경상북도 구미시 고아읍,부상신고사고,0,0,0,1,차량단독 - 공작물충돌,안전운전불이행,건조,맑음,교차로 - 교차로부근,승용,남,54세,부상신고,,,,
2014032400100040,2014년 3월 24일 03시,월요일,경상북도 포항시 남구 이동,경상사고,0,0,2,0,차량단독 - 공작물충돌,안전운전불이행,건조,맑음,단일로 - 기타,승용,남,30세,경상,,,,
2014032400100068,2014년 3월 24일 06시,월요일,경상북도 포항시 북구 신흥동,경상사고,0,0,1,0,차대차 - 기타,안전운전불이행,건조,맑음,교차로 - 교차로부근,기타불명,기타불명,기타불명,기타불명,승용,남,63세,경상
2014032400100069,2014년 3월 24일 06시,월요일,경상북도 안동시 태화동,경상사고,0,0,1,0,차대차 - 기타,안전운전불이행,건조,맑음,단일로 - 기타,승용,남,45세,상해없음,화물,남,61세,경상
2014032400100092,2014년 3월 24일 07시,월요일,경상북도 경주시 성건동,경상사고,0,0,1,0,차대차 - 측면직각충돌,안전운전불이행,건조,맑음,교차로 - 교차로안,승합,남,64세,상해없음,화물,남,38세,경상
2014032400100093,2014년 3월 24일 07시,월요일,경상북도 영천시 신령면,중상사고,0,1,1,0,차대차 - 측면직각충돌,교차로운행방법위반,건조,맑음,교차로 - 교차로안,승용,남,76세,상해없음,원동기,남,71세,경상
2014032400100094,2014년 3월 24일 07시,월요일,경상북도 경산시 진량읍,경상사고,0,0,1,0,차대차 - 기타,안전운전불이행,건조,맑음,교차로 - 교차로안,화물,남,27세,상해없음,승용,남,55세,경상
2014032400100133,2014년 3월 24일 08시,월요일,경상북도 경주시 광명동,경상사고,0,0,2,0,차대차 - 기타,안전운전불이행,건조,맑음,교차로 - 교차로안,화물,남,74세,상해없음,화물,남,35세,경상
2014032400100134,2014년 3월 24일 08시,월요일,경상북도 영주시 장수면,경상사고,0,0,1,0,차대차 - 추돌 - 주정차중,안전운전불이행,건조,맑음,단일로 - 기타,승용,여,44세,기타불명,승용,남,30세,경상
2014032400100135,2014년 3월 24일 08시,월요일,경상북도 문경시 문경읍,경상사고,0,0,1,0,차대차 - 추돌 - 주정차중,안전운전불이행,건조,맑음,단일로 - 기타,승용,남,54세,상해없음,승용,남,47세,경상
2014032400100136,2014년 3월 24일 08시,월요일,경상북도 경산시 삼북동,경상사고,0,0,1,0,차대차 - 기타,안전운전불이행,건조,맑음,교차로 - 교차로안,기타불명,기타불명,기타불명,기타불명,자전거,남,13세,경상
2014032400100137,2014년 3월 24일 08시,월요일,경상북도 성주군 초전면,경상사고,0,0,1,0,차대차 - 측면직각충돌,기타,기타,맑음,교차로 - 교차로안,이륜,남,66세,경상,승용,남,53세,상해없음
2014032400100164,2014년 3월 24일 09시,월요일,경상북도 포항시 북구 득량동,경상사고,0,0,2,0,차대사람 - 기타,신호위반,건조,흐림,교차로 - 교차로안,승용,남,62세,상해없음,보행자,여,38세,경상
2014032400100165,2014년 3월 24일 09시,월요일,경상북도 영천시 신령면,경상사고,0,0,1,0,차량단독 - 도로외이탈 - 기타,안전운전불이행,건조,맑음,기타 - 기타,화물,남,61세,상해없음,,,,
2014032400100166,2014년 3월 24일 09시,월요일,경상북도 경산시 진량읍,중상사고,0,2,2,0,차대사람 - 기타,안전운전불이행,건조,맑음,단일로 - 기타,승합,남,36세,상해없음,보행자,남,62세,중상
2014032400100167,2014년 3월 24일 09시,월요일,경상북도 예천군 예천읍,중상사고,0,1,0,0,차대차 - 기타,안전운전불이행,건조,맑음,교차로 - 교차로안,화물,남,61세,상해없음,이륜,남,71세,중상
2014032400100168,2014년 3월 24일 09시,월요일,경상북도 포항시 남구 상도동,경상사고,0,0,1,0,차대사람 - 기타,안전운전불이행,건조,맑음,단일로 - 기타,이륜,남,27세,상해없음,보행자,남,45세,경상
2014032400100196,2014년 3월 24일 10시,월요일,경상북도 경주시 양남면,중상사고,0,1,2,0,차대차 - 기타,안전운전불이행,건조,맑음,단일로 - 기타,화물,남,59세,중상,승용,남,69세,경상
2014032400100197,2014년 3월 24일 10시,월요일,경상북도 경주시 강동면,경상사고,0,0,3,0,차대차 - 기타,안전운전불이행,건조,맑음,단일로 - 기타,승합,여,62세,경상,화물,남,40세,상해없음
2014032400100198,2014년 3월 24일 10시,월요일,경상북도 경산시 사정동,경상사고,0,0,1,0,차대차 - 기타,안전운전불이행,건조,맑음,교차로 - 교차로부근,승합,남,47세,상해없음,화물,남,27세,상해없음
2014032400100199,2014년 3월 24일 10시,월요일,경상북도 경산시 갑제동,경상사고,0,0,1,0,차대차 - 기타,신호위반,건조,맑음,교차로 - 교차로안,이륜,남,18세,경상,승용,남,56세,상해없음
2014032400100200,2014년 3월 24일 10시,월요일,경상북도 영덕군 축산면,경상사고,0,0,2,0,차대차 - 측면직각충돌,안전운전불이행,건조,맑음,단일로 - 기타,승용,남,54세,경상,화물,남,37세,경상
2014032400100201,2014년 3월 24일 10시,월요일,경상북도 구미시 원평동,경상사고,0,0,1,0,차대사람 - 기타,안전운전불이행,건조,맑음,단일로 - 기타,화물,남,61세,상해없음,보행자,남,40세,경상
2014032400100234,2014년 3월 24일 11시,월요일,경상북도 칠곡군 왜관읍,경상사고,0,0,2,0,차대차 - 추돌 - 진행중,안전운전불이행,건조,맑음,단일로 - 기타,승용,남,42세,상해없음,화물,남,67세,경상
2014032400100235,2014년 3월 24일 11시,월요일,경상북도 봉화군 소천면,중상사고,0,1,0,0,차량단독 - 공작물충돌,안전운전불이행,건조,맑음,단일로 - 터널,승용,여,58세,중상,,,,
2014032400100257,2014년 3월 24일 12시,월요일,경상북도 경주시 외동읍,중상사고,0,1,0,0,차대차 - 기타,안전운전불이행,건조,맑음,단일로 - 기타,승용,남,25세,상해없음,승용,남,28세,중상
2014032400100258,2014년 3월 24일 12시,월요일,경상북도 경산시 옥곡동,중상사고,0,1,0,0,차대사람 - 기타,안전운전불이행,건조,맑음,교차로 - 교차로안,승합,남,33세,상해없음,보행자,여,29세,중상
2014032400100259,2014년 3월 24일 12시,월요일,경상북도 청송군 청송읍,경상사고,0,0,1,0,차대차 - 기타,중앙선침범,건조,맑음,교차로 - 교차로부근,승합,남,51세,상해없음,원동기,남,21세,경상
2014032400100260,2014년 3월 24일 12시,월요일,경상북도 구미시 해평면,경상사고,0,0,2,0,차대차 - 측면직각충돌,기타,건조,맑음,교차로 - 교차로안,화물,남,44세,경상,승용,남,42세,경상
2014032400100276,2014년 3월 24일 13시,월요일,경상북도 예천군 지보면,경상사고,0,0,1,0,차대차 - 측면직각충돌,안전운전불이행,건조,맑음,교차로 - 교차로안,화물,남,68세,상해없음,화물,남,37세,경상
2014032400100277,2014년 3월 24일 13시,월요일,경상북도 포항시 남구 해도동,경상사고,0,0,1,0,차대차 - 기타,중앙선침범,건조,맑음,교차로 - 교차로안,이륜,남,77세,경상,승용,남,49세,상해없음
2014032400100304,2014년 3월 24일 14시,월요일,경상북도 경주시 충효동,경상사고,0,0,1,0,차대사람 - 기타,보행자보호의무위반,건조,맑음,단일로 - 기타,승용,여,35세,상해없음,보행자,남,7세,경상
2014032400100305,2014년 3월 24일 14시,월요일,경상북도 문경시 산양면,경상사고,0,0,1,0,차대차 - 측면직각충돌,안전운전불이행,건조,맑음,단일로 - 기타,원동기,남,78세,경상,건설기계,남,59세,상해없음
2014032400100306,2014년 3월 24일 14시,월요일,경상북도 구미시 광평동,경상사고,0,0,1,0,차대차 - 기타,안전운전불이행,건조,맑음,교차로 - 교차로안,승합,여,46세,상해없음,승용,여,51세,경상
2014032400100340,2014년 3월 24일 15시,월요일,경상북도 영천시 금호읍,중상사고,0,1,0,0,차대차 - 기타,중앙선침범,건조,맑음,교차로 - 교차로부근,승용,여,47세,상해없음,승용,남,70세,중상
2014032400100374,2014년 3월 24일 16시,월요일,경상북도 영천시 망정동,경상사고,0,0,1,0,차대차 - 기타,교차로운행방법위반,건조,맑음,교차로 - 교차로안,승합,남,43세,상해없음,승용,여,32세,상해없음
2014032400100375,2014년 3월 24일 16시,월요일,경상북도 영천시 문외동,경상사고,0,0,1,0,차대차 - 기타,중앙선침범,건조,맑음,단일로 - 기타,자전거,남,14세,경상,화물,남,58세,상해없음
2014032400100376,2014년 3월 24일 16시,월요일,경상북도 고령군 고령읍,사망사고,1,0,0,0,차대차 - 측면직각충돌,안전운전불이행,건조,맑음,단일로 - 기타,원동기,남,72세,사망,승용,남,46세,상해없음
2014032400100408,2014년 3월 24일 17시,월요일,경상북도 포항시 북구 흥해읍,중상사고,0,1,0,0,차량단독 - 전도전복,안전운전불이행,건조,맑음,단일로 - 기타,승용,남,43세,중상,,,,
2014032400100409,2014년 3월 24일 17시,월요일,경상북도 김천시 개령면,중상사고,0,1,0,0,차대차 - 측면직각충돌,안전운전불이행,건조,맑음,교차로 - 교차로부근,특수,남,49세,상해없음,자전거,여,67세,중상
2014032400100410,2014년 3월 24일 17시,월요일,경상북도 영덕군 병곡면,중상사고,0,3,2,0,차대차 - 측면직각충돌,기타,건조,맑음,교차로 - 교차로안,승합,남,51세,상해없음,승용,남,62세,중상
2014032400100442,2014년 3월 24일 18시,월요일,경상북도 구미시 인의동,경상사고,0,0,1,0,차대차 - 기타,중앙선침범,건조,맑음,단일로 - 기타,승합,남,77세,상해없음,이륜,남,40세,경상
2014032400100480,2014년 3월 24일 19시,월요일,경상북도 안동시 옥야동,경상사고,0,0,1,0,차대차 - 기타,안전운전불이행,건조,맑음,교차로 - 교차로부근,승용,남,79세,상해없음,승용,여,34세,경상
2014032400100481,2014년 3월 24일 19시,월요일,경상북도 김천시 신음동,경상사고,0,0,1,0,차대차 - 측면직각충돌,안전운전불이행,건조,맑음,기타 - 기타,승용,남,27세,상해없음,승용,남,26세,경상
2014032400100482,2014년 3월 24일 19시,월요일,경상북도 칠곡군 북삼읍,경상사고,0,0,1,0,차대차 - 추돌 - 진행중,안전거리미확보,건조,맑음,교차로 - 교차로부근,승용,여,35세,상해없음,화물,남,47세,경상
2014032400100483,2014년 3월 24일 19시,월요일,경상북도 경산시 삼북동,중상사고,0,1,0,0,차대사람 - 기타,보행자보호의무위반,건조,맑음,교차로 - 교차로부근,승합,여,35세,상해없음,보행자,여,65세,중상
2014032400100484,2014년 3월 24일 19시,월요일,경상북도 구미시 원평동,경상사고,0,0,1,0,차대차 - 기타,신호위반,건조,맑음,교차로 - 교차로안,승용,여,32세,상해없음,승용,남,46세,경상
2014032400100485,2014년 3월 24일 19시,월요일,경상북도 포항시 남구 대도동,중상사고,0,1,1,0,차대차 - 기타,신호위반,건조,맑음,교차로 - 교차로안,승용,여,37세,상해없음,이륜,여,46세,중상
2014032400100511,2014년 3월 24일 20시,월요일,경상북도 구미시 도량동,중상사고,0,1,0,0,차대차 - 기타,안전운전불이행,건조,맑음,단일로 - 기타,승용,여,29세,상해없음,자전거,남,13세,중상
2014032400100512,2014년 3월 24일 20시,월요일,경상북도 구미시 진평동,경상사고,0,0,1,0,차대사람 - 기타,안전운전불이행,건조,맑음,기타 - 기타,기타불명,기타불명,기타불명,기타불명,보행자,남,17세,경상
2014032400100513,2014년 3월 24일 20시,월요일,경상북도 구미시 선산읍,중상사고,0,1,0,0,차대차 - 기타,안전운전불이행,기타,기타,기타 - 기타,승용,여,38세,상해없음,화물,남,53세,중상
2014032400100543,2014년 3월 24일 21시,월요일,경상북도 구미시 도량동,경상사고,0,0,1,0,차대차 - 추돌 - 주정차중,안전운전불이행,건조,맑음,교차로 - 교차로부근,승용,여,41세,상해없음,승용,여,29세,경상
2014032500100012,2014년 3월 25일 00시,화요일,경상북도 포항시 남구 대도동,중상사고,0,2,0,0,차대사람 - 횡단중,안전운전불이행,습기,비,교차로 - 교차로부근,승용,남,31세,상해없음,보행자,남,42세,중상
2014032500100022,2014년 3월 25일 01시,화요일,경상북도 포항시 남구 해도동,경상사고,0,0,1,0,차대차 - 기타,신호위반,건조,맑음,교차로 - 교차로안,승용,남,51세,상해없음,승용,남,63세,경상
2014032500100023,2014년 3월 25일 01시,화요일,경상북도 칠곡군 지천면,경상사고,0,0,2,0,차대차 - 추돌 - 진행중,안전운전불이행,건조,맑음,단일로 - 기타,기타불명,기타불명,기타불명,기타불명,승용,남,46세,경상
2014032500100037,2014년 3월 25일 02시,화요일,경상북도 울진군 죽변면,경상사고,0,0,1,0,차량단독 - 도로외이탈 - 기타,안전운전불이행,건조,맑음,단일로 - 기타,화물,남,59세,경상,,,,
2014032500100073,2014년 3월 25일 06시,화요일,경상북도 포항시 북구 장성동,중상사고,0,1,0,0,차대차 - 정면충돌,중앙선침범,건조,맑음,교차로 - 교차로부근,승용,여,61세,상해없음,원동기,남,61세,중상
2014032500100074,2014년 3월 25일 06시,화요일,경상북도 안동시 태화동,중상사고,0,1,0,0,차대사람 - 기타,안전운전불이행,건조,맑음,교차로 - 교차로부근,승용,남,59세,상해없음,보행자,남,63세,중상
2014032500100090,2014년 3월 25일 07시,화요일,경상북도 문경시 모전동,경상사고,0,0,1,0,차대차 - 측면직각충돌,안전운전불이행,건조,맑음,교차로 - 교차로안,승용,여,40세,상해없음,자전거,남,55세,경상
2014032500100091,2014년 3월 25일 07시,화요일,경상북도 포항시 남구 장흥동,경상사고,0,0,1,0,차대차 - 측면직각충돌,안전운전불이행,건조,맑음,단일로 - 횡단보도상,기타불명,기타불명,기타불명,기타불명,자전거,남,43세,경상
2014032500100118,2014년 3월 25일 08시,화요일,경상북도 경주시 구정동,중상사고,0,1,0,0,차대차 - 기타,안전운전불이행,건조,맑음,단일로 - 횡단보도부근,승용,남,48세,상해없음,승용,여,47세,중상
2014032500100119,2014년 3월 25일 08시,화요일,경상북도 경산시 평산동,중상사고,0,1,0,0,차대차 - 기타,중앙선침범,건조,흐림,단일로 - 기타,승용,남,70세,상해없음,승용,여,52세,중상
2014032500100120,2014년 3월 25일 08시,화요일,경상북도 경산시 하양읍,경상사고,0,0,1,0,차량단독 - 기타,안전운전불이행,건조,맑음,단일로 - 기타,승합,남,51세,상해없음,,,,
2014032500100121,2014년 3월 25일 08시,화요일,경상북도 포항시 남구 대잠동,경상사고,0,0,3,0,차대차 - 기타,신호위반,건조,맑음,교차로 - 교차로안,승용,여,50세,경상,승용,남,51세,상해없음
2014032500100122,2014년 3월 25일 08시,화요일,경상북도 포항시 남구 오천읍,경상사고,0,0,1,0,차대차 - 기타,차로위반,건조,맑음,단일로 - 기타,승용,여,67세,상해없음,이륜,남,37세,경상
2014032500100148,2014년 3월 25일 09시,화요일,경상북도 구미시 공단동,경상사고,0,0,3,0,차대차 - 기타,안전운전불이행,건조,맑음,교차로 - 교차로부근,화물,남,29세,경상,화물,남,46세,경상
2014032500100167,2014년 3월 25일 10시,화요일,경상북도 경주시 북부동,경상사고,0,0,1,0,차대차 - 기타,안전운전불이행,건조,맑음,교차로 - 교차로안,승용,남,34세,경상,승용,남,60세,상해없음
2014032500100168,2014년 3월 25일 10시,화요일,경상북도 울진군 기성면,경상사고,0,0,2,1,차대차 - 추돌 - 진행중,안전운전불이행,건조,맑음,단일로 - 기타,승용,남,56세,부상신고,승용,여,50세,경상
2014032500100169,2014년 3월 25일 10시,화요일,경상북도 구미시 산동면,경상사고,0,0,1,0,차대차 - 기타,안전운전불이행,건조,맑음,교차로 - 교차로안,승용,남,27세,기타불명,승용,여,29세,경상
2014032500100193,2014년 3월 25일 11시,화요일,경상북도 경주시 성건동,경상사고,0,0,1,0,차대차 - 기타,안전운전불이행,건조,맑음,기타 - 기타,승용,여,41세,상해없음,승용,남,46세,경상
2014032500100194,2014년 3월 25일 11시,화요일,경상북도 예천군 예천읍,중상사고,0,1,0,0,차대차 - 기타,안전운전불이행,건조,맑음,단일로 - 기타,이륜,남,71세,중상,승합,남,49세,상해없음
2014032500100195,2014년 3월 25일 11시,화요일,경상북도 구미시 공단동,중상사고,0,1,1,0,차대차 - 기타,안전운전불이행,건조,맑음,교차로 - 교차로부근,화물,남,58세,상해없음,승용,여,30세,중상
2014032500100295,2014년 3월 25일 15시,화요일,경상북도 포항시 남구 오천읍,경상사고,0,0,1,0,차대차 - 기타,안전운전불이행,건조,맑음,단일로 - 기타,화물,남,53세,기타불명,승용,여,41세,경상
2014032500100322,2014년 3월 25일 16시,화요일,경상북도 경산시 하양읍,경상사고,0,0,1,0,차대사람 - 기타,안전운전불이행,건조,맑음,단일로 - 기타,승용,여,61세,상해없음,보행자,여,11세,경상
2014032500100323,2014년 3월 25일 16시,화요일,경상북도 포항시 남구 해도동,중상사고,0,1,0,0,차대차 - 기타,안전운전불이행,건조,맑음,단일로 - 기타,승용,남,68세,상해없음,승용,여,44세,중상
2014032500100352,2014년 3월 25일 17시,화요일,경상북도 안동시 도산면,중상사고,0,1,1,0,차대차 - 기타,안전운전불이행,건조,맑음,기타 - 기타,이륜,여,75세,상해없음,이륜,남,74세,경상