사고번호,사고일시,요일,시군구,사고내용,사망자수,중상자수,경상자수,부상신고자수,사고유형,법규위반,노면상태,기상상태,도로형태,가해운전자 차종,가해운전자 성별,가해운전자 연령,가해운전자 상해정도,피해운전자 차종,피해운전자 성별,피해운전자 연령,피해운전자 상해정도
2014032500100353,2014년 3월 25일 17시,화요일,경상북도 구미시 봉곡동,부상신고사고,0,0,0,1,차대사람 - 기타,보행자보호의무위반,건조,흐림,교차로 - 교차로부근,기타불명,기타불명,기타불명,기타불명,보행자,여,19세,부상신고
2014032500100354,2014년 3월 25일 17시,화요일,경상북도 포항시 남구 대도동,경상사고,0,0,1,0,차대차 - 추돌 - 진행중,안전거리미확보,건조,맑음,단일로 - 기타,승용,남,53세,기타불명,승용,여,27세,경상
2014032500100355,2014년 3월 25일 17시,화요일,경상북도 포항시 남구 대잠동,경상사고,0,0,2,0,차대차 - 기타,교차로운행방법위반,건조,맑음,교차로 - 교차로안,승용,남,48세,상해없음,화물,남,32세,경상
2014032500100392,2014년 3월 25일 18시,화요일,경상북도 경주시 건천읍,부상신고사고,0,0,0,1,차대사람 - 기타,안전운전불이행,습기,비,교차로 - 교차로안,승용,여,44세,상해없음,보행자,여,22세,부상신고
2014032500100393,2014년 3월 25일 18시,화요일,경상북도 구미시 도량동,부상신고사고,0,0,0,1,차대차 - 기타,신호위반,건조,맑음,교차로 - 교차로안,이륜,남,21세,부상신고,승용,남,53세,상해없음
2014032500100447,2014년 3월 25일 19시,화요일,경상북도 경주시 용강동,중상사고,0,1,2,0,차대차 - 추돌 - 주정차중,안전운전불이행,습기,비,교차로 - 교차로부근,승용,남,63세,상해없음,승용,남,42세,경상
2014032500100448,2014년 3월 25일 19시,화요일,경상북도 포항시 북구 대신동,중상사고,0,1,0,0,차대차 - 기타,중앙선침범,건조,흐림,단일로 - 기타,승용,남,44세,상해없음,원동기,남,57세,중상
2014032500100449,2014년 3월 25일 19시,화요일,경상북도 김천시 봉산면,사망사고,1,0,0,0,차대사람 - 보도통행중,안전운전불이행,습기,비,교차로 - 교차로부근,승합,남,47세,상해없음,보행자,여,82세,사망
2014032500100450,2014년 3월 25일 19시,화요일,경상북도 경산시 압량면,경상사고,0,0,2,0,차대차 - 추돌 - 진행중,안전거리미확보,습기,비,단일로 - 기타,승합,남,65세,상해없음,승용,남,23세,경상
2014032500100451,2014년 3월 25일 19시,화요일,경상북도 경산시 조영동,경상사고,0,0,1,0,차대사람 - 기타,안전운전불이행,습기,비,교차로 - 교차로안,승용,남,30세,상해없음,보행자,남,66세,경상
2014032500100498,2014년 3월 25일 20시,화요일,경상북도 경주시 성동동,중상사고,0,1,0,0,차대차 - 기타,안전운전불이행,습기,비,단일로 - 기타,승용,남,25세,상해없음,자전거,남,74세,중상
2014032500100499,2014년 3월 25일 20시,화요일,경상북도 구미시 공단동,경상사고,0,0,1,0,차대차 - 기타,안전운전불이행,기타,기타,교차로 - 교차로부근,승용,남,36세,기타불명,승용,남,31세,경상
2014032500100500,2014년 3월 25일 20시,화요일,경상북도 포항시 남구 송도동,경상사고,0,0,1,0,차대차 - 기타,안전운전불이행,건조,맑음,교차로 - 교차로부근,승용,여,50세,상해없음,승용,남,54세,경상
2014032500100530,2014년 3월 25일 21시,화요일,경상북도 경주시 동천동,중상사고,0,1,0,0,차대사람 - 기타,안전운전불이행,습기,비,교차로 - 교차로안,승용,남,56세,상해없음,보행자,여,44세,중상
2014032500100531,2014년 3월 25일 21시,화요일,경상북도 포항시 북구 장성동,경상사고,0,0,1,0,차대차 - 기타,안전운전불이행,습기,비,단일로 - 기타,승용,여,51세,상해없음,승용,남,48세,경상
2014032500100532,2014년 3월 25일 21시,화요일,경상북도 구미시 봉곡동,중상사고,0,1,1,0,차대차 - 기타,교차로운행방법위반,습기,비,교차로 - 교차로안,승용,남,48세,경상,승용,남,28세,중상
2014032500100533,2014년 3월 25일 21시,화요일,경상북도 구미시 공단동,중상사고,0,1,0,0,차대차 - 추돌 - 진행중,안전운전불이행,습기,비,교차로 - 교차로부근,승용,남,31세,상해없음,승용,여,51세,중상
2014032500100586,2014년 3월 25일 22시,화요일,경상북도 영천시 고경면,경상사고,0,0,1,0,차대사람 - 기타,안전운전불이행,습기,비,단일로 - 기타,승용,남,52세,상해없음,보행자,남,48세,경상
2014032500100587,2014년 3월 25일 22시,화요일,경상북도 문경시 모전동,경상사고,0,0,2,0,차대차 - 정면충돌,중앙선침범,습기,비,교차로 - 교차로부근,승용,남,29세,상해없음,승용,남,56세,경상
2014032500100626,2014년 3월 25일 23시,화요일,경상북도 경주시 황성동,중상사고,0,1,0,0,차대사람 - 기타,안전운전불이행,습기,비,단일로 - 기타,승용,남,43세,상해없음,보행자,남,47세,중상
2014032500100627,2014년 3월 25일 23시,화요일,경상북도 포항시 북구 창포동,경상사고,0,0,1,0,차대차 - 기타,신호위반,습기,비,교차로 - 교차로부근,승용,남,40세,상해없음,승용,남,30세,경상
2014032500100628,2014년 3월 25일 23시,화요일,경상북도 포항시 남구 대도동,중상사고,0,1,0,0,차대사람 - 기타,안전운전불이행,습기,비,단일로 - 기타,승용,남,59세,상해없음,보행자,남,48세,중상
2014032600100065,2014년 3월 26일 02시,수요일,경상북도 상주시 복룡동,경상사고,0,0,2,0,차대차 - 기타,교차로운행방법위반,습기,비,교차로 - 교차로안,승용,남,51세,경상,승용,남,42세,상해없음
2014032600100085,2014년 3월 26일 04시,수요일,경상북도 경산시 남천면,경상사고,0,0,1,0,차량단독 - 공작물충돌,안전운전불이행,습기,비,단일로 - 기타,승용,남,36세,경상,,,,
2014032600100086,2014년 3월 26일 04시,수요일,경상북도 경산시 압량면,중상사고,0,1,2,0,차대차 - 기타,안전운전불이행,습기,비,단일로 - 기타,화물,남,46세,상해없음,승용,남,26세,중상
2014032600100093,2014년 3월 26일 05시,수요일,경상북도 포항시 북구 청하면,부상신고사고,0,0,0,1,차대차 - 기타,안전운전불이행,습기,비,단일로 - 기타,승용,남,45세,부상신고,건설기계,남,39세,상해없음
2014032600100178,2014년 3월 26일 08시,수요일,경상북도 경주시 내남면,경상사고,0,0,3,0,차대차 - 기타,신호위반,습기,흐림,교차로 - 교차로안,화물,남,57세,상해없음,승용,여,38세,경상
2014032600100179,2014년 3월 26일 08시,수요일,경상북도 안동시 법흥동,중상사고,0,1,0,0,차대사람 - 기타,안전운전불이행,습기,비,단일로 - 기타,승용,여,39세,상해없음,보행자,여,54세,중상
2014032600100180,2014년 3월 26일 08시,수요일,경상북도 영주시 평은면,중상사고,0,1,1,0,차대차 - 추돌 - 진행중,안전운전불이행,습기,비,교차로 - 교차로부근,승용,남,52세,상해없음,승용,여,40세,중상
2014032600100181,2014년 3월 26일 08시,수요일,경상북도 구미시 인의동,경상사고,0,0,3,0,차대차 - 기타,안전거리미확보,습기,흐림,교차로 - 교차로안,승용,남,40세,상해없음,승용,남,51세,상해없음
2014032600100210,2014년 3월 26일 09시,수요일,경상북도 경주시 노서동,경상사고,0,0,2,0,차대차 - 기타,안전운전불이행,습기,비,단일로 - 기타,승합,남,55세,경상,승합,남,51세,경상
2014032600100211,2014년 3월 26일 09시,수요일,경상북도 문경시 문경읍,경상사고,0,0,1,0,차량단독 - 기타,안전운전불이행,습기,비,교차로 - 교차로안,승합,남,40세,상해없음,,,,
2014032600100212,2014년 3월 26일 09시,수요일,경상북도 울진군 평해읍,중상사고,0,1,0,0,차대차 - 추돌 - 진행중,안전운전불이행,건조,흐림,단일로 - 교량,승용,남,55세,상해없음,화물,남,52세,중상
2014032600100239,2014년 3월 26일 10시,수요일,경상북도 예천군 예천읍,경상사고,0,0,1,0,차대차 - 기타,안전운전불이행,습기,비,단일로 - 기타,이륜,여,76세,경상,승용,남,64세,상해없음
2014032600100240,2014년 3월 26일 10시,수요일,경상북도 포항시 남구 오천읍,중상사고,0,1,0,0,차대차 - 추돌 - 주정차중,안전운전불이행,건조,맑음,단일로 - 기타,화물,남,38세,상해없음,화물,남,58세,중상
2014032600100241,2014년 3월 26일 10시,수요일,경상북도 포항시 남구 송도동,중상사고,0,1,0,0,차대차 - 기타,중앙선침범,건조,맑음,단일로 - 기타,승합,남,59세,상해없음,이륜,남,57세,중상
2014032600100268,2014년 3월 26일 11시,수요일,경상북도 포항시 북구 우현동,경상사고,0,0,1,0,차량단독 - 전도전복,안전운전불이행,건조,맑음,단일로 - 기타,원동기,남,74세,경상,,,,
2014032600100269,2014년 3월 26일 11시,수요일,경상북도 김천시 평화동,경상사고,0,0,1,0,차대사람 - 횡단중,보행자보호의무위반,건조,맑음,단일로 - 횡단보도상,화물,남,71세,상해없음,보행자,여,21세,경상
2014032600100270,2014년 3월 26일 11시,수요일,경상북도 구미시 산동면,경상사고,0,0,1,0,차대차 - 기타,교차로운행방법위반,습기,흐림,교차로 - 교차로안,화물,남,59세,경상,화물,남,42세,상해없음
2014032600100289,2014년 3월 26일 12시,수요일,경상북도 구미시 광평동,중상사고,0,1,0,0,차대차 - 기타,안전운전불이행,건조,맑음,단일로 - 기타,승용,여,40세,상해없음,승용,여,51세,중상
2014032600100345,2014년 3월 26일 14시,수요일,경상북도 김천시 용두동,중상사고,0,1,0,0,차대차 - 측면직각충돌,신호위반,건조,맑음,교차로 - 교차로안,화물,남,71세,상해없음,승용,여,60세,중상
2014032600100346,2014년 3월 26일 14시,수요일,경상북도 포항시 남구 대도동,경상사고,0,0,1,0,차대차 - 기타,안전운전불이행,건조,맑음,단일로 - 기타,이륜,남,29세,경상,승용,여,46세,상해없음
2014032600100370,2014년 3월 26일 15시,수요일,경상북도 포항시 북구 흥해읍,중상사고,0,1,0,0,차대차 - 기타,직진우회전진행방해,건조,흐림,교차로 - 교차로안,승용,여,30세,상해없음,원동기,남,63세,중상
2014032600100432,2014년 3월 26일 17시,수요일,경상북도 안동시 수상동,중상사고,0,1,0,0,차대차 - 기타,안전운전불이행,건조,맑음,교차로 - 교차로안,화물,남,61세,상해없음,승용,남,49세,중상
2014032600100433,2014년 3월 26일 17시,수요일,경상북도 상주시 함창읍,경상사고,0,0,1,0,차량단독 - 기타,안전운전불이행,건조,맑음,단일로 - 기타,승합,남,61세,상해없음,,,,
2014032600100434,2014년 3월 26일 17시,수요일,경상북도 경산시 와촌면,경상사고,0,0,1,0,차대차 - 기타,안전운전불이행,건조,맑음,단일로 - 기타,승용,남,80세,상해없음,이륜,남,75세,경상
2014032600100435,2014년 3월 26일 17시,수요일,경상북도 포항시 남구 오천읍,경상사고,0,0,1,0,차대차 - 기타,중앙선침범,습기,비,단일로 - 기타,승용,여,54세,상해없음,화물,남,73세,경상
2014032600100476,2014년 3월 26일 18시,수요일,경상북도 포항시 북구 죽도동,경상사고,0,0,2,0,차대차 - 기타,교차로운행방법위반,건조,흐림,교차로 - 교차로안,원동기,여,53세,경상,승용,남,68세,경상
2014032600100518,2014년 3월 26일 19시,수요일,경상북도 성주군 선남면,경상사고,0,0,2,0,차대차 - 기타,불법유턴,건조,맑음,단일로 - 기타,승용,여,54세,상해없음,화물,남,33세,경상
2014032600100519,2014년 3월 26일 19시,수요일,경상북도 포항시 남구 오천읍,중상사고,0,1,0,0,차대사람 - 횡단중,안전운전불이행,건조,흐림,단일로 - 기타,승용,남,22세,상해없음,보행자,여,39세,중상
2014032600100520,2014년 3월 26일 19시,수요일,경상북도 포항시 남구 오천읍,경상사고,0,0,1,0,차대차 - 추돌 - 주정차중,안전운전불이행,건조,맑음,단일로 - 기타,화물,남,58세,상해없음,승용,여,36세,경상
2014032600100521,2014년 3월 26일 19시,수요일,경상북도 포항시 남구 효자동,경상사고,0,0,2,0,차대차 - 기타,안전운전불이행,건조,맑음,단일로 - 기타,승용,여,49세,경상,승용,남,48세,경상
2014032600100522,2014년 3월 26일 19시,수요일,경상북도 칠곡군 석적읍,중상사고,0,1,2,0,차대차 - 추돌 - 진행중,안전운전불이행,건조,맑음,단일로 - 기타,화물,남,56세,경상,승용,남,66세,경상
2014032600100567,2014년 3월 26일 20시,수요일,경상북도 김천시 구성면,중상사고,0,1,0,0,차대차 - 기타,안전운전불이행,건조,맑음,단일로 - 기타,승용,남,32세,상해없음,농기계,남,43세,중상
2014032600100568,2014년 3월 26일 20시,수요일,경상북도 경산시 자인면,경상사고,0,0,1,0,차대차 - 측면직각충돌,신호위반,건조,맑음,교차로 - 교차로안,승용,남,26세,상해없음,승용,남,42세,경상
2014032600100569,2014년 3월 26일 20시,수요일,경상북도 구미시 공단동,중상사고,0,1,2,0,차대차 - 기타,안전운전불이행,건조,맑음,단일로 - 기타,승용,남,31세,상해없음,승용,남,32세,중상
2014032600100595,2014년 3월 26일 21시,수요일,경상북도 영주시 봉현면,중상사고,0,1,0,0,차량단독 - 공작물충돌,안전운전불이행,건조,맑음,단일로 - 기타,화물,남,43세,중상,,,,
2014032600100596,2014년 3월 26일 21시,수요일,경상북도 영천시 대창면,경상사고,0,0,1,0,차대차 - 정면충돌,안전운전불이행,습기,흐림,교차로 - 교차로안,승용,여,40세,상해없음,화물,남,45세,경상
2014032600100597,2014년 3월 26일 21시,수요일,경상북도 경산시 사동,중상사고,0,1,0,0,차대차 - 추돌 - 주정차중,안전운전불이행,건조,흐림,단일로 - 기타,화물,남,59세,중상,화물,남,40세,기타불명
2014032600100628,2014년 3월 26일 22시,수요일,경상북도 경주시 동천동,중상사고,0,1,0,0,차대사람 - 기타,안전운전불이행,건조,맑음,단일로 - 기타,승용,남,51세,상해없음,보행자,남,35세,중상
2014032600100654,2014년 3월 26일 23시,수요일,경상북도 경산시 옥산동,경상사고,0,0,1,0,차대사람 - 기타,안전운전불이행,건조,맑음,교차로 - 교차로안,승용,남,32세,상해없음,보행자,여,26세,경상
2014032700100014,2014년 3월 27일 00시,목요일,경상북도 경산시 대정동,부상신고사고,0,0,0,1,차대사람 - 기타,안전운전불이행,건조,맑음,교차로 - 교차로부근,승용,남,42세,상해없음,보행자,남,48세,부상신고
2014032700100066,2014년 3월 27일 05시,목요일,경상북도 구미시 비산동,중상사고,0,1,0,0,차량단독 - 기타,안전운전불이행,기타,안개,교차로 - 교차로안,승용,여,28세,중상,,,,
2014032700100078,2014년 3월 27일 06시,목요일,경상북도 포항시 북구 신광면,경상사고,0,0,1,0,차량단독 - 전도전복,안전운전불이행,건조,맑음,단일로 - 기타,승용,남,29세,경상,,,,
2014032700100140,2014년 3월 27일 08시,목요일,경상북도 칠곡군 왜관읍,중상사고,0,1,0,1,차대차 - 기타,안전거리미확보,건조,맑음,단일로 - 기타,화물,남,32세,부상신고,승용,여,46세,중상
2014032700100141,2014년 3월 27일 08시,목요일,경상북도 칠곡군 가산면,중상사고,0,1,0,0,차대차 - 기타,안전운전불이행,건조,맑음,단일로 - 기타,건설기계,남,53세,상해없음,승용,남,62세,중상
2014032700100142,2014년 3월 27일 08시,목요일,경상북도 문경시 산양면,중상사고,0,1,0,0,차대차 - 기타,신호위반,건조,맑음,교차로 - 교차로안,화물,남,51세,상해없음,화물,남,45세,상해없음
2014032700100177,2014년 3월 27일 09시,목요일,경상북도 칠곡군 석적읍,중상사고,0,1,0,0,차량단독 - 기타,안전운전불이행,건조,맑음,교차로 - 교차로안,승합,남,52세,상해없음,,,,
2014032700100178,2014년 3월 27일 09시,목요일,경상북도 영천시 야사동,중상사고,0,1,0,0,차대사람 - 기타,안전운전불이행,건조,맑음,교차로 - 교차로안,승용,여,38세,상해없음,보행자,여,65세,중상
2014032700100198,2014년 3월 27일 10시,목요일,경상북도 포항시 북구 덕산동,중상사고,0,1,1,0,차대차 - 추돌 - 진행중,안전운전불이행,건조,맑음,단일로 - 기타,승용,남,41세,상해없음,승용,남,54세,경상
2014032700100199,2014년 3월 27일 10시,목요일,경상북도 칠곡군 석적읍,경상사고,0,0,1,0,차대차 - 기타,신호위반,건조,맑음,교차로 - 교차로안,이륜,남,49세,경상,승용,남,73세,상해없음
2014032700100200,2014년 3월 27일 10시,목요일,경상북도 경산시 대평동,경상사고,0,0,2,0,차대차 - 기타,안전운전불이행,건조,맑음,단일로 - 기타,승용,남,30세,상해없음,화물,남,56세,경상
2014032700100201,2014년 3월 27일 10시,목요일,경상북도 구미시 인의동,경상사고,0,0,1,0,차대차 - 기타,안전운전불이행,건조,맑음,단일로 - 기타,화물,남,45세,상해없음,승용,여,30세,경상
2014032700100202,2014년 3월 27일 10시,목요일,경상북도 구미시 공단동,경상사고,0,0,1,0,차대차 - 기타,중앙선침범,건조,맑음,단일로 - 기타,승용,남,28세,상해없음,특수,남,51세,경상
2014032700100224,2014년 3월 27일 11시,목요일,경상북도 울진군 울진읍,경상사고,0,0,1,0,차대차 - 측면직각충돌,직진우회전진행방해,건조,맑음,교차로 - 교차로안,승용,남,40세,상해없음,승용,남,31세,경상
2014032700100243,2014년 3월 27일 12시,목요일,경상북도 상주시 무양동,중상사고,0,1,0,0,차대사람 - 길가장자리구역통행중,안전운전불이행,건조,맑음,단일로 - 기타,승용,여,53세,상해없음,보행자,여,49세,중상
2014032700100244,2014년 3월 27일 12시,목요일,경상북도 구미시 구평동,경상사고,0,0,1,0,차대차 - 기타,안전운전불이행,건조,맑음,교차로 - 교차로부근,승용,여,32세,상해없음,승용,여,40세,경상
2014032700100261,2014년 3월 27일 13시,목요일,경상북도 경주시 동천동,경상사고,0,0,1,0,차대사람 - 기타,안전운전불이행,건조,맑음,단일로 - 기타,승용,여,56세,상해없음,보행자,남,58세,경상
2014032700100262,2014년 3월 27일 13시,목요일,경상북도 의성군 의성읍,중상사고,0,1,1,0,차대차 - 추돌 - 진행중,안전운전불이행,건조,맑음,단일로 - 기타,화물,남,59세,상해없음,승용,여,24세,경상
2014032700100263,2014년 3월 27일 13시,목요일,경상북도 포항시 남구 대도동,경상사고,0,0,1,0,차대차 - 기타,안전운전불이행,건조,맑음,교차로 - 교차로안,승용,여,40세,상해없음,승용,남,60세,경상
2014032700100291,2014년 3월 27일 14시,목요일,경상북도 포항시 북구 항구동,경상사고,0,0,1,0,차대차 - 기타,안전운전불이행,건조,맑음,단일로 - 기타,승용,남,47세,상해없음,승용,남,61세,경상
2014032700100292,2014년 3월 27일 14시,목요일,경상북도 안동시 천리동,경상사고,0,0,1,0,차대차 - 기타,안전거리미확보,건조,맑음,단일로 - 기타,승용,여,53세,경상,화물,남,46세,상해없음
2014032700100293,2014년 3월 27일 14시,목요일,경상북도 예천군 예천읍,경상사고,0,0,1,0,차대사람 - 차도통행중,안전운전불이행,건조,맑음,단일로 - 기타,승용,남,85세,상해없음,보행자,여,66세,경상
2014032700100327,2014년 3월 27일 15시,목요일,경상북도 경주시 천군동,경상사고,0,0,1,0,차대차 - 기타,안전운전불이행,건조,맑음,기타 - 기타,이륜,남,19세,상해없음,화물,남,50세,상해없음
2014032700100328,2014년 3월 27일 15시,목요일,경상북도 경산시 진량읍,부상신고사고,0,0,0,1,차대차 - 기타,기타,건조,맑음,교차로 - 교차로안,화물,남,79세,상해없음,승합,남,31세,부상신고
2014032700100329,2014년 3월 27일 15시,목요일,경상북도 군위군 효령면,중상사고,0,1,0,0,차대차 - 기타,중앙선침범,건조,맑음,단일로 - 기타,승용,여,49세,상해없음,승용,남,48세,중상
2014032700100330,2014년 3월 27일 15시,목요일,경상북도 구미시 도량동,경상사고,0,0,1,0,차대사람 - 기타,신호위반,건조,맑음,단일로 - 횡단보도상,승용,여,37세,상해없음,보행자,여,21세,경상
2014032700100360,2014년 3월 27일 16시,목요일,경상북도 경주시 용강동,경상사고,0,0,1,0,차대차 - 정면충돌,안전운전불이행,건조,맑음,교차로 - 교차로안,승용,남,47세,상해없음,화물,남,60세,상해없음
2014032700100361,2014년 3월 27일 16시,목요일,경상북도 안동시 신안동,중상사고,0,1,0,0,차량단독 - 전도전복,안전운전불이행,건조,맑음,단일로 - 기타,이륜,남,61세,중상,,,,
2014032700100362,2014년 3월 27일 16시,목요일,경상북도 예천군 용궁면,경상사고,0,0,1,0,차대차 - 추돌 - 진행중,안전운전불이행,건조,맑음,교차로 - 교차로부근,승용,남,56세,상해없음,승용,여,28세,경상
2014032700100363,2014년 3월 27일 16시,목요일,경상북도 구미시 인의동,중상사고,0,1,0,0,차대사람 - 기타,보행자보호의무위반,건조,맑음,단일로 - 횡단보도상,화물,남,24세,상해없음,보행자,남,73세,중상
2014032700100364,2014년 3월 27일 16시,목요일,경상북도 포항시 남구 청림동,중상사고,0,2,0,0,차대차 - 정면충돌,중앙선침범,건조,맑음,단일로 - 기타,승용,남,51세,중상,화물,남,38세,중상
2014032700100365,2014년 3월 27일 16시,목요일,경상북도 경산시 남천면,중상사고,0,1,0,0,차대차 - 추돌 - 주정차중,안전운전불이행,건조,맑음,단일로 - 터널,화물,남,37세,중상,화물,남,50세,상해없음
2014032700100399,2014년 3월 27일 17시,목요일,경상북도 경산시 대동,경상사고,0,0,1,0,차대차 - 기타,안전운전불이행,건조,맑음,단일로 - 기타,화물,남,46세,상해없음,이륜,남,20세,경상
2014032700100434,2014년 3월 27일 18시,목요일,경상북도 경산시 하양읍,경상사고,0,0,1,0,차대차 - 기타,안전거리미확보,건조,맑음,교차로 - 교차로안,승용,남,59세,상해없음,화물,남,33세,경상
2014032700100435,2014년 3월 27일 18시,목요일,경상북도 구미시 인의동,중상사고,0,1,0,0,차대차 - 기타,안전운전불이행,건조,맑음,교차로 - 교차로안,승용,여,65세,상해없음,이륜,남,60세,중상
2014032700100436,2014년 3월 27일 18시,목요일,경상북도 구미시 상모동,경상사고,0,0,1,1,차대차 - 기타,안전운전불이행,건조,맑음,단일로 - 기타,기타불명,기타불명,기타불명,기타불명,승용,여,40세,상해없음
2014032700100477,2014년 3월 27일 19시,목요일,경상북도 안동시 운안동,중상사고,0,1,0,0,차대사람 - 길가장자리구역통행중,안전운전불이행,건조,맑음,교차로 - 교차로안,승용,남,20세,상해없음,보행자,여,43세,중상
2014032700100478,2014년 3월 27일 19시,목요일,경상북도 영주시 풍기읍,중상사고,0,1,0,0,차대차 - 기타,안전운전불이행,건조,맑음,교차로 - 교차로안,화물,남,64세,상해없음,이륜,남,74세,중상
2014032700100479,2014년 3월 27일 19시,목요일,경상북도 영천시 금호읍,경상사고,0,0,3,0,차대차 - 기타,신호위반,건조,맑음,교차로 - 교차로부근,승용,여,41세,상해없음,승용,남,59세,경상
2014032700100480,2014년 3월 27일 19시,목요일,경상북도 문경시 농암면,중상사고,0,1,0,0,차대사람 - 기타,안전운전불이행,건조,맑음,단일로 - 기타,화물,남,58세,상해없음,보행자,여,77세,중상
2014032700100481,2014년 3월 27일 19시,목요일,경상북도 성주군 초전면,중상사고,0,1,1,0,차대사람 - 기타,안전운전불이행,건조,맑음,기타 - 기타,이륜,남,79세,중상,보행자,여,50세,경상
2014032700100504,2014년 3월 27일 20시,목요일,경상북도 안동시 용상동,경상사고,0,0,1,0,차대차 - 측면직각충돌,신호위반,건조,맑음,교차로 - 교차로안,승용,남,57세,상해없음,승용,남,57세,경상
2014032700100526,2014년 3월 27일 21시,목요일,경상북도 성주군 벽진면,경상사고,0,0,2,0,차대차 - 측면직각충돌,안전운전불이행,기타,맑음,기타 - 기타,화물,남,49세,상해없음,승용,남,27세,경상
2014032700100556,2014년 3월 27일 22시,목요일,경상북도 경주시 시래동,경상사고,0,0,1,0,차대차 - 기타,안전운전불이행,건조,맑음,교차로 - 교차로부근,승용,남,36세,상해없음,승용,남,23세,경상
2014032700100557,2014년 3월 27일 22시,목요일,경상북도 구미시 봉곡동,중상사고,0,1,0,0,차대차 - 기타,안전운전불이행,건조,맑음,기타 - 기타,기타불명,기타불명,기타불명,기타불명,이륜,남,19세,중상
2014032700100576,2014년 3월 27일 23시,목요일,경상북도 문경시 마성면,사망사고,1,0,0,0,차대사람 - 차도통행중,안전운전불이행,건조,맑음,단일로 - 기타,화물,남,37세,상해없음,보행자,남,34세,사망
2014032800100013,2014년 3월 28일 00시,금요일,경상북도 상주시 서문동,중상사고,0,2,0,0,차대차 - 측면직각충돌,중앙선침범,건조,맑음,단일로 - 기타,승용,남,36세,상해없음,승용,남,49세,중상
2014032800100014,2014년 3월 28일 00시,금요일,경상북도 구미시 옥계동,경상사고,0,0,2,0,차대차 - 기타,안전운전불이행,건조,맑음,기타 - 기타,승용,남,26세,상해없음,승용,여,27세,경상
2014032800100028,2014년 3월 28일 01시,금요일,경상북도 구미시 진평동,중상사고,0,1,0,0,차대사람 - 기타,안전운전불이행,건조,맑음,단일로 - 기타,승용,여,43세,상해없음,보행자,여,28세,중상
2014032800100091,2014년 3월 28일 07시,금요일,경상북도 문경시 동로면,중상사고,0,1,0,0,차량단독 - 공작물충돌,안전운전불이행,건조,맑음,단일로 - 기타,화물,남,67세,중상,,,,
2014032800100092,2014년 3월 28일 07시,금요일,경상북도 경산시 자인면,경상사고,0,0,1,0,차대차 - 기타,안전운전불이행,습기,안개,교차로 - 교차로안,기타불명,남,79세,경상,승용,남,40세,상해없음
2014032800100093,2014년 3월 28일 07시,금요일,경상북도 구미시 진평동,중상사고,0,1,0,0,차대사람 - 기타,안전운전불이행,건조,맑음,단일로 - 기타,승용,남,22세,상해없음,보행자,여,21세,중상
2014032800100133,2014년 3월 28일 08시,금요일,경상북도 영주시 평은면,중상사고,0,1,0,0,차대차 - 기타,안전운전불이행,건조,맑음,단일로 - 기타,화물,남,54세,상해없음,화물,남,32세,중상
2014032800100167,2014년 3월 28일 09시,금요일,경상북도 포항시 북구 대흥동,중상사고,0,1,0,0,차대차 - 기타,직진우회전진행방해,건조,맑음,교차로 - 교차로안,원동기,남,59세,중상,승용,남,45세,상해없음
2014032800100191,2014년 3월 28일 10시,금요일,경상북도 문경시 흥덕동,경상사고,0,0,1,0,차대사람 - 길가장자리구역통행중,안전운전불이행,건조,맑음,단일로 - 기타,승용,여,59세,상해없음,보행자,남,56세,경상
2014032800100192,2014년 3월 28일 10시,금요일,경상북도 문경시 영신동,중상사고,0,1,1,0,차대차 - 측면직각충돌,교차로운행방법위반,건조,맑음,교차로 - 교차로안,승용,남,58세,경상,화물,남,34세,중상
2014032800100193,2014년 3월 28일 10시,금요일,경상북도 군위군 효령면,사망사고,1,0,0,0,차대차 - 측면직각충돌,안전운전불이행,건조,맑음,교차로 - 교차로부근,화물,남,71세,상해없음,원동기,남,76세,사망
2014032800100194,2014년 3월 28일 10시,금요일,경상북도 포항시 남구 이동,경상사고,0,0,1,0,차대차 - 기타,교차로운행방법위반,건조,맑음,교차로 - 교차로안,승용,여,54세,상해없음,승용,남,61세,상해없음
2014032800100214,2014년 3월 28일 11시,금요일,경상북도 영주시 영주동,경상사고,0,0,1,0,차대사람 - 기타,기타,건조,맑음,단일로 - 기타,기타불명,기타불명,기타불명,기타불명,보행자,여,81세,경상
2014032800100215,2014년 3월 28일 11시,금요일,경상북도 칠곡군 왜관읍,경상사고,0,0,2,0,차대차 - 기타,교차로운행방법위반,습기,비,교차로 - 교차로안,화물,남,32세,상해없음,승용,여,33세,경상
2014032800100216,2014년 3월 28일 11시,금요일,경상북도 구미시 원평동,중상사고,0,1,1,0,차대차 - 기타,중앙선침범,건조,맑음,단일로 - 기타,승용,여,56세,경상,승용,여,45세,중상
2014032800100238,2014년 3월 28일 12시,금요일,경상북도 김천시 평화동,중상사고,0,2,0,0,차량단독 - 공작물충돌,신호위반,건조,맑음,단일로 - 기타,승용,남,19세,상해없음,,,,
2014032800100239,2014년 3월 28일 12시,금요일,경상북도 구미시 사곡동,경상사고,0,0,1,0,차대사람 - 기타,보행자보호의무위반,건조,맑음,교차로 - 교차로부근,승용,남,32세,상해없음,보행자,남,39세,경상