사고번호,사고일시,요일,시군구,사고내용,사망자수,중상자수,경상자수,부상신고자수,사고유형,법규위반,노면상태,기상상태,도로형태,가해운전자 차종,가해운전자 성별,가해운전자 연령,가해운전자 상해정도,피해운전자 차종,피해운전자 성별,피해운전자 연령,피해운전자 상해정도
2014032800100271,2014년 3월 28일 13시,금요일,경상북도 칠곡군 약목면,부상신고사고,0,0,0,1,차대차 - 기타,기타,건조,맑음,단일로 - 기타,이륜,남,89세,부상신고,화물,남,53세,상해없음
2014032800100272,2014년 3월 28일 13시,금요일,경상북도 경산시 자인면,중상사고,0,1,0,0,차량단독 - 기타,안전운전불이행,건조,맑음,단일로 - 기타,이륜,남,64세,중상,,,,
2014032800100273,2014년 3월 28일 13시,금요일,경상북도 성주군 선남면,경상사고,0,0,1,0,차량단독 - 기타,안전운전불이행,기타,맑음,교차로 - 교차로부근,이륜,남,72세,경상,,,,
2014032800100299,2014년 3월 28일 14시,금요일,경상북도 포항시 북구 신흥동,중상사고,0,1,0,0,차량단독 - 공작물충돌,기타,건조,맑음,단일로 - 기타,승합,남,46세,상해없음,,,,
2014032800100329,2014년 3월 28일 15시,금요일,경상북도 포항시 북구 흥해읍,중상사고,0,1,0,0,차대차 - 정면충돌,안전운전불이행,건조,맑음,교차로 - 교차로안,화물,남,29세,상해없음,화물,남,53세,중상
2014032800100330,2014년 3월 28일 15시,금요일,경상북도 영주시 가흥동,경상사고,0,0,3,0,차대차 - 추돌 - 진행중,안전운전불이행,건조,맑음,교차로 - 교차로안,승용,남,70세,상해없음,승용,여,57세,경상
2014032800100331,2014년 3월 28일 15시,금요일,경상북도 포항시 남구 연일읍,경상사고,0,0,1,0,차대사람 - 기타,교차로운행방법위반,건조,맑음,교차로 - 교차로안,승용,여,51세,상해없음,보행자,여,57세,경상
2014032800100373,2014년 3월 28일 16시,금요일,경상북도 김천시 모암동,중상사고,0,1,0,0,차량단독 - 전도전복,안전운전불이행,건조,맑음,단일로 - 기타,이륜,남,69세,중상,,,,
2014032800100408,2014년 3월 28일 17시,금요일,경상북도 경주시 안강읍,경상사고,0,0,1,0,차대차 - 기타,안전운전불이행,건조,맑음,교차로 - 교차로안,승용,남,44세,상해없음,자전거,남,57세,경상
2014032800100409,2014년 3월 28일 17시,금요일,경상북도 포항시 북구 장성동,경상사고,0,0,2,0,차대차 - 추돌 - 진행중,안전운전불이행,건조,맑음,단일로 - 기타,승합,여,47세,경상,승용,여,31세,상해없음
2014032800100410,2014년 3월 28일 17시,금요일,경상북도 김천시 성내동,경상사고,0,0,2,0,차대차 - 측면직각충돌,안전운전불이행,건조,맑음,교차로 - 교차로부근,이륜,남,77세,경상,승합,남,57세,상해없음
2014032800100411,2014년 3월 28일 17시,금요일,경상북도 영주시 휴천동,중상사고,0,1,1,0,차대차 - 기타,안전운전불이행,건조,맑음,교차로 - 교차로안,화물,남,58세,상해없음,승용,남,54세,경상
2014032800100412,2014년 3월 28일 17시,금요일,경상북도 경산시 진량읍,경상사고,0,0,1,0,차대차 - 측면직각충돌,안전운전불이행,건조,맑음,단일로 - 기타,화물,남,44세,상해없음,승용,남,53세,경상
2014032800100437,2014년 3월 28일 18시,금요일,경상북도 경주시 노동동,경상사고,0,0,2,0,차대차 - 기타,안전운전불이행,건조,맑음,단일로 - 기타,승용,남,53세,상해없음,승용,여,38세,경상
2014032800100438,2014년 3월 28일 18시,금요일,경상북도 영주시 하망동,중상사고,0,1,0,0,차대차 - 측면직각충돌,안전운전불이행,건조,맑음,교차로 - 교차로안,승용,남,60세,상해없음,원동기,남,79세,중상
2014032800100439,2014년 3월 28일 18시,금요일,경상북도 영천시 도남동,경상사고,0,0,2,0,차대차 - 기타,안전운전불이행,건조,맑음,교차로 - 교차로안,승용,남,48세,상해없음,승용,남,28세,경상
2014032800100440,2014년 3월 28일 18시,금요일,경상북도 구미시 산동면,중상사고,0,2,0,0,차대차 - 측면직각충돌,중앙선침범,건조,맑음,단일로 - 기타,승용,남,67세,상해없음,승용,남,27세,중상
2014032800100486,2014년 3월 28일 19시,금요일,경상북도 안동시 송현동,중상사고,0,1,0,0,차대사람 - 기타,안전운전불이행,건조,맑음,기타 - 기타,승용,남,30세,상해없음,보행자,남,59세,중상
2014032800100487,2014년 3월 28일 19시,금요일,경상북도 봉화군 봉성면,경상사고,0,0,1,0,차대차 - 측면직각충돌,중앙선침범,건조,맑음,단일로 - 기타,화물,남,59세,상해없음,화물,남,57세,경상
2014032800100488,2014년 3월 28일 19시,금요일,경상북도 포항시 남구 장기면,중상사고,0,1,0,0,차대차 - 기타,불법유턴,건조,맑음,단일로 - 횡단보도상,농기계,남,70세,중상,승용,남,72세,상해없음
2014032800100526,2014년 3월 28일 20시,금요일,경상북도 경주시 성건동,경상사고,0,0,1,0,차대차 - 기타,안전운전불이행,건조,맑음,단일로 - 기타,승합,남,41세,상해없음,원동기,남,17세,경상
2014032800100527,2014년 3월 28일 20시,금요일,경상북도 봉화군 춘양면,중상사고,0,1,1,0,차대차 - 측면직각충돌,교차로운행방법위반,건조,맑음,교차로 - 교차로안,화물,남,77세,상해없음,승합,여,49세,경상
2014032800100528,2014년 3월 28일 20시,금요일,경상북도 포항시 남구 오천읍,경상사고,0,0,1,0,차대차 - 기타,신호위반,건조,맑음,교차로 - 교차로안,승용,남,37세,상해없음,승용,여,27세,경상
2014032800100566,2014년 3월 28일 21시,금요일,경상북도 경주시 성동동,중상사고,0,1,0,0,차대사람 - 기타,보행자보호의무위반,건조,맑음,단일로 - 횡단보도상,승용,남,31세,상해없음,보행자,남,79세,중상
2014032800100567,2014년 3월 28일 21시,금요일,경상북도 구미시 공단동,경상사고,0,0,1,0,차대사람 - 횡단중,안전운전불이행,건조,맑음,교차로 - 교차로안,이륜,남,30세,경상,보행자,여,52세,상해없음
2014032800100611,2014년 3월 28일 22시,금요일,경상북도 경산시 사정동,중상사고,0,1,0,0,차대차 - 기타,안전운전불이행,건조,맑음,교차로 - 교차로부근,승용,남,34세,상해없음,승용,여,37세,중상
2014032800100643,2014년 3월 28일 23시,금요일,경상북도 포항시 북구 동빈1가,경상사고,0,0,1,2,차대차 - 기타,직진우회전진행방해,건조,맑음,교차로 - 교차로안,승용,남,45세,상해없음,승용,여,27세,경상
2014032800100644,2014년 3월 28일 23시,금요일,경상북도 경산시 계양동,경상사고,0,0,1,0,차대차 - 기타,안전운전불이행,건조,맑음,교차로 - 교차로부근,승용,남,30세,상해없음,승용,남,42세,경상
2014032800100645,2014년 3월 28일 23시,금요일,경상북도 경산시 중방동,경상사고,0,0,2,0,차대차 - 기타,교차로운행방법위반,건조,맑음,교차로 - 교차로안,승용,남,46세,경상,승용,남,56세,상해없음
2014032800100646,2014년 3월 28일 23시,금요일,경상북도 포항시 남구 대잠동,경상사고,0,0,3,0,차대차 - 기타,안전운전불이행,건조,맑음,단일로 - 기타,승용,남,47세,상해없음,승용,남,36세,경상
2014032900100025,2014년 3월 29일 00시,토요일,경상북도 포항시 남구 오천읍,경상사고,0,0,1,0,차대사람 - 기타,안전운전불이행,건조,맑음,교차로 - 교차로안,승용,남,31세,기타불명,보행자,남,50세,경상
2014032900100053,2014년 3월 29일 01시,토요일,경상북도 포항시 북구 학산동,경상사고,0,0,2,0,차대차 - 기타,신호위반,건조,맑음,교차로 - 교차로안,승용,남,55세,상해없음,승용,남,55세,경상
2014032900100054,2014년 3월 29일 01시,토요일,경상북도 포항시 북구 죽도동,중상사고,0,1,0,0,차대사람 - 횡단중,안전운전불이행,건조,맑음,교차로 - 교차로부근,승용,남,31세,상해없음,보행자,여,52세,중상
2014032900100122,2014년 3월 29일 05시,토요일,경상북도 구미시 신평동,경상사고,0,0,1,0,차대차 - 추돌 - 주정차중,안전운전불이행,건조,기타,기타 - 기타,승용,여,32세,경상,승합,남,53세,상해없음
2014032900100140,2014년 3월 29일 06시,토요일,경상북도 포항시 북구 대흥동,경상사고,0,0,2,0,차대차 - 기타,직진우회전진행방해,건조,맑음,교차로 - 교차로안,승용,남,67세,상해없음,승용,남,39세,상해없음
2014032900100141,2014년 3월 29일 06시,토요일,경상북도 구미시 인의동,경상사고,0,0,1,0,차대사람 - 기타,안전운전불이행,건조,맑음,교차로 - 교차로부근,승용,여,35세,상해없음,보행자,여,22세,경상
2014032900100197,2014년 3월 29일 09시,토요일,경상북도 의성군 단북면,사망사고,1,0,1,0,차대차 - 측면직각충돌,안전운전불이행,습기,비,교차로 - 교차로안,화물,남,68세,사망,승용,남,72세,경상
2014032900100198,2014년 3월 29일 09시,토요일,경상북도 영덕군 강구면,사망사고,1,0,1,0,차대차 - 측면직각충돌,신호위반,습기,흐림,교차로 - 교차로안,화물,남,62세,사망,승용,남,48세,경상
2014032900100239,2014년 3월 29일 11시,토요일,경상북도 안동시 남문동,경상사고,0,0,4,0,차대차 - 측면직각충돌,신호위반,습기,비,교차로 - 교차로안,승용,남,60세,상해없음,승용,남,58세,경상
2014032900100240,2014년 3월 29일 11시,토요일,경상북도 영천시 교촌동,중상사고,0,1,0,0,차대사람 - 횡단중,안전운전불이행,습기,비,단일로 - 기타,화물,남,63세,상해없음,보행자,여,57세,중상
2014032900100241,2014년 3월 29일 11시,토요일,경상북도 경산시 하양읍,부상신고사고,0,0,0,1,차대차 - 기타,안전운전불이행,건조,맑음,단일로 - 기타,화물,남,29세,상해없음,승용,남,52세,부상신고
2014032900100242,2014년 3월 29일 11시,토요일,경상북도 영덕군 남정면,중상사고,0,1,4,0,차대차 - 추돌 - 주정차중,안전운전불이행,습기,비,교차로 - 교차로부근,승용,남,55세,상해없음,승용,남,56세,경상
2014032900100243,2014년 3월 29일 11시,토요일,경상북도 울릉군 울릉읍,중상사고,0,1,0,0,차대차 - 기타,신호위반,건조,맑음,단일로 - 기타,원동기,남,59세,상해없음,원동기,남,59세,중상
2014032900100266,2014년 3월 29일 12시,토요일,경상북도 김천시 신음동,중상사고,0,1,4,0,차대차 - 측면직각충돌,안전운전불이행,습기,비,단일로 - 기타,승용,남,24세,상해없음,승용,남,50세,경상
2014032900100267,2014년 3월 29일 12시,토요일,경상북도 포항시 남구 송도동,경상사고,0,0,1,0,차대차 - 기타,안전운전불이행,건조,맑음,단일로 - 기타,승용,남,62세,상해없음,이륜,남,61세,경상
2014032900100300,2014년 3월 29일 13시,토요일,경상북도 칠곡군 왜관읍,중상사고,0,2,0,0,차대차 - 기타,직진우회전진행방해,습기,흐림,교차로 - 교차로안,화물,남,72세,상해없음,이륜,남,16세,중상
2014032900100339,2014년 3월 29일 14시,토요일,경상북도 의성군 다인면,중상사고,0,1,0,0,차대차 - 측면직각충돌,신호위반,습기,비,교차로 - 교차로안,승용,남,40세,상해없음,원동기,남,79세,중상
2014032900100367,2014년 3월 29일 15시,토요일,경상북도 경산시 진량읍,중상사고,0,1,0,0,차대차 - 기타,안전운전불이행,습기,비,단일로 - 기타,승용,여,51세,상해없음,승용,여,45세,중상
2014032900100368,2014년 3월 29일 15시,토요일,경상북도 구미시 원평동,부상신고사고,0,0,0,1,차대사람 - 기타,안전운전불이행,건조,맑음,단일로 - 기타,기타불명,기타불명,기타불명,기타불명,보행자,남,53세,부상신고
2014032900100369,2014년 3월 29일 15시,토요일,경상북도 구미시 도개면,중상사고,0,2,0,0,차대차 - 기타,교차로운행방법위반,건조,맑음,교차로 - 교차로안,화물,남,54세,상해없음,승용,여,30세,중상
2014032900100401,2014년 3월 29일 16시,토요일,경상북도 안동시 태화동,중상사고,0,2,0,0,차대차 - 정면충돌,안전운전불이행,습기,비,교차로 - 교차로부근,승용,남,46세,상해없음,승용,남,32세,중상
2014032900100402,2014년 3월 29일 16시,토요일,경상북도 상주시 사벌면,중상사고,0,1,0,0,차대차 - 측면직각충돌,교차로운행방법위반,습기,비,교차로 - 교차로안,승용,남,32세,상해없음,화물,여,53세,중상
2014032900100403,2014년 3월 29일 16시,토요일,경상북도 구미시 해평면,경상사고,0,0,1,0,차대사람 - 기타,안전운전불이행,습기,비,기타 - 기타,화물,남,54세,상해없음,보행자,남,52세,경상
2014032900100481,2014년 3월 29일 18시,토요일,경상북도 칠곡군 왜관읍,경상사고,0,0,1,0,차대차 - 추돌 - 주정차중,안전운전불이행,습기,비,단일로 - 기타,승용,남,42세,상해없음,화물,남,36세,경상
2014032900100519,2014년 3월 29일 19시,토요일,경상북도 상주시 무양동,중상사고,0,1,0,0,차대사람 - 횡단중,안전운전불이행,습기,비,단일로 - 기타,이륜,남,17세,기타불명,보행자,여,68세,중상
2014032900100520,2014년 3월 29일 19시,토요일,경상북도 영주시 하망동,경상사고,0,0,1,0,차대사람 - 횡단중,안전운전불이행,습기,비,교차로 - 교차로부근,승용,남,51세,상해없음,보행자,남,85세,경상
2014032900100521,2014년 3월 29일 19시,토요일,경상북도 포항시 남구 상도동,경상사고,0,0,1,0,차대차 - 기타,안전운전불이행,습기,비,교차로 - 교차로안,승용,남,40세,상해없음,이륜,남,20세,경상
2014032900100562,2014년 3월 29일 20시,토요일,경상북도 포항시 북구 죽도동,중상사고,0,1,0,0,차대사람 - 기타,보행자보호의무위반,습기,비,교차로 - 교차로부근,승용,여,47세,상해없음,보행자,남,37세,중상
2014032900100599,2014년 3월 29일 21시,토요일,경상북도 영천시 망정동,사망사고,1,0,0,0,차대사람 - 횡단중,안전운전불이행,습기,비,단일로 - 기타,승용,여,32세,상해없음,보행자,여,56세,사망
2014032900100600,2014년 3월 29일 21시,토요일,경상북도 문경시 점촌동,중상사고,0,1,0,0,차대차 - 추돌 - 진행중,안전운전불이행,건조,맑음,기타 - 기타,승용,남,51세,상해없음,승용,남,45세,중상
2014032900100601,2014년 3월 29일 21시,토요일,경상북도 영덕군 축산면,중상사고,0,1,0,0,차대차 - 측면직각충돌,교차로운행방법위반,습기,비,교차로 - 교차로안,승용,남,57세,상해없음,승용,남,46세,중상
2014032900100602,2014년 3월 29일 21시,토요일,경상북도 영덕군 영덕읍,경상사고,0,0,2,0,차대차 - 측면직각충돌,신호위반,습기,비,교차로 - 교차로안,승용,남,60세,상해없음,화물,남,54세,경상
2014032900100603,2014년 3월 29일 21시,토요일,경상북도 성주군 성주읍,경상사고,0,0,1,0,차대차 - 측면직각충돌,불법유턴,습기,비,교차로 - 교차로부근,화물,남,53세,상해없음,승용,남,33세,경상
2014032900100634,2014년 3월 29일 22시,토요일,경상북도 경주시 안강읍,부상신고사고,0,0,0,1,차량단독 - 공작물충돌,안전운전불이행,습기,비,교차로 - 교차로부근,승용,남,48세,부상신고,,,,
2014032900100635,2014년 3월 29일 22시,토요일,경상북도 구미시 공단동,중상사고,0,1,0,0,차대차 - 기타,안전거리미확보,습기,비,단일로 - 기타,화물,남,33세,상해없음,승용,여,46세,중상
2014032900100636,2014년 3월 29일 22시,토요일,경상북도 구미시 형곡동,경상사고,0,0,1,0,차대차 - 기타,안전운전불이행,습기,비,교차로 - 교차로부근,승용,여,45세,상해없음,승용,여,39세,경상
2014032900100692,2014년 3월 29일 23시,토요일,경상북도 포항시 북구 우현동,경상사고,0,0,1,0,차대사람 - 기타,안전운전불이행,습기,비,단일로 - 기타,승용,남,47세,상해없음,보행자,남,62세,경상
2014032900100693,2014년 3월 29일 23시,토요일,경상북도 영덕군 지품면,중상사고,0,1,0,0,차량단독 - 공작물충돌,안전운전불이행,습기,비,단일로 - 기타,화물,남,61세,중상,,,,
2014032900100694,2014년 3월 29일 23시,토요일,경상북도 구미시 공단동,중상사고,0,1,0,0,차대차 - 기타,신호위반,습기,비,교차로 - 교차로안,승용,남,28세,상해없음,승용,남,45세,중상
2014032900100695,2014년 3월 29일 23시,토요일,경상북도 구미시 임수동,중상사고,0,1,0,0,차대사람 - 기타,안전운전불이행,건조,맑음,기타 - 기타,승용,남,30세,상해없음,보행자,여,21세,중상
2014032900100696,2014년 3월 29일 23시,토요일,경상북도 포항시 남구 이동,경상사고,0,0,1,0,차량단독 - 공작물충돌,안전운전불이행,습기,비,단일로 - 기타,승용,남,21세,상해없음,,,,
2014033000100024,2014년 3월 30일 00시,일요일,경상북도 경주시 석장동,중상사고,0,1,0,0,차대사람 - 기타,보행자보호의무위반,습기,비,단일로 - 횡단보도상,승용,남,43세,상해없음,보행자,남,22세,중상
2014033000100025,2014년 3월 30일 00시,일요일,경상북도 영주시 가흥동,중상사고,0,2,0,0,차대차 - 측면직각충돌,신호위반,습기,비,교차로 - 교차로안,승용,남,28세,기타불명,승용,남,25세,중상
2014033000100026,2014년 3월 30일 00시,일요일,경상북도 구미시 황상동,중상사고,0,1,0,0,차대사람 - 기타,안전운전불이행,습기,비,교차로 - 교차로안,승용,남,50세,상해없음,보행자,여,36세,중상
2014033000100050,2014년 3월 30일 01시,일요일,경상북도 경주시 용강동,경상사고,0,0,1,0,차대차 - 기타,중앙선침범,습기,비,단일로 - 기타,기타불명,기타불명,기타불명,기타불명,승용,여,35세,경상
2014033000100051,2014년 3월 30일 01시,일요일,경상북도 구미시 고아읍,중상사고,0,1,0,0,차대차 - 기타,교차로운행방법위반,습기,맑음,교차로 - 교차로안,화물,남,56세,상해없음,이륜,남,18세,중상
2014033000100052,2014년 3월 30일 01시,일요일,경상북도 구미시 공단동,중상사고,0,2,0,0,차대차 - 정면충돌,교차로운행방법위반,건조,맑음,교차로 - 교차로안,승용,남,31세,상해없음,승용,남,50세,중상
2014033000100090,2014년 3월 30일 03시,일요일,경상북도 안동시 옥동,경상사고,0,0,4,0,차대차 - 기타,안전운전불이행,건조,맑음,기타 - 기타,승용,남,42세,상해없음,승용,남,23세,경상
2014033000100113,2014년 3월 30일 05시,일요일,경상북도 포항시 남구 대도동,경상사고,0,0,1,0,차대사람 - 횡단중,안전운전불이행,습기,비,단일로 - 기타,승용,남,38세,상해없음,보행자,남,44세,경상
2014033000100126,2014년 3월 30일 06시,일요일,경상북도 칠곡군 왜관읍,중상사고,0,1,0,0,차대차 - 기타,중앙선침범,건조,맑음,단일로 - 기타,승용,남,55세,상해없음,승용,남,51세,중상
2014033000100127,2014년 3월 30일 06시,일요일,경상북도 구미시 공단동,중상사고,0,1,0,0,차량단독 - 공작물충돌,안전운전불이행,습기,비,단일로 - 기타,승용,남,26세,상해없음,,,,
2014033000100132,2014년 3월 30일 07시,일요일,경상북도 경산시 압량면,경상사고,0,0,1,0,차대차 - 기타,안전운전불이행,습기,비,교차로 - 교차로안,승합,남,28세,기타불명,승용,남,47세,경상
2014033000100145,2014년 3월 30일 08시,일요일,경상북도 문경시 농암면,중상사고,0,3,0,0,차량단독 - 공작물충돌,안전운전불이행,건조,맑음,단일로 - 기타,승합,남,57세,중상,,,,
2014033000100146,2014년 3월 30일 08시,일요일,경상북도 경산시 대평동,중상사고,0,1,1,0,차대차 - 측면직각충돌,안전운전불이행,습기,비,단일로 - 기타,승용,남,59세,상해없음,승용,여,48세,중상
2014033000100199,2014년 3월 30일 10시,일요일,경상북도 포항시 북구 대흥동,경상사고,0,0,2,0,차대차 - 기타,안전거리미확보,건조,맑음,교차로 - 교차로안,승용,남,48세,상해없음,승용,여,49세,경상
2014033000100225,2014년 3월 30일 11시,일요일,경상북도 경주시 동부동,중상사고,0,1,1,0,차대차 - 측면직각충돌,안전운전불이행,건조,맑음,단일로 - 기타,이륜,남,78세,경상,승용,남,50세,상해없음
2014033000100226,2014년 3월 30일 11시,일요일,경상북도 구미시 남통동,중상사고,0,1,0,0,차대차 - 기타,중앙선침범,건조,맑음,단일로 - 기타,승용,남,26세,상해없음,승용,여,31세,중상
2014033000100250,2014년 3월 30일 12시,일요일,경상북도 안동시 옥동,경상사고,0,0,1,0,차대차 - 기타,안전운전불이행,건조,맑음,기타 - 기타,승용,남,31세,상해없음,승용,남,49세,경상
2014033000100279,2014년 3월 30일 13시,일요일,경상북도 경산시 하양읍,경상사고,0,0,2,0,차대차 - 기타,안전운전불이행,건조,맑음,교차로 - 교차로부근,승용,여,28세,상해없음,승용,여,40세,경상
2014033000100280,2014년 3월 30일 13시,일요일,경상북도 구미시 인의동,중상사고,0,1,1,0,차대차 - 기타,안전운전불이행,건조,맑음,단일로 - 기타,승용,남,24세,상해없음,승용,남,31세,경상
2014033000100303,2014년 3월 30일 14시,일요일,경상북도 안동시 수상동,중상사고,0,4,0,0,차대차 - 추돌 - 진행중,안전운전불이행,건조,맑음,단일로 - 기타,화물,남,54세,상해없음,승용,남,32세,중상
2014033000100304,2014년 3월 30일 14시,일요일,경상북도 김천시 성내동,경상사고,0,0,1,0,차량단독 - 전도전복,안전운전불이행,건조,맑음,단일로 - 기타,이륜,남,52세,경상,,,,
2014033000100305,2014년 3월 30일 14시,일요일,경상북도 경산시 정평동,경상사고,0,0,1,0,차대차 - 기타,기타,건조,흐림,교차로 - 교차로안,승용,여,32세,경상,승용,남,53세,상해없음
2014033000100337,2014년 3월 30일 15시,일요일,경상북도 경주시 건천읍,경상사고,0,0,4,0,차대차 - 기타,안전운전불이행,건조,맑음,단일로 - 기타,승용,남,36세,상해없음,승용,남,54세,경상
2014033000100338,2014년 3월 30일 15시,일요일,경상북도 포항시 남구 송도동,경상사고,0,0,1,0,차대차 - 기타,안전운전불이행,건조,맑음,교차로 - 교차로안,승용,여,57세,상해없음,이륜,남,62세,경상
2014033000100364,2014년 3월 30일 16시,일요일,경상북도 상주시 화북면,중상사고,0,1,0,0,차대차 - 기타,교차로운행방법위반,건조,맑음,교차로 - 교차로안,승용,남,54세,상해없음,이륜,남,71세,중상
2014033000100365,2014년 3월 30일 16시,일요일,경상북도 상주시 이안면,경상사고,0,0,2,0,차대차 - 추돌 - 진행중,안전운전불이행,건조,맑음,단일로 - 기타,승용,남,28세,상해없음,승용,여,51세,경상
2014033000100366,2014년 3월 30일 16시,일요일,경상북도 경산시 옥곡동,경상사고,0,0,1,0,차대차 - 기타,안전운전불이행,건조,맑음,기타 - 기타,승합,남,55세,상해없음,이륜,남,51세,경상
2014033000100367,2014년 3월 30일 16시,일요일,경상북도 경산시 남천면,중상사고,0,1,0,0,차대차 - 기타,신호위반,건조,맑음,교차로 - 교차로안,승용,남,70세,상해없음,이륜,남,51세,중상
2014033000100391,2014년 3월 30일 17시,일요일,경상북도 안동시 남문동,경상사고,0,0,1,0,차대사람 - 보도통행중,안전운전불이행,건조,맑음,단일로 - 기타,승용,여,48세,상해없음,보행자,남,37세,경상
2014033000100392,2014년 3월 30일 17시,일요일,경상북도 안동시 안막동,경상사고,0,0,1,0,차량단독 - 기타,안전운전불이행,건조,맑음,단일로 - 기타,원동기,남,14세,경상,,,,
2014033000100393,2014년 3월 30일 17시,일요일,경상북도 영천시 교촌동,중상사고,0,2,0,0,차대차 - 기타,안전운전불이행,건조,맑음,단일로 - 교량,승용,남,64세,중상,승용,남,59세,중상
2014033000100394,2014년 3월 30일 17시,일요일,경상북도 구미시 인의동,경상사고,0,0,1,0,차대차 - 기타,안전운전불이행,건조,맑음,교차로 - 교차로안,승용,여,37세,상해없음,자전거,남,7세,경상
2014033000100395,2014년 3월 30일 17시,일요일,경상북도 구미시 사곡동,중상사고,0,1,0,0,차대차 - 기타,신호위반,건조,맑음,교차로 - 교차로안,승용,여,46세,상해없음,승용,남,42세,중상
2014033000100396,2014년 3월 30일 17시,일요일,경상북도 구미시 사곡동,중상사고,0,1,0,0,차대차 - 추돌 - 진행중,안전운전불이행,건조,맑음,교차로 - 교차로안,승용,남,39세,상해없음,승용,여,51세,중상
2014033000100424,2014년 3월 30일 18시,일요일,경상북도 문경시 모전동,경상사고,0,0,3,0,차대차 - 측면직각충돌,직진우회전진행방해,건조,맑음,교차로 - 교차로안,승용,남,28세,경상,승용,남,38세,경상
2014033000100425,2014년 3월 30일 18시,일요일,경상북도 경산시 하양읍,경상사고,0,0,1,0,차대차 - 기타,교차로운행방법위반,건조,맑음,교차로 - 교차로안,승용,여,39세,상해없음,승용,여,49세,경상
2014033000100460,2014년 3월 30일 19시,일요일,경상북도 구미시 해평면,경상사고,0,0,1,0,차대차 - 기타,중앙선침범,건조,맑음,교차로 - 교차로안,승용,여,59세,상해없음,화물,남,36세,경상
2014033000100461,2014년 3월 30일 19시,일요일,경상북도 포항시 남구 오천읍,경상사고,0,0,6,0,차대차 - 기타,기타,건조,맑음,교차로 - 교차로안,화물,남,58세,상해없음,화물,남,45세,경상
2014033000100480,2014년 3월 30일 20시,일요일,경상북도 의성군 비안면,중상사고,0,1,0,0,차량단독 - 공작물충돌,안전운전불이행,건조,맑음,단일로 - 기타,화물,남,65세,상해없음,,,,
2014033000100508,2014년 3월 30일 21시,일요일,경상북도 안동시 당북동,중상사고,0,1,0,0,차대차 - 측면직각충돌,차로위반,건조,맑음,단일로 - 기타,승용,남,27세,상해없음,원동기,남,51세,중상
2014033000100530,2014년 3월 30일 22시,일요일,경상북도 경주시 동천동,중상사고,0,1,0,0,차대차 - 추돌 - 주정차중,안전운전불이행,건조,맑음,교차로 - 교차로안,화물,남,39세,상해없음,승용,남,31세,중상
2014033000100531,2014년 3월 30일 22시,일요일,경상북도 칠곡군 왜관읍,중상사고,0,1,1,0,차대차 - 기타,안전운전불이행,건조,맑음,단일로 - 기타,승용,남,41세,상해없음,이륜,남,33세,경상
2014033100100011,2014년 3월 31일 00시,월요일,경상북도 포항시 북구 흥해읍,중상사고,0,1,1,0,차대차 - 기타,안전운전불이행,건조,맑음,교차로 - 교차로부근,승용,여,36세,상해없음,승용,남,47세,중상
2014033100100012,2014년 3월 31일 00시,월요일,경상북도 포항시 북구 용흥동,경상사고,0,0,3,0,차대차 - 기타,안전운전불이행,건조,맑음,미분류 - 미분류,승용,남,32세,상해없음,승용,남,30세,경상
2014033100100023,2014년 3월 31일 01시,월요일,경상북도 구미시 진평동,경상사고,0,0,3,0,차대차 - 추돌 - 진행중,안전운전불이행,건조,맑음,교차로 - 교차로안,기타불명,기타불명,기타불명,기타불명,승용,남,39세,경상
2014033100100030,2014년 3월 31일 02시,월요일,경상북도 안동시 법흥동,경상사고,0,0,1,0,차대차 - 추돌 - 진행중,안전운전불이행,건조,맑음,기타 - 기타,승용,남,17세,경상,승용,남,17세,상해없음
2014033100100031,2014년 3월 31일 02시,월요일,경상북도 포항시 남구 상도동,경상사고,0,0,1,0,차대차 - 정면충돌,중앙선침범,건조,맑음,단일로 - 기타,승용,남,28세,상해없음,승용,남,27세,경상
2014033100100057,2014년 3월 31일 06시,월요일,경상북도 영주시 이산면,중상사고,0,1,0,0,차대차 - 정면충돌,중앙선침범,건조,맑음,단일로 - 기타,화물,남,53세,상해없음,승용,남,57세,중상
2014033100100085,2014년 3월 31일 07시,월요일,경상북도 경주시 양남면,경상사고,0,0,1,0,차대사람 - 기타,안전운전불이행,건조,맑음,단일로 - 기타,승용,여,31세,상해없음,보행자,남,59세,경상
2014033100100086,2014년 3월 31일 07시,월요일,경상북도 칠곡군 왜관읍,사망사고,1,0,0,0,차량단독 - 전도전복,안전운전불이행,건조,맑음,단일로 - 기타,화물,남,58세,사망,,,,
2014033100100116,2014년 3월 31일 08시,월요일,경상북도 포항시 남구 청림동,중상사고,0,2,7,0,차대차 - 추돌 - 주정차중,안전운전불이행,건조,맑음,단일로 - 기타,승용,남,49세,경상,승용,남,58세,중상
2014033100100117,2014년 3월 31일 08시,월요일,경상북도 포항시 남구 대도동,중상사고,0,1,0,0,차대차 - 기타,신호위반,건조,맑음,교차로 - 교차로안,승용,남,53세,상해없음,자전거,여,49세,중상
2014033100100174,2014년 3월 31일 10시,월요일,경상북도 경주시 황남동,중상사고,0,1,1,0,차대차 - 기타,안전운전불이행,건조,맑음,단일로 - 기타,승용,여,45세,상해없음,이륜,남,23세,경상