사고번호,사고일시,요일,시군구,사고내용,사망자수,중상자수,경상자수,부상신고자수,사고유형,법규위반,노면상태,기상상태,도로형태,가해운전자 차종,가해운전자 성별,가해운전자 연령,가해운전자 상해정도,피해운전자 차종,피해운전자 성별,피해운전자 연령,피해운전자 상해정도
2014033100100175,2014년 3월 31일 10시,월요일,경상북도 예천군 용문면,중상사고,0,1,0,0,차량단독 - 기타,안전운전불이행,건조,맑음,단일로 - 기타,원동기,남,64세,중상,,,,
2014033100100190,2014년 3월 31일 11시,월요일,경상북도 경주시 구황동,경상사고,0,0,1,0,차대차 - 기타,신호위반,건조,맑음,교차로 - 교차로안,승용,여,46세,상해없음,화물,남,52세,경상
2014033100100213,2014년 3월 31일 12시,월요일,경상북도 경주시 황성동,경상사고,0,0,1,0,차대차 - 기타,안전운전불이행,건조,맑음,단일로 - 기타,승용,여,55세,상해없음,승용,여,35세,기타불명
2014033100100214,2014년 3월 31일 12시,월요일,경상북도 상주시 성동동,경상사고,0,0,1,0,차대차 - 추돌 - 진행중,교차로운행방법위반,건조,맑음,교차로 - 교차로안,승용,여,48세,상해없음,이륜,남,26세,경상
2014033100100215,2014년 3월 31일 12시,월요일,경상북도 영주시 영주동,부상신고사고,0,0,0,1,차대사람 - 차도통행중,보행자보호의무위반,건조,맑음,교차로 - 교차로안,승용,여,37세,상해없음,보행자,여,34세,부상신고
2014033100100216,2014년 3월 31일 12시,월요일,경상북도 성주군 수륜면,경상사고,0,0,1,0,차대차 - 정면충돌,중앙선침범,건조,맑음,단일로 - 기타,승용,남,75세,경상,승용,여,29세,상해없음
2014033100100238,2014년 3월 31일 13시,월요일,경상북도 의성군 금성면,중상사고,0,1,0,0,차량단독 - 공작물충돌,안전운전불이행,건조,맑음,미분류 - 미분류,화물,남,64세,중상,,,,
2014033100100239,2014년 3월 31일 13시,월요일,경상북도 성주군 선남면,중상사고,0,1,0,0,차대차 - 정면충돌,안전운전불이행,건조,맑음,기타 - 기타,화물,남,55세,상해없음,승합,남,56세,중상
2014033100100240,2014년 3월 31일 13시,월요일,경상북도 성주군 초전면,중상사고,0,1,0,0,차대사람 - 차도통행중,보행자보호의무위반,건조,맑음,교차로 - 교차로안,화물,남,47세,상해없음,보행자,남,81세,중상
2014033100100241,2014년 3월 31일 13시,월요일,경상북도 구미시 남통동,경상사고,0,0,1,0,차대차 - 기타,안전운전불이행,건조,맑음,기타 - 기타,승용,여,57세,상해없음,승용,남,30세,상해없음
2014033100100270,2014년 3월 31일 14시,월요일,경상북도 김천시 부곡동,중상사고,0,1,0,0,차대차 - 측면직각충돌,안전운전불이행,건조,맑음,단일로 - 기타,농기계,남,73세,중상,화물,남,36세,상해없음
2014033100100271,2014년 3월 31일 14시,월요일,경상북도 칠곡군 왜관읍,부상신고사고,0,0,0,1,차대차 - 기타,직진우회전진행방해,건조,맑음,교차로 - 교차로안,승용,남,40세,부상신고,승용,남,55세,상해없음
2014033100100302,2014년 3월 31일 15시,월요일,경상북도 청도군 금천면,중상사고,0,1,0,0,차량단독 - 전도전복,안전운전불이행,건조,맑음,단일로 - 기타,승용,남,34세,상해없음,,,,
2014033100100303,2014년 3월 31일 15시,월요일,경상북도 고령군 고령읍,부상신고사고,0,0,0,1,차대차 - 측면직각충돌,안전운전불이행,건조,맑음,단일로 - 기타,화물,남,72세,상해없음,이륜,남,74세,부상신고
2014033100100304,2014년 3월 31일 15시,월요일,경상북도 구미시 황상동,경상사고,0,0,1,0,차대차 - 기타,안전거리미확보,건조,맑음,교차로 - 교차로부근,승용,남,31세,상해없음,승용,여,42세,경상
2014033100100305,2014년 3월 31일 15시,월요일,경상북도 구미시 고아읍,중상사고,0,1,0,0,차대사람 - 기타,보행자보호의무위반,건조,맑음,교차로 - 교차로부근,승합,남,62세,상해없음,보행자,남,9세,중상
2014033100100306,2014년 3월 31일 15시,월요일,경상북도 포항시 남구 대잠동,경상사고,0,0,1,0,차대차 - 추돌 - 주정차중,직진우회전진행방해,건조,맑음,교차로 - 교차로안,화물,남,38세,상해없음,화물,남,35세,상해없음
2014033100100336,2014년 3월 31일 16시,월요일,경상북도 경주시 천북면,중상사고,0,1,0,0,차대차 - 기타,안전운전불이행,건조,맑음,단일로 - 기타,자전거,남,56세,중상,화물,남,64세,상해없음
2014033100100337,2014년 3월 31일 16시,월요일,경상북도 경산시 사정동,부상신고사고,0,0,0,1,차대차 - 기타,안전운전불이행,건조,맑음,단일로 - 기타,이륜,남,31세,부상신고,승용,여,60세,상해없음
2014033100100338,2014년 3월 31일 16시,월요일,경상북도 경산시 진량읍,경상사고,0,0,1,0,차대차 - 기타,기타,건조,맑음,교차로 - 교차로안,승용,남,21세,상해없음,화물,남,35세,경상
2014033100100339,2014년 3월 31일 16시,월요일,경상북도 예천군 풍양면,부상신고사고,0,0,0,1,차량단독 - 도로외이탈 - 추락,안전운전불이행,건조,맑음,단일로 - 기타,승용,남,45세,부상신고,,,,
2014033100100340,2014년 3월 31일 16시,월요일,경상북도 구미시 형곡동,부상신고사고,0,0,0,1,차대차 - 기타,안전운전불이행,건조,맑음,교차로 - 교차로안,자전거,남,14세,부상신고,화물,여,57세,상해없음
2014033100100376,2014년 3월 31일 17시,월요일,경상북도 경주시 건천읍,중상사고,0,1,1,0,차대차 - 기타,안전운전불이행,건조,맑음,교차로 - 교차로안,화물,남,44세,상해없음,화물,남,58세,중상
2014033100100377,2014년 3월 31일 17시,월요일,경상북도 경산시 압량면,경상사고,0,0,1,0,차대차 - 기타,안전운전불이행,건조,맑음,단일로 - 기타,이륜,여,35세,상해없음,자전거,남,18세,경상
2014033100100378,2014년 3월 31일 17시,월요일,경상북도 칠곡군 지천면,경상사고,0,0,1,0,차량단독 - 전도전복,안전운전불이행,건조,맑음,단일로 - 기타,화물,남,58세,경상,,,,
2014033100100418,2014년 3월 31일 18시,월요일,경상북도 안동시 당북동,경상사고,0,0,1,0,차대사람 - 차도통행중,안전운전불이행,건조,맑음,단일로 - 기타,승용,여,25세,상해없음,보행자,남,49세,경상
2014033100100419,2014년 3월 31일 18시,월요일,경상북도 경산시 자인면,경상사고,0,0,1,0,차량단독 - 기타,안전운전불이행,건조,맑음,단일로 - 기타,화물,남,48세,경상,,,,
2014033100100438,2014년 3월 31일 19시,월요일,경상북도 포항시 북구 양덕동,경상사고,0,0,1,0,차대차 - 기타,기타,건조,맑음,단일로 - 기타,승합,남,46세,상해없음,원동기,남,48세,경상
2014033100100439,2014년 3월 31일 19시,월요일,경상북도 안동시 임하면,중상사고,0,1,0,0,차대차 - 기타,중앙선침범,건조,맑음,교차로 - 교차로부근,화물,남,64세,중상,화물,남,47세,상해없음
2014033100100440,2014년 3월 31일 19시,월요일,경상북도 칠곡군 석적읍,중상사고,0,1,3,0,차대차 - 추돌 - 주정차중,안전운전불이행,건조,맑음,단일로 - 기타,화물,남,31세,상해없음,승용,남,25세,경상
2014033100100468,2014년 3월 31일 20시,월요일,경상북도 구미시 황상동,경상사고,0,0,1,0,차대차 - 기타,안전운전불이행,건조,맑음,교차로 - 교차로안,승용,남,46세,상해없음,이륜,남,18세,경상
2014033100100497,2014년 3월 31일 21시,월요일,경상북도 경주시 인왕동,경상사고,0,0,1,0,차대차 - 측면직각충돌,신호위반,건조,맑음,교차로 - 교차로안,승용,남,72세,상해없음,승용,남,30세,경상
2014033100100498,2014년 3월 31일 21시,월요일,경상북도 김천시 신음동,중상사고,0,1,0,0,차대사람 - 기타,안전운전불이행,건조,맑음,단일로 - 횡단보도부근,승용,남,38세,상해없음,보행자,남,41세,중상
2014033100100499,2014년 3월 31일 21시,월요일,경상북도 칠곡군 북삼읍,경상사고,0,0,1,0,차대차 - 기타,안전운전불이행,건조,맑음,단일로 - 기타,승용,여,30세,경상,화물,남,52세,상해없음
2014033100100500,2014년 3월 31일 21시,월요일,경상북도 예천군 예천읍,중상사고,0,1,0,0,차대차 - 기타,안전운전불이행,건조,맑음,교차로 - 교차로안,이륜,남,16세,상해없음,승용,여,30세,상해없음
2014033100100501,2014년 3월 31일 21시,월요일,경상북도 구미시 비산동,중상사고,0,1,1,0,차대차 - 기타,교차로운행방법위반,건조,흐림,교차로 - 교차로안,승용,남,39세,상해없음,승용,남,59세,중상
2014033100100531,2014년 3월 31일 22시,월요일,경상북도 경주시 탑동,중상사고,0,1,1,0,차대차 - 측면직각충돌,신호위반,건조,흐림,교차로 - 교차로안,화물,남,32세,상해없음,승용,남,35세,경상
2014033100100532,2014년 3월 31일 22시,월요일,경상북도 경산시 상방동,경상사고,0,0,1,0,차대차 - 기타,중앙선침범,건조,맑음,교차로 - 교차로부근,승용,여,41세,상해없음,승용,남,34세,경상
2014033100100561,2014년 3월 31일 23시,월요일,경상북도 영주시 상망동,경상사고,0,0,1,0,차대차 - 추돌 - 주정차중,안전운전불이행,건조,맑음,교차로 - 교차로부근,승용,여,52세,상해없음,승용,남,37세,경상
2014033100100562,2014년 3월 31일 23시,월요일,경상북도 구미시 오태동,경상사고,0,0,1,0,차대차 - 기타,안전운전불이행,건조,맑음,교차로 - 교차로부근,승용,남,49세,상해없음,승용,남,20세,경상
2014040100100038,2014년 4월 1일 01시,화요일,경상북도 구미시 공단동,경상사고,0,0,1,0,차대차 - 기타,안전운전불이행,건조,맑음,교차로 - 교차로부근,승용,남,45세,상해없음,승용,남,33세,경상
2014040100100039,2014년 4월 1일 01시,화요일,경상북도 구미시 지산동,중상사고,0,2,0,0,차대차 - 기타,안전운전불이행,건조,맑음,단일로 - 기타,승용,남,34세,상해없음,승용,남,36세,중상
2014040100100060,2014년 4월 1일 04시,화요일,경상북도 청도군 이서면,부상신고사고,0,0,0,1,차량단독 - 전도전복,안전운전불이행,건조,맑음,교차로 - 교차로안,승용,여,36세,부상신고,,,,
2014040100100078,2014년 4월 1일 06시,화요일,경상북도 안동시 용상동,경상사고,0,0,1,0,차대사람 - 기타,안전운전불이행,건조,맑음,교차로 - 교차로부근,승용,남,48세,상해없음,보행자,남,62세,경상
2014040100100104,2014년 4월 1일 07시,화요일,경상북도 경산시 와촌면,중상사고,0,7,1,0,차대차 - 기타,신호위반,건조,맑음,교차로 - 교차로안,승합,남,60세,상해없음,승용,남,53세,중상
2014040100100105,2014년 4월 1일 07시,화요일,경상북도 구미시 진평동,경상사고,0,0,1,0,차대차 - 기타,안전운전불이행,건조,맑음,단일로 - 기타,기타불명,기타불명,기타불명,기타불명,승용,여,24세,경상
2014040100100142,2014년 4월 1일 08시,화요일,경상북도 경주시 노서동,경상사고,0,0,1,0,차대차 - 기타,신호위반,건조,맑음,교차로 - 교차로안,원동기,남,58세,경상,승용,남,74세,상해없음
2014040100100143,2014년 4월 1일 08시,화요일,경상북도 포항시 북구 우현동,경상사고,0,0,1,0,차대차 - 기타,신호위반,건조,맑음,단일로 - 횡단보도상,승용,남,61세,상해없음,자전거,남,21세,경상
2014040100100144,2014년 4월 1일 08시,화요일,경상북도 상주시 서문동,중상사고,0,1,0,0,차대사람 - 기타,안전운전불이행,건조,맑음,교차로 - 교차로부근,자전거,남,18세,상해없음,보행자,남,76세,중상
2014040100100145,2014년 4월 1일 08시,화요일,경상북도 경산시 자인면,사망사고,1,0,1,0,차대차 - 추돌 - 주정차중,신호위반,건조,맑음,교차로 - 교차로안,승용,남,26세,경상,화물,남,53세,사망
2014040100100146,2014년 4월 1일 08시,화요일,경상북도 성주군 수륜면,경상사고,0,0,1,0,차대차 - 기타,중앙선침범,건조,맑음,기타 - 기타,화물,남,59세,상해없음,승용,여,51세,경상
2014040100100147,2014년 4월 1일 08시,화요일,경상북도 울진군 평해읍,중상사고,0,1,4,0,차대차 - 추돌 - 진행중,안전운전불이행,건조,맑음,단일로 - 기타,승합,남,50세,상해없음,승용,남,55세,중상
2014040100100148,2014년 4월 1일 08시,화요일,경상북도 구미시 금전동,중상사고,0,1,0,0,차대차 - 기타,신호위반,건조,맑음,교차로 - 교차로안,승용,남,24세,상해없음,이륜,남,41세,중상
2014040100100172,2014년 4월 1일 09시,화요일,경상북도 경주시 내남면,경상사고,0,0,1,0,차대차 - 기타,안전운전불이행,건조,맑음,단일로 - 기타,승용,여,50세,상해없음,승용,여,52세,경상
2014040100100173,2014년 4월 1일 09시,화요일,경상북도 안동시 풍산읍,경상사고,0,0,3,0,차대차 - 추돌 - 진행중,안전거리미확보,건조,맑음,단일로 - 기타,승용,여,41세,상해없음,화물,남,42세,경상
2014040100100200,2014년 4월 1일 10시,화요일,경상북도 청송군 안덕면,중상사고,0,1,0,1,차대차 - 정면충돌,중앙선침범,건조,맑음,단일로 - 기타,화물,남,39세,부상신고,승용,여,47세,중상
2014040100100225,2014년 4월 1일 11시,화요일,경상북도 경주시 율동,경상사고,0,0,1,0,차대차 - 기타,안전운전불이행,건조,맑음,단일로 - 기타,화물,남,48세,상해없음,승용,남,65세,경상
2014040100100226,2014년 4월 1일 11시,화요일,경상북도 안동시 풍천면,중상사고,0,1,0,0,차대차 - 측면직각충돌,교차로운행방법위반,건조,맑음,교차로 - 교차로안,화물,남,47세,상해없음,이륜,남,79세,중상
2014040100100227,2014년 4월 1일 11시,화요일,경상북도 김천시 감호동,경상사고,0,0,1,0,차대차 - 측면직각충돌,안전운전불이행,건조,맑음,교차로 - 교차로안,승합,여,44세,상해없음,승합,남,49세,경상
2014040100100228,2014년 4월 1일 11시,화요일,경상북도 청도군 청도읍,중상사고,0,1,0,0,차대사람 - 기타,보행자보호의무위반,건조,맑음,단일로 - 횡단보도상,승용,남,57세,상해없음,보행자,여,49세,중상
2014040100100287,2014년 4월 1일 13시,화요일,경상북도 경주시 건천읍,중상사고,0,1,0,0,차대차 - 기타,안전운전불이행,건조,맑음,단일로 - 기타,화물,남,75세,중상,화물,남,56세,상해없음
2014040100100288,2014년 4월 1일 13시,화요일,경상북도 경주시 서면,중상사고,0,1,0,0,차대사람 - 기타,안전운전불이행,건조,맑음,단일로 - 기타,승용,남,71세,상해없음,보행자,여,80세,중상
2014040100100289,2014년 4월 1일 13시,화요일,경상북도 칠곡군 동명면,중상사고,0,1,1,0,차대차 - 기타,안전운전불이행,건조,맑음,교차로 - 교차로안,화물,남,67세,경상,화물,남,37세,중상
2014040100100290,2014년 4월 1일 13시,화요일,경상북도 구미시 인의동,경상사고,0,0,1,0,차대차 - 기타,안전운전불이행,건조,맑음,기타 - 기타,이륜,남,83세,경상,승용,여,64세,상해없음
2014040100100291,2014년 4월 1일 13시,화요일,경상북도 포항시 남구 대잠동,중상사고,0,1,1,0,차대차 - 측면직각충돌,안전운전불이행,건조,맑음,교차로 - 교차로안,승용,남,22세,상해없음,승용,남,53세,중상
2014040100100292,2014년 4월 1일 13시,화요일,경상북도 포항시 남구 해도동,경상사고,0,0,1,0,차대차 - 기타,안전운전불이행,건조,맑음,단일로 - 기타,승용,여,52세,상해없음,이륜,남,31세,경상
2014040100100316,2014년 4월 1일 14시,화요일,경상북도 포항시 북구 흥해읍,중상사고,0,1,0,0,차대차 - 기타,중앙선침범,건조,맑음,단일로 - 기타,승용,남,53세,상해없음,원동기,남,41세,중상
2014040100100317,2014년 4월 1일 14시,화요일,경상북도 구미시 옥계동,부상신고사고,0,0,0,1,차대사람 - 기타,안전운전불이행,건조,맑음,교차로 - 교차로부근,기타불명,기타불명,기타불명,기타불명,보행자,남,10세,부상신고
2014040100100349,2014년 4월 1일 15시,화요일,경상북도 상주시 남성동,경상사고,0,0,1,0,차대차 - 추돌 - 주정차중,안전운전불이행,건조,맑음,단일로 - 기타,화물,남,53세,상해없음,승용,남,53세,경상
2014040100100350,2014년 4월 1일 15시,화요일,경상북도 구미시 공단동,경상사고,0,0,1,0,차대차 - 기타,직진우회전진행방해,건조,맑음,교차로 - 교차로안,화물,남,34세,상해없음,승용,남,45세,경상
2014040100100390,2014년 4월 1일 16시,화요일,경상북도 경주시 서면,경상사고,0,0,1,0,차대차 - 기타,안전운전불이행,건조,맑음,교차로 - 교차로안,승용,여,43세,상해없음,이륜,남,82세,경상
2014040100100391,2014년 4월 1일 16시,화요일,경상북도 영주시 영주동,경상사고,0,0,1,0,차대사람 - 기타,안전운전불이행,건조,맑음,기타 - 기타,승용,여,68세,상해없음,보행자,여,69세,경상
2014040100100392,2014년 4월 1일 16시,화요일,경상북도 구미시 인의동,경상사고,0,0,1,0,차대차 - 측면직각충돌,안전운전불이행,건조,맑음,교차로 - 교차로부근,승용,남,36세,상해없음,승용,남,39세,경상
2014040100100440,2014년 4월 1일 17시,화요일,경상북도 경주시 배반동,경상사고,0,0,1,0,차대차 - 측면직각충돌,안전운전불이행,건조,맑음,교차로 - 교차로안,특수,남,60세,상해없음,승용,남,47세,경상
2014040100100441,2014년 4월 1일 17시,화요일,경상북도 포항시 남구 해도동,경상사고,0,0,2,0,차대차 - 추돌 - 주정차중,안전운전불이행,건조,맑음,단일로 - 기타,승용,여,32세,상해없음,승용,남,31세,경상
2014040100100477,2014년 4월 1일 18시,화요일,경상북도 영천시 완산동,경상사고,0,0,1,0,차대사람 - 기타,안전운전불이행,건조,맑음,단일로 - 기타,화물,남,61세,상해없음,보행자,여,59세,경상
2014040100100507,2014년 4월 1일 19시,화요일,경상북도 경주시 외동읍,중상사고,0,1,0,0,차대사람 - 횡단중,안전운전불이행,건조,맑음,교차로 - 교차로부근,승용,여,50세,상해없음,보행자,여,41세,중상
2014040100100508,2014년 4월 1일 19시,화요일,경상북도 경산시 계양동,경상사고,0,0,1,0,차대차 - 기타,중앙선침범,건조,맑음,단일로 - 기타,승용,여,36세,상해없음,이륜,남,22세,경상
2014040100100509,2014년 4월 1일 19시,화요일,경상북도 봉화군 봉화읍,경상사고,0,0,1,0,차대차 - 추돌 - 주정차중,안전운전불이행,건조,맑음,단일로 - 기타,승용,남,42세,경상,승용,남,38세,상해없음
2014040100100510,2014년 4월 1일 19시,화요일,경상북도 구미시 황상동,경상사고,0,0,4,0,차대차 - 기타,안전운전불이행,건조,맑음,단일로 - 기타,승용,여,34세,경상,승용,남,53세,경상
2014040100100511,2014년 4월 1일 19시,화요일,경상북도 구미시 비산동,경상사고,0,0,1,0,차대사람 - 기타,안전운전불이행,건조,맑음,기타 - 기타,기타불명,기타불명,기타불명,기타불명,보행자,남,34세,경상
2014040100100552,2014년 4월 1일 20시,화요일,경상북도 경산시 계양동,경상사고,0,0,1,0,차대차 - 기타,안전거리미확보,건조,맑음,단일로 - 기타,승용,남,51세,상해없음,승용,남,58세,경상
2014040100100553,2014년 4월 1일 20시,화요일,경상북도 구미시 신평동,중상사고,0,3,0,0,차대차 - 기타,안전운전불이행,건조,맑음,단일로 - 기타,승용,남,56세,상해없음,승용,남,24세,중상
2014040100100583,2014년 4월 1일 21시,화요일,경상북도 경주시 외동읍,중상사고,0,1,0,0,차대차 - 추돌 - 주정차중,안전운전불이행,건조,맑음,단일로 - 기타,승용,남,42세,중상,승합,남,45세,상해없음
2014040100100584,2014년 4월 1일 21시,화요일,경상북도 안동시 운흥동,사망사고,1,0,0,0,차대사람 - 기타,안전운전불이행,건조,맑음,기타 - 기타,승용,남,39세,상해없음,보행자,여,86세,사망
2014040100100602,2014년 4월 1일 22시,화요일,경상북도 경주시 안강읍,중상사고,0,1,0,1,차대차 - 기타,안전운전불이행,건조,맑음,기타 - 기타,승용,남,24세,상해없음,승용,여,37세,중상
2014040100100603,2014년 4월 1일 22시,화요일,경상북도 포항시 북구 죽도동,경상사고,0,0,4,0,차대차 - 기타,안전거리미확보,건조,맑음,단일로 - 기타,승용,남,54세,상해없음,승용,남,43세,경상
2014040100100604,2014년 4월 1일 22시,화요일,경상북도 의성군 단북면,경상사고,0,0,1,0,차량단독 - 공작물충돌,안전운전불이행,건조,기타,단일로 - 기타,승용,남,30세,경상,,,,
2014040100100624,2014년 4월 1일 23시,화요일,경상북도 경주시 충효동,중상사고,0,1,0,0,차대차 - 기타,안전운전불이행,건조,맑음,교차로 - 교차로안,승용,남,46세,중상,승용,남,51세,상해없음
2014040100100625,2014년 4월 1일 23시,화요일,경상북도 영덕군 축산면,경상사고,0,0,1,0,차량단독 - 공작물충돌,안전운전불이행,습기,비,단일로 - 기타,승용,남,32세,경상,,,,
2014040200100027,2014년 4월 2일 02시,수요일,경상북도 안동시 태화동,경상사고,0,0,2,0,차대차 - 기타,안전운전불이행,건조,맑음,단일로 - 기타,승용,남,45세,상해없음,승용,남,33세,경상
2014040200100042,2014년 4월 2일 04시,수요일,경상북도 경산시 중방동,경상사고,0,0,1,0,차대차 - 기타,안전운전불이행,건조,맑음,교차로 - 교차로부근,승용,남,45세,상해없음,승용,남,19세,경상
2014040200100061,2014년 4월 2일 06시,수요일,경상북도 경산시 정평동,중상사고,0,1,2,0,차대차 - 기타,안전운전불이행,건조,맑음,교차로 - 교차로부근,승용,남,33세,상해없음,승용,남,54세,경상
2014040200100087,2014년 4월 2일 07시,수요일,경상북도 경주시 안강읍,중상사고,0,1,0,0,차대차 - 기타,안전운전불이행,건조,맑음,교차로 - 교차로안,건설기계,남,55세,상해없음,승용,남,29세,중상
2014040200100088,2014년 4월 2일 07시,수요일,경상북도 안동시 서부동,경상사고,0,0,2,0,차대차 - 측면직각충돌,교차로운행방법위반,건조,맑음,교차로 - 교차로안,승용,남,64세,경상,승용,남,28세,경상
2014040200100089,2014년 4월 2일 07시,수요일,경상북도 문경시 모전동,중상사고,0,1,1,0,차대차 - 측면직각충돌,안전운전불이행,건조,맑음,단일로 - 기타,승용,남,50세,경상,승용,여,37세,중상
2014040200100090,2014년 4월 2일 07시,수요일,경상북도 구미시 고아읍,중상사고,0,1,0,0,차대차 - 기타,안전운전불이행,건조,맑음,교차로 - 교차로부근,승용,남,47세,상해없음,자전거,남,13세,중상
2014040200100124,2014년 4월 2일 08시,수요일,경상북도 포항시 북구 죽도동,경상사고,0,0,1,0,차대차 - 기타,안전운전불이행,건조,맑음,단일로 - 기타,승용,남,51세,상해없음,자전거,남,14세,경상
2014040200100125,2014년 4월 2일 08시,수요일,경상북도 영천시 금호읍,경상사고,0,0,1,0,차대차 - 추돌 - 진행중,교차로운행방법위반,건조,맑음,교차로 - 교차로안,화물,남,64세,상해없음,원동기,남,77세,경상
2014040200100126,2014년 4월 2일 08시,수요일,경상북도 구미시 상모동,경상사고,0,0,2,0,차대차 - 기타,안전운전불이행,건조,맑음,교차로 - 교차로안,승용,남,67세,경상,승합,남,45세,상해없음
2014040200100156,2014년 4월 2일 09시,수요일,경상북도 영천시 완산동,중상사고,0,1,0,0,차대사람 - 기타,안전운전불이행,건조,맑음,기타 - 기타,승용,여,40세,상해없음,보행자,여,60세,중상
2014040200100157,2014년 4월 2일 09시,수요일,경상북도 경산시 자인면,경상사고,0,0,1,0,차대차 - 기타,안전운전불이행,건조,맑음,단일로 - 기타,이륜,남,18세,경상,화물,남,55세,상해없음
2014040200100186,2014년 4월 2일 10시,수요일,경상북도 포항시 북구 용흥동,중상사고,0,1,0,0,차대차 - 기타,교차로운행방법위반,건조,맑음,교차로 - 교차로안,승용,여,44세,상해없음,원동기,여,54세,중상
2014040200100187,2014년 4월 2일 10시,수요일,경상북도 포항시 남구 해도동,경상사고,0,0,2,0,차대차 - 기타,안전운전불이행,건조,맑음,교차로 - 교차로안,승용,남,63세,상해없음,승용,여,24세,경상
2014040200100212,2014년 4월 2일 11시,수요일,경상북도 포항시 남구 송내동,경상사고,0,0,1,0,차대차 - 기타,안전운전불이행,건조,맑음,교차로 - 교차로부근,건설기계,남,52세,상해없음,승용,남,56세,경상
2014040200100237,2014년 4월 2일 12시,수요일,경상북도 경주시 마동,경상사고,0,0,3,0,차대차 - 기타,안전운전불이행,건조,맑음,단일로 - 횡단보도상,승용,남,54세,상해없음,승용,남,40세,경상
2014040200100238,2014년 4월 2일 12시,수요일,경상북도 경산시 진량읍,중상사고,0,1,0,0,차대차 - 기타,교차로운행방법위반,건조,맑음,교차로 - 교차로안,승용,남,26세,상해없음,원동기,남,19세,중상
2014040200100262,2014년 4월 2일 13시,수요일,경상북도 경주시 충효동,중상사고,0,1,0,0,차대차 - 추돌 - 진행중,안전운전불이행,건조,맑음,단일로 - 기타,화물,남,53세,상해없음,승용,여,65세,중상
2014040200100263,2014년 4월 2일 13시,수요일,경상북도 경주시 안강읍,중상사고,0,1,0,0,차대사람 - 기타,보행자보호의무위반,건조,맑음,교차로 - 교차로부근,승용,여,32세,상해없음,보행자,남,7세,중상
2014040200100264,2014년 4월 2일 13시,수요일,경상북도 포항시 북구 학산동,경상사고,0,0,1,0,차대차 - 기타,신호위반,건조,맑음,교차로 - 교차로안,승용,남,56세,상해없음,승용,남,53세,경상
2014040200100265,2014년 4월 2일 13시,수요일,경상북도 포항시 북구 상원동,중상사고,0,1,0,0,차대차 - 기타,안전운전불이행,건조,맑음,단일로 - 기타,승용,여,58세,상해없음,자전거,남,80세,중상
2014040200100299,2014년 4월 2일 14시,수요일,경상북도 경주시 충효동,경상사고,0,0,1,0,차대사람 - 기타,안전운전불이행,건조,맑음,단일로 - 기타,승용,남,38세,상해없음,보행자,남,5세,경상
2014040200100300,2014년 4월 2일 14시,수요일,경상북도 경주시 석장동,중상사고,0,1,0,0,차대사람 - 기타,안전운전불이행,건조,맑음,단일로 - 기타,승용,여,50세,상해없음,보행자,남,18세,중상
2014040200100301,2014년 4월 2일 14시,수요일,경상북도 포항시 북구 흥해읍,경상사고,0,0,2,0,차대차 - 기타,안전운전불이행,건조,맑음,단일로 - 기타,화물,남,48세,상해없음,승용,여,52세,경상
2014040200100302,2014년 4월 2일 14시,수요일,경상북도 상주시 화서면,경상사고,0,0,2,0,차대차 - 기타,신호위반,건조,맑음,교차로 - 교차로안,승용,여,49세,경상,화물,여,51세,경상
2014040200100303,2014년 4월 2일 14시,수요일,경상북도 문경시 농암면,경상사고,0,0,1,0,차량단독 - 기타,안전운전불이행,건조,맑음,단일로 - 기타,원동기,남,48세,경상,,,,
2014040200100362,2014년 4월 2일 16시,수요일,경상북도 경주시 천군동,중상사고,0,1,0,0,차량단독 - 전도전복,안전운전불이행,건조,맑음,기타 - 기타,이륜,여,20세,중상,,,,
2014040200100363,2014년 4월 2일 16시,수요일,경상북도 성주군 선남면,중상사고,0,1,0,0,차대차 - 측면직각충돌,직진우회전진행방해,건조,맑음,교차로 - 교차로안,승용,여,49세,상해없음,원동기,남,49세,중상
2014040200100364,2014년 4월 2일 16시,수요일,경상북도 구미시 인의동,경상사고,0,0,1,0,차대차 - 기타,안전운전불이행,건조,맑음,교차로 - 교차로안,승용,여,48세,상해없음,자전거,남,7세,경상
2014040200100402,2014년 4월 2일 17시,수요일,경상북도 경주시 천북면,중상사고,0,3,0,0,차대차 - 측면직각충돌,안전운전불이행,건조,맑음,교차로 - 교차로안,화물,남,46세,중상,승용,남,24세,중상
2014040200100403,2014년 4월 2일 17시,수요일,경상북도 구미시 원평동,경상사고,0,0,2,0,차대차 - 추돌 - 진행중,안전운전불이행,건조,맑음,단일로 - 기타,승용,여,55세,상해없음,화물,남,24세,경상
2014040200100432,2014년 4월 2일 18시,수요일,경상북도 경주시 석장동,경상사고,0,0,2,0,차대차 - 기타,안전운전불이행,건조,맑음,기타 - 기타,승용,남,55세,상해없음,승용,여,41세,경상
2014040200100433,2014년 4월 2일 18시,수요일,경상북도 경산시 압량면,중상사고,0,1,0,0,차대사람 - 기타,안전운전불이행,건조,맑음,기타 - 기타,승합,남,44세,상해없음,보행자,여,34세,중상
2014040200100478,2014년 4월 2일 19시,수요일,경상북도 칠곡군 약목면,경상사고,0,0,1,0,차대차 - 기타,안전운전불이행,건조,맑음,교차로 - 교차로부근,화물,남,53세,상해없음,화물,남,62세,경상
2014040200100479,2014년 4월 2일 19시,수요일,경상북도 경산시 삼북동,중상사고,0,1,0,0,차대사람 - 기타,안전운전불이행,건조,맑음,교차로 - 교차로안,화물,남,35세,상해없음,보행자,남,66세,중상