사고번호,사고일시,요일,시군구,사고내용,사망자수,중상자수,경상자수,부상신고자수,사고유형,법규위반,노면상태,기상상태,도로형태,가해운전자 차종,가해운전자 성별,가해운전자 연령,가해운전자 상해정도,피해운전자 차종,피해운전자 성별,피해운전자 연령,피해운전자 상해정도
2014040200100480,2014년 4월 2일 19시,수요일,경상북도 포항시 남구 이동,경상사고,0,0,3,0,차대차 - 기타,안전운전불이행,건조,흐림,단일로 - 기타,승합,남,63세,상해없음,승합,남,42세,상해없음
2014040200100518,2014년 4월 2일 20시,수요일,경상북도 경주시 성건동,중상사고,0,1,2,0,차대차 - 기타,안전운전불이행,건조,맑음,단일로 - 기타,승용,남,20세,경상,승용,남,39세,중상
2014040200100519,2014년 4월 2일 20시,수요일,경상북도 김천시 지좌동,경상사고,0,0,4,0,차대차 - 측면직각충돌,안전운전불이행,건조,맑음,단일로 - 기타,승용,여,37세,경상,승용,남,30세,경상
2014040200100520,2014년 4월 2일 20시,수요일,경상북도 구미시 구평동,중상사고,0,1,2,0,차대차 - 추돌 - 진행중,안전운전불이행,건조,맑음,단일로 - 기타,승용,남,30세,상해없음,승용,남,43세,중상
2014040200100521,2014년 4월 2일 20시,수요일,경상북도 구미시 공단동,중상사고,0,1,0,0,차대사람 - 기타,안전운전불이행,건조,맑음,단일로 - 기타,승용,남,31세,상해없음,보행자,남,55세,중상
2014040200100522,2014년 4월 2일 20시,수요일,경상북도 구미시 임수동,경상사고,0,0,1,0,차대차 - 기타,안전운전불이행,건조,기타,단일로 - 기타,자전거,남,30세,경상,승용,남,32세,상해없음
2014040200100571,2014년 4월 2일 21시,수요일,경상북도 경주시 동천동,중상사고,0,1,0,0,차대사람 - 길가장자리구역통행중,안전운전불이행,건조,맑음,단일로 - 기타,승용,여,41세,상해없음,보행자,여,37세,중상
2014040200100572,2014년 4월 2일 21시,수요일,경상북도 칠곡군 석적읍,경상사고,0,0,4,0,차대차 - 기타,직진우회전진행방해,건조,맑음,교차로 - 교차로안,승용,남,27세,경상,승용,남,35세,경상
2014040200100573,2014년 4월 2일 21시,수요일,경상북도 구미시 선산읍,중상사고,0,1,1,0,차량단독 - 기타,안전운전불이행,건조,맑음,단일로 - 기타,원동기,남,51세,경상,,,,
2014040200100600,2014년 4월 2일 22시,수요일,경상북도 경주시 충효동,경상사고,0,0,1,0,차대차 - 기타,기타,건조,맑음,단일로 - 기타,승용,남,40세,상해없음,승용,남,46세,상해없음
2014040200100601,2014년 4월 2일 22시,수요일,경상북도 포항시 북구 양덕동,경상사고,0,0,1,0,차대차 - 기타,안전운전불이행,건조,맑음,단일로 - 기타,승용,여,20세,상해없음,원동기,남,19세,경상
2014040200100602,2014년 4월 2일 22시,수요일,경상북도 성주군 초전면,경상사고,0,0,1,0,차대차 - 기타,중앙선침범,건조,맑음,기타 - 기타,자전거,남,64세,경상,기타불명,기타불명,기타불명,기타불명
2014040300100015,2014년 4월 3일 00시,목요일,경상북도 의성군 금성면,경상사고,0,0,1,0,차대사람 - 기타,안전운전불이행,건조,맑음,단일로 - 기타,승용,남,46세,상해없음,보행자,남,61세,경상
2014040300100031,2014년 4월 3일 01시,목요일,경상북도 김천시 교동,경상사고,0,0,2,0,차대차 - 측면직각충돌,안전운전불이행,건조,맑음,교차로 - 교차로부근,승용,남,22세,상해없음,승용,남,34세,경상
2014040300100058,2014년 4월 3일 05시,목요일,경상북도 경산시 중산동,중상사고,0,1,0,0,차대차 - 기타,안전운전불이행,건조,맑음,단일로 - 기타,승용,남,20세,상해없음,이륜,남,53세,중상
2014040300100059,2014년 4월 3일 05시,목요일,경상북도 포항시 남구 대잠동,중상사고,0,2,0,0,차대차 - 기타,신호위반,건조,맑음,교차로 - 교차로안,승용,남,33세,중상,승용,남,52세,중상
2014040300100073,2014년 4월 3일 06시,목요일,경상북도 김천시 남면,중상사고,0,1,1,0,차대차 - 측면직각충돌,교차로운행방법위반,건조,맑음,교차로 - 교차로안,화물,남,58세,중상,화물,남,41세,경상
2014040300100096,2014년 4월 3일 07시,목요일,경상북도 경주시 동천동,경상사고,0,0,1,0,차대차 - 기타,안전거리미확보,건조,맑음,단일로 - 기타,승합,남,52세,기타불명,승용,남,33세,경상
2014040300100097,2014년 4월 3일 07시,목요일,경상북도 경주시 황성동,경상사고,0,0,1,0,차대차 - 기타,안전운전불이행,건조,맑음,단일로 - 기타,화물,남,52세,상해없음,승용,여,39세,경상
2014040300100098,2014년 4월 3일 07시,목요일,경상북도 영천시 임고면,중상사고,0,1,1,0,차대차 - 기타,안전운전불이행,건조,맑음,단일로 - 기타,승용,남,77세,중상,화물,남,20세,상해없음
2014040300100099,2014년 4월 3일 07시,목요일,경상북도 청도군 각북면,경상사고,0,0,1,0,차대차 - 기타,안전운전불이행,건조,맑음,교차로 - 교차로안,승용,남,56세,경상,화물,남,43세,상해없음
2014040300100130,2014년 4월 3일 08시,목요일,경상북도 경주시 석장동,중상사고,0,1,0,0,차대차 - 기타,안전운전불이행,건조,맑음,단일로 - 기타,승용,남,18세,상해없음,승용,여,42세,중상
2014040300100131,2014년 4월 3일 08시,목요일,경상북도 포항시 북구 청하면,경상사고,0,0,1,0,차대차 - 기타,안전운전불이행,건조,맑음,교차로 - 교차로부근,화물,남,41세,상해없음,화물,남,37세,경상
2014040300100132,2014년 4월 3일 08시,목요일,경상북도 문경시 모전동,경상사고,0,0,2,0,차대차 - 측면직각충돌,직진우회전진행방해,건조,맑음,교차로 - 교차로안,승용,여,36세,경상,화물,여,51세,상해없음
2014040300100133,2014년 4월 3일 08시,목요일,경상북도 경산시 압량면,경상사고,0,0,1,0,차대차 - 기타,안전운전불이행,건조,맑음,단일로 - 기타,기타불명,기타불명,기타불명,기타불명,승합,남,47세,경상
2014040300100134,2014년 4월 3일 08시,목요일,경상북도 청도군 각남면,중상사고,0,1,0,0,차대차 - 기타,안전운전불이행,건조,맑음,기타 - 기타,화물,남,63세,상해없음,이륜,남,83세,중상
2014040300100165,2014년 4월 3일 09시,목요일,경상북도 영덕군 강구면,중상사고,0,1,0,0,차대차 - 측면직각충돌,안전운전불이행,건조,맑음,교차로 - 교차로부근,승용,남,59세,상해없음,이륜,남,70세,중상
2014040300100208,2014년 4월 3일 11시,목요일,경상북도 경주시 강동면,부상신고사고,0,0,0,1,차대차 - 기타,안전운전불이행,건조,맑음,단일로 - 기타,이륜,남,74세,부상신고,승용,남,56세,상해없음
2014040300100209,2014년 4월 3일 11시,목요일,경상북도 포항시 북구 흥해읍,경상사고,0,0,1,0,차대차 - 기타,안전운전불이행,건조,맑음,교차로 - 교차로부근,화물,남,63세,상해없음,승용,여,58세,경상
2014040300100210,2014년 4월 3일 11시,목요일,경상북도 문경시 모전동,중상사고,0,1,0,0,차대차 - 기타,안전운전불이행,건조,맑음,단일로 - 기타,승용,여,48세,상해없음,이륜,남,62세,중상
2014040300100211,2014년 4월 3일 11시,목요일,경상북도 구미시 남통동,경상사고,0,0,1,0,차대차 - 기타,안전운전불이행,건조,맑음,단일로 - 기타,승용,여,20세,상해없음,승용,여,32세,경상
2014040300100249,2014년 4월 3일 12시,목요일,경상북도 칠곡군 가산면,경상사고,0,0,2,0,차대차 - 기타,안전운전불이행,건조,맑음,단일로 - 기타,화물,남,22세,상해없음,승용,여,63세,경상
2014040300100250,2014년 4월 3일 12시,목요일,경상북도 포항시 남구 오천읍,경상사고,0,0,1,0,차대차 - 기타,안전운전불이행,건조,맑음,단일로 - 기타,승용,남,28세,상해없음,승용,남,30세,경상
2014040300100275,2014년 4월 3일 13시,목요일,경상북도 칠곡군 석적읍,경상사고,0,0,1,0,차대차 - 기타,교차로운행방법위반,건조,맑음,교차로 - 교차로안,승용,남,29세,상해없음,승용,남,44세,경상
2014040300100276,2014년 4월 3일 13시,목요일,경상북도 경산시 계양동,중상사고,0,1,0,0,차대사람 - 기타,안전운전불이행,건조,흐림,단일로 - 기타,화물,남,28세,상해없음,보행자,여,66세,중상
2014040300100277,2014년 4월 3일 13시,목요일,경상북도 경산시 남산면,중상사고,0,1,1,0,차대차 - 기타,기타,건조,맑음,교차로 - 교차로안,승용,남,38세,경상,화물,남,48세,중상
2014040300100278,2014년 4월 3일 13시,목요일,경상북도 봉화군 봉화읍,중상사고,0,1,0,0,차대사람 - 횡단중,보행자보호의무위반,건조,맑음,교차로 - 교차로부근,승용,남,65세,상해없음,보행자,남,64세,중상
2014040300100279,2014년 4월 3일 13시,목요일,경상북도 구미시 지산동,중상사고,0,1,0,0,차대차 - 기타,안전거리미확보,건조,맑음,단일로 - 기타,이륜,남,73세,중상,승용,여,44세,상해없음
2014040300100302,2014년 4월 3일 14시,목요일,경상북도 경주시 성동동,중상사고,0,1,0,0,차대차 - 기타,중앙선침범,건조,맑음,단일로 - 기타,원동기,남,66세,중상,화물,남,44세,상해없음
2014040300100303,2014년 4월 3일 14시,목요일,경상북도 포항시 북구 상원동,경상사고,0,0,1,0,차대사람 - 기타,안전운전불이행,건조,맑음,단일로 - 기타,승용,여,34세,상해없음,보행자,여,57세,경상
2014040300100304,2014년 4월 3일 14시,목요일,경상북도 김천시 성내동,경상사고,0,0,1,0,차대사람 - 기타,보행자보호의무위반,건조,맑음,교차로 - 교차로안,승용,남,49세,상해없음,보행자,남,81세,경상
2014040300100305,2014년 4월 3일 14시,목요일,경상북도 울릉군 울릉읍,중상사고,0,1,0,0,차대차 - 추돌 - 진행중,안전운전불이행,건조,맑음,단일로 - 기타,승용,남,50세,상해없음,승용,남,51세,중상
2014040300100306,2014년 4월 3일 14시,목요일,경상북도 구미시 옥계동,중상사고,0,1,0,0,차대차 - 기타,안전운전불이행,건조,맑음,교차로 - 교차로부근,승용,여,25세,상해없음,승용,여,36세,중상
2014040300100307,2014년 4월 3일 14시,목요일,경상북도 구미시 고아읍,중상사고,0,1,0,0,차대차 - 기타,안전운전불이행,건조,흐림,단일로 - 기타,승용,여,34세,상해없음,이륜,여,64세,중상
2014040300100350,2014년 4월 3일 16시,목요일,경상북도 포항시 북구 항구동,경상사고,0,0,1,0,차대차 - 기타,신호위반,건조,맑음,교차로 - 교차로안,승합,남,31세,상해없음,승용,남,33세,경상
2014040300100351,2014년 4월 3일 16시,목요일,경상북도 의성군 의성읍,중상사고,0,1,0,0,차량단독 - 전도전복,안전운전불이행,건조,맑음,단일로 - 기타,원동기,남,76세,중상,,,,
2014040300100352,2014년 4월 3일 16시,목요일,경상북도 청송군 파천면,중상사고,0,1,0,1,차량단독 - 공작물충돌,안전운전불이행,건조,맑음,단일로 - 기타,화물,남,64세,부상신고,,,,
2014040300100383,2014년 4월 3일 17시,목요일,경상북도 영주시 가흥동,중상사고,0,1,0,0,차대차 - 측면직각충돌,안전운전불이행,건조,맑음,단일로 - 기타,승용,남,66세,상해없음,자전거,남,83세,중상
2014040300100384,2014년 4월 3일 17시,목요일,경상북도 칠곡군 약목면,경상사고,0,0,1,0,차량단독 - 공작물충돌,안전운전불이행,건조,맑음,단일로 - 기타,승용,남,21세,상해없음,,,,
2014040300100385,2014년 4월 3일 17시,목요일,경상북도 구미시 황상동,경상사고,0,0,1,0,차대사람 - 기타,안전운전불이행,건조,맑음,기타 - 기타,승용,여,32세,상해없음,보행자,여,16세,경상
2014040300100421,2014년 4월 3일 18시,목요일,경상북도 포항시 북구 죽도동,중상사고,0,1,0,0,차대사람 - 기타,안전운전불이행,건조,맑음,단일로 - 기타,승용,남,65세,상해없음,보행자,남,34세,중상
2014040300100422,2014년 4월 3일 18시,목요일,경상북도 경산시 진량읍,경상사고,0,0,1,0,차대차 - 기타,안전거리미확보,건조,맑음,단일로 - 기타,화물,남,59세,상해없음,승용,남,54세,경상
2014040300100423,2014년 4월 3일 18시,목요일,경상북도 구미시 공단동,중상사고,0,2,0,0,차대사람 - 보도통행중,기타,건조,맑음,단일로 - 기타,자전거,남,13세,상해없음,보행자,남,6세,중상
2014040300100424,2014년 4월 3일 18시,목요일,경상북도 포항시 남구 오천읍,경상사고,0,0,1,0,차대사람 - 횡단중,안전운전불이행,건조,맑음,단일로 - 기타,화물,남,50세,상해없음,보행자,남,3세,경상
2014040300100456,2014년 4월 3일 19시,목요일,경상북도 경주시 마동,중상사고,0,2,7,0,차대차 - 기타,중앙선침범,건조,맑음,단일로 - 기타,승용,남,54세,상해없음,승용,남,51세,중상
2014040300100457,2014년 4월 3일 19시,목요일,경상북도 영주시 영주동,중상사고,0,1,0,0,차대차 - 측면직각충돌,안전운전불이행,습기,비,단일로 - 기타,승용,남,59세,상해없음,자전거,남,78세,중상
2014040300100458,2014년 4월 3일 19시,목요일,경상북도 영천시 임고면,사망사고,1,0,0,0,차량단독 - 공작물충돌,안전운전불이행,습기,비,단일로 - 기타,화물,남,50세,사망,,,,
2014040300100459,2014년 4월 3일 19시,목요일,경상북도 영천시 오미동,중상사고,0,1,2,0,차대차 - 추돌 - 진행중,안전운전불이행,습기,비,단일로 - 기타,화물,남,69세,상해없음,화물,남,54세,경상
2014040300100460,2014년 4월 3일 19시,목요일,경상북도 울진군 죽변면,중상사고,0,1,0,0,차량단독 - 기타,안전운전불이행,습기,비,단일로 - 기타,이륜,남,42세,중상,,,,
2014040300100534,2014년 4월 3일 21시,목요일,경상북도 포항시 북구 항구동,경상사고,0,0,1,0,차대사람 - 기타,안전운전불이행,습기,비,교차로 - 교차로안,승용,여,42세,상해없음,보행자,남,40세,경상
2014040300100613,2014년 4월 3일 23시,목요일,경상북도 경주시 성건동,경상사고,0,0,1,0,차대사람 - 기타,안전운전불이행,습기,비,단일로 - 기타,승용,남,40세,상해없음,보행자,남,41세,경상
2014040300100614,2014년 4월 3일 23시,목요일,경상북도 경산시 조영동,경상사고,0,0,1,0,차대차 - 기타,직진우회전진행방해,습기,비,교차로 - 교차로안,승용,남,25세,상해없음,이륜,남,26세,경상
2014040400100018,2014년 4월 4일 00시,금요일,경상북도 성주군 월항면,경상사고,0,0,2,0,차대차 - 측면직각충돌,신호위반,건조,맑음,교차로 - 교차로안,화물,남,49세,경상,승용,남,59세,경상
2014040400100019,2014년 4월 4일 00시,금요일,경상북도 포항시 남구 오천읍,중상사고,0,3,0,0,차대차 - 기타,안전운전불이행,건조,맑음,교차로 - 교차로안,승용,남,38세,상해없음,승용,남,53세,중상
2014040400100042,2014년 4월 4일 01시,금요일,경상북도 포항시 북구 죽도동,경상사고,0,0,1,0,차대차 - 기타,중앙선침범,습기,비,단일로 - 기타,승용,남,32세,상해없음,승용,남,49세,상해없음
2014040400100099,2014년 4월 4일 06시,금요일,경상북도 문경시 모전동,경상사고,0,0,1,0,차대차 - 기타,안전운전불이행,건조,맑음,교차로 - 교차로부근,승용,남,52세,상해없음,이륜,남,64세,경상
2014040400100121,2014년 4월 4일 07시,금요일,경상북도 경주시 성동동,중상사고,0,1,0,0,차대차 - 기타,안전운전불이행,건조,맑음,교차로 - 교차로안,승용,남,43세,상해없음,자전거,남,75세,중상
2014040400100122,2014년 4월 4일 07시,금요일,경상북도 경산시 진량읍,경상사고,0,0,1,0,차대차 - 기타,안전운전불이행,건조,맑음,단일로 - 기타,승용,여,29세,상해없음,승용,여,36세,경상
2014040400100123,2014년 4월 4일 07시,금요일,경상북도 구미시 인의동,경상사고,0,0,1,0,차대차 - 기타,안전운전불이행,건조,맑음,교차로 - 교차로안,승용,남,30세,상해없음,승용,남,35세,경상
2014040400100155,2014년 4월 4일 08시,금요일,경상북도 영주시 영주동,중상사고,0,1,0,0,차대차 - 추돌 - 진행중,안전운전불이행,건조,맑음,교차로 - 교차로안,승용,여,55세,상해없음,화물,여,44세,중상
2014040400100156,2014년 4월 4일 08시,금요일,경상북도 구미시 옥계동,중상사고,0,1,0,0,차대사람 - 기타,신호위반,건조,맑음,단일로 - 횡단보도상,승용,여,42세,상해없음,보행자,여,75세,중상
2014040400100178,2014년 4월 4일 09시,금요일,경상북도 포항시 북구 장성동,중상사고,0,1,2,0,차대차 - 기타,교차로운행방법위반,건조,맑음,교차로 - 교차로안,승용,여,42세,경상,승용,남,64세,중상
2014040400100180,2014년 4월 4일 09시,금요일,경상북도 포항시 남구 대잠동,중상사고,0,1,0,0,차대차 - 기타,안전운전불이행,건조,맑음,단일로 - 기타,화물,남,55세,상해없음,승용,남,32세,중상
2014040400100221,2014년 4월 4일 10시,금요일,경상북도 경산시 옥산동,경상사고,0,0,1,0,차대차 - 기타,교차로운행방법위반,건조,맑음,교차로 - 교차로안,화물,남,49세,상해없음,승용,남,34세,경상
2014040400100248,2014년 4월 4일 11시,금요일,경상북도 포항시 북구 죽도동,중상사고,0,1,0,0,차대차 - 기타,안전운전불이행,건조,맑음,단일로 - 기타,승용,남,47세,상해없음,자전거,여,72세,중상
2014040400100249,2014년 4월 4일 11시,금요일,경상북도 구미시 구포동,경상사고,0,0,1,0,차대차 - 기타,교차로운행방법위반,건조,맑음,교차로 - 교차로안,승용,남,24세,경상,승용,남,41세,상해없음
2014040400100276,2014년 4월 4일 12시,금요일,경상북도 경주시 동천동,경상사고,0,0,1,0,차대차 - 기타,안전운전불이행,건조,맑음,교차로 - 교차로안,이륜,남,19세,경상,승용,남,49세,상해없음
2014040400100277,2014년 4월 4일 12시,금요일,경상북도 영주시 휴천동,사망사고,1,0,0,0,차대차 - 기타,안전운전불이행,건조,맑음,단일로 - 횡단보도상,화물,남,46세,상해없음,자전거,남,78세,사망
2014040400100299,2014년 4월 4일 13시,금요일,경상북도 칠곡군 석적읍,중상사고,0,1,0,0,차대차 - 기타,안전운전불이행,건조,맑음,교차로 - 교차로안,화물,남,45세,상해없음,화물,남,46세,중상
2014040400100300,2014년 4월 4일 13시,금요일,경상북도 영천시 화남면,중상사고,0,2,0,1,차대차 - 정면충돌,중앙선침범,건조,맑음,단일로 - 기타,화물,남,67세,부상신고,화물,남,74세,중상
2014040400100335,2014년 4월 4일 14시,금요일,경상북도 포항시 북구 죽도동,중상사고,0,1,0,0,차대차 - 기타,안전운전불이행,건조,맑음,단일로 - 기타,승용,남,70세,상해없음,원동기,남,65세,중상
2014040400100336,2014년 4월 4일 14시,금요일,경상북도 칠곡군 석적읍,경상사고,0,0,1,0,차대차 - 기타,안전운전불이행,건조,맑음,교차로 - 교차로안,승용,여,35세,상해없음,승용,남,33세,경상
2014040400100373,2014년 4월 4일 15시,금요일,경상북도 경주시 용강동,중상사고,0,1,0,0,차대차 - 기타,안전운전불이행,건조,맑음,교차로 - 교차로안,승용,여,47세,상해없음,원동기,남,70세,중상
2014040400100374,2014년 4월 4일 15시,금요일,경상북도 안동시 길안면,중상사고,0,3,0,0,차대차 - 정면충돌,중앙선침범,건조,맑음,단일로 - 기타,승용,여,32세,중상,화물,남,71세,중상
2014040400100375,2014년 4월 4일 15시,금요일,경상북도 영천시 문외동,경상사고,0,0,1,0,차대차 - 기타,교차로운행방법위반,건조,맑음,교차로 - 교차로안,승용,남,56세,상해없음,승용,여,41세,경상
2014040400100376,2014년 4월 4일 15시,금요일,경상북도 문경시 흥덕동,경상사고,0,0,1,0,차대사람 - 횡단중,안전운전불이행,건조,맑음,단일로 - 기타,승용,여,32세,상해없음,보행자,남,12세,경상
2014040400100377,2014년 4월 4일 15시,금요일,경상북도 구미시 원평동,경상사고,0,0,1,0,차대차 - 기타,안전운전불이행,건조,맑음,기타 - 기타,승용,여,45세,상해없음,승용,남,53세,경상
2014040400100413,2014년 4월 4일 16시,금요일,경상북도 포항시 남구 괴동동,경상사고,0,0,1,0,차대차 - 기타,안전운전불이행,건조,맑음,단일로 - 기타,건설기계,남,61세,상해없음,화물,남,57세,상해없음
2014040400100454,2014년 4월 4일 17시,금요일,경상북도 포항시 북구 장성동,중상사고,0,1,0,0,차대차 - 측면직각충돌,교차로운행방법위반,건조,맑음,교차로 - 교차로안,승용,여,54세,상해없음,승용,여,41세,중상
2014040400100455,2014년 4월 4일 17시,금요일,경상북도 칠곡군 왜관읍,경상사고,0,0,1,0,차대차 - 정면충돌,안전운전불이행,건조,맑음,교차로 - 교차로안,승용,여,45세,상해없음,자전거,남,11세,경상
2014040400100456,2014년 4월 4일 17시,금요일,경상북도 영천시 망정동,중상사고,0,1,0,0,차대차 - 기타,안전운전불이행,건조,맑음,교차로 - 교차로안,승용,남,53세,상해없음,승용,여,50세,중상
2014040400100457,2014년 4월 4일 17시,금요일,경상북도 경산시 압량면,경상사고,0,0,2,0,차대차 - 기타,안전거리미확보,건조,맑음,단일로 - 기타,승용,남,58세,상해없음,승용,남,29세,경상
2014040400100501,2014년 4월 4일 18시,금요일,경상북도 경주시 내남면,경상사고,0,0,1,0,차대차 - 기타,중앙선침범,건조,맑음,단일로 - 기타,화물,남,69세,상해없음,승합,여,41세,경상
2014040400100502,2014년 4월 4일 18시,금요일,경상북도 울진군 울진읍,경상사고,0,0,1,0,차대차 - 기타,직진우회전진행방해,습기,비,교차로 - 교차로안,승용,여,22세,상해없음,승용,남,24세,경상
2014040400100503,2014년 4월 4일 18시,금요일,경상북도 구미시 구포동,중상사고,0,1,0,1,차대차 - 기타,교차로운행방법위반,건조,맑음,교차로 - 교차로안,이륜,남,42세,중상,이륜,남,31세,부상신고
2014040400100504,2014년 4월 4일 18시,금요일,경상북도 포항시 남구 오천읍,경상사고,0,0,1,0,차대사람 - 횡단중,안전운전불이행,건조,맑음,단일로 - 기타,승용,남,38세,상해없음,보행자,여,38세,경상
2014040400100540,2014년 4월 4일 19시,금요일,경상북도 의성군 사곡면,중상사고,0,1,0,0,차량단독 - 공작물충돌,안전운전불이행,건조,맑음,단일로 - 기타,화물,남,51세,중상,,,,
2014040400100541,2014년 4월 4일 19시,금요일,경상북도 영천시 성내동,중상사고,0,1,0,0,차대사람 - 기타,안전운전불이행,건조,맑음,단일로 - 기타,승용,남,35세,상해없음,보행자,남,74세,중상
2014040400100614,2014년 4월 4일 21시,금요일,경상북도 포항시 북구 청하면,중상사고,0,2,2,0,차대차 - 기타,신호위반,습기,비,교차로 - 교차로안,승용,남,38세,경상,승용,남,57세,경상
2014040400100615,2014년 4월 4일 21시,금요일,경상북도 문경시 점촌동,경상사고,0,0,1,0,차대차 - 측면직각충돌,직진우회전진행방해,건조,맑음,교차로 - 교차로안,승용,남,31세,상해없음,승용,여,34세,상해없음
2014040400100616,2014년 4월 4일 21시,금요일,경상북도 경산시 중방동,경상사고,0,0,2,0,차대차 - 기타,안전운전불이행,건조,맑음,단일로 - 기타,승용,남,22세,상해없음,승용,여,39세,경상
2014040400100617,2014년 4월 4일 21시,금요일,경상북도 구미시 장천면,중상사고,0,1,1,0,차대차 - 기타,안전운전불이행,건조,맑음,단일로 - 기타,승용,여,50세,상해없음,승용,남,43세,상해없음
2014040400100641,2014년 4월 4일 22시,금요일,경상북도 경주시 동천동,중상사고,0,1,0,0,차대차 - 기타,안전운전불이행,습기,비,단일로 - 기타,승용,남,31세,상해없음,자전거,남,18세,중상
2014040400100642,2014년 4월 4일 22시,금요일,경상북도 안동시 남문동,경상사고,0,0,1,0,차대사람 - 기타,안전운전불이행,건조,맑음,단일로 - 기타,화물,남,49세,상해없음,보행자,남,56세,경상
2014040400100643,2014년 4월 4일 22시,금요일,경상북도 구미시 남통동,경상사고,0,0,1,0,차대차 - 기타,안전운전불이행,건조,맑음,단일로 - 기타,승용,여,34세,상해없음,승용,남,56세,경상
2014040400100644,2014년 4월 4일 22시,금요일,경상북도 포항시 남구 대잠동,중상사고,0,1,0,0,차대차 - 기타,안전운전불이행,습기,비,교차로 - 교차로안,승용,여,35세,상해없음,이륜,남,48세,중상
2014040400100645,2014년 4월 4일 22시,금요일,경상북도 의성군 안평면,중상사고,0,2,0,0,차대차 - 측면직각충돌,안전운전불이행,건조,맑음,단일로 - 기타,승용,남,49세,중상,화물,남,52세,중상
2014040400100676,2014년 4월 4일 23시,금요일,경상북도 경주시 외동읍,경상사고,0,0,1,0,차대차 - 기타,안전운전불이행,습기,비,단일로 - 기타,화물,남,51세,상해없음,화물,남,32세,경상
2014040400100677,2014년 4월 4일 23시,금요일,경상북도 경주시 석장동,중상사고,0,1,0,0,차대차 - 기타,안전운전불이행,습기,비,교차로 - 교차로안,승용,남,33세,상해없음,자전거,남,22세,중상
2014040400100678,2014년 4월 4일 23시,금요일,경상북도 경주시 노서동,경상사고,0,0,1,0,차대차 - 기타,안전운전불이행,습기,비,교차로 - 교차로안,승용,남,59세,상해없음,자전거,남,58세,경상
2014040400100679,2014년 4월 4일 23시,금요일,경상북도 안동시 옥동,중상사고,0,1,0,0,차대사람 - 횡단중,안전운전불이행,건조,맑음,단일로 - 기타,승용,남,49세,상해없음,보행자,남,33세,중상
2014040400100680,2014년 4월 4일 23시,금요일,경상북도 영천시 금노동,경상사고,0,0,2,0,차대차 - 정면충돌,중앙선침범,건조,맑음,미분류 - 미분류,승용,남,65세,기타불명,승용,남,37세,경상
2014040500100016,2014년 4월 5일 00시,토요일,경상북도 구미시 임수동,중상사고,0,1,0,1,차대차 - 기타,안전운전불이행,건조,맑음,단일로 - 기타,승용,남,28세,부상신고,승용,여,46세,중상
2014040500100111,2014년 4월 5일 06시,토요일,경상북도 영덕군 지품면,중상사고,0,1,0,0,차량단독 - 공작물충돌,안전운전불이행,건조,맑음,단일로 - 기타,승용,여,20세,상해없음,,,,
2014040500100142,2014년 4월 5일 08시,토요일,경상북도 경주시 구황동,경상사고,0,0,2,0,차대차 - 기타,안전운전불이행,건조,맑음,단일로 - 기타,승용,여,49세,상해없음,화물,남,34세,경상
2014040500100143,2014년 4월 5일 08시,토요일,경상북도 안동시 동문동,경상사고,0,0,1,0,차대차 - 측면직각충돌,교차로운행방법위반,건조,맑음,교차로 - 교차로안,승합,남,45세,상해없음,승용,남,42세,경상
2014040500100163,2014년 4월 5일 09시,토요일,경상북도 경주시 황성동,경상사고,0,0,1,0,차대차 - 기타,안전운전불이행,건조,맑음,교차로 - 교차로안,승용,여,48세,상해없음,승용,남,65세,경상
2014040500100164,2014년 4월 5일 09시,토요일,경상북도 안동시 송현동,경상사고,0,0,1,0,차대차 - 기타,안전운전불이행,건조,맑음,교차로 - 교차로부근,승용,여,30세,상해없음,승용,남,26세,경상
2014040500100165,2014년 4월 5일 09시,토요일,경상북도 안동시 명륜동,경상사고,0,0,3,0,차대차 - 추돌 - 진행중,차로위반,건조,맑음,단일로 - 기타,승용,남,56세,상해없음,승용,남,53세,경상
2014040500100166,2014년 4월 5일 09시,토요일,경상북도 영주시 가흥동,경상사고,0,0,2,0,차대차 - 기타,안전운전불이행,건조,맑음,교차로 - 교차로안,승용,남,50세,상해없음,승용,남,40세,경상
2014040500100167,2014년 4월 5일 09시,토요일,경상북도 칠곡군 동명면,중상사고,0,1,0,0,차대사람 - 기타,안전운전불이행,건조,맑음,교차로 - 교차로안,승용,여,41세,상해없음,보행자,남,76세,중상
2014040500100168,2014년 4월 5일 09시,토요일,경상북도 청도군 화양읍,중상사고,0,2,0,0,차대차 - 기타,신호위반,건조,맑음,교차로 - 교차로안,승용,남,79세,중상,승용,여,54세,중상
2014040500100193,2014년 4월 5일 10시,토요일,경상북도 칠곡군 북삼읍,경상사고,0,0,3,0,차대차 - 측면직각충돌,교차로운행방법위반,건조,맑음,교차로 - 교차로안,승용,남,48세,경상,승용,남,34세,경상
2014040500100225,2014년 4월 5일 11시,토요일,경상북도 포항시 북구 양덕동,경상사고,0,0,1,0,차대차 - 기타,안전운전불이행,건조,맑음,단일로 - 기타,건설기계,남,50세,상해없음,승용,남,42세,경상
2014040500100226,2014년 4월 5일 11시,토요일,경상북도 경산시 대동,경상사고,0,0,1,0,차대차 - 기타,안전거리미확보,건조,맑음,단일로 - 기타,승용,남,57세,상해없음,승용,남,47세,상해없음
2014040500100227,2014년 4월 5일 11시,토요일,경상북도 칠곡군 동명면,경상사고,0,0,1,0,차대차 - 추돌 - 진행중,안전거리미확보,건조,맑음,단일로 - 기타,승용,여,40세,기타불명,승용,여,40세,경상