사고번호,사고일시,요일,시군구,사고내용,사망자수,중상자수,경상자수,부상신고자수,사고유형,법규위반,노면상태,기상상태,도로형태,가해운전자 차종,가해운전자 성별,가해운전자 연령,가해운전자 상해정도,피해운전자 차종,피해운전자 성별,피해운전자 연령,피해운전자 상해정도
2014040500100260,2014년 4월 5일 12시,토요일,경상북도 포항시 남구 대도동,중상사고,0,1,0,0,차량단독 - 기타,안전운전불이행,건조,맑음,단일로 - 기타,자전거,남,12세,중상,,,,
2014040500100291,2014년 4월 5일 13시,토요일,경상북도 김천시 평화동,중상사고,0,1,0,0,차대사람 - 기타,안전운전불이행,건조,맑음,단일로 - 기타,화물,남,39세,상해없음,보행자,남,4세,중상
2014040500100317,2014년 4월 5일 14시,토요일,경상북도 의성군 비안면,중상사고,0,1,0,0,차량단독 - 공작물충돌,안전운전불이행,건조,맑음,단일로 - 기타,승용,남,70세,중상,,,,
2014040500100318,2014년 4월 5일 14시,토요일,경상북도 성주군 선남면,경상사고,0,0,3,0,차대차 - 정면충돌,중앙선침범,기타,맑음,단일로 - 기타,승용,남,53세,상해없음,승용,여,35세,경상
2014040500100357,2014년 4월 5일 15시,토요일,경상북도 김천시 부곡동,경상사고,0,0,3,0,차대차 - 측면직각충돌,안전운전불이행,건조,맑음,교차로 - 교차로안,승용,여,44세,상해없음,승용,남,65세,경상
2014040500100358,2014년 4월 5일 15시,토요일,경상북도 영주시 이산면,중상사고,0,1,1,0,차량단독 - 기타,안전운전불이행,기타,맑음,기타 - 기타,승용,남,76세,경상,,,,
2014040500100359,2014년 4월 5일 15시,토요일,경상북도 울진군 북면,경상사고,0,0,2,0,차대차 - 측면직각충돌,안전운전불이행,건조,맑음,교차로 - 교차로안,승용,남,46세,상해없음,농기계,남,74세,경상
2014040500100360,2014년 4월 5일 15시,토요일,경상북도 구미시 옥계동,중상사고,0,1,0,0,차대차 - 측면직각충돌,중앙선침범,건조,맑음,단일로 - 기타,승용,남,18세,상해없음,승용,남,34세,중상
2014040500100361,2014년 4월 5일 15시,토요일,경상북도 포항시 남구 인덕동,경상사고,0,0,2,0,차대차 - 추돌 - 주정차중,안전운전불이행,건조,맑음,교차로 - 교차로부근,화물,남,44세,상해없음,화물,남,43세,경상
2014040500100362,2014년 4월 5일 15시,토요일,경상북도 포항시 남구 인덕동,경상사고,0,0,2,0,차대차 - 기타,직진우회전진행방해,건조,맑음,교차로 - 교차로안,승용,여,61세,경상,승용,여,42세,경상
2014040500100391,2014년 4월 5일 16시,토요일,경상북도 경주시 동방동,부상신고사고,0,0,0,1,차대차 - 측면직각충돌,중앙선침범,건조,맑음,교차로 - 교차로부근,승용,남,26세,상해없음,승합,남,42세,상해없음
2014040500100392,2014년 4월 5일 16시,토요일,경상북도 경주시 덕동,중상사고,0,1,2,0,차대차 - 기타,중앙선침범,건조,흐림,단일로 - 기타,승용,남,34세,상해없음,승합,남,60세,상해없음
2014040500100393,2014년 4월 5일 16시,토요일,경상북도 칠곡군 석적읍,경상사고,0,0,1,0,차대차 - 기타,중앙선침범,건조,맑음,단일로 - 기타,승용,남,47세,상해없음,이륜,남,19세,경상
2014040500100394,2014년 4월 5일 16시,토요일,경상북도 구미시 봉곡동,중상사고,0,1,0,0,차대사람 - 횡단중,신호위반,건조,맑음,단일로 - 횡단보도상,특수,남,54세,상해없음,보행자,남,8세,중상
2014040500100427,2014년 4월 5일 17시,토요일,경상북도 칠곡군 북삼읍,부상신고사고,0,0,0,1,차량단독 - 공작물충돌,안전운전불이행,건조,맑음,교차로 - 교차로안,승용,남,44세,부상신고,,,,
2014040500100428,2014년 4월 5일 17시,토요일,경상북도 칠곡군 북삼읍,경상사고,0,0,2,0,차대차 - 측면직각충돌,교차로운행방법위반,건조,맑음,단일로 - 기타,승용,남,25세,상해없음,승용,남,40세,경상
2014040500100429,2014년 4월 5일 17시,토요일,경상북도 구미시 원평동,경상사고,0,0,1,0,차대차 - 기타,안전운전불이행,건조,맑음,단일로 - 기타,승합,남,66세,상해없음,이륜,남,23세,경상
2014040500100493,2014년 4월 5일 19시,토요일,경상북도 김천시 모암동,경상사고,0,0,1,0,차대사람 - 기타,안전운전불이행,건조,맑음,교차로 - 교차로부근,화물,남,51세,상해없음,보행자,남,44세,경상
2014040500100494,2014년 4월 5일 19시,토요일,경상북도 칠곡군 동명면,경상사고,0,0,2,0,차대차 - 추돌 - 진행중,안전운전불이행,건조,맑음,단일로 - 기타,화물,남,59세,상해없음,승용,여,49세,상해없음
2014040500100495,2014년 4월 5일 19시,토요일,경상북도 구미시 비산동,경상사고,0,0,1,0,차대차 - 추돌 - 진행중,안전거리미확보,건조,맑음,단일로 - 기타,승용,남,50세,상해없음,승용,남,24세,경상
2014040500100536,2014년 4월 5일 20시,토요일,경상북도 청도군 청도읍,중상사고,0,1,0,0,차대차 - 기타,안전운전불이행,건조,맑음,기타 - 기타,농기계,남,72세,중상,승용,남,64세,상해없음
2014040500100577,2014년 4월 5일 21시,토요일,경상북도 안동시 임하면,경상사고,0,0,2,0,차대차 - 정면충돌,안전운전불이행,건조,맑음,기타 - 기타,승용,남,55세,상해없음,승용,여,23세,경상
2014040500100602,2014년 4월 5일 22시,토요일,경상북도 경주시 보문동,중상사고,0,1,0,0,차대차 - 기타,안전운전불이행,건조,맑음,교차로 - 교차로안,승용,여,42세,상해없음,승용,남,23세,중상
2014040500100603,2014년 4월 5일 22시,토요일,경상북도 포항시 북구 죽도동,중상사고,0,2,0,0,차대사람 - 기타,안전운전불이행,건조,맑음,교차로 - 교차로부근,승용,남,36세,상해없음,보행자,남,56세,중상
2014040500100604,2014년 4월 5일 22시,토요일,경상북도 구미시 광평동,중상사고,0,1,1,0,차대차 - 측면직각충돌,신호위반,건조,기타,교차로 - 교차로안,승용,여,67세,경상,승용,남,34세,중상
2014040500100628,2014년 4월 5일 23시,토요일,경상북도 포항시 북구 양덕동,경상사고,0,0,1,0,차대차 - 기타,차로위반,건조,맑음,교차로 - 교차로부근,승용,남,21세,상해없음,원동기,남,18세,경상
2014040500100629,2014년 4월 5일 23시,토요일,경상북도 구미시 도량동,중상사고,0,1,1,0,차대차 - 추돌 - 진행중,안전운전불이행,건조,맑음,단일로 - 기타,특수,여,21세,상해없음,승용,남,36세,중상
2014040600100060,2014년 4월 6일 05시,일요일,경상북도 경산시 와촌면,경상사고,0,0,1,0,차량단독 - 기타,안전운전불이행,건조,맑음,단일로 - 기타,승용,남,28세,경상,,,,
2014040600100095,2014년 4월 6일 08시,일요일,경상북도 문경시 흥덕동,경상사고,0,0,1,0,차대차 - 추돌 - 진행중,안전운전불이행,건조,맑음,단일로 - 기타,화물,여,75세,상해없음,자전거,남,72세,경상
2014040600100111,2014년 4월 6일 09시,일요일,경상북도 구미시 인의동,부상신고사고,0,0,0,1,차대사람 - 기타,안전운전불이행,건조,맑음,교차로 - 교차로안,승용,남,43세,상해없음,보행자,남,19세,부상신고
2014040600100143,2014년 4월 6일 10시,일요일,경상북도 경주시 현곡면,중상사고,0,2,1,0,차대차 - 기타,중앙선침범,건조,맑음,단일로 - 기타,승용,여,49세,중상,승합,남,31세,경상
2014040600100144,2014년 4월 6일 10시,일요일,경상북도 칠곡군 북삼읍,중상사고,0,1,0,0,차대차 - 기타,교차로운행방법위반,건조,맑음,교차로 - 교차로안,승용,여,57세,상해없음,승용,남,72세,중상
2014040600100165,2014년 4월 6일 11시,일요일,경상북도 경주시 하동,경상사고,0,0,4,0,차대차 - 기타,안전운전불이행,건조,맑음,단일로 - 기타,승용,남,25세,상해없음,승용,남,20세,경상
2014040600100166,2014년 4월 6일 11시,일요일,경상북도 김천시 대항면,중상사고,0,1,2,0,차대차 - 측면직각충돌,안전거리미확보,건조,맑음,단일로 - 기타,승합,남,53세,상해없음,승용,남,48세,경상
2014040600100167,2014년 4월 6일 11시,일요일,경상북도 문경시 문경읍,중상사고,0,1,0,0,차대차 - 측면직각충돌,직진우회전진행방해,건조,맑음,교차로 - 교차로안,승용,여,44세,상해없음,원동기,남,66세,중상
2014040600100222,2014년 4월 6일 13시,일요일,경상북도 경주시 용강동,중상사고,0,1,0,0,차대차 - 기타,안전운전불이행,건조,맑음,단일로 - 기타,화물,남,52세,상해없음,이륜,남,49세,중상
2014040600100244,2014년 4월 6일 14시,일요일,경상북도 안동시 운흥동,경상사고,0,0,2,0,차대차 - 기타,안전거리미확보,건조,맑음,단일로 - 기타,승용,여,54세,상해없음,승용,여,50세,경상
2014040600100245,2014년 4월 6일 14시,일요일,경상북도 성주군 성주읍,중상사고,0,1,0,0,차대사람 - 기타,기타,건조,맑음,단일로 - 기타,승합,남,54세,상해없음,보행자,여,66세,중상
2014040600100276,2014년 4월 6일 15시,일요일,경상북도 상주시 남성동,경상사고,0,0,1,0,차대사람 - 기타,안전운전불이행,건조,맑음,단일로 - 기타,이륜,남,45세,상해없음,보행자,남,4세,경상
2014040600100277,2014년 4월 6일 15시,일요일,경상북도 청도군 화양읍,부상신고사고,0,0,0,1,차대차 - 추돌 - 진행중,안전운전불이행,건조,맑음,단일로 - 기타,이륜,남,32세,부상신고,승용,여,34세,상해없음
2014040600100278,2014년 4월 6일 15시,일요일,경상북도 청송군 파천면,중상사고,0,3,0,1,차대차 - 정면충돌,직진우회전진행방해,건조,맑음,교차로 - 교차로안,승용,남,76세,부상신고,승합,남,68세,상해없음
2014040600100318,2014년 4월 6일 16시,일요일,경상북도 영천시 화북면,부상신고사고,0,0,0,1,차량단독 - 기타,안전운전불이행,건조,맑음,단일로 - 기타,원동기,남,54세,부상신고,,,,
2014040600100319,2014년 4월 6일 16시,일요일,경상북도 문경시 산양면,중상사고,0,1,1,0,차대차 - 측면직각충돌,직진우회전진행방해,건조,맑음,교차로 - 교차로안,승용,남,26세,경상,승용,여,60세,중상
2014040600100320,2014년 4월 6일 16시,일요일,경상북도 고령군 개진면,중상사고,0,1,0,0,차대사람 - 기타,안전운전불이행,건조,맑음,단일로 - 기타,화물,남,30세,상해없음,보행자,남,67세,중상
2014040600100321,2014년 4월 6일 16시,일요일,경상북도 구미시 옥계동,경상사고,0,0,1,0,차대차 - 기타,안전운전불이행,건조,맑음,기타 - 기타,승용,남,45세,상해없음,자전거,남,7세,경상
2014040600100352,2014년 4월 6일 17시,일요일,경상북도 구미시 남통동,경상사고,0,0,1,0,차대차 - 추돌 - 주정차중,안전운전불이행,건조,맑음,교차로 - 교차로안,승용,남,18세,상해없음,승용,남,33세,경상
2014040600100353,2014년 4월 6일 17시,일요일,경상북도 포항시 남구 송도동,중상사고,0,1,0,0,차대사람 - 기타,안전운전불이행,건조,맑음,교차로 - 교차로부근,승용,남,67세,상해없음,보행자,여,72세,중상
2014040600100375,2014년 4월 6일 18시,일요일,경상북도 안동시 운흥동,중상사고,0,1,1,0,차대차 - 추돌 - 진행중,안전운전불이행,건조,맑음,교차로 - 교차로안,승용,남,60세,상해없음,화물,남,66세,상해없음
2014040600100376,2014년 4월 6일 18시,일요일,경상북도 고령군 다산면,중상사고,0,2,0,0,차대차 - 측면직각충돌,신호위반,건조,맑음,교차로 - 교차로안,화물,남,38세,상해없음,승용,남,62세,중상
2014040600100377,2014년 4월 6일 18시,일요일,경상북도 구미시 인의동,경상사고,0,0,1,0,차대차 - 기타,교차로운행방법위반,건조,맑음,교차로 - 교차로안,화물,남,71세,상해없음,승용,남,55세,경상
2014040600100378,2014년 4월 6일 18시,일요일,경상북도 포항시 남구 대잠동,경상사고,0,0,1,0,차대사람 - 보도통행중,보행자보호의무위반,건조,맑음,교차로 - 교차로안,승용,남,26세,상해없음,보행자,여,55세,경상
2014040600100407,2014년 4월 6일 19시,일요일,경상북도 경주시 구정동,중상사고,0,1,4,1,차대차 - 기타,안전운전불이행,건조,맑음,단일로 - 기타,화물,남,50세,경상,화물,남,58세,부상신고
2014040600100408,2014년 4월 6일 19시,일요일,경상북도 경주시 구황동,중상사고,0,1,0,0,차대차 - 기타,중앙선침범,건조,맑음,교차로 - 교차로안,자전거,남,64세,중상,승용,남,72세,상해없음
2014040600100409,2014년 4월 6일 19시,일요일,경상북도 고령군 성산면,경상사고,0,0,1,0,차대사람 - 횡단중,안전운전불이행,건조,맑음,단일로 - 기타,승용,여,46세,상해없음,보행자,여,72세,경상
2014040600100441,2014년 4월 6일 20시,일요일,경상북도 경주시 인왕동,경상사고,0,0,5,0,차대차 - 기타,안전운전불이행,건조,맑음,기타 - 기타,이륜,남,25세,경상,승용,남,57세,경상
2014040600100442,2014년 4월 6일 20시,일요일,경상북도 경주시 외동읍,중상사고,0,1,3,0,차대차 - 추돌 - 주정차중,안전운전불이행,건조,맑음,단일로 - 기타,승용,여,55세,상해없음,승용,남,30세,경상
2014040600100443,2014년 4월 6일 20시,일요일,경상북도 안동시 정하동,경상사고,0,0,1,0,차대차 - 기타,직진우회전진행방해,건조,맑음,교차로 - 교차로안,승용,남,51세,상해없음,이륜,남,18세,경상
2014040600100493,2014년 4월 6일 22시,일요일,경상북도 안동시 옥동,중상사고,0,1,0,0,차대차 - 추돌 - 진행중,안전운전불이행,건조,맑음,교차로 - 교차로부근,승용,남,27세,상해없음,승용,남,65세,중상
2014040600100510,2014년 4월 6일 23시,일요일,경상북도 포항시 북구 죽도동,경상사고,0,0,1,0,차대사람 - 길가장자리구역통행중,신호위반,건조,맑음,교차로 - 교차로부근,승용,남,45세,상해없음,보행자,남,54세,경상
2014040600100511,2014년 4월 6일 23시,일요일,경상북도 경산시 계양동,경상사고,0,0,3,0,차대차 - 기타,안전운전불이행,건조,맑음,단일로 - 기타,승용,남,54세,상해없음,승용,남,23세,경상
2014040700100011,2014년 4월 7일 00시,월요일,경상북도 경산시 중방동,경상사고,0,0,1,0,차대차 - 기타,안전운전불이행,건조,맑음,교차로 - 교차로부근,승용,남,23세,상해없음,승용,남,59세,상해없음
2014040700100030,2014년 4월 7일 03시,월요일,경상북도 청도군 각남면,경상사고,0,0,1,0,차대차 - 기타,안전운전불이행,건조,맑음,기타 - 기타,기타불명,기타불명,기타불명,기타불명,원동기,남,17세,경상
2014040700100049,2014년 4월 7일 06시,월요일,경상북도 예천군 용궁면,경상사고,0,0,1,0,차대차 - 추돌 - 주정차중,안전운전불이행,건조,맑음,단일로 - 기타,화물,남,50세,경상,화물,남,61세,상해없음
2014040700100069,2014년 4월 7일 07시,월요일,경상북도 경주시 양북면,중상사고,0,1,0,0,차대차 - 기타,중앙선침범,건조,맑음,단일로 - 기타,승용,여,25세,상해없음,화물,남,62세,중상
2014040700100070,2014년 4월 7일 07시,월요일,경상북도 김천시 문당동,사망사고,1,1,0,0,차대차 - 측면직각충돌,교차로운행방법위반,건조,맑음,교차로 - 교차로안,승합,여,39세,상해없음,이륜,남,66세,중상
2014040700100071,2014년 4월 7일 07시,월요일,경상북도 포항시 남구 인덕동,경상사고,0,0,1,0,차대차 - 기타,교차로운행방법위반,건조,맑음,교차로 - 교차로부근,건설기계,남,37세,상해없음,자전거,남,49세,경상
2014040700100116,2014년 4월 7일 08시,월요일,경상북도 칠곡군 석적읍,중상사고,0,1,2,0,차대차 - 정면충돌,신호위반,건조,맑음,교차로 - 교차로안,승용,남,51세,경상,승용,남,32세,중상
2014040700100117,2014년 4월 7일 08시,월요일,경상북도 경산시 자인면,중상사고,0,3,1,0,차량단독 - 공작물충돌,안전운전불이행,건조,맑음,단일로 - 기타,승용,남,22세,경상,,,,
2014040700100118,2014년 4월 7일 08시,월요일,경상북도 포항시 남구 연일읍,중상사고,0,1,0,0,차대차 - 기타,안전운전불이행,건조,맑음,교차로 - 교차로부근,승용,남,28세,상해없음,자전거,남,10세,중상
2014040700100155,2014년 4월 7일 09시,월요일,경상북도 포항시 북구 흥해읍,경상사고,0,0,1,0,차대차 - 기타,신호위반,건조,맑음,교차로 - 교차로안,화물,남,37세,상해없음,승용,여,56세,경상
2014040700100156,2014년 4월 7일 09시,월요일,경상북도 영천시 북안면,중상사고,0,1,1,1,차대차 - 추돌 - 진행중,안전운전불이행,건조,맑음,단일로 - 기타,화물,남,31세,부상신고,화물,남,59세,경상
2014040700100157,2014년 4월 7일 09시,월요일,경상북도 문경시 흥덕동,경상사고,0,0,1,0,차대차 - 기타,안전운전불이행,건조,맑음,교차로 - 교차로안,승용,남,37세,상해없음,이륜,남,74세,경상
2014040700100177,2014년 4월 7일 10시,월요일,경상북도 경주시 석장동,중상사고,0,1,0,0,차대사람 - 기타,안전운전불이행,건조,맑음,기타 - 기타,화물,남,21세,상해없음,보행자,여,25세,중상
2014040700100193,2014년 4월 7일 11시,월요일,경상북도 영덕군 창수면,경상사고,0,0,1,0,차량단독 - 도로외이탈 - 추락,안전운전불이행,건조,맑음,단일로 - 기타,농기계,남,71세,상해없음,,,,
2014040700100223,2014년 4월 7일 12시,월요일,경상북도 경산시 자인면,중상사고,0,2,0,0,차대차 - 기타,안전운전불이행,건조,맑음,교차로 - 교차로안,승용,남,57세,상해없음,승용,남,63세,중상
2014040700100250,2014년 4월 7일 13시,월요일,경상북도 봉화군 봉화읍,경상사고,0,0,1,0,차량단독 - 기타,안전운전불이행,건조,맑음,기타 - 기타,원동기,남,81세,경상,,,,
2014040700100283,2014년 4월 7일 14시,월요일,경상북도 포항시 북구 대흥동,경상사고,0,0,1,0,차대차 - 기타,안전운전불이행,건조,맑음,교차로 - 교차로부근,화물,남,39세,상해없음,자전거,남,74세,경상
2014040700100284,2014년 4월 7일 14시,월요일,경상북도 경산시 평산동,중상사고,0,1,0,0,차량단독 - 기타,안전운전불이행,건조,맑음,단일로 - 기타,이륜,남,20세,중상,,,,
2014040700100285,2014년 4월 7일 14시,월요일,경상북도 울진군 죽변면,경상사고,0,0,1,0,차대사람 - 기타,안전운전불이행,건조,맑음,교차로 - 교차로안,승용,남,52세,상해없음,보행자,남,61세,경상
2014040700100327,2014년 4월 7일 15시,월요일,경상북도 김천시 모암동,중상사고,0,1,0,0,차대차 - 측면직각충돌,안전운전불이행,건조,맑음,단일로 - 기타,이륜,남,83세,중상,승용,남,59세,상해없음
2014040700100328,2014년 4월 7일 15시,월요일,경상북도 성주군 선남면,중상사고,0,1,0,0,차대차 - 측면직각충돌,교차로운행방법위반,기타,맑음,교차로 - 교차로안,화물,남,42세,상해없음,이륜,남,73세,중상
2014040700100357,2014년 4월 7일 16시,월요일,경상북도 경주시 노서동,중상사고,0,1,0,0,차대사람 - 기타,안전운전불이행,건조,맑음,단일로 - 기타,승용,여,40세,상해없음,보행자,여,3세,중상
2014040700100401,2014년 4월 7일 17시,월요일,경상북도 경산시 정평동,경상사고,0,0,1,0,차대차 - 기타,안전운전불이행,건조,맑음,교차로 - 교차로안,승용,남,76세,상해없음,자전거,남,12세,경상
2014040700100402,2014년 4월 7일 17시,월요일,경상북도 성주군 월항면,경상사고,0,0,1,0,차량단독 - 공작물충돌,안전운전불이행,건조,맑음,단일로 - 기타,화물,남,65세,경상,,,,
2014040700100433,2014년 4월 7일 18시,월요일,경상북도 포항시 북구 학잠동,경상사고,0,0,1,0,차대사람 - 기타,안전운전불이행,건조,맑음,단일로 - 기타,승용,남,46세,상해없음,보행자,남,3세,경상
2014040700100434,2014년 4월 7일 18시,월요일,경상북도 칠곡군 동명면,경상사고,0,0,1,0,차대차 - 측면직각충돌,교차로운행방법위반,건조,맑음,교차로 - 교차로안,승용,여,48세,경상,승용,남,48세,상해없음
2014040700100435,2014년 4월 7일 18시,월요일,경상북도 경산시 압량면,경상사고,0,0,1,0,차대차 - 기타,교차로운행방법위반,건조,맑음,교차로 - 교차로안,승용,여,50세,상해없음,이륜,남,38세,경상
2014040700100436,2014년 4월 7일 18시,월요일,경상북도 경산시 압량면,경상사고,0,0,1,0,차대차 - 기타,안전운전불이행,건조,맑음,단일로 - 교량,승용,남,53세,상해없음,승용,남,35세,경상
2014040700100476,2014년 4월 7일 19시,월요일,경상북도 김천시 평화동,중상사고,0,1,0,0,차대사람 - 기타,안전운전불이행,건조,맑음,단일로 - 기타,승용,남,60세,상해없음,보행자,여,61세,중상
2014040700100503,2014년 4월 7일 20시,월요일,경상북도 칠곡군 석적읍,중상사고,0,1,0,0,차대차 - 측면직각충돌,교차로운행방법위반,건조,맑음,교차로 - 교차로안,승용,남,31세,상해없음,이륜,남,44세,중상
2014040700100526,2014년 4월 7일 21시,월요일,경상북도 경주시 노서동,중상사고,0,1,0,0,차대사람 - 기타,안전운전불이행,건조,맑음,단일로 - 기타,승용,여,34세,상해없음,보행자,여,52세,중상
2014040700100527,2014년 4월 7일 21시,월요일,경상북도 경주시 양북면,사망사고,1,0,0,0,차대사람 - 기타,안전운전불이행,건조,맑음,단일로 - 기타,승용,남,35세,상해없음,보행자,여,65세,사망
2014040700100528,2014년 4월 7일 21시,월요일,경상북도 경산시 백천동,경상사고,0,0,1,0,차대차 - 기타,안전운전불이행,건조,맑음,단일로 - 기타,승용,남,41세,상해없음,승용,여,47세,경상
2014040700100567,2014년 4월 7일 22시,월요일,경상북도 울진군 후포면,중상사고,0,1,0,0,차량단독 - 전도전복,안전운전불이행,건조,맑음,단일로 - 기타,이륜,남,63세,중상,,,,
2014040800100036,2014년 4월 8일 03시,화요일,경상북도 고령군 고령읍,사망사고,1,0,0,0,차대사람 - 기타,안전운전불이행,건조,맑음,단일로 - 횡단보도부근,화물,남,33세,상해없음,보행자,남,45세,사망
2014040800100043,2014년 4월 8일 04시,화요일,경상북도 상주시 낙동면,중상사고,0,1,0,0,차대차 - 측면직각충돌,안전운전불이행,건조,맑음,단일로 - 기타,화물,남,42세,중상,화물,남,43세,상해없음
2014040800100095,2014년 4월 8일 07시,화요일,경상북도 상주시 신봉동,경상사고,0,0,1,0,차대차 - 기타,안전운전불이행,건조,맑음,단일로 - 기타,승용,남,34세,상해없음,자전거,남,14세,경상
2014040800100133,2014년 4월 8일 08시,화요일,경상북도 경산시 자인면,중상사고,0,1,2,0,차대차 - 측면직각충돌,안전운전불이행,건조,맑음,교차로 - 교차로안,승용,남,69세,경상,화물,남,58세,경상
2014040800100134,2014년 4월 8일 08시,화요일,경상북도 경산시 중산동,경상사고,0,0,1,0,차대차 - 기타,신호위반,건조,맑음,교차로 - 교차로안,승용,여,47세,상해없음,승용,남,31세,경상
2014040800100135,2014년 4월 8일 08시,화요일,경상북도 경산시 사동,경상사고,0,0,3,0,차대차 - 기타,교차로운행방법위반,건조,맑음,교차로 - 교차로안,승용,남,36세,상해없음,승용,여,30세,경상
2014040800100136,2014년 4월 8일 08시,화요일,경상북도 구미시 임수동,경상사고,0,0,2,0,차대차 - 기타,안전거리미확보,건조,맑음,단일로 - 교량,화물,남,42세,상해없음,화물,남,43세,경상
2014040800100169,2014년 4월 8일 09시,화요일,경상북도 안동시 길안면,경상사고,0,0,2,0,차대차 - 기타,중앙선침범,건조,맑음,단일로 - 기타,화물,남,52세,상해없음,승합,남,51세,경상
2014040800100193,2014년 4월 8일 10시,화요일,경상북도 경주시 안강읍,중상사고,0,2,0,0,차대차 - 기타,안전운전불이행,건조,맑음,단일로 - 기타,화물,남,50세,상해없음,승용,여,64세,중상
2014040800100220,2014년 4월 8일 11시,화요일,경상북도 경주시 안강읍,경상사고,0,0,1,0,차대차 - 기타,안전운전불이행,건조,맑음,단일로 - 기타,승합,남,60세,상해없음,승용,여,49세,경상
2014040800100221,2014년 4월 8일 11시,화요일,경상북도 경주시 천군동,중상사고,0,1,0,0,차대차 - 기타,안전운전불이행,건조,맑음,단일로 - 기타,승용,여,67세,중상,승용,남,58세,상해없음
2014040800100247,2014년 4월 8일 12시,화요일,경상북도 포항시 북구 죽장면,중상사고,0,1,1,0,차대차 - 기타,중앙선침범,건조,맑음,단일로 - 기타,화물,남,54세,상해없음,승용,여,47세,중상
2014040800100248,2014년 4월 8일 12시,화요일,경상북도 김천시 구성면,중상사고,0,1,0,0,차대차 - 측면직각충돌,안전운전불이행,건조,맑음,단일로 - 기타,승용,남,51세,상해없음,이륜,남,76세,중상
2014040800100249,2014년 4월 8일 12시,화요일,경상북도 김천시 삼락동,중상사고,0,1,0,0,차대사람 - 기타,안전운전불이행,건조,맑음,기타 - 기타,승용,남,22세,상해없음,보행자,여,19세,중상
2014040800100250,2014년 4월 8일 12시,화요일,경상북도 울진군 후포면,경상사고,0,0,1,0,차대차 - 기타,안전운전불이행,건조,맑음,교차로 - 교차로안,승용,남,41세,상해없음,승용,남,31세,경상
2014040800100275,2014년 4월 8일 13시,화요일,경상북도 영주시 상망동,중상사고,0,1,0,0,차대차 - 정면충돌,중앙선침범,건조,맑음,단일로 - 기타,승합,남,36세,상해없음,승용,여,52세,중상
2014040800100305,2014년 4월 8일 14시,화요일,경상북도 포항시 북구 우현동,중상사고,0,2,5,0,차대차 - 기타,안전운전불이행,건조,맑음,교차로 - 교차로부근,승용,여,54세,상해없음,승용,남,57세,경상
2014040800100306,2014년 4월 8일 14시,화요일,경상북도 김천시 모암동,중상사고,0,1,0,0,차대차 - 측면직각충돌,안전운전불이행,건조,맑음,단일로 - 기타,이륜,남,76세,상해없음,승합,남,46세,상해없음
2014040800100307,2014년 4월 8일 14시,화요일,경상북도 포항시 남구 이동,중상사고,0,1,0,0,차대차 - 기타,안전운전불이행,건조,맑음,교차로 - 교차로안,승용,여,42세,상해없음,승용,남,44세,중상
2014040800100347,2014년 4월 8일 15시,화요일,경상북도 경주시 건천읍,중상사고,0,1,1,0,차대차 - 추돌 - 진행중,안전운전불이행,건조,맑음,단일로 - 기타,원동기,남,54세,중상,원동기,남,74세,경상
2014040800100348,2014년 4월 8일 15시,화요일,경상북도 영주시 하망동,경상사고,0,0,1,0,차대차 - 측면직각충돌,신호위반,건조,맑음,교차로 - 교차로안,승용,여,55세,상해없음,승용,남,60세,경상
2014040800100349,2014년 4월 8일 15시,화요일,경상북도 영주시 휴천동,경상사고,0,0,1,0,차대사람 - 횡단중,보행자보호의무위반,건조,맑음,교차로 - 교차로부근,이륜,남,73세,상해없음,보행자,여,66세,경상
2014040800100350,2014년 4월 8일 15시,화요일,경상북도 포항시 남구 구룡포읍,중상사고,0,1,0,0,차대차 - 기타,안전운전불이행,건조,맑음,단일로 - 기타,이륜,기타불명,기타불명,기타불명,자전거,여,73세,중상
2014040800100395,2014년 4월 8일 16시,화요일,경상북도 경주시 용강동,경상사고,0,0,2,0,차대차 - 기타,안전운전불이행,건조,맑음,단일로 - 기타,승용,남,29세,상해없음,승용,여,22세,경상
2014040800100433,2014년 4월 8일 17시,화요일,경상북도 성주군 성주읍,경상사고,0,0,2,0,차대차 - 추돌 - 주정차중,안전거리미확보,기타,맑음,교차로 - 교차로안,승용,남,41세,상해없음,승용,남,56세,상해없음
2014040800100434,2014년 4월 8일 17시,화요일,경상북도 포항시 남구 해도동,경상사고,0,0,1,0,차대차 - 추돌 - 진행중,안전운전불이행,건조,맑음,교차로 - 교차로부근,화물,남,59세,상해없음,화물,남,51세,경상
2014040800100468,2014년 4월 8일 18시,화요일,경상북도 경주시 외동읍,경상사고,0,0,1,0,차대차 - 기타,안전운전불이행,건조,맑음,교차로 - 교차로안,화물,남,45세,상해없음,이륜,남,57세,경상
2014040800100469,2014년 4월 8일 18시,화요일,경상북도 포항시 북구 양덕동,경상사고,0,0,1,0,차대사람 - 횡단중,안전운전불이행,건조,맑음,단일로 - 기타,승용,여,44세,상해없음,보행자,여,57세,경상
2014040800100470,2014년 4월 8일 18시,화요일,경상북도 청송군 파천면,경상사고,0,0,1,0,차대차 - 추돌 - 진행중,안전거리미확보,건조,맑음,단일로 - 기타,승용,남,51세,상해없음,승용,여,28세,경상
2014040800100510,2014년 4월 8일 19시,화요일,경상북도 경주시 성건동,경상사고,0,0,1,0,차대사람 - 기타,기타,건조,맑음,단일로 - 기타,화물,여,51세,상해없음,보행자,남,16세,경상
2014040800100511,2014년 4월 8일 19시,화요일,경상북도 김천시 봉산면,중상사고,0,1,0,0,차대사람 - 기타,안전운전불이행,건조,맑음,단일로 - 기타,승용,남,35세,상해없음,보행자,여,77세,중상