사고번호,사고일시,요일,시군구,사고내용,사망자수,중상자수,경상자수,부상신고자수,사고유형,법규위반,노면상태,기상상태,도로형태,가해운전자 차종,가해운전자 성별,가해운전자 연령,가해운전자 상해정도,피해운전자 차종,피해운전자 성별,피해운전자 연령,피해운전자 상해정도
2014040800100512,2014년 4월 8일 19시,화요일,경상북도 영주시 가흥동,경상사고,0,0,1,0,차대사람 - 기타,안전운전불이행,건조,맑음,단일로 - 기타,승용,여,35세,상해없음,보행자,남,59세,경상
2014040800100513,2014년 4월 8일 19시,화요일,경상북도 영주시 순흥면,중상사고,0,1,0,0,차량단독 - 공작물충돌,안전운전불이행,건조,맑음,기타 - 기타,이륜,남,72세,중상,,,,
2014040800100548,2014년 4월 8일 20시,화요일,경상북도 포항시 북구 죽도동,부상신고사고,0,0,0,2,차대차 - 기타,안전운전불이행,건조,맑음,단일로 - 기타,승용,여,63세,부상신고,승용,남,44세,부상신고
2014040800100549,2014년 4월 8일 20시,화요일,경상북도 경산시 중방동,경상사고,0,0,1,0,차대차 - 기타,안전운전불이행,건조,맑음,교차로 - 교차로안,승용,여,50세,상해없음,승용,남,23세,경상
2014040800100550,2014년 4월 8일 20시,화요일,경상북도 구미시 광평동,경상사고,0,0,1,0,차대차 - 기타,직진우회전진행방해,건조,맑음,교차로 - 교차로안,승용,여,37세,상해없음,승용,남,32세,경상
2014040800100580,2014년 4월 8일 21시,화요일,경상북도 구미시 임은동,중상사고,0,1,0,1,차대차 - 기타,교차로운행방법위반,건조,맑음,교차로 - 교차로안,승용,남,26세,부상신고,승용,남,24세,중상
2014040800100581,2014년 4월 8일 21시,화요일,경상북도 구미시 임수동,경상사고,0,0,1,1,차대차 - 기타,안전거리미확보,건조,맑음,교차로 - 교차로부근,승용,남,29세,상해없음,승용,여,40세,경상
2014040800100582,2014년 4월 8일 21시,화요일,경상북도 구미시 인의동,중상사고,0,1,0,0,차대차 - 기타,교차로운행방법위반,건조,맑음,교차로 - 교차로안,승용,남,27세,상해없음,이륜,남,41세,중상
2014040800100583,2014년 4월 8일 21시,화요일,경상북도 포항시 남구 오천읍,경상사고,0,0,1,0,차대사람 - 횡단중,교차로운행방법위반,건조,맑음,교차로 - 교차로안,승용,남,45세,상해없음,보행자,남,56세,경상
2014040800100607,2014년 4월 8일 22시,화요일,경상북도 영천시 문외동,중상사고,0,1,0,0,차대차 - 측면직각충돌,중앙선침범,건조,맑음,교차로 - 교차로부근,원동기,남,17세,중상,승용,남,52세,상해없음
2014040800100608,2014년 4월 8일 22시,화요일,경상북도 구미시 시미동,중상사고,0,1,0,0,차대차 - 기타,안전거리미확보,건조,맑음,단일로 - 기타,이륜,남,34세,중상,승용,남,47세,상해없음
2014040800100642,2014년 4월 8일 23시,화요일,경상북도 경주시 황성동,경상사고,0,0,1,0,차대차 - 기타,안전운전불이행,건조,맑음,교차로 - 교차로안,자전거,남,15세,경상,승용,남,31세,상해없음
2014040800100643,2014년 4월 8일 23시,화요일,경상북도 영주시 휴천동,중상사고,0,1,0,0,차대차 - 기타,안전운전불이행,건조,맑음,단일로 - 기타,승용,남,18세,상해없음,승용,여,43세,중상
2014040800100644,2014년 4월 8일 23시,화요일,경상북도 영천시 문외동,중상사고,0,1,0,0,차대차 - 기타,안전운전불이행,건조,맑음,기타 - 기타,원동기,남,17세,중상,승용,남,47세,상해없음
2014040900100018,2014년 4월 9일 00시,수요일,경상북도 영천시 망정동,중상사고,0,1,0,0,차대사람 - 횡단중,보행자보호의무위반,건조,맑음,기타 - 기타,승용,남,25세,상해없음,보행자,남,54세,중상
2014040900100054,2014년 4월 9일 04시,수요일,경상북도 구미시 고아읍,경상사고,0,0,1,0,차대차 - 기타,신호위반,건조,맑음,교차로 - 교차로안,승용,남,36세,상해없음,화물,남,68세,경상
2014040900100076,2014년 4월 9일 06시,수요일,경상북도 군위군 의흥면,경상사고,0,0,1,0,차량단독 - 공작물충돌,안전운전불이행,건조,맑음,단일로 - 기타,승용,남,19세,경상,,,,
2014040900100099,2014년 4월 9일 07시,수요일,경상북도 안동시 수상동,중상사고,0,1,1,0,차대차 - 기타,신호위반,건조,맑음,교차로 - 교차로안,건설기계,남,62세,상해없음,화물,남,65세,중상
2014040900100100,2014년 4월 9일 07시,수요일,경상북도 구미시 광평동,경상사고,0,0,1,0,차대차 - 기타,안전운전불이행,건조,맑음,단일로 - 기타,승용,남,35세,상해없음,자전거,여,27세,경상
2014040900100132,2014년 4월 9일 08시,수요일,경상북도 김천시 신음동,중상사고,0,1,1,0,차대차 - 측면직각충돌,교차로운행방법위반,건조,맑음,교차로 - 교차로안,승용,남,54세,상해없음,승용,남,51세,경상
2014040900100133,2014년 4월 9일 08시,수요일,경상북도 구미시 비산동,경상사고,0,0,1,0,차대차 - 기타,안전거리미확보,건조,맑음,단일로 - 기타,승용,여,22세,상해없음,승용,남,28세,경상
2014040900100168,2014년 4월 9일 09시,수요일,경상북도 칠곡군 석적읍,중상사고,0,1,0,0,차대사람 - 기타,안전운전불이행,건조,맑음,단일로 - 기타,자전거,남,29세,상해없음,보행자,여,36세,중상
2014040900100169,2014년 4월 9일 09시,수요일,경상북도 경산시 남천면,경상사고,0,0,1,0,차대차 - 추돌 - 주정차중,안전운전불이행,건조,맑음,단일로 - 기타,승용,남,62세,상해없음,화물,남,67세,경상
2014040900100202,2014년 4월 9일 10시,수요일,경상북도 경주시 성동동,중상사고,0,2,0,0,차대차 - 기타,중앙선침범,건조,맑음,단일로 - 기타,자전거,남,71세,중상,승용,여,32세,중상
2014040900100203,2014년 4월 9일 10시,수요일,경상북도 울진군 울진읍,부상신고사고,0,0,0,1,차대차 - 기타,안전거리미확보,건조,맑음,교차로 - 교차로부근,이륜,남,66세,부상신고,승용,남,54세,상해없음
2014040900100220,2014년 4월 9일 11시,수요일,경상북도 경주시 동천동,경상사고,0,0,2,0,차대차 - 기타,안전운전불이행,건조,맑음,단일로 - 기타,승용,남,40세,상해없음,승용,남,39세,경상
2014040900100241,2014년 4월 9일 12시,수요일,경상북도 포항시 북구 두호동,경상사고,0,0,1,0,차대차 - 기타,안전거리미확보,건조,맑음,교차로 - 교차로부근,화물,남,64세,상해없음,승용,남,37세,경상
2014040900100242,2014년 4월 9일 12시,수요일,경상북도 고령군 다산면,경상사고,0,0,2,0,차대차 - 추돌 - 진행중,안전운전불이행,건조,맑음,교차로 - 교차로부근,승용,남,54세,상해없음,승용,남,31세,경상
2014040900100243,2014년 4월 9일 12시,수요일,경상북도 포항시 남구 오천읍,경상사고,0,0,2,0,차대차 - 기타,기타,건조,맑음,교차로 - 교차로부근,화물,남,50세,상해없음,승용,남,64세,경상
2014040900100267,2014년 4월 9일 13시,수요일,경상북도 포항시 북구 죽장면,중상사고,0,1,0,1,차량단독 - 기타,안전운전불이행,건조,맑음,단일로 - 기타,승용,남,44세,중상,,,,
2014040900100268,2014년 4월 9일 13시,수요일,경상북도 상주시 공성면,경상사고,0,0,2,0,차대차 - 기타,중앙선침범,건조,맑음,단일로 - 기타,화물,여,48세,상해없음,승용,남,78세,경상
2014040900100269,2014년 4월 9일 13시,수요일,경상북도 상주시 모서면,중상사고,0,1,0,0,차대차 - 기타,안전운전불이행,건조,맑음,단일로 - 기타,농기계,남,44세,상해없음,원동기,남,65세,중상
2014040900100270,2014년 4월 9일 13시,수요일,경상북도 경산시 진량읍,중상사고,0,1,1,0,차대차 - 기타,안전거리미확보,건조,맑음,단일로 - 기타,승용,남,40세,중상,승용,여,23세,상해없음
2014040900100290,2014년 4월 9일 14시,수요일,경상북도 경주시 성동동,경상사고,0,0,1,0,차대사람 - 기타,안전운전불이행,건조,맑음,단일로 - 기타,승용,남,54세,상해없음,보행자,여,32세,경상
2014040900100291,2014년 4월 9일 14시,수요일,경상북도 포항시 남구 상도동,중상사고,0,1,0,0,차대차 - 기타,안전거리미확보,건조,맑음,단일로 - 기타,이륜,남,16세,중상,승용,남,29세,상해없음
2014040900100324,2014년 4월 9일 15시,수요일,경상북도 안동시 송현동,중상사고,0,1,0,0,차대차 - 측면직각충돌,안전운전불이행,건조,맑음,단일로 - 기타,승용,여,41세,상해없음,이륜,남,75세,중상
2014040900100325,2014년 4월 9일 15시,수요일,경상북도 구미시 고아읍,중상사고,0,1,0,0,차대사람 - 기타,안전운전불이행,건조,맑음,단일로 - 기타,건설기계,남,59세,상해없음,보행자,남,55세,중상
2014040900100365,2014년 4월 9일 16시,수요일,경상북도 김천시 지좌동,부상신고사고,0,0,0,1,차량단독 - 공작물충돌,안전운전불이행,건조,맑음,단일로 - 기타,승용,여,51세,부상신고,,,,
2014040900100366,2014년 4월 9일 16시,수요일,경상북도 칠곡군 왜관읍,경상사고,0,0,1,0,차대차 - 기타,안전운전불이행,건조,맑음,단일로 - 기타,승용,여,51세,경상,승용,남,25세,상해없음
2014040900100406,2014년 4월 9일 17시,수요일,경상북도 구미시 원평동,경상사고,0,0,1,0,차대차 - 기타,안전운전불이행,건조,맑음,단일로 - 기타,승용,남,45세,상해없음,승용,남,36세,경상
2014040900100446,2014년 4월 9일 18시,수요일,경상북도 칠곡군 북삼읍,경상사고,0,0,1,0,차대차 - 기타,안전운전불이행,건조,맑음,교차로 - 교차로안,승용,여,39세,상해없음,자전거,남,8세,경상
2014040900100447,2014년 4월 9일 18시,수요일,경상북도 칠곡군 기산면,중상사고,0,1,0,0,차대사람 - 기타,안전운전불이행,건조,맑음,단일로 - 기타,승용,남,69세,상해없음,보행자,여,68세,중상
2014040900100490,2014년 4월 9일 19시,수요일,경상북도 칠곡군 석적읍,경상사고,0,0,1,0,차대차 - 기타,안전운전불이행,건조,맑음,교차로 - 교차로부근,승용,남,29세,상해없음,승용,남,36세,경상
2014040900100491,2014년 4월 9일 19시,수요일,경상북도 경산시 계양동,중상사고,0,1,0,0,차대사람 - 기타,안전운전불이행,건조,맑음,교차로 - 교차로안,승용,여,35세,상해없음,보행자,여,48세,중상
2014040900100492,2014년 4월 9일 19시,수요일,경상북도 구미시 봉곡동,경상사고,0,0,1,0,차대차 - 기타,중앙선침범,건조,맑음,단일로 - 기타,승용,남,32세,상해없음,이륜,남,18세,경상
2014040900100525,2014년 4월 9일 20시,수요일,경상북도 구미시 진평동,중상사고,0,1,0,0,차대차 - 기타,신호위반,건조,맑음,교차로 - 교차로안,승용,남,37세,상해없음,승용,남,59세,중상
2014040900100526,2014년 4월 9일 20시,수요일,경상북도 구미시 공단동,부상신고사고,0,0,0,1,차대사람 - 기타,보행자보호의무위반,건조,맑음,단일로 - 기타,기타불명,기타불명,기타불명,기타불명,보행자,여,5세,부상신고
2014040900100565,2014년 4월 9일 21시,수요일,경상북도 칠곡군 석적읍,경상사고,0,0,1,0,차량단독 - 공작물충돌,안전운전불이행,건조,맑음,단일로 - 기타,승합,남,70세,경상,,,,
2014040900100566,2014년 4월 9일 21시,수요일,경상북도 구미시 공단동,경상사고,0,0,2,0,차대차 - 기타,안전운전불이행,건조,맑음,교차로 - 교차로부근,승용,남,44세,상해없음,승용,남,27세,경상
2014040900100592,2014년 4월 9일 22시,수요일,경상북도 포항시 북구 흥해읍,중상사고,0,1,0,0,차대차 - 기타,차로위반,건조,맑음,단일로 - 기타,화물,남,56세,상해없음,승용,여,28세,중상
2014040900100593,2014년 4월 9일 22시,수요일,경상북도 안동시 서후면,경상사고,0,0,1,0,차대차 - 추돌 - 진행중,안전거리미확보,건조,맑음,단일로 - 기타,화물,남,39세,경상,특수,남,47세,상해없음
2014040900100625,2014년 4월 9일 23시,수요일,경상북도 경주시 산내면,중상사고,0,1,0,0,차량단독 - 전도전복,안전운전불이행,건조,맑음,단일로 - 기타,화물,남,63세,중상,,,,
2014041000100029,2014년 4월 10일 01시,목요일,경상북도 안동시 송현동,경상사고,0,0,1,0,차대차 - 기타,안전운전불이행,건조,맑음,단일로 - 기타,승용,남,51세,상해없음,승용,남,42세,경상
2014041000100051,2014년 4월 10일 04시,목요일,경상북도 경주시 성동동,경상사고,0,0,3,0,차대차 - 추돌 - 주정차중,안전운전불이행,건조,맑음,교차로 - 교차로부근,승용,남,37세,상해없음,화물,남,59세,경상
2014041000100068,2014년 4월 10일 06시,목요일,경상북도 안동시 임동면,경상사고,0,0,1,0,차대차 - 기타,안전운전불이행,건조,맑음,단일로 - 기타,화물,남,65세,상해없음,화물,남,39세,상해없음
2014041000100124,2014년 4월 10일 08시,목요일,경상북도 경주시 안강읍,경상사고,0,0,1,0,차대사람 - 기타,안전운전불이행,건조,맑음,교차로 - 교차로부근,건설기계,남,41세,상해없음,보행자,여,69세,경상
2014041000100125,2014년 4월 10일 08시,목요일,경상북도 안동시 북문동,중상사고,0,1,0,0,차대사람 - 기타,안전운전불이행,건조,맑음,단일로 - 기타,화물,남,51세,상해없음,보행자,여,52세,중상
2014041000100126,2014년 4월 10일 08시,목요일,경상북도 영천시 본촌동,경상사고,0,0,2,0,차대차 - 기타,안전운전불이행,건조,맑음,기타 - 기타,승용,남,47세,상해없음,승용,남,33세,경상
2014041000100127,2014년 4월 10일 08시,목요일,경상북도 구미시 신평동,중상사고,0,1,1,0,차대차 - 기타,신호위반,건조,맑음,교차로 - 교차로안,승합,남,54세,상해없음,승용,여,50세,경상
2014041000100128,2014년 4월 10일 08시,목요일,경상북도 구미시 구포동,경상사고,0,0,1,0,차대차 - 추돌 - 진행중,안전운전불이행,건조,맑음,교차로 - 교차로부근,승용,남,40세,상해없음,승용,남,58세,경상
2014041000100129,2014년 4월 10일 08시,목요일,경상북도 포항시 남구 대도동,경상사고,0,0,1,0,차대사람 - 기타,안전운전불이행,건조,맑음,단일로 - 기타,화물,남,41세,상해없음,보행자,남,64세,경상
2014041000100166,2014년 4월 10일 09시,목요일,경상북도 경주시 천북면,경상사고,0,0,1,0,차대차 - 기타,안전운전불이행,건조,맑음,교차로 - 교차로안,승용,여,57세,상해없음,승용,여,33세,경상
2014041000100190,2014년 4월 10일 10시,목요일,경상북도 포항시 북구 대흥동,경상사고,0,0,1,0,차대사람 - 기타,안전운전불이행,건조,맑음,단일로 - 기타,승용,남,65세,상해없음,보행자,여,33세,경상
2014041000100191,2014년 4월 10일 10시,목요일,경상북도 성주군 수륜면,경상사고,0,0,5,0,차대차 - 추돌 - 진행중,안전운전불이행,건조,맑음,단일로 - 기타,승용,여,74세,경상,화물,남,64세,경상
2014041000100213,2014년 4월 10일 11시,목요일,경상북도 경산시 평산동,중상사고,0,1,1,0,차대차 - 기타,안전운전불이행,건조,맑음,단일로 - 기타,승용,남,42세,기타불명,특수,남,32세,중상
2014041000100214,2014년 4월 10일 11시,목요일,경상북도 포항시 남구 동해면,경상사고,0,0,1,0,차대차 - 기타,중앙선침범,건조,맑음,단일로 - 기타,원동기,남,82세,상해없음,승용,남,63세,상해없음
2014041000100237,2014년 4월 10일 12시,목요일,경상북도 칠곡군 석적읍,경상사고,0,0,1,0,차대차 - 기타,중앙선침범,건조,맑음,단일로 - 기타,승용,남,20세,상해없음,화물,남,40세,경상
2014041000100238,2014년 4월 10일 12시,목요일,경상북도 구미시 공단동,중상사고,0,1,0,0,차대차 - 기타,안전운전불이행,건조,맑음,단일로 - 기타,승용,남,33세,상해없음,이륜,남,20세,중상
2014041000100239,2014년 4월 10일 12시,목요일,경상북도 포항시 남구 해도동,경상사고,0,0,3,0,차대차 - 기타,신호위반,건조,맑음,교차로 - 교차로안,건설기계,남,58세,상해없음,화물,남,38세,경상
2014041000100262,2014년 4월 10일 13시,목요일,경상북도 경주시 동천동,경상사고,0,0,1,0,차대사람 - 기타,안전운전불이행,건조,맑음,단일로 - 기타,승용,여,67세,상해없음,보행자,남,42세,경상
2014041000100263,2014년 4월 10일 13시,목요일,경상북도 경주시 인왕동,경상사고,0,0,1,0,차대차 - 측면직각충돌,안전운전불이행,건조,맑음,단일로 - 기타,원동기,남,26세,상해없음,원동기,여,24세,경상
2014041000100285,2014년 4월 10일 14시,목요일,경상북도 예천군 예천읍,중상사고,0,1,0,0,차대차 - 기타,안전운전불이행,건조,맑음,단일로 - 기타,승용,남,64세,상해없음,이륜,남,41세,중상
2014041000100286,2014년 4월 10일 14시,목요일,경상북도 울진군 원남면,경상사고,0,0,1,0,차량단독 - 공작물충돌,안전운전불이행,건조,맑음,단일로 - 기타,승용,남,67세,경상,,,,
2014041000100287,2014년 4월 10일 14시,목요일,경상북도 구미시 공단동,경상사고,0,0,1,0,차대사람 - 기타,안전운전불이행,건조,맑음,단일로 - 기타,승용,남,43세,상해없음,보행자,여,69세,경상
2014041000100315,2014년 4월 10일 15시,목요일,경상북도 영천시 문외동,경상사고,0,0,1,0,차대차 - 측면직각충돌,안전운전불이행,건조,맑음,기타 - 기타,승용,여,58세,상해없음,승용,여,60세,경상
2014041000100316,2014년 4월 10일 15시,목요일,경상북도 경산시 진량읍,중상사고,0,1,1,0,차대차 - 정면충돌,중앙선침범,건조,맑음,단일로 - 기타,승용,여,41세,상해없음,화물,남,53세,중상
2014041000100317,2014년 4월 10일 15시,목요일,경상북도 청도군 운문면,중상사고,0,3,1,0,차대차 - 기타,안전운전불이행,건조,맑음,단일로 - 기타,승용,여,48세,경상,건설기계,남,49세,상해없음
2014041000100318,2014년 4월 10일 15시,목요일,경상북도 구미시 남통동,경상사고,0,0,4,0,차대차 - 기타,안전운전불이행,건조,맑음,단일로 - 기타,승용,여,36세,상해없음,승용,남,31세,경상
2014041000100343,2014년 4월 10일 16시,목요일,경상북도 포항시 북구 흥해읍,중상사고,0,2,0,0,차대차 - 추돌 - 진행중,안전거리미확보,건조,맑음,단일로 - 기타,화물,남,47세,상해없음,승용,여,46세,중상
2014041000100344,2014년 4월 10일 16시,목요일,경상북도 영주시 영주동,경상사고,0,0,1,0,차대차 - 추돌 - 진행중,안전운전불이행,건조,맑음,단일로 - 기타,승용,남,26세,상해없음,화물,남,57세,경상
2014041000100373,2014년 4월 10일 17시,목요일,경상북도 포항시 북구 흥해읍,경상사고,0,0,1,0,차대사람 - 횡단중,안전운전불이행,건조,맑음,단일로 - 기타,승용,여,39세,상해없음,보행자,남,12세,경상
2014041000100374,2014년 4월 10일 17시,목요일,경상북도 김천시 성내동,경상사고,0,0,1,0,차대사람 - 기타,안전운전불이행,건조,맑음,단일로 - 기타,승용,여,46세,상해없음,보행자,여,73세,경상
2014041000100375,2014년 4월 10일 17시,목요일,경상북도 상주시 함창읍,경상사고,0,0,1,0,차대차 - 측면직각충돌,교차로운행방법위반,건조,맑음,교차로 - 교차로안,승용,남,37세,상해없음,승용,남,73세,경상
2014041000100376,2014년 4월 10일 17시,목요일,경상북도 칠곡군 왜관읍,경상사고,0,0,1,0,차대차 - 기타,안전운전불이행,건조,맑음,교차로 - 교차로안,승용,여,32세,상해없음,이륜,여,65세,경상
2014041000100441,2014년 4월 10일 19시,목요일,경상북도 경주시 동천동,경상사고,0,0,1,0,차대사람 - 기타,안전운전불이행,건조,맑음,단일로 - 기타,승용,남,60세,상해없음,보행자,여,80세,경상
2014041000100442,2014년 4월 10일 19시,목요일,경상북도 김천시 삼락동,경상사고,0,0,2,0,차대차 - 측면직각충돌,안전운전불이행,건조,맑음,단일로 - 기타,승용,남,54세,상해없음,이륜,남,18세,경상
2014041000100443,2014년 4월 10일 19시,목요일,경상북도 영주시 단산면,경상사고,0,0,1,0,차대사람 - 기타,안전운전불이행,건조,맑음,단일로 - 기타,원동기,여,54세,상해없음,보행자,여,82세,경상
2014041000100444,2014년 4월 10일 19시,목요일,경상북도 칠곡군 약목면,경상사고,0,0,1,0,차대차 - 기타,안전거리미확보,건조,맑음,단일로 - 기타,화물,남,22세,상해없음,승합,남,30세,상해없음
2014041000100445,2014년 4월 10일 19시,목요일,경상북도 칠곡군 동명면,중상사고,0,1,0,0,차대차 - 기타,안전운전불이행,건조,맑음,단일로 - 기타,화물,남,53세,상해없음,이륜,남,22세,중상
2014041000100446,2014년 4월 10일 19시,목요일,경상북도 문경시 모전동,경상사고,0,0,1,0,차대차 - 기타,직진우회전진행방해,건조,맑음,교차로 - 교차로안,승용,남,59세,상해없음,이륜,남,57세,경상
2014041000100482,2014년 4월 10일 20시,목요일,경상북도 경주시 용강동,중상사고,0,3,1,0,차대차 - 기타,신호위반,건조,맑음,교차로 - 교차로안,승용,여,19세,상해없음,승용,여,38세,중상
2014041000100483,2014년 4월 10일 20시,목요일,경상북도 포항시 남구 지곡동,경상사고,0,0,1,0,차대차 - 추돌 - 진행중,안전운전불이행,건조,맑음,단일로 - 기타,승용,여,51세,상해없음,이륜,남,22세,경상
2014041000100519,2014년 4월 10일 21시,목요일,경상북도 경산시 대동,경상사고,0,0,1,0,차대차 - 기타,안전거리미확보,건조,맑음,단일로 - 기타,승용,여,22세,상해없음,이륜,남,20세,경상
2014041000100520,2014년 4월 10일 21시,목요일,경상북도 포항시 남구 대도동,중상사고,0,1,0,0,차대차 - 추돌 - 진행중,안전운전불이행,건조,맑음,단일로 - 기타,이륜,남,18세,중상,승용,여,21세,상해없음
2014041000100577,2014년 4월 10일 23시,목요일,경상북도 구미시 원평동,경상사고,0,0,3,0,차대차 - 기타,중앙선침범,건조,맑음,단일로 - 기타,승용,남,32세,상해없음,승용,남,29세,경상
2014041100100115,2014년 4월 11일 08시,금요일,경상북도 경주시 용강동,경상사고,0,0,1,0,차대차 - 기타,중앙선침범,건조,맑음,교차로 - 교차로부근,승합,여,44세,상해없음,승용,남,47세,경상
2014041100100116,2014년 4월 11일 08시,금요일,경상북도 경산시 계양동,경상사고,0,0,2,0,차대차 - 기타,안전운전불이행,건조,맑음,단일로 - 기타,화물,남,70세,상해없음,승용,남,27세,경상
2014041100100117,2014년 4월 11일 08시,금요일,경상북도 영덕군 지품면,경상사고,0,0,1,0,차대차 - 측면직각충돌,안전거리미확보,건조,맑음,단일로 - 기타,화물,남,52세,상해없음,승용,여,35세,경상
2014041100100118,2014년 4월 11일 08시,금요일,경상북도 봉화군 재산면,중상사고,0,2,0,0,차량단독 - 전도전복,안전운전불이행,건조,맑음,단일로 - 기타,농기계,남,73세,중상,,,,
2014041100100151,2014년 4월 11일 09시,금요일,경상북도 의성군 안계면,경상사고,0,0,1,0,차대사람 - 길가장자리구역통행중,안전운전불이행,건조,맑음,단일로 - 기타,원동기,남,74세,상해없음,보행자,여,70세,경상
2014041100100152,2014년 4월 11일 09시,금요일,경상북도 영덕군 강구면,경상사고,0,0,2,0,차대차 - 측면직각충돌,기타,건조,맑음,단일로 - 기타,화물,남,36세,상해없음,이륜,남,66세,경상
2014041100100168,2014년 4월 11일 10시,금요일,경상북도 경주시 사정동,사망사고,1,0,3,1,차량단독 - 전도전복,안전운전불이행,건조,맑음,단일로 - 기타,승용,남,22세,부상신고,,,,
2014041100100192,2014년 4월 11일 11시,금요일,경상북도 포항시 북구 남빈동,중상사고,0,1,0,0,차대사람 - 횡단중,안전운전불이행,건조,맑음,단일로 - 기타,승합,남,51세,상해없음,보행자,여,79세,중상
2014041100100193,2014년 4월 11일 11시,금요일,경상북도 청송군 파천면,중상사고,0,1,0,0,차대차 - 추돌 - 주정차중,안전운전불이행,건조,맑음,단일로 - 기타,화물,남,58세,상해없음,농기계,남,74세,기타불명
2014041100100194,2014년 4월 11일 11시,금요일,경상북도 포항시 남구 오천읍,중상사고,0,1,0,0,차대사람 - 기타,안전운전불이행,건조,맑음,교차로 - 교차로안,승용,남,46세,상해없음,보행자,여,65세,중상
2014041100100225,2014년 4월 11일 12시,금요일,경상북도 경주시 외동읍,중상사고,0,1,1,0,차대차 - 기타,안전운전불이행,건조,맑음,단일로 - 기타,화물,남,53세,상해없음,승용,남,32세,중상
2014041100100226,2014년 4월 11일 12시,금요일,경상북도 안동시 태화동,경상사고,0,0,3,0,차대차 - 기타,신호위반,건조,맑음,교차로 - 교차로안,승용,여,46세,상해없음,화물,남,31세,경상
2014041100100227,2014년 4월 11일 12시,금요일,경상북도 고령군 덕곡면,경상사고,0,0,1,0,차대차 - 측면직각충돌,중앙선침범,건조,맑음,단일로 - 기타,화물,남,53세,상해없음,화물,여,59세,경상
2014041100100255,2014년 4월 11일 13시,금요일,경상북도 경주시 동천동,사망사고,1,0,0,0,차대차 - 기타,중앙선침범,건조,맑음,교차로 - 교차로부근,자전거,남,15세,사망,승용,여,53세,상해없음
2014041100100256,2014년 4월 11일 13시,금요일,경상북도 안동시 광석동,중상사고,0,2,2,0,차대차 - 측면직각충돌,교차로운행방법위반,건조,맑음,교차로 - 교차로안,승용,남,74세,상해없음,승용,여,35세,중상
2014041100100257,2014년 4월 11일 13시,금요일,경상북도 경산시 진량읍,경상사고,0,0,1,0,차대차 - 기타,안전운전불이행,건조,맑음,단일로 - 기타,특수,남,30세,상해없음,승용,남,30세,경상
2014041100100258,2014년 4월 11일 13시,금요일,경상북도 영양군 입암면,사망사고,1,0,1,0,차대사람 - 횡단중,과속,건조,맑음,단일로 - 기타,승용,남,22세,경상,보행자,남,66세,사망
2014041100100289,2014년 4월 11일 14시,금요일,경상북도 상주시 복룡동,중상사고,0,1,0,0,차대차 - 측면직각충돌,교차로운행방법위반,건조,맑음,교차로 - 교차로안,승용,남,72세,상해없음,원동기,남,75세,중상
2014041100100290,2014년 4월 11일 14시,금요일,경상북도 칠곡군 왜관읍,중상사고,0,1,0,0,차대사람 - 기타,보행자보호의무위반,건조,흐림,교차로 - 교차로부근,화물,남,45세,상해없음,보행자,여,63세,중상
2014041100100291,2014년 4월 11일 14시,금요일,경상북도 경산시 진량읍,경상사고,0,0,1,0,차대차 - 기타,안전거리미확보,건조,맑음,단일로 - 기타,이륜,남,19세,경상,화물,남,42세,상해없음
2014041100100292,2014년 4월 11일 14시,금요일,경상북도 구미시 지산동,경상사고,0,0,1,0,차대차 - 기타,안전거리미확보,건조,맑음,단일로 - 기타,승용,남,76세,기타불명,승합,남,52세,상해없음
2014041100100356,2014년 4월 11일 16시,금요일,경상북도 경주시 강동면,경상사고,0,0,1,2,차량단독 - 기타,안전운전불이행,건조,맑음,단일로 - 기타,승용,여,71세,부상신고,,,,
2014041100100357,2014년 4월 11일 16시,금요일,경상북도 안동시 송현동,중상사고,0,1,0,0,차대사람 - 기타,안전운전불이행,건조,맑음,기타 - 기타,승용,남,40세,상해없음,보행자,여,36세,중상
2014041100100358,2014년 4월 11일 16시,금요일,경상북도 영천시 화산면,중상사고,0,1,0,0,차대사람 - 횡단중,안전운전불이행,건조,흐림,단일로 - 기타,화물,남,62세,상해없음,보행자,여,84세,중상
2014041100100359,2014년 4월 11일 16시,금요일,경상북도 구미시 신평동,경상사고,0,0,1,0,차대차 - 기타,안전운전불이행,건조,맑음,단일로 - 기타,이륜,남,65세,경상,승용,남,34세,상해없음
2014041100100393,2014년 4월 11일 17시,금요일,경상북도 상주시 무양동,경상사고,0,0,1,0,차대차 - 추돌 - 진행중,안전운전불이행,건조,맑음,단일로 - 기타,승용,남,42세,상해없음,이륜,남,19세,경상
2014041100100394,2014년 4월 11일 17시,금요일,경상북도 포항시 남구 오천읍,경상사고,0,0,1,0,차대차 - 기타,안전운전불이행,건조,맑음,단일로 - 기타,승용,남,54세,상해없음,이륜,남,61세,경상
2014041100100428,2014년 4월 11일 18시,금요일,경상북도 경주시 동천동,부상신고사고,0,0,0,1,차대차 - 측면직각충돌,안전운전불이행,건조,맑음,교차로 - 교차로안,원동기,남,66세,부상신고,승합,여,33세,상해없음
2014041100100429,2014년 4월 11일 18시,금요일,경상북도 김천시 황금동,중상사고,0,1,0,0,차대사람 - 기타,보행자보호의무위반,건조,맑음,단일로 - 횡단보도상,화물,남,30세,상해없음,보행자,남,75세,중상
2014041100100430,2014년 4월 11일 18시,금요일,경상북도 칠곡군 약목면,중상사고,0,1,0,0,차대차 - 기타,신호위반,건조,맑음,교차로 - 교차로안,승용,여,53세,상해없음,이륜,여,53세,중상