사고번호,사고일시,요일,시군구,사고내용,사망자수,중상자수,경상자수,부상신고자수,사고유형,법규위반,노면상태,기상상태,도로형태,가해운전자 차종,가해운전자 성별,가해운전자 연령,가해운전자 상해정도,피해운전자 차종,피해운전자 성별,피해운전자 연령,피해운전자 상해정도
2014041100100482,2014년 4월 11일 19시,금요일,경상북도 구미시 인의동,경상사고,0,0,2,0,차대차 - 기타,안전운전불이행,건조,맑음,단일로 - 기타,승용,남,56세,상해없음,승용,여,46세,경상
2014041100100483,2014년 4월 11일 19시,금요일,경상북도 포항시 남구 오천읍,중상사고,0,1,0,0,차대차 - 기타,불법유턴,건조,맑음,단일로 - 기타,승용,남,44세,상해없음,승용,여,31세,중상
2014041100100522,2014년 4월 11일 20시,금요일,경상북도 경주시 양남면,경상사고,0,0,1,0,차대차 - 기타,안전운전불이행,건조,맑음,단일로 - 기타,승용,여,53세,상해없음,화물,남,57세,상해없음
2014041100100523,2014년 4월 11일 20시,금요일,경상북도 의성군 다인면,경상사고,0,0,2,0,차대차 - 측면직각충돌,안전운전불이행,건조,맑음,단일로 - 기타,승용,남,41세,상해없음,승용,남,58세,경상
2014041100100561,2014년 4월 11일 21시,금요일,경상북도 상주시 공검면,중상사고,0,1,0,0,차대사람 - 길가장자리구역통행중,안전운전불이행,건조,맑음,단일로 - 기타,화물,남,37세,상해없음,보행자,남,69세,중상
2014041100100562,2014년 4월 11일 21시,금요일,경상북도 경산시 계양동,중상사고,0,1,2,0,차대차 - 기타,안전거리미확보,건조,맑음,단일로 - 기타,승합,남,57세,경상,승용,여,52세,중상
2014041100100602,2014년 4월 11일 22시,금요일,경상북도 포항시 북구 용흥동,경상사고,0,0,1,0,차대사람 - 횡단중,안전운전불이행,건조,맑음,교차로 - 교차로안,승용,남,31세,상해없음,보행자,남,58세,경상
2014041100100603,2014년 4월 11일 22시,금요일,경상북도 포항시 북구 장성동,경상사고,0,0,1,0,차대차 - 기타,신호위반,건조,맑음,교차로 - 교차로안,승용,여,56세,상해없음,승용,여,51세,경상
2014041100100604,2014년 4월 11일 22시,금요일,경상북도 영주시 하망동,중상사고,0,1,0,0,차대차 - 기타,안전운전불이행,건조,맑음,교차로 - 교차로안,원동기,남,18세,중상,승합,남,53세,기타불명
2014041100100605,2014년 4월 11일 22시,금요일,경상북도 구미시 황상동,중상사고,0,1,0,0,차대차 - 기타,안전운전불이행,건조,맑음,단일로 - 기타,승용,남,52세,상해없음,이륜,남,39세,중상
2014041100100606,2014년 4월 11일 22시,금요일,경상북도 포항시 남구 오천읍,경상사고,0,0,1,0,차대차 - 추돌 - 주정차중,안전운전불이행,건조,맑음,교차로 - 교차로부근,자전거,남,14세,경상,승합,남,40세,상해없음
2014041100100640,2014년 4월 11일 23시,금요일,경상북도 안동시 풍산읍,중상사고,0,2,2,0,차대차 - 기타,중앙선침범,건조,맑음,단일로 - 기타,승용,남,38세,중상,승용,여,42세,중상
2014041100100641,2014년 4월 11일 23시,금요일,경상북도 경산시 옥산동,중상사고,0,1,0,0,차대사람 - 기타,안전운전불이행,건조,맑음,교차로 - 교차로부근,승용,남,21세,상해없음,보행자,여,61세,중상
2014041100100642,2014년 4월 11일 23시,금요일,경상북도 경산시 대평동,중상사고,0,1,1,0,차대차 - 기타,안전운전불이행,건조,맑음,교차로 - 교차로부근,승용,여,46세,상해없음,승용,남,24세,중상
2014041200100021,2014년 4월 12일 00시,토요일,경상북도 경산시 압량면,경상사고,0,0,3,0,차대차 - 기타,신호위반,건조,맑음,교차로 - 교차로안,승용,남,41세,상해없음,승용,남,61세,경상
2014041200100046,2014년 4월 12일 01시,토요일,경상북도 안동시 옥동,중상사고,0,2,1,0,차대사람 - 기타,안전운전불이행,건조,맑음,교차로 - 교차로부근,승용,남,29세,상해없음,보행자,남,31세,중상
2014041200100071,2014년 4월 12일 02시,토요일,경상북도 구미시 신평동,경상사고,0,0,3,0,차대차 - 기타,안전운전불이행,건조,맑음,기타 - 기타,승용,남,26세,상해없음,승용,남,19세,경상
2014041200100100,2014년 4월 12일 04시,토요일,경상북도 구미시 진평동,경상사고,0,0,1,0,차대차 - 기타,교차로운행방법위반,건조,맑음,교차로 - 교차로안,승용,남,21세,상해없음,승용,남,33세,경상
2014041200100113,2014년 4월 12일 05시,토요일,경상북도 경주시 도지동,부상신고사고,0,0,0,1,차량단독 - 공작물충돌,안전운전불이행,건조,맑음,단일로 - 기타,승용,남,40세,부상신고,,,,
2014041200100151,2014년 4월 12일 08시,토요일,경상북도 김천시 황금동,경상사고,0,0,1,0,차대차 - 측면직각충돌,안전운전불이행,습기,비,단일로 - 기타,승용,남,34세,상해없음,승용,여,47세,경상
2014041200100175,2014년 4월 12일 09시,토요일,경상북도 포항시 북구 창포동,경상사고,0,0,1,0,차대차 - 기타,안전운전불이행,건조,맑음,기타 - 기타,화물,남,45세,기타불명,자전거,남,37세,경상
2014041200100176,2014년 4월 12일 09시,토요일,경상북도 칠곡군 약목면,경상사고,0,0,1,0,차량단독 - 공작물충돌,안전운전불이행,습기,비,단일로 - 기타,승용,여,43세,경상,,,,
2014041200100177,2014년 4월 12일 09시,토요일,경상북도 칠곡군 기산면,경상사고,0,0,3,0,차대차 - 기타,신호위반,습기,비,단일로 - 기타,특수,남,57세,상해없음,승용,남,60세,경상
2014041200100178,2014년 4월 12일 09시,토요일,경상북도 영천시 성내동,경상사고,0,0,1,0,차대차 - 기타,안전운전불이행,건조,맑음,단일로 - 기타,원동기,남,76세,경상,승용,남,57세,상해없음
2014041200100179,2014년 4월 12일 09시,토요일,경상북도 경산시 압량면,중상사고,0,1,0,0,차대사람 - 기타,안전운전불이행,건조,맑음,단일로 - 기타,화물,남,40세,상해없음,보행자,여,77세,중상
2014041200100214,2014년 4월 12일 10시,토요일,경상북도 영덕군 영덕읍,중상사고,0,1,1,0,차대차 - 측면직각충돌,기타,건조,맑음,교차로 - 교차로안,승용,여,73세,경상,승합,남,43세,중상
2014041200100215,2014년 4월 12일 10시,토요일,경상북도 구미시 장천면,경상사고,0,0,1,0,차대차 - 측면직각충돌,안전거리미확보,습기,비,단일로 - 기타,건설기계,남,54세,상해없음,승용,여,34세,경상
2014041200100241,2014년 4월 12일 11시,토요일,경상북도 경주시 탑동,중상사고,0,2,0,0,차대차 - 기타,안전운전불이행,건조,맑음,교차로 - 교차로안,승용,남,72세,상해없음,승용,남,19세,중상
2014041200100242,2014년 4월 12일 11시,토요일,경상북도 영천시 완산동,경상사고,0,0,1,0,차대차 - 측면직각충돌,안전운전불이행,건조,맑음,단일로 - 기타,승합,남,60세,상해없음,원동기,남,78세,경상
2014041200100267,2014년 4월 12일 12시,토요일,경상북도 경주시 양북면,경상사고,0,0,2,0,차대차 - 기타,안전운전불이행,건조,맑음,단일로 - 기타,승용,남,51세,상해없음,승용,남,24세,경상
2014041200100268,2014년 4월 12일 12시,토요일,경상북도 포항시 북구 학잠동,경상사고,0,0,1,0,차대차 - 기타,차로위반,건조,맑음,단일로 - 기타,승용,남,56세,상해없음,승합,남,54세,경상
2014041200100269,2014년 4월 12일 12시,토요일,경상북도 구미시 인의동,경상사고,0,0,1,0,차대차 - 측면직각충돌,교차로운행방법위반,건조,맑음,교차로 - 교차로안,이륜,남,24세,경상,승합,남,43세,상해없음
2014041200100270,2014년 4월 12일 12시,토요일,경상북도 포항시 남구 대도동,부상신고사고,0,0,0,2,차대차 - 추돌 - 진행중,안전운전불이행,건조,맑음,교차로 - 교차로부근,승용,남,49세,상해없음,승용,남,38세,부상신고
2014041200100305,2014년 4월 12일 13시,토요일,경상북도 상주시 낙동면,사망사고,1,0,0,0,차대사람 - 기타,안전운전불이행,건조,흐림,단일로 - 기타,화물,남,49세,상해없음,보행자,여,76세,사망
2014041200100357,2014년 4월 12일 15시,토요일,경상북도 포항시 북구 양덕동,중상사고,0,1,6,0,차대차 - 기타,중앙선침범,건조,맑음,단일로 - 기타,승용,남,22세,경상,승합,여,41세,중상
2014041200100358,2014년 4월 12일 15시,토요일,경상북도 김천시 봉산면,중상사고,0,1,1,0,차량단독 - 전도전복,안전운전불이행,건조,맑음,교차로 - 교차로부근,승용,여,33세,경상,,,,
2014041200100359,2014년 4월 12일 15시,토요일,경상북도 영천시 화남면,중상사고,0,1,3,1,차대차 - 측면직각충돌,안전운전불이행,건조,맑음,단일로 - 기타,화물,남,57세,부상신고,승용,여,37세,경상
2014041200100404,2014년 4월 12일 16시,토요일,경상북도 경주시 진현동,중상사고,0,1,0,0,차대사람 - 기타,안전운전불이행,건조,맑음,단일로 - 기타,승합,남,63세,상해없음,보행자,여,72세,중상
2014041200100427,2014년 4월 12일 17시,토요일,경상북도 안동시 송현동,경상사고,0,0,1,0,차대차 - 기타,안전거리미확보,건조,맑음,기타 - 기타,승용,남,66세,상해없음,승용,남,58세,상해없음
2014041200100428,2014년 4월 12일 17시,토요일,경상북도 고령군 다산면,중상사고,0,2,0,0,차대차 - 측면직각충돌,신호위반,건조,맑음,교차로 - 교차로안,화물,남,72세,상해없음,승용,남,49세,중상
2014041200100429,2014년 4월 12일 17시,토요일,경상북도 고령군 고령읍,중상사고,0,1,0,0,차대사람 - 보도통행중,보행자보호의무위반,건조,맑음,단일로 - 횡단보도상,승용,남,51세,상해없음,보행자,여,40세,중상
2014041200100462,2014년 4월 12일 18시,토요일,경상북도 경주시 황성동,중상사고,0,1,0,0,차대차 - 기타,안전운전불이행,건조,맑음,단일로 - 기타,승용,남,25세,상해없음,이륜,남,30세,중상
2014041200100501,2014년 4월 12일 19시,토요일,경상북도 영주시 이산면,중상사고,0,1,1,0,차대차 - 추돌 - 진행중,안전운전불이행,건조,맑음,단일로 - 기타,화물,남,48세,상해없음,화물,남,56세,경상
2014041200100502,2014년 4월 12일 19시,토요일,경상북도 경산시 중방동,중상사고,0,1,1,0,차대차 - 기타,안전운전불이행,건조,맑음,교차로 - 교차로부근,승용,남,52세,상해없음,승용,남,28세,중상
2014041200100526,2014년 4월 12일 20시,토요일,경상북도 영덕군 영해면,경상사고,0,0,1,0,차대차 - 측면직각충돌,직진우회전진행방해,건조,흐림,교차로 - 교차로안,승용,남,45세,경상,화물,남,18세,상해없음
2014041200100527,2014년 4월 12일 20시,토요일,경상북도 예천군 예천읍,중상사고,0,3,0,0,차대사람 - 횡단중,안전운전불이행,건조,흐림,교차로 - 교차로부근,승용,여,52세,상해없음,보행자,여,18세,중상
2014041200100555,2014년 4월 12일 21시,토요일,경상북도 예천군 감천면,중상사고,0,2,0,0,차대차 - 추돌 - 진행중,안전운전불이행,건조,맑음,단일로 - 기타,화물,남,37세,상해없음,화물,남,67세,중상
2014041200100581,2014년 4월 12일 22시,토요일,경상북도 안동시 옥야동,중상사고,0,1,0,0,차대사람 - 기타,안전운전불이행,건조,맑음,교차로 - 교차로안,승용,남,38세,상해없음,보행자,여,17세,중상
2014041200100582,2014년 4월 12일 22시,토요일,경상북도 구미시 형곡동,경상사고,0,0,1,0,차대사람 - 기타,안전운전불이행,건조,맑음,단일로 - 기타,승용,남,45세,상해없음,보행자,남,17세,경상
2014041200100583,2014년 4월 12일 22시,토요일,경상북도 구미시 시미동,중상사고,0,1,0,0,차대차 - 기타,안전운전불이행,건조,맑음,단일로 - 기타,승용,남,36세,상해없음,승용,남,32세,중상
2014041200100584,2014년 4월 12일 22시,토요일,경상북도 포항시 남구 청림동,중상사고,0,1,1,0,차대차 - 추돌 - 주정차중,안전거리미확보,건조,맑음,단일로 - 기타,승용,여,31세,중상,승합,남,50세,경상
2014041200100611,2014년 4월 12일 23시,토요일,경상북도 포항시 북구 대흥동,중상사고,0,1,0,0,차대사람 - 기타,안전운전불이행,건조,맑음,단일로 - 기타,승용,남,49세,상해없음,보행자,남,19세,중상
2014041300100084,2014년 4월 13일 05시,일요일,경상북도 경산시 압량면,경상사고,0,0,2,0,차대차 - 기타,안전운전불이행,건조,맑음,교차로 - 교차로안,승용,남,56세,상해없음,화물,남,65세,경상
2014041300100132,2014년 4월 13일 08시,일요일,경상북도 경주시 산내면,중상사고,0,1,0,0,차대사람 - 기타,안전운전불이행,습기,흐림,교차로 - 교차로부근,승용,여,39세,상해없음,보행자,여,51세,중상
2014041300100133,2014년 4월 13일 08시,일요일,경상북도 구미시 공단동,부상신고사고,0,0,0,1,차량단독 - 공작물충돌,안전운전불이행,습기,흐림,교차로 - 교차로안,승용,남,26세,부상신고,,,,
2014041300100152,2014년 4월 13일 09시,일요일,경상북도 경주시 양북면,중상사고,0,2,1,0,차대차 - 기타,중앙선침범,건조,맑음,단일로 - 기타,승용,여,48세,경상,승용,남,57세,중상
2014041300100174,2014년 4월 13일 10시,일요일,경상북도 구미시 원평동,경상사고,0,0,1,0,차대차 - 기타,직진우회전진행방해,건조,맑음,교차로 - 교차로안,승용,남,55세,상해없음,자전거,남,19세,경상
2014041300100195,2014년 4월 13일 11시,일요일,경상북도 경주시 보문동,부상신고사고,0,0,0,1,차대차 - 기타,안전운전불이행,건조,맑음,단일로 - 기타,승용,남,54세,상해없음,이륜,남,43세,상해없음
2014041300100196,2014년 4월 13일 11시,일요일,경상북도 안동시 용상동,경상사고,0,0,1,0,차대차 - 기타,안전운전불이행,건조,맑음,교차로 - 교차로부근,화물,남,26세,상해없음,원동기,남,22세,경상
2014041300100197,2014년 4월 13일 11시,일요일,경상북도 안동시 광석동,중상사고,0,1,0,0,차대차 - 측면직각충돌,안전운전불이행,건조,맑음,교차로 - 교차로안,승용,남,41세,상해없음,승합,남,52세,중상
2014041300100222,2014년 4월 13일 12시,일요일,경상북도 경주시 동천동,중상사고,0,3,0,0,차대차 - 기타,안전운전불이행,건조,맑음,교차로 - 교차로안,승용,여,62세,상해없음,승용,남,49세,중상
2014041300100223,2014년 4월 13일 12시,일요일,경상북도 포항시 북구 죽도동,경상사고,0,0,1,0,차대사람 - 기타,보행자보호의무위반,건조,맑음,단일로 - 횡단보도상,승용,남,29세,상해없음,보행자,남,55세,경상
2014041300100224,2014년 4월 13일 12시,일요일,경상북도 포항시 북구 장성동,경상사고,0,0,6,0,차대차 - 측면직각충돌,교차로운행방법위반,건조,맑음,교차로 - 교차로안,승용,남,45세,상해없음,승용,남,39세,경상
2014041300100225,2014년 4월 13일 12시,일요일,경상북도 구미시 도량동,중상사고,0,1,0,0,차대사람 - 횡단중,안전운전불이행,건조,맑음,단일로 - 교량,승용,여,61세,기타불명,보행자,남,15세,중상
2014041300100245,2014년 4월 13일 13시,일요일,경상북도 포항시 북구 덕수동,부상신고사고,0,0,0,1,차대차 - 기타,안전운전불이행,건조,맑음,단일로 - 기타,원동기,남,17세,부상신고,승용,남,48세,상해없음
2014041300100246,2014년 4월 13일 13시,일요일,경상북도 칠곡군 지천면,중상사고,0,2,1,0,차량단독 - 도로외이탈 - 기타,안전운전불이행,건조,맑음,단일로 - 기타,승용,남,48세,상해없음,,,,
2014041300100247,2014년 4월 13일 13시,일요일,경상북도 경산시 대동,중상사고,0,1,0,0,차대차 - 기타,안전운전불이행,건조,맑음,단일로 - 기타,이륜,남,23세,중상,승용,남,57세,상해없음
2014041300100248,2014년 4월 13일 13시,일요일,경상북도 성주군 선남면,경상사고,0,0,3,0,차대차 - 기타,중앙선침범,건조,맑음,기타 - 기타,승용,남,56세,상해없음,승용,남,48세,경상
2014041300100249,2014년 4월 13일 13시,일요일,경상북도 구미시 원평동,경상사고,0,0,3,0,차대차 - 기타,안전운전불이행,건조,맑음,교차로 - 교차로부근,승용,여,30세,상해없음,승용,여,37세,경상
2014041300100250,2014년 4월 13일 13시,일요일,경상북도 포항시 남구 상도동,경상사고,0,0,1,0,차대사람 - 횡단중,안전운전불이행,건조,맑음,단일로 - 기타,승용,남,53세,상해없음,보행자,여,54세,경상
2014041300100283,2014년 4월 13일 14시,일요일,경상북도 포항시 북구 흥해읍,중상사고,0,2,0,0,차량단독 - 공작물충돌,안전운전불이행,건조,맑음,단일로 - 기타,승용,남,52세,상해없음,,,,
2014041300100284,2014년 4월 13일 14시,일요일,경상북도 김천시 율곡동,경상사고,0,0,2,0,차대차 - 측면직각충돌,교차로운행방법위반,건조,맑음,교차로 - 교차로안,승용,남,51세,경상,승용,남,53세,경상
2014041300100285,2014년 4월 13일 14시,일요일,경상북도 의성군 단밀면,중상사고,0,2,0,0,차대차 - 측면직각충돌,중앙선침범,건조,맑음,단일로 - 기타,승용,여,48세,중상,승용,남,54세,중상
2014041300100286,2014년 4월 13일 14시,일요일,경상북도 문경시 마성면,중상사고,0,1,0,0,차량단독 - 기타,안전운전불이행,건조,맑음,교차로 - 교차로부근,농기계,남,66세,중상,,,,
2014041300100287,2014년 4월 13일 14시,일요일,경상북도 구미시 황상동,경상사고,0,0,2,0,차대차 - 측면직각충돌,중앙선침범,건조,맑음,단일로 - 기타,승용,여,37세,경상,승용,남,31세,경상
2014041300100288,2014년 4월 13일 14시,일요일,경상북도 구미시 송정동,경상사고,0,0,3,0,차대차 - 기타,안전운전불이행,건조,맑음,교차로 - 교차로안,승용,남,24세,상해없음,승용,남,49세,경상
2014041300100289,2014년 4월 13일 14시,일요일,경상북도 포항시 남구 오천읍,중상사고,0,1,1,0,차대차 - 측면직각충돌,교차로운행방법위반,건조,맑음,교차로 - 교차로안,승용,남,42세,상해없음,이륜,남,17세,중상
2014041300100328,2014년 4월 13일 15시,일요일,경상북도 포항시 북구 덕수동,중상사고,0,1,5,0,차대차 - 측면직각충돌,안전운전불이행,건조,맑음,교차로 - 교차로안,승용,여,60세,상해없음,승용,남,41세,경상
2014041300100329,2014년 4월 13일 15시,일요일,경상북도 안동시 수상동,경상사고,0,0,1,0,차대차 - 기타,안전운전불이행,건조,맑음,단일로 - 기타,화물,남,32세,상해없음,승용,여,35세,경상
2014041300100330,2014년 4월 13일 15시,일요일,경상북도 김천시 지좌동,중상사고,0,1,0,0,차대차 - 측면직각충돌,안전운전불이행,건조,맑음,단일로 - 기타,승용,남,24세,상해없음,화물,여,43세,중상
2014041300100374,2014년 4월 13일 16시,일요일,경상북도 울진군 북면,중상사고,0,1,0,0,차대차 - 측면직각충돌,안전운전불이행,건조,맑음,교차로 - 교차로안,승용,남,54세,상해없음,승용,여,47세,중상
2014041300100375,2014년 4월 13일 16시,일요일,경상북도 구미시 옥계동,경상사고,0,0,1,0,차대차 - 정면충돌,안전운전불이행,건조,맑음,기타 - 기타,승용,여,54세,상해없음,이륜,남,18세,경상
2014041300100376,2014년 4월 13일 16시,일요일,경상북도 구미시 봉곡동,경상사고,0,0,1,0,차대사람 - 기타,안전운전불이행,건조,맑음,단일로 - 기타,승용,남,35세,상해없음,보행자,여,60세,경상
2014041300100400,2014년 4월 13일 17시,일요일,경상북도 포항시 북구 대흥동,중상사고,0,1,0,0,차대사람 - 기타,안전운전불이행,건조,맑음,교차로 - 교차로안,승용,남,60세,상해없음,보행자,여,11세,중상
2014041300100401,2014년 4월 13일 17시,일요일,경상북도 칠곡군 동명면,중상사고,0,1,1,0,차대차 - 측면직각충돌,안전운전불이행,건조,맑음,단일로 - 기타,승용,남,28세,상해없음,승용,여,23세,중상
2014041300100402,2014년 4월 13일 17시,일요일,경상북도 경산시 하양읍,경상사고,0,0,5,0,차대차 - 추돌 - 주정차중,안전운전불이행,건조,맑음,단일로 - 기타,승용,남,34세,상해없음,승용,남,49세,경상
2014041300100434,2014년 4월 13일 18시,일요일,경상북도 경산시 하양읍,부상신고사고,0,0,0,1,차대차 - 기타,안전운전불이행,건조,맑음,단일로 - 기타,이륜,남,22세,부상신고,승용,여,56세,상해없음
2014041300100465,2014년 4월 13일 19시,일요일,경상북도 영주시 영주동,경상사고,0,0,1,0,차대사람 - 횡단중,안전운전불이행,건조,맑음,단일로 - 횡단보도상,승용,남,54세,상해없음,보행자,남,54세,경상
2014041300100466,2014년 4월 13일 19시,일요일,경상북도 구미시 선산읍,중상사고,0,1,0,0,차대차 - 정면충돌,안전운전불이행,건조,맑음,교차로 - 교차로안,승용,남,48세,상해없음,승용,남,54세,중상
2014041300100492,2014년 4월 13일 20시,일요일,경상북도 구미시 옥계동,경상사고,0,0,2,0,차대차 - 추돌 - 진행중,안전운전불이행,건조,맑음,단일로 - 기타,화물,남,69세,상해없음,승용,남,31세,경상
2014041300100493,2014년 4월 13일 20시,일요일,경상북도 포항시 남구 연일읍,중상사고,0,1,0,0,차대사람 - 기타,안전운전불이행,건조,맑음,단일로 - 기타,승용,여,54세,상해없음,보행자,남,36세,중상
2014041300100494,2014년 4월 13일 20시,일요일,경상북도 포항시 남구 이동,중상사고,0,1,0,0,차대사람 - 횡단중,신호위반,건조,맑음,단일로 - 기타,원동기,여,23세,상해없음,보행자,여,4세,중상
2014041300100566,2014년 4월 13일 23시,일요일,경상북도 안동시 당북동,중상사고,0,1,0,0,차대차 - 기타,안전운전불이행,건조,맑음,단일로 - 기타,승용,남,41세,상해없음,이륜,남,17세,중상
2014041300100567,2014년 4월 13일 23시,일요일,경상북도 영덕군 강구면,중상사고,0,1,0,0,차대사람 - 횡단중,안전운전불이행,건조,맑음,교차로 - 교차로안,화물,남,39세,상해없음,보행자,남,59세,중상
2014041400100006,2014년 4월 14일 00시,월요일,경상북도 경산시 백천동,경상사고,0,0,1,0,차대차 - 기타,안전운전불이행,건조,맑음,교차로 - 교차로부근,승용,남,45세,상해없음,승용,남,36세,상해없음
2014041400100007,2014년 4월 14일 00시,월요일,경상북도 구미시 원평동,중상사고,0,1,0,0,차대차 - 측면직각충돌,안전운전불이행,건조,맑음,교차로 - 교차로부근,승용,남,22세,기타불명,승용,남,52세,중상
2014041400100029,2014년 4월 14일 03시,월요일,경상북도 구미시 형곡동,중상사고,0,2,0,0,차량단독 - 공작물충돌,안전운전불이행,건조,맑음,기타 - 기타,승용,남,18세,상해없음,,,,
2014041400100057,2014년 4월 14일 06시,월요일,경상북도 경산시 진량읍,중상사고,0,1,1,0,차대차 - 기타,기타,건조,맑음,교차로 - 교차로안,승용,남,51세,중상,승용,남,44세,경상
2014041400100090,2014년 4월 14일 07시,월요일,경상북도 상주시 서성동,중상사고,0,1,0,0,차대사람 - 횡단중,안전운전불이행,건조,맑음,단일로 - 기타,승용,남,74세,상해없음,보행자,여,62세,중상
2014041400100091,2014년 4월 14일 07시,월요일,경상북도 칠곡군 왜관읍,사망사고,1,0,0,0,차대사람 - 횡단중,보행자보호의무위반,건조,맑음,교차로 - 교차로부근,승용,남,27세,상해없음,보행자,여,44세,사망
2014041400100092,2014년 4월 14일 07시,월요일,경상북도 경산시 진량읍,경상사고,0,0,1,0,차대차 - 기타,교차로운행방법위반,건조,맑음,교차로 - 교차로안,승용,남,27세,상해없음,이륜,남,22세,경상
2014041400100126,2014년 4월 14일 08시,월요일,경상북도 포항시 북구 두호동,중상사고,0,1,1,0,차대차 - 기타,안전거리미확보,건조,맑음,단일로 - 기타,승용,여,51세,상해없음,승용,여,44세,중상
2014041400100127,2014년 4월 14일 08시,월요일,경상북도 상주시 함창읍,중상사고,0,1,1,0,차대차 - 추돌 - 주정차중,안전운전불이행,건조,맑음,단일로 - 기타,승용,남,41세,상해없음,승용,남,64세,경상
2014041400100128,2014년 4월 14일 08시,월요일,경상북도 칠곡군 왜관읍,경상사고,0,0,1,0,차대차 - 추돌 - 주정차중,안전거리미확보,건조,맑음,교차로 - 교차로부근,승용,남,41세,상해없음,승용,남,28세,경상
2014041400100129,2014년 4월 14일 08시,월요일,경상북도 구미시 진평동,중상사고,0,1,0,0,차대사람 - 기타,안전운전불이행,건조,맑음,교차로 - 교차로부근,승용,남,25세,상해없음,보행자,여,72세,중상
2014041400100130,2014년 4월 14일 08시,월요일,경상북도 구미시 임수동,중상사고,0,1,0,0,차대차 - 기타,안전운전불이행,건조,기타,교차로 - 교차로안,승용,여,49세,상해없음,이륜,남,39세,중상
2014041400100156,2014년 4월 14일 09시,월요일,경상북도 경주시 율동,중상사고,0,1,0,0,차대차 - 측면직각충돌,안전운전불이행,건조,맑음,단일로 - 기타,승용,남,56세,상해없음,승용,여,42세,중상
2014041400100157,2014년 4월 14일 09시,월요일,경상북도 경주시 외동읍,경상사고,0,0,1,0,차대차 - 기타,중앙선침범,건조,맑음,단일로 - 기타,원동기,남,73세,경상,승용,남,61세,상해없음
2014041400100158,2014년 4월 14일 09시,월요일,경상북도 안동시 금곡동,경상사고,0,0,2,0,차대차 - 기타,교차로운행방법위반,건조,맑음,교차로 - 교차로부근,승용,여,41세,상해없음,승용,남,39세,경상
2014041400100188,2014년 4월 14일 10시,월요일,경상북도 경주시 강동면,경상사고,0,0,1,0,차대차 - 기타,안전운전불이행,건조,맑음,교차로 - 교차로부근,농기계,남,77세,경상,승용,남,19세,상해없음
2014041400100189,2014년 4월 14일 10시,월요일,경상북도 경주시 황오동,부상신고사고,0,0,0,2,차대차 - 기타,안전운전불이행,건조,맑음,교차로 - 교차로부근,승용,남,63세,상해없음,승용,남,44세,부상신고
2014041400100190,2014년 4월 14일 10시,월요일,경상북도 포항시 북구 양덕동,경상사고,0,0,1,0,차대차 - 기타,안전거리미확보,건조,맑음,단일로 - 기타,승용,여,41세,상해없음,승용,남,66세,경상
2014041400100191,2014년 4월 14일 10시,월요일,경상북도 영덕군 지품면,경상사고,0,0,1,0,차대차 - 정면충돌,중앙선침범,건조,맑음,단일로 - 기타,화물,남,56세,상해없음,건설기계,남,33세,경상
2014041400100228,2014년 4월 14일 11시,월요일,경상북도 경주시 인왕동,중상사고,0,2,0,0,차대차 - 기타,안전운전불이행,건조,맑음,단일로 - 기타,승용,남,59세,상해없음,승용,여,24세,중상
2014041400100229,2014년 4월 14일 11시,월요일,경상북도 영천시 대창면,중상사고,0,1,0,0,차대차 - 기타,교차로운행방법위반,건조,맑음,교차로 - 교차로안,화물,남,66세,상해없음,원동기,남,74세,중상
2014041400100261,2014년 4월 14일 12시,월요일,경상북도 경주시 외동읍,중상사고,0,1,1,0,차대차 - 기타,안전운전불이행,건조,맑음,교차로 - 교차로부근,화물,남,62세,중상,승용,남,27세,경상
2014041400100262,2014년 4월 14일 12시,월요일,경상북도 군위군 군위읍,중상사고,0,1,0,0,차대차 - 기타,안전운전불이행,건조,맑음,교차로 - 교차로안,승용,남,51세,상해없음,원동기,남,64세,중상
2014041400100263,2014년 4월 14일 12시,월요일,경상북도 포항시 남구 오천읍,경상사고,0,0,1,0,차대차 - 측면직각충돌,신호위반,건조,맑음,교차로 - 교차로안,승용,남,37세,상해없음,승용,여,51세,경상
2014041400100264,2014년 4월 14일 12시,월요일,경상북도 포항시 남구 해도동,경상사고,0,0,1,0,차대차 - 기타,안전운전불이행,건조,맑음,단일로 - 기타,이륜,여,56세,경상,승용,여,57세,상해없음
2014041400100298,2014년 4월 14일 13시,월요일,경상북도 문경시 점촌동,부상신고사고,0,0,0,1,차대차 - 기타,안전운전불이행,건조,맑음,단일로 - 기타,원동기,남,83세,부상신고,화물,남,56세,상해없음
2014041400100299,2014년 4월 14일 13시,월요일,경상북도 영양군 영양읍,중상사고,0,1,0,0,차대차 - 측면직각충돌,안전운전불이행,건조,맑음,교차로 - 교차로안,화물,남,54세,상해없음,자전거,남,76세,중상
2014041400100322,2014년 4월 14일 14시,월요일,경상북도 경주시 노서동,경상사고,0,0,2,0,차대차 - 기타,안전운전불이행,건조,맑음,교차로 - 교차로안,원동기,여,33세,경상,승용,남,51세,경상
2014041400100323,2014년 4월 14일 14시,월요일,경상북도 안동시 풍산읍,경상사고,0,0,1,0,차대차 - 추돌 - 주정차중,안전운전불이행,건조,맑음,기타 - 기타,승용,여,58세,상해없음,화물,남,52세,기타불명