사고번호,사고일시,요일,시군구,사고내용,사망자수,중상자수,경상자수,부상신고자수,사고유형,법규위반,노면상태,기상상태,도로형태,가해운전자 차종,가해운전자 성별,가해운전자 연령,가해운전자 상해정도,피해운전자 차종,피해운전자 성별,피해운전자 연령,피해운전자 상해정도
2014041400100324,2014년 4월 14일 14시,월요일,경상북도 칠곡군 북삼읍,중상사고,0,1,0,0,차대차 - 기타,직진우회전진행방해,습기,맑음,교차로 - 교차로안,승용,남,46세,상해없음,승용,여,64세,상해없음
2014041400100325,2014년 4월 14일 14시,월요일,경상북도 구미시 구평동,중상사고,0,2,0,0,차대차 - 기타,신호위반,건조,맑음,교차로 - 교차로부근,승용,남,27세,상해없음,화물,남,25세,중상
2014041400100360,2014년 4월 14일 15시,월요일,경상북도 울진군 기성면,중상사고,0,1,0,0,차대차 - 측면직각충돌,안전운전불이행,건조,맑음,교차로 - 교차로안,승용,남,44세,상해없음,이륜,남,67세,중상
2014041400100397,2014년 4월 14일 16시,월요일,경상북도 문경시 점촌동,경상사고,0,0,1,0,차대차 - 정면충돌,안전운전불이행,건조,맑음,교차로 - 교차로안,승용,여,25세,상해없음,원동기,남,76세,경상
2014041400100398,2014년 4월 14일 16시,월요일,경상북도 문경시 영신동,경상사고,0,0,1,0,차대차 - 측면직각충돌,교차로운행방법위반,건조,맑음,교차로 - 교차로안,승용,남,29세,상해없음,농기계,남,68세,경상
2014041400100437,2014년 4월 14일 17시,월요일,경상북도 포항시 북구 죽도동,경상사고,0,0,1,0,차대차 - 기타,불법유턴,건조,맑음,단일로 - 기타,승용,여,55세,상해없음,승용,남,30세,경상
2014041400100438,2014년 4월 14일 17시,월요일,경상북도 구미시 임은동,부상신고사고,0,0,0,1,차대차 - 추돌 - 진행중,교차로운행방법위반,건조,맑음,교차로 - 교차로안,승용,남,28세,상해없음,원동기,남,79세,부상신고
2014041400100480,2014년 4월 14일 18시,월요일,경상북도 경주시 성건동,경상사고,0,0,1,0,차대차 - 측면직각충돌,안전운전불이행,건조,맑음,교차로 - 교차로부근,승용,남,61세,상해없음,자전거,남,20세,경상
2014041400100523,2014년 4월 14일 19시,월요일,경상북도 경주시 마동,중상사고,0,2,0,1,차대차 - 기타,안전운전불이행,건조,맑음,교차로 - 교차로안,승용,여,48세,부상신고,승용,남,41세,중상
2014041400100524,2014년 4월 14일 19시,월요일,경상북도 경주시 황성동,중상사고,0,1,0,0,차대차 - 기타,안전운전불이행,건조,맑음,단일로 - 기타,화물,남,57세,상해없음,자전거,여,70세,중상
2014041400100525,2014년 4월 14일 19시,월요일,경상북도 안동시 당북동,경상사고,0,0,3,1,차대차 - 추돌 - 진행중,안전운전불이행,건조,맑음,단일로 - 기타,승용,남,43세,상해없음,승용,남,42세,경상
2014041400100526,2014년 4월 14일 19시,월요일,경상북도 상주시 서성동,중상사고,0,1,0,0,차대차 - 기타,안전운전불이행,건조,맑음,교차로 - 교차로안,승용,남,61세,상해없음,원동기,남,20세,중상
2014041400100527,2014년 4월 14일 19시,월요일,경상북도 영주시 휴천동,중상사고,0,1,1,0,차대사람 - 횡단중,보행자보호의무위반,건조,맑음,교차로 - 교차로안,화물,남,54세,상해없음,보행자,여,12세,중상
2014041400100528,2014년 4월 14일 19시,월요일,경상북도 구미시 인의동,경상사고,0,0,1,0,차대차 - 추돌 - 진행중,안전운전불이행,건조,맑음,단일로 - 기타,화물,남,55세,상해없음,승용,남,61세,경상
2014041400100529,2014년 4월 14일 19시,월요일,경상북도 포항시 남구 송도동,경상사고,0,0,1,0,차대차 - 추돌 - 진행중,안전거리미확보,건조,맑음,단일로 - 기타,승용,남,57세,상해없음,승용,남,66세,경상
2014041400100576,2014년 4월 14일 21시,월요일,경상북도 포항시 북구 장성동,중상사고,0,1,0,0,차대차 - 기타,중앙선침범,건조,맑음,교차로 - 교차로부근,승용,남,26세,상해없음,원동기,남,20세,중상
2014041400100605,2014년 4월 14일 22시,월요일,경상북도 경주시 용강동,중상사고,0,1,0,0,차대차 - 기타,안전운전불이행,건조,맑음,교차로 - 교차로안,승용,남,44세,상해없음,승용,남,26세,중상
2014041400100606,2014년 4월 14일 22시,월요일,경상북도 영천시 야사동,중상사고,0,1,0,0,차대사람 - 횡단중,안전운전불이행,건조,맑음,교차로 - 교차로부근,승용,여,58세,상해없음,보행자,남,44세,중상
2014041400100607,2014년 4월 14일 22시,월요일,경상북도 경산시 중산동,중상사고,0,1,0,0,차대차 - 기타,불법유턴,건조,맑음,단일로 - 기타,승용,남,46세,상해없음,이륜,남,18세,중상
2014041400100608,2014년 4월 14일 22시,월요일,경상북도 영덕군 강구면,경상사고,0,0,1,0,차량단독 - 공작물충돌,안전운전불이행,건조,맑음,단일로 - 기타,승용,남,39세,경상,,,,
2014041400100609,2014년 4월 14일 22시,월요일,경상북도 구미시 형곡동,중상사고,0,1,0,0,차대차 - 추돌 - 진행중,중앙선침범,건조,맑음,단일로 - 기타,승용,여,41세,상해없음,원동기,남,25세,중상
2014041500100044,2014년 4월 15일 03시,화요일,경상북도 안동시 송현동,경상사고,0,0,1,0,차대차 - 기타,안전운전불이행,건조,맑음,기타 - 기타,원동기,남,18세,경상,승용,남,34세,상해없음
2014041500100076,2014년 4월 15일 06시,화요일,경상북도 구미시 금전동,중상사고,0,1,0,0,차대차 - 측면직각충돌,교차로운행방법위반,건조,맑음,교차로 - 교차로안,승용,남,50세,상해없음,화물,남,58세,중상
2014041500100099,2014년 4월 15일 07시,화요일,경상북도 경주시 충효동,중상사고,0,1,0,0,차량단독 - 기타,안전운전불이행,건조,맑음,단일로 - 기타,승용,남,63세,중상,,,,
2014041500100100,2014년 4월 15일 07시,화요일,경상북도 영천시 문외동,중상사고,0,1,0,0,차대차 - 기타,안전운전불이행,건조,맑음,교차로 - 교차로안,화물,남,61세,상해없음,원동기,남,78세,중상
2014041500100101,2014년 4월 15일 07시,화요일,경상북도 포항시 남구 연일읍,중상사고,0,1,1,0,차대차 - 기타,안전운전불이행,건조,맑음,교차로 - 교차로안,승용,여,48세,경상,승용,남,54세,중상
2014041500100102,2014년 4월 15일 07시,화요일,경상북도 포항시 남구 대잠동,중상사고,0,1,1,0,차대차 - 기타,기타,건조,맑음,교차로 - 교차로안,화물,남,45세,경상,승용,여,28세,중상
2014041500100159,2014년 4월 15일 08시,화요일,경상북도 칠곡군 가산면,경상사고,0,0,4,0,차대차 - 추돌 - 주정차중,안전거리미확보,건조,맑음,단일로 - 기타,승용,남,58세,상해없음,승용,남,36세,경상
2014041500100160,2014년 4월 15일 08시,화요일,경상북도 칠곡군 석적읍,경상사고,0,0,1,0,차대차 - 추돌 - 주정차중,안전운전불이행,건조,맑음,기타 - 기타,승용,남,51세,상해없음,승용,여,25세,경상
2014041500100161,2014년 4월 15일 08시,화요일,경상북도 경산시 중방동,중상사고,0,1,3,0,차대차 - 기타,신호위반,건조,맑음,교차로 - 교차로안,승용,남,71세,상해없음,승용,남,55세,중상
2014041500100162,2014년 4월 15일 08시,화요일,경상북도 예천군 예천읍,경상사고,0,0,1,0,차량단독 - 공작물충돌,안전운전불이행,건조,맑음,단일로 - 기타,승용,남,26세,경상,,,,
2014041500100163,2014년 4월 15일 08시,화요일,경상북도 포항시 남구 해도동,경상사고,0,0,3,0,차대차 - 기타,안전운전불이행,건조,맑음,교차로 - 교차로부근,승합,남,64세,상해없음,화물,여,38세,경상
2014041500100219,2014년 4월 15일 10시,화요일,경상북도 경주시 인왕동,경상사고,0,0,1,0,차대차 - 기타,안전운전불이행,건조,맑음,기타 - 기타,승용,여,60세,상해없음,화물,남,73세,상해없음
2014041500100243,2014년 4월 15일 11시,화요일,경상북도 경산시 진량읍,중상사고,0,2,1,0,차대차 - 기타,직진우회전진행방해,건조,맑음,교차로 - 교차로안,화물,남,73세,경상,승용,남,34세,중상
2014041500100261,2014년 4월 15일 12시,화요일,경상북도 경주시 황남동,중상사고,0,1,1,0,차대차 - 기타,신호위반,건조,맑음,교차로 - 교차로안,승용,여,54세,경상,승용,남,61세,중상
2014041500100262,2014년 4월 15일 12시,화요일,경상북도 경산시 옥산동,경상사고,0,0,2,0,차대사람 - 기타,보행자보호의무위반,건조,맑음,교차로 - 교차로안,승용,남,66세,상해없음,보행자,여,38세,경상
2014041500100292,2014년 4월 15일 13시,화요일,경상북도 경주시 황성동,경상사고,0,0,1,0,차대차 - 기타,안전운전불이행,건조,맑음,교차로 - 교차로안,승합,남,53세,상해없음,화물,남,32세,경상
2014041500100324,2014년 4월 15일 14시,화요일,경상북도 영천시 금호읍,중상사고,0,1,0,0,차대차 - 기타,안전운전불이행,건조,맑음,단일로 - 기타,자전거,여,71세,중상,자전거,남,77세,기타불명
2014041500100325,2014년 4월 15일 14시,화요일,경상북도 경산시 사동,부상신고사고,0,0,0,1,차대차 - 기타,신호위반,건조,맑음,교차로 - 교차로안,이륜,남,45세,부상신고,승용,남,65세,상해없음
2014041500100326,2014년 4월 15일 14시,화요일,경상북도 경산시 와촌면,경상사고,0,0,1,1,차대차 - 기타,안전거리미확보,건조,맑음,단일로 - 기타,화물,남,47세,상해없음,승용,남,60세,경상
2014041500100327,2014년 4월 15일 14시,화요일,경상북도 경산시 압량면,중상사고,0,1,0,0,차대사람 - 기타,보행자보호의무위반,건조,맑음,단일로 - 횡단보도상,승용,여,35세,상해없음,보행자,남,61세,중상
2014041500100328,2014년 4월 15일 14시,화요일,경상북도 봉화군 소천면,부상신고사고,0,0,0,1,차량단독 - 공작물충돌,안전운전불이행,건조,맑음,단일로 - 기타,화물,남,57세,부상신고,,,,
2014041500100329,2014년 4월 15일 14시,화요일,경상북도 구미시 시미동,중상사고,0,2,0,0,차대차 - 기타,안전운전불이행,기타,기타,기타 - 기타,승용,남,38세,상해없음,승용,남,42세,중상
2014041500100352,2014년 4월 15일 15시,화요일,경상북도 구미시 원평동,부상신고사고,0,0,0,1,차대차 - 기타,안전운전불이행,건조,맑음,교차로 - 교차로안,기타불명,기타불명,기타불명,기타불명,승용,남,46세,부상신고
2014041500100378,2014년 4월 15일 16시,화요일,경상북도 포항시 북구 흥해읍,중상사고,0,1,0,0,차대차 - 기타,안전운전불이행,건조,맑음,단일로 - 기타,화물,남,36세,상해없음,화물,남,57세,중상
2014041500100379,2014년 4월 15일 16시,화요일,경상북도 영천시 고경면,경상사고,0,0,1,0,차대사람 - 기타,안전운전불이행,건조,맑음,단일로 - 기타,화물,남,57세,상해없음,보행자,남,78세,경상
2014041500100380,2014년 4월 15일 16시,화요일,경상북도 영양군 영양읍,경상사고,0,0,2,0,차대차 - 측면직각충돌,교차로운행방법위반,건조,맑음,교차로 - 교차로안,승용,여,55세,경상,승용,남,42세,경상
2014041500100381,2014년 4월 15일 16시,화요일,경상북도 구미시 신평동,경상사고,0,0,1,0,차대차 - 기타,안전거리미확보,건조,맑음,단일로 - 기타,승용,여,55세,상해없음,승용,남,21세,경상
2014041500100409,2014년 4월 15일 17시,화요일,경상북도 영주시 가흥동,경상사고,0,0,1,0,차대차 - 측면직각충돌,교차로운행방법위반,건조,맑음,교차로 - 교차로안,승용,남,50세,상해없음,승용,여,24세,경상
2014041500100410,2014년 4월 15일 17시,화요일,경상북도 포항시 남구 오천읍,경상사고,0,0,1,0,차대차 - 기타,안전운전불이행,건조,맑음,단일로 - 기타,화물,남,52세,상해없음,승용,남,49세,경상
2014041500100446,2014년 4월 15일 18시,화요일,경상북도 경주시 강동면,부상신고사고,0,0,0,1,차량단독 - 기타,안전운전불이행,건조,맑음,단일로 - 기타,원동기,남,84세,부상신고,,,,
2014041500100447,2014년 4월 15일 18시,화요일,경상북도 김천시 지좌동,중상사고,0,1,0,0,차대차 - 측면직각충돌,안전운전불이행,건조,맑음,단일로 - 기타,화물,남,52세,상해없음,자전거,남,78세,중상
2014041500100480,2014년 4월 15일 19시,화요일,경상북도 상주시 함창읍,중상사고,0,3,0,0,차대차 - 기타,신호위반,건조,맑음,교차로 - 교차로안,승용,남,74세,중상,승용,남,52세,중상
2014041500100481,2014년 4월 15일 19시,화요일,경상북도 경산시 하양읍,경상사고,0,0,1,0,차대차 - 기타,안전운전불이행,건조,맑음,교차로 - 교차로부근,승용,여,45세,상해없음,승용,남,52세,경상
2014041500100502,2014년 4월 15일 20시,화요일,경상북도 안동시 금곡동,중상사고,0,1,0,0,차량단독 - 전도전복,안전운전불이행,기타,맑음,단일로 - 기타,원동기,남,16세,중상,,,,
2014041500100503,2014년 4월 15일 20시,화요일,경상북도 경산시 진량읍,경상사고,0,0,1,0,차대차 - 측면직각충돌,안전운전불이행,건조,맑음,단일로 - 기타,승용,남,53세,상해없음,승용,여,46세,경상
2014041500100504,2014년 4월 15일 20시,화요일,경상북도 경산시 진량읍,경상사고,0,0,1,0,차대차 - 기타,중앙선침범,건조,맑음,단일로 - 기타,화물,남,44세,상해없음,승용,남,33세,경상
2014041500100505,2014년 4월 15일 20시,화요일,경상북도 영덕군 영덕읍,경상사고,0,0,1,0,차대사람 - 길가장자리구역통행중,안전운전불이행,건조,맑음,단일로 - 기타,기타불명,기타불명,기타불명,기타불명,보행자,여,64세,경상
2014041500100537,2014년 4월 15일 21시,화요일,경상북도 영주시 휴천동,중상사고,0,1,1,0,차대차 - 기타,안전운전불이행,건조,맑음,교차로 - 교차로안,승용,남,82세,상해없음,승용,남,58세,경상
2014041500100538,2014년 4월 15일 21시,화요일,경상북도 경산시 압량면,경상사고,0,0,1,0,차대차 - 기타,안전거리미확보,건조,맑음,단일로 - 기타,승용,남,45세,상해없음,승용,남,34세,경상
2014041500100539,2014년 4월 15일 21시,화요일,경상북도 구미시 봉곡동,중상사고,0,1,0,0,차대차 - 측면직각충돌,안전운전불이행,건조,맑음,교차로 - 교차로안,기타불명,기타불명,기타불명,기타불명,자전거,남,16세,중상
2014041500100570,2014년 4월 15일 22시,화요일,경상북도 상주시 연원동,중상사고,0,2,0,0,차량단독 - 공작물충돌,안전운전불이행,건조,맑음,단일로 - 기타,이륜,남,13세,상해없음,,,,
2014041500100593,2014년 4월 15일 23시,화요일,경상북도 상주시 무양동,중상사고,0,1,0,0,차량단독 - 공작물충돌,안전운전불이행,건조,기타,교차로 - 교차로부근,승용,남,38세,기타불명,,,,
2014041500100594,2014년 4월 15일 23시,화요일,경상북도 영천시 자양면,중상사고,0,1,0,0,차량단독 - 공작물충돌,안전운전불이행,건조,맑음,단일로 - 기타,승합,남,54세,중상,,,,
2014041500100595,2014년 4월 15일 23시,화요일,경상북도 경산시 대동,경상사고,0,0,1,0,차대사람 - 기타,교차로운행방법위반,건조,맑음,기타 - 기타,승용,남,24세,상해없음,보행자,여,19세,경상
2014041600100023,2014년 4월 16일 01시,수요일,경상북도 포항시 남구 상도동,경상사고,0,0,4,0,차대차 - 기타,안전운전불이행,건조,맑음,단일로 - 기타,승용,남,27세,상해없음,승용,남,19세,경상
2014041600100038,2014년 4월 16일 03시,수요일,경상북도 포항시 북구 죽도동,중상사고,0,1,0,0,차대차 - 기타,중앙선침범,건조,맑음,단일로 - 기타,승용,남,25세,상해없음,화물,남,69세,중상
2014041600100044,2014년 4월 16일 04시,수요일,경상북도 경주시 강동면,중상사고,0,1,0,0,차량단독 - 공작물충돌,안전운전불이행,건조,맑음,단일로 - 기타,승용,남,23세,중상,,,,
2014041600100045,2014년 4월 16일 04시,수요일,경상북도 경산시 진량읍,경상사고,0,0,1,0,차대차 - 기타,안전운전불이행,건조,맑음,단일로 - 기타,승용,남,31세,상해없음,승용,남,39세,경상
2014041600100046,2014년 4월 16일 04시,수요일,경상북도 구미시 원평동,중상사고,0,1,0,0,차대차 - 기타,신호위반,건조,맑음,교차로 - 교차로안,승용,남,32세,상해없음,승합,남,50세,중상
2014041600100074,2014년 4월 16일 06시,수요일,경상북도 안동시 금곡동,경상사고,0,0,1,1,차대차 - 측면직각충돌,안전거리미확보,건조,맑음,교차로 - 교차로안,승용,남,63세,부상신고,승용,남,38세,경상
2014041600100091,2014년 4월 16일 07시,수요일,경상북도 경주시 양남면,중상사고,0,1,0,0,차량단독 - 기타,안전운전불이행,습기,맑음,단일로 - 기타,화물,남,59세,중상,,,,
2014041600100092,2014년 4월 16일 07시,수요일,경상북도 구미시 신평동,경상사고,0,0,1,0,차대차 - 기타,차로위반,건조,맑음,교차로 - 교차로부근,승용,남,57세,경상,승용,남,31세,상해없음
2014041600100093,2014년 4월 16일 07시,수요일,경상북도 포항시 남구 해도동,중상사고,0,1,0,0,차대차 - 기타,안전운전불이행,건조,맑음,교차로 - 교차로안,승용,남,28세,상해없음,자전거,남,27세,중상
2014041600100123,2014년 4월 16일 08시,수요일,경상북도 경산시 하양읍,경상사고,0,0,1,0,차대사람 - 기타,안전운전불이행,건조,맑음,단일로 - 횡단보도부근,화물,남,61세,상해없음,보행자,여,8세,경상
2014041600100124,2014년 4월 16일 08시,수요일,경상북도 예천군 예천읍,중상사고,0,1,0,1,차대차 - 측면직각충돌,안전운전불이행,건조,맑음,교차로 - 교차로안,승용,남,22세,부상신고,승용,여,37세,중상
2014041600100125,2014년 4월 16일 08시,수요일,경상북도 군위군 군위읍,경상사고,0,0,1,0,차대차 - 측면직각충돌,직진우회전진행방해,건조,맑음,교차로 - 교차로안,원동기,남,79세,경상,승용,남,53세,상해없음
2014041600100126,2014년 4월 16일 08시,수요일,경상북도 구미시 도량동,경상사고,0,0,1,0,차대차 - 측면직각충돌,신호위반,건조,흐림,교차로 - 교차로부근,승용,남,37세,상해없음,자전거,남,13세,경상
2014041600100154,2014년 4월 16일 09시,수요일,경상북도 상주시 남성동,중상사고,0,1,0,0,차대차 - 기타,중앙선침범,건조,맑음,단일로 - 기타,승용,남,79세,상해없음,원동기,남,75세,중상
2014041600100155,2014년 4월 16일 09시,수요일,경상북도 구미시 공단동,부상신고사고,0,0,0,1,차대차 - 기타,안전운전불이행,건조,맑음,단일로 - 기타,승용,여,34세,상해없음,승용,남,40세,부상신고
2014041600100187,2014년 4월 16일 10시,수요일,경상북도 문경시 산북면,중상사고,0,2,1,0,차대차 - 측면직각충돌,안전운전불이행,건조,맑음,교차로 - 교차로안,화물,남,60세,경상,화물,남,59세,중상
2014041600100188,2014년 4월 16일 10시,수요일,경상북도 성주군 성주읍,중상사고,0,1,1,0,차대차 - 측면직각충돌,직진우회전진행방해,기타,맑음,교차로 - 교차로안,화물,남,51세,상해없음,원동기,남,75세,경상
2014041600100208,2014년 4월 16일 11시,수요일,경상북도 경주시 천북면,중상사고,0,1,0,0,차대차 - 기타,안전운전불이행,건조,맑음,교차로 - 교차로안,승용,남,59세,상해없음,농기계,남,77세,중상
2014041600100209,2014년 4월 16일 11시,수요일,경상북도 영주시 영주동,중상사고,0,1,0,0,차대차 - 기타,안전운전불이행,건조,맑음,교차로 - 교차로안,승합,남,41세,상해없음,원동기,남,64세,중상
2014041600100210,2014년 4월 16일 11시,수요일,경상북도 경산시 백천동,경상사고,0,0,3,0,차대차 - 기타,안전운전불이행,건조,맑음,단일로 - 기타,화물,남,61세,경상,승용,남,49세,경상
2014041600100211,2014년 4월 16일 11시,수요일,경상북도 상주시 사벌면,사망사고,1,0,2,0,차량단독 - 전도전복,안전운전불이행,건조,맑음,단일로 - 기타,승합,남,47세,경상,,,,
2014041600100236,2014년 4월 16일 12시,수요일,경상북도 경산시 하양읍,중상사고,0,1,0,0,차대사람 - 기타,안전운전불이행,건조,맑음,단일로 - 기타,승용,남,60세,상해없음,보행자,여,74세,중상
2014041600100261,2014년 4월 16일 13시,수요일,경상북도 경주시 내남면,경상사고,0,0,1,0,차량단독 - 기타,안전운전불이행,건조,맑음,단일로 - 기타,승용,남,39세,상해없음,,,,
2014041600100290,2014년 4월 16일 14시,수요일,경상북도 영덕군 병곡면,중상사고,0,1,1,0,차대차 - 측면직각충돌,안전운전불이행,건조,맑음,단일로 - 기타,승합,남,56세,상해없음,원동기,남,65세,중상
2014041600100291,2014년 4월 16일 14시,수요일,경상북도 포항시 남구 연일읍,경상사고,0,0,4,3,차대사람 - 기타,안전운전불이행,건조,맑음,단일로 - 기타,승용,여,53세,상해없음,보행자,여,76세,경상
2014041600100320,2014년 4월 16일 15시,수요일,경상북도 김천시 감문면,사망사고,1,0,0,0,차량단독 - 도로외이탈 - 추락,안전운전불이행,건조,맑음,기타 - 기타,원동기,남,80세,사망,,,,
2014041600100354,2014년 4월 16일 16시,수요일,경상북도 경주시 동천동,경상사고,0,0,1,0,차대차 - 기타,안전운전불이행,건조,맑음,교차로 - 교차로안,승용,남,52세,상해없음,승용,여,49세,경상
2014041600100355,2014년 4월 16일 16시,수요일,경상북도 경주시 북군동,중상사고,0,1,0,0,차대차 - 측면직각충돌,안전운전불이행,건조,맑음,교차로 - 교차로안,승용,남,27세,상해없음,원동기,남,73세,중상
2014041600100356,2014년 4월 16일 16시,수요일,경상북도 영양군 석보면,중상사고,0,1,0,0,차대차 - 정면충돌,중앙선침범,건조,맑음,단일로 - 기타,건설기계,남,56세,상해없음,이륜,남,35세,중상
2014041600100357,2014년 4월 16일 16시,수요일,경상북도 구미시 황상동,경상사고,0,0,2,0,차대차 - 기타,안전운전불이행,건조,맑음,교차로 - 교차로안,화물,남,53세,상해없음,승용,여,67세,경상
2014041600100394,2014년 4월 16일 17시,수요일,경상북도 영천시 야사동,경상사고,0,0,1,0,차대차 - 측면직각충돌,안전운전불이행,건조,맑음,교차로 - 교차로안,승용,남,67세,상해없음,승용,남,22세,경상
2014041600100395,2014년 4월 16일 17시,수요일,경상북도 영덕군 축산면,경상사고,0,0,1,0,차량단독 - 공작물충돌,안전운전불이행,건조,맑음,교차로 - 교차로안,화물,여,60세,경상,,,,
2014041600100396,2014년 4월 16일 17시,수요일,경상북도 구미시 진평동,중상사고,0,1,0,0,차대차 - 기타,안전운전불이행,건조,맑음,단일로 - 기타,승용,남,27세,상해없음,승용,여,27세,중상
2014041600100440,2014년 4월 16일 18시,수요일,경상북도 영천시 완산동,경상사고,0,0,1,0,차대차 - 추돌 - 진행중,안전거리미확보,건조,맑음,단일로 - 기타,승합,남,62세,상해없음,승용,남,63세,경상
2014041600100441,2014년 4월 16일 18시,수요일,경상북도 구미시 형곡동,중상사고,0,1,0,0,차대차 - 기타,중앙선침범,건조,맑음,단일로 - 기타,승용,남,49세,상해없음,이륜,남,49세,중상
2014041600100475,2014년 4월 16일 19시,수요일,경상북도 경주시 현곡면,경상사고,0,0,3,0,차대차 - 추돌 - 진행중,안전운전불이행,건조,맑음,기타 - 기타,화물,남,63세,상해없음,승용,여,29세,경상
2014041600100476,2014년 4월 16일 19시,수요일,경상북도 구미시 원평동,경상사고,0,0,1,0,차대차 - 기타,교차로운행방법위반,건조,맑음,교차로 - 교차로안,자전거,남,58세,경상,승용,여,40세,상해없음
2014041600100509,2014년 4월 16일 20시,수요일,경상북도 안동시 광석동,경상사고,0,0,1,0,차대차 - 기타,안전운전불이행,건조,맑음,교차로 - 교차로안,승용,남,56세,상해없음,이륜,남,18세,경상
2014041600100510,2014년 4월 16일 20시,수요일,경상북도 칠곡군 북삼읍,부상신고사고,0,0,0,2,차대차 - 측면직각충돌,안전운전불이행,건조,맑음,교차로 - 교차로안,승용,여,43세,부상신고,승용,남,27세,상해없음
2014041600100511,2014년 4월 16일 20시,수요일,경상북도 경산시 진량읍,경상사고,0,0,1,0,차대사람 - 기타,안전운전불이행,건조,맑음,단일로 - 기타,이륜,남,43세,상해없음,보행자,여,58세,경상
2014041600100512,2014년 4월 16일 20시,수요일,경상북도 구미시 진평동,경상사고,0,0,1,0,차대차 - 기타,안전운전불이행,건조,흐림,교차로 - 교차로안,승용,남,61세,상해없음,이륜,남,24세,경상
2014041600100547,2014년 4월 16일 21시,수요일,경상북도 경산시 진량읍,중상사고,0,2,3,0,차대차 - 기타,안전운전불이행,건조,맑음,단일로 - 기타,승용,남,18세,경상,화물,남,43세,상해없음
2014041600100548,2014년 4월 16일 21시,수요일,경상북도 구미시 진평동,중상사고,0,1,0,0,차대차 - 기타,차로위반,건조,맑음,단일로 - 기타,승용,남,31세,상해없음,이륜,남,23세,중상
2014041600100549,2014년 4월 16일 21시,수요일,경상북도 구미시 공단동,중상사고,0,1,0,0,차대차 - 기타,안전운전불이행,건조,흐림,단일로 - 기타,승용,남,51세,중상,승용,남,39세,상해없음
2014041600100577,2014년 4월 16일 22시,수요일,경상북도 구미시 봉곡동,경상사고,0,0,1,0,차대차 - 기타,기타,건조,맑음,단일로 - 기타,승용,남,54세,상해없음,이륜,남,19세,경상
2014041700100014,2014년 4월 17일 00시,목요일,경상북도 영주시 영주동,중상사고,0,1,1,0,차대차 - 측면직각충돌,안전운전불이행,건조,맑음,단일로 - 기타,승용,남,53세,상해없음,이륜,남,16세,중상
2014041700100015,2014년 4월 17일 00시,목요일,경상북도 구미시 거의동,경상사고,0,0,1,0,차대차 - 기타,안전운전불이행,건조,맑음,교차로 - 교차로안,승용,남,27세,상해없음,이륜,여,48세,경상
2014041700100040,2014년 4월 17일 03시,목요일,경상북도 경산시 와촌면,경상사고,0,0,2,0,차대차 - 기타,안전거리미확보,건조,맑음,단일로 - 기타,승용,남,41세,상해없음,승용,남,20세,경상
2014041700100058,2014년 4월 17일 05시,목요일,경상북도 포항시 북구 청하면,중상사고,0,1,0,0,차대차 - 기타,교차로운행방법위반,건조,맑음,교차로 - 교차로안,승용,남,63세,상해없음,원동기,남,75세,중상
2014041700100091,2014년 4월 17일 07시,목요일,경상북도 경산시 백천동,경상사고,0,0,1,0,차대차 - 기타,안전거리미확보,건조,맑음,단일로 - 기타,승용,여,59세,상해없음,승용,남,30세,경상
2014041700100092,2014년 4월 17일 07시,목요일,경상북도 성주군 수륜면,경상사고,0,0,1,0,차량단독 - 공작물충돌,안전운전불이행,건조,맑음,단일로 - 기타,화물,남,52세,경상,,,,
2014041700100127,2014년 4월 17일 08시,목요일,경상북도 의성군 안평면,중상사고,0,1,0,0,차대차 - 기타,안전운전불이행,건조,맑음,단일로 - 기타,건설기계,남,57세,상해없음,화물,여,46세,중상
2014041700100128,2014년 4월 17일 08시,목요일,경상북도 칠곡군 약목면,경상사고,0,0,1,0,차대차 - 추돌 - 진행중,안전거리미확보,건조,맑음,교차로 - 교차로부근,화물,남,53세,상해없음,승용,남,42세,경상
2014041700100164,2014년 4월 17일 09시,목요일,경상북도 김천시 용두동,중상사고,0,1,0,0,차대차 - 측면직각충돌,안전운전불이행,건조,맑음,교차로 - 교차로부근,이륜,남,85세,중상,승용,여,45세,상해없음
2014041700100165,2014년 4월 17일 09시,목요일,경상북도 울진군 후포면,중상사고,0,1,0,0,차대차 - 기타,안전운전불이행,건조,맑음,단일로 - 기타,승용,여,44세,상해없음,원동기,남,47세,중상
2014041700100189,2014년 4월 17일 10시,목요일,경상북도 안동시 금곡동,경상사고,0,0,1,0,차대차 - 측면직각충돌,신호위반,건조,맑음,단일로 - 횡단보도상,승용,여,56세,상해없음,이륜,남,46세,경상
2014041700100190,2014년 4월 17일 10시,목요일,경상북도 포항시 남구 대도동,중상사고,0,2,2,0,차대차 - 기타,안전거리미확보,건조,맑음,단일로 - 기타,승용,여,49세,상해없음,승합,남,50세,경상
2014041700100218,2014년 4월 17일 11시,목요일,경상북도 봉화군 봉성면,중상사고,0,1,0,0,차대사람 - 보도통행중,안전운전불이행,건조,맑음,교차로 - 교차로안,화물,남,45세,상해없음,보행자,여,72세,중상
2014041700100246,2014년 4월 17일 12시,목요일,경상북도 울진군 근남면,중상사고,0,1,0,0,차대차 - 기타,안전운전불이행,건조,맑음,교차로 - 교차로안,화물,남,36세,상해없음,원동기,남,75세,중상
2014041700100270,2014년 4월 17일 13시,목요일,경상북도 고령군 개진면,경상사고,0,0,1,0,차량단독 - 기타,안전운전불이행,건조,맑음,단일로 - 기타,승용,여,30세,경상,,,,