사고번호,사고일시,요일,시군구,사고내용,사망자수,중상자수,경상자수,부상신고자수,사고유형,법규위반,노면상태,기상상태,도로형태,가해운전자 차종,가해운전자 성별,가해운전자 연령,가해운전자 상해정도,피해운전자 차종,피해운전자 성별,피해운전자 연령,피해운전자 상해정도
2014042200100512,2014년 4월 22일 20시,화요일,경상북도 구미시 도량동,중상사고,0,1,0,0,차대사람 - 기타,안전운전불이행,건조,맑음,기타 - 기타,기타불명,기타불명,기타불명,기타불명,보행자,남,53세,중상
2014042200100538,2014년 4월 22일 21시,화요일,경상북도 안동시 송현동,중상사고,0,1,0,0,차대차 - 기타,안전운전불이행,건조,맑음,기타 - 기타,승용,남,40세,상해없음,승용,남,50세,중상
2014042200100569,2014년 4월 22일 22시,화요일,경상북도 포항시 북구 양덕동,경상사고,0,0,1,0,차대차 - 기타,안전운전불이행,건조,맑음,단일로 - 기타,승용,남,50세,상해없음,승용,남,33세,경상
2014042200100601,2014년 4월 22일 23시,화요일,경상북도 포항시 북구 죽도동,경상사고,0,0,4,0,차대차 - 기타,안전운전불이행,건조,맑음,교차로 - 교차로안,승용,남,62세,상해없음,승용,여,39세,경상
2014042300100017,2014년 4월 23일 00시,수요일,경상북도 포항시 북구 창포동,중상사고,0,1,0,0,차대사람 - 길가장자리구역통행중,안전운전불이행,건조,맑음,교차로 - 교차로부근,승용,남,34세,상해없음,보행자,남,61세,중상
2014042300100073,2014년 4월 23일 05시,수요일,경상북도 안동시 풍산읍,중상사고,0,2,2,0,차대차 - 정면충돌,안전운전불이행,건조,맑음,단일로 - 기타,승용,남,66세,상해없음,승용,남,66세,경상
2014042300100106,2014년 4월 23일 07시,수요일,경상북도 안동시 태화동,경상사고,0,0,1,0,차대차 - 기타,교차로운행방법위반,건조,맑음,교차로 - 교차로안,화물,남,43세,상해없음,승용,남,60세,경상
2014042300100107,2014년 4월 23일 07시,수요일,경상북도 성주군 성주읍,경상사고,0,0,2,0,차대차 - 측면직각충돌,직진우회전진행방해,기타,맑음,교차로 - 교차로안,화물,남,61세,경상,승용,남,28세,경상
2014042300100141,2014년 4월 23일 08시,수요일,경상북도 김천시 대광동,경상사고,0,0,1,0,차대차 - 측면직각충돌,안전운전불이행,건조,맑음,단일로 - 기타,화물,남,66세,상해없음,자전거,여,45세,경상
2014042300100142,2014년 4월 23일 08시,수요일,경상북도 영주시 하망동,경상사고,0,0,2,0,차대차 - 측면직각충돌,안전운전불이행,건조,맑음,단일로 - 기타,화물,남,61세,상해없음,승용,여,58세,경상
2014042300100143,2014년 4월 23일 08시,수요일,경상북도 구미시 고아읍,경상사고,0,0,2,0,차대차 - 기타,교차로운행방법위반,건조,맑음,교차로 - 교차로안,승용,여,41세,상해없음,승용,남,38세,경상
2014042300100144,2014년 4월 23일 08시,수요일,경상북도 포항시 남구 오천읍,경상사고,0,0,1,0,차대차 - 기타,신호위반,건조,맑음,교차로 - 교차로안,승용,여,39세,상해없음,화물,남,53세,경상
2014042300100171,2014년 4월 23일 09시,수요일,경상북도 경주시 남산동,경상사고,0,0,1,0,차대사람 - 기타,안전운전불이행,건조,맑음,교차로 - 교차로부근,승합,남,52세,상해없음,보행자,여,71세,경상
2014042300100192,2014년 4월 23일 10시,수요일,경상북도 경산시 옥산동,중상사고,0,1,0,0,차대사람 - 기타,보행자보호의무위반,건조,맑음,교차로 - 교차로부근,승용,남,56세,상해없음,보행자,여,33세,중상
2014042300100193,2014년 4월 23일 10시,수요일,경상북도 포항시 남구 연일읍,경상사고,0,0,1,0,차대사람 - 기타,안전운전불이행,건조,맑음,단일로 - 기타,화물,남,49세,상해없음,보행자,여,79세,경상
2014042300100219,2014년 4월 23일 11시,수요일,경상북도 경산시 자인면,경상사고,0,0,1,0,차대차 - 측면직각충돌,안전운전불이행,건조,맑음,교차로 - 교차로안,원동기,여,63세,경상,화물,남,42세,상해없음
2014042300100249,2014년 4월 23일 12시,수요일,경상북도 경주시 외동읍,경상사고,0,0,2,0,차대차 - 기타,안전운전불이행,건조,맑음,단일로 - 기타,화물,남,39세,상해없음,승용,여,45세,경상
2014042300100250,2014년 4월 23일 12시,수요일,경상북도 경주시 산내면,경상사고,0,0,2,0,차대차 - 기타,안전운전불이행,건조,맑음,단일로 - 기타,화물,남,45세,상해없음,화물,남,38세,경상
2014042300100273,2014년 4월 23일 13시,수요일,경상북도 경주시 성건동,경상사고,0,0,1,0,차대차 - 기타,안전운전불이행,건조,맑음,단일로 - 기타,원동기,남,18세,경상,승용,여,55세,상해없음
2014042300100274,2014년 4월 23일 13시,수요일,경상북도 영주시 하망동,경상사고,0,0,1,0,차대차 - 측면직각충돌,안전운전불이행,건조,맑음,교차로 - 교차로안,승용,남,62세,상해없음,자전거,남,15세,경상
2014042300100275,2014년 4월 23일 13시,수요일,경상북도 구미시 공단동,중상사고,0,1,0,0,차대차 - 기타,안전운전불이행,건조,맑음,단일로 - 기타,자전거,여,42세,중상,승용,남,35세,상해없음
2014042300100276,2014년 4월 23일 13시,수요일,경상북도 구미시 구평동,중상사고,0,1,0,0,차대차 - 기타,안전운전불이행,건조,맑음,단일로 - 기타,승용,남,32세,상해없음,승용,남,28세,중상
2014042300100319,2014년 4월 23일 15시,수요일,경상북도 안동시 태화동,중상사고,0,1,0,0,차량단독 - 기타,안전운전불이행,건조,맑음,단일로 - 기타,승합,남,53세,상해없음,,,,
2014042300100320,2014년 4월 23일 15시,수요일,경상북도 군위군 군위읍,중상사고,0,1,0,0,차량단독 - 전도전복,안전운전불이행,건조,맑음,단일로 - 기타,원동기,남,76세,중상,,,,
2014042300100350,2014년 4월 23일 16시,수요일,경상북도 울릉군 울릉읍,중상사고,0,1,0,0,차대사람 - 기타,안전운전불이행,건조,맑음,교차로 - 교차로부근,건설기계,남,60세,상해없음,보행자,여,84세,중상
2014042300100385,2014년 4월 23일 17시,수요일,경상북도 상주시 남성동,중상사고,0,1,0,0,차대차 - 기타,교차로운행방법위반,건조,맑음,교차로 - 교차로부근,승용,여,54세,상해없음,자전거,남,89세,중상
2014042300100410,2014년 4월 23일 18시,수요일,경상북도 영천시 금호읍,경상사고,0,0,2,0,차대차 - 측면직각충돌,안전운전불이행,건조,맑음,단일로 - 기타,화물,남,61세,경상,승용,남,53세,상해없음
2014042300100411,2014년 4월 23일 18시,수요일,경상북도 포항시 남구 오천읍,중상사고,0,1,1,0,차대차 - 측면직각충돌,직진우회전진행방해,건조,맑음,교차로 - 교차로안,승용,여,25세,중상,승용,여,30세,경상
2014042300100445,2014년 4월 23일 19시,수요일,경상북도 성주군 성주읍,경상사고,0,0,2,0,차대차 - 측면직각충돌,직진우회전진행방해,건조,맑음,교차로 - 교차로안,화물,남,45세,상해없음,원동기,남,31세,경상
2014042300100473,2014년 4월 23일 20시,수요일,경상북도 경주시 천북면,부상신고사고,0,0,0,1,차대차 - 기타,안전운전불이행,건조,맑음,단일로 - 기타,화물,기타불명,기타불명,기타불명,이륜,남,32세,부상신고
2014042300100474,2014년 4월 23일 20시,수요일,경상북도 포항시 북구 항구동,중상사고,0,1,0,0,차대차 - 정면충돌,신호위반,건조,맑음,교차로 - 교차로부근,승용,남,38세,상해없음,화물,남,37세,중상
2014042300100475,2014년 4월 23일 20시,수요일,경상북도 구미시 사곡동,사망사고,1,2,1,0,차대차 - 측면직각충돌,신호위반,건조,맑음,교차로 - 교차로안,승용,남,55세,상해없음,승용,남,30세,경상
2014042300100535,2014년 4월 23일 22시,수요일,경상북도 포항시 북구 양덕동,중상사고,0,1,0,0,차대차 - 기타,차로위반,건조,맑음,단일로 - 기타,승용,남,43세,상해없음,원동기,남,16세,중상
2014042300100536,2014년 4월 23일 22시,수요일,경상북도 경산시 삼풍동,중상사고,0,1,0,0,차대차 - 기타,안전운전불이행,건조,맑음,교차로 - 교차로부근,원동기,여,21세,중상,승용,남,44세,상해없음
2014042300100537,2014년 4월 23일 22시,수요일,경상북도 경산시 계양동,중상사고,0,2,0,0,차대차 - 기타,안전운전불이행,건조,맑음,교차로 - 교차로부근,승용,남,49세,상해없음,승용,여,41세,중상
2014042300100566,2014년 4월 23일 23시,수요일,경상북도 경주시 성동동,중상사고,0,1,0,0,차대사람 - 횡단중,안전운전불이행,건조,맑음,단일로 - 기타,승용,여,35세,상해없음,보행자,남,62세,중상
2014042300100567,2014년 4월 23일 23시,수요일,경상북도 포항시 북구 흥해읍,경상사고,0,0,1,1,차대차 - 측면직각충돌,교차로운행방법위반,건조,맑음,교차로 - 교차로안,승용,남,33세,부상신고,화물,남,44세,경상
2014042400100083,2014년 4월 24일 07시,목요일,경상북도 칠곡군 북삼읍,중상사고,0,1,0,0,차대차 - 측면직각충돌,신호위반,건조,맑음,교차로 - 교차로안,건설기계,남,42세,상해없음,승용,남,27세,중상
2014042400100084,2014년 4월 24일 07시,목요일,경상북도 영천시 문내동,경상사고,0,0,1,0,차대차 - 측면직각충돌,안전운전불이행,건조,맑음,단일로 - 기타,승용,남,35세,상해없음,원동기,남,41세,경상
2014042400100149,2014년 4월 24일 09시,목요일,경상북도 포항시 남구 동해면,중상사고,0,3,1,0,차량단독 - 전도전복,안전운전불이행,건조,맑음,단일로 - 기타,화물,남,68세,중상,,,,
2014042400100177,2014년 4월 24일 10시,목요일,경상북도 포항시 북구 죽도동,경상사고,0,0,1,0,차대차 - 기타,안전운전불이행,건조,맑음,단일로 - 횡단보도부근,승용,남,70세,상해없음,자전거,남,59세,경상
2014042400100178,2014년 4월 24일 10시,목요일,경상북도 포항시 북구 장성동,경상사고,0,0,1,0,차대차 - 기타,신호위반,건조,맑음,교차로 - 교차로안,승용,남,38세,상해없음,승용,여,37세,경상
2014042400100179,2014년 4월 24일 10시,목요일,경상북도 울진군 북면,중상사고,0,1,1,0,차대차 - 기타,안전운전불이행,건조,맑음,단일로 - 기타,승용,남,57세,상해없음,이륜,여,34세,중상
2014042400100180,2014년 4월 24일 10시,목요일,경상북도 고령군 고령읍,중상사고,0,1,0,0,차대차 - 추돌 - 주정차중,안전운전불이행,건조,맑음,교차로 - 교차로안,승용,남,75세,상해없음,승용,여,53세,중상
2014042400100181,2014년 4월 24일 10시,목요일,경상북도 영양군 영양읍,경상사고,0,0,1,0,차대사람 - 횡단중,보행자보호의무위반,건조,맑음,교차로 - 교차로부근,화물,여,51세,상해없음,보행자,남,46세,경상
2014042400100221,2014년 4월 24일 11시,목요일,경상북도 상주시 내서면,경상사고,0,0,2,0,차대차 - 기타,교차로운행방법위반,건조,맑음,교차로 - 교차로안,화물,남,65세,상해없음,승용,여,56세,경상
2014042400100245,2014년 4월 24일 12시,목요일,경상북도 경주시 강동면,사망사고,1,1,0,0,차대차 - 기타,중앙선침범,건조,맑음,단일로 - 기타,승용,여,34세,사망,승용,남,52세,중상
2014042400100266,2014년 4월 24일 13시,목요일,경상북도 경주시 성건동,중상사고,0,1,0,0,차대차 - 기타,안전운전불이행,건조,맑음,단일로 - 기타,승용,여,32세,상해없음,자전거,여,68세,중상
2014042400100267,2014년 4월 24일 13시,목요일,경상북도 구미시 구평동,경상사고,0,0,1,0,차대차 - 기타,기타,건조,맑음,단일로 - 기타,승용,여,44세,상해없음,이륜,남,40세,경상
2014042400100287,2014년 4월 24일 14시,목요일,경상북도 경주시 노서동,경상사고,0,0,1,0,차량단독 - 기타,안전운전불이행,건조,맑음,단일로 - 교량,승용,남,43세,상해없음,,,,
2014042400100288,2014년 4월 24일 14시,목요일,경상북도 포항시 북구 중앙동,경상사고,0,0,2,0,차대차 - 추돌 - 주정차중,안전운전불이행,건조,맑음,단일로 - 기타,승용,남,62세,상해없음,승용,남,28세,경상
2014042400100289,2014년 4월 24일 14시,목요일,경상북도 상주시 화북면,중상사고,0,1,0,0,차대차 - 측면직각충돌,교차로운행방법위반,건조,맑음,교차로 - 교차로안,승용,여,57세,상해없음,이륜,남,46세,중상
2014042400100290,2014년 4월 24일 14시,목요일,경상북도 영천시 교촌동,경상사고,0,0,1,0,차대차 - 추돌 - 주정차중,안전운전불이행,건조,맑음,단일로 - 기타,화물,남,31세,상해없음,승용,남,59세,경상
2014042400100291,2014년 4월 24일 14시,목요일,경상북도 영천시 화남면,중상사고,0,1,0,0,차대차 - 추돌 - 진행중,교차로운행방법위반,건조,맑음,교차로 - 교차로안,농기계,남,77세,중상,화물,남,18세,상해없음
2014042400100292,2014년 4월 24일 14시,목요일,경상북도 경산시 대동,부상신고사고,0,0,0,1,차대차 - 기타,안전운전불이행,건조,맑음,기타 - 기타,자전거,남,22세,부상신고,이륜,남,31세,상해없음
2014042400100293,2014년 4월 24일 14시,목요일,경상북도 경산시 남산면,경상사고,0,0,2,0,차대차 - 기타,중앙선침범,건조,맑음,단일로 - 기타,승용,여,59세,상해없음,승용,남,69세,경상
2014042400100334,2014년 4월 24일 15시,목요일,경상북도 영주시 하망동,중상사고,0,1,0,0,차대차 - 기타,안전운전불이행,건조,맑음,교차로 - 교차로안,승용,남,60세,상해없음,자전거,남,73세,중상
2014042400100368,2014년 4월 24일 16시,목요일,경상북도 경주시 노서동,경상사고,0,0,1,0,차대차 - 기타,안전운전불이행,건조,맑음,단일로 - 기타,원동기,남,32세,상해없음,승용,여,55세,경상
2014042400100369,2014년 4월 24일 16시,목요일,경상북도 안동시 평화동,중상사고,0,1,3,0,차대차 - 기타,직진우회전진행방해,건조,맑음,교차로 - 교차로안,승용,남,53세,경상,승합,남,33세,중상
2014042400100370,2014년 4월 24일 16시,목요일,경상북도 영천시 금호읍,경상사고,0,0,1,0,차대차 - 기타,교차로운행방법위반,건조,맑음,교차로 - 교차로안,승용,여,45세,상해없음,이륜,남,71세,경상
2014042400100404,2014년 4월 24일 17시,목요일,경상북도 안동시 안흥동,경상사고,0,0,2,0,차대차 - 기타,안전운전불이행,건조,맑음,단일로 - 기타,화물,남,50세,상해없음,원동기,남,55세,경상
2014042400100405,2014년 4월 24일 17시,목요일,경상북도 성주군 벽진면,경상사고,0,0,2,0,차대차 - 추돌 - 진행중,안전거리미확보,건조,맑음,기타 - 기타,화물,남,51세,상해없음,승용,남,55세,경상
2014042400100454,2014년 4월 24일 18시,목요일,경상북도 영주시 가흥동,중상사고,0,1,0,0,차대사람 - 기타,보행자보호의무위반,건조,맑음,단일로 - 횡단보도상,승용,여,53세,상해없음,보행자,남,4세,중상
2014042400100455,2014년 4월 24일 18시,목요일,경상북도 구미시 옥계동,중상사고,0,1,0,0,차대차 - 기타,안전운전불이행,건조,맑음,단일로 - 기타,이륜,남,39세,상해없음,자전거,남,12세,중상
2014042400100456,2014년 4월 24일 18시,목요일,경상북도 구미시 비산동,경상사고,0,0,3,0,차대차 - 기타,안전운전불이행,건조,맑음,교차로 - 교차로부근,승용,남,33세,경상,승용,남,57세,상해없음
2014042400100491,2014년 4월 24일 19시,목요일,경상북도 안동시 남문동,경상사고,0,0,1,0,차대차 - 기타,안전운전불이행,건조,맑음,단일로 - 기타,승용,남,18세,상해없음,승용,남,62세,상해없음
2014042400100492,2014년 4월 24일 19시,목요일,경상북도 경산시 하양읍,경상사고,0,0,1,0,차대차 - 기타,직진우회전진행방해,건조,맑음,교차로 - 교차로안,승용,남,25세,상해없음,원동기,남,24세,경상
2014042400100522,2014년 4월 24일 20시,목요일,경상북도 경주시 건천읍,중상사고,0,1,0,1,차대차 - 기타,안전운전불이행,건조,맑음,교차로 - 교차로부근,원동기,남,14세,부상신고,승용,남,50세,상해없음
2014042400100523,2014년 4월 24일 20시,목요일,경상북도 경산시 하양읍,경상사고,0,0,2,0,차대차 - 기타,안전운전불이행,건조,맑음,단일로 - 기타,승용,여,38세,상해없음,승용,남,48세,경상
2014042400100524,2014년 4월 24일 20시,목요일,경상북도 구미시 임수동,경상사고,0,0,1,0,차대차 - 기타,안전거리미확보,건조,맑음,교차로 - 교차로부근,이륜,여,33세,경상,승용,남,64세,상해없음
2014042400100556,2014년 4월 24일 21시,목요일,경상북도 성주군 성주읍,경상사고,0,0,1,0,차대차 - 측면직각충돌,안전운전불이행,기타,맑음,교차로 - 교차로부근,승용,여,40세,상해없음,원동기,남,52세,경상
2014042400100591,2014년 4월 24일 22시,목요일,경상북도 포항시 북구 장성동,경상사고,0,0,1,0,차대차 - 기타,차로위반,건조,맑음,교차로 - 교차로부근,승용,남,32세,상해없음,원동기,남,22세,경상
2014042400100592,2014년 4월 24일 22시,목요일,경상북도 울진군 후포면,중상사고,0,1,0,0,차량단독 - 전도전복,안전운전불이행,건조,맑음,단일로 - 기타,화물,남,75세,상해없음,,,,
2014042400100593,2014년 4월 24일 22시,목요일,경상북도 구미시 인의동,경상사고,0,0,2,0,차대차 - 기타,안전거리미확보,건조,맑음,단일로 - 기타,승용,남,40세,상해없음,승용,남,45세,경상
2014042400100616,2014년 4월 24일 23시,목요일,경상북도 포항시 북구 대신동,중상사고,0,1,1,0,차대차 - 기타,안전운전불이행,건조,맑음,단일로 - 기타,승용,남,39세,상해없음,승용,여,48세,중상
2014042400100617,2014년 4월 24일 23시,목요일,경상북도 안동시 정상동,중상사고,0,1,0,0,차대사람 - 기타,안전운전불이행,건조,맑음,단일로 - 기타,원동기,남,17세,상해없음,보행자,남,18세,중상
2014042400100618,2014년 4월 24일 23시,목요일,경상북도 영천시 문외동,중상사고,0,1,1,0,차대차 - 측면직각충돌,신호위반,건조,맑음,교차로 - 교차로안,원동기,남,19세,중상,승용,남,54세,경상
2014042400100619,2014년 4월 24일 23시,목요일,경상북도 구미시 남통동,중상사고,0,1,0,0,차대차 - 기타,중앙선침범,건조,맑음,단일로 - 기타,승용,여,47세,상해없음,승용,여,41세,중상
2014042500100019,2014년 4월 25일 00시,금요일,경상북도 포항시 북구 흥해읍,경상사고,0,0,2,0,차대차 - 기타,안전운전불이행,건조,맑음,단일로 - 기타,승용,남,52세,상해없음,승용,여,31세,경상
2014042500100020,2014년 4월 25일 00시,금요일,경상북도 구미시 상모동,부상신고사고,0,0,0,1,차대차 - 기타,신호위반,건조,맑음,교차로 - 교차로안,이륜,남,18세,부상신고,승용,남,47세,상해없음
2014042500100021,2014년 4월 25일 00시,금요일,경상북도 구미시 임수동,중상사고,0,1,0,0,차대차 - 기타,교차로운행방법위반,건조,맑음,교차로 - 교차로안,승용,남,25세,상해없음,이륜,남,28세,중상
2014042500100053,2014년 4월 25일 03시,금요일,경상북도 포항시 북구 죽도동,경상사고,0,0,1,0,차대차 - 기타,안전운전불이행,건조,맑음,교차로 - 교차로안,승용,여,52세,상해없음,기타불명,기타불명,기타불명,기타불명
2014042500100134,2014년 4월 25일 08시,금요일,경상북도 경주시 안강읍,중상사고,0,1,0,0,차대차 - 기타,안전운전불이행,건조,맑음,교차로 - 교차로안,승용,여,39세,상해없음,이륜,남,68세,중상
2014042500100135,2014년 4월 25일 08시,금요일,경상북도 영천시 청통면,중상사고,0,1,0,0,차대차 - 측면직각충돌,안전운전불이행,건조,맑음,교차로 - 교차로안,건설기계,남,58세,상해없음,원동기,남,48세,중상
2014042500100136,2014년 4월 25일 08시,금요일,경상북도 영덕군 영덕읍,경상사고,0,0,1,0,차대차 - 측면직각충돌,직진우회전진행방해,건조,맑음,교차로 - 교차로안,화물,남,66세,상해없음,승용,여,50세,경상
2014042500100137,2014년 4월 25일 08시,금요일,경상북도 구미시 구평동,경상사고,0,0,1,0,차대사람 - 기타,안전운전불이행,건조,맑음,단일로 - 기타,승용,여,41세,상해없음,보행자,여,37세,경상
2014042500100193,2014년 4월 25일 10시,금요일,경상북도 포항시 북구 항구동,중상사고,0,1,0,0,차대차 - 기타,안전운전불이행,건조,맑음,단일로 - 기타,승용,여,60세,상해없음,자전거,남,69세,중상
2014042500100194,2014년 4월 25일 10시,금요일,경상북도 의성군 점곡면,부상신고사고,0,0,0,1,차대차 - 측면직각충돌,안전운전불이행,건조,맑음,교차로 - 교차로안,원동기,남,78세,부상신고,화물,남,59세,상해없음
2014042500100195,2014년 4월 25일 10시,금요일,경상북도 예천군 예천읍,중상사고,0,2,1,0,차대차 - 측면직각충돌,안전운전불이행,건조,맑음,교차로 - 교차로안,승용,남,63세,경상,승용,남,65세,중상
2014042500100196,2014년 4월 25일 10시,금요일,경상북도 구미시 임수동,경상사고,0,0,1,0,차대사람 - 횡단중,보행자보호의무위반,건조,맑음,교차로 - 교차로안,승용,남,30세,상해없음,보행자,여,35세,경상
2014042500100218,2014년 4월 25일 11시,금요일,경상북도 포항시 북구 남빈동,중상사고,0,1,0,0,차대사람 - 횡단중,신호위반,건조,맑음,단일로 - 횡단보도상,승용,남,58세,상해없음,보행자,여,56세,중상
2014042500100219,2014년 4월 25일 11시,금요일,경상북도 구미시 진평동,중상사고,0,1,0,0,차대차 - 기타,안전운전불이행,건조,맑음,교차로 - 교차로안,승용,여,26세,상해없음,승용,남,49세,중상
2014042500100220,2014년 4월 25일 11시,금요일,경상북도 구미시 원평동,경상사고,0,0,1,0,차대차 - 기타,안전운전불이행,건조,맑음,교차로 - 교차로안,기타불명,기타불명,기타불명,기타불명,이륜,남,70세,경상
2014042500100243,2014년 4월 25일 12시,금요일,경상북도 봉화군 석포면,중상사고,0,2,1,0,차대차 - 정면충돌,중앙선침범,건조,맑음,교차로 - 교차로부근,원동기,남,52세,중상,원동기,남,24세,중상
2014042500100263,2014년 4월 25일 13시,금요일,경상북도 구미시 선기동,중상사고,0,1,2,0,차대차 - 기타,안전운전불이행,건조,맑음,기타 - 기타,화물,남,27세,상해없음,승용,여,47세,중상
2014042500100264,2014년 4월 25일 13시,금요일,경상북도 구미시 원평동,경상사고,0,0,1,0,차량단독 - 공작물충돌,안전운전불이행,건조,맑음,기타 - 기타,승용,남,45세,상해없음,,,,
2014042500100302,2014년 4월 25일 14시,금요일,경상북도 경주시 석장동,부상신고사고,0,0,0,1,차대차 - 기타,안전운전불이행,건조,맑음,단일로 - 기타,이륜,남,18세,부상신고,승용,남,37세,상해없음
2014042500100303,2014년 4월 25일 14시,금요일,경상북도 영천시 완산동,경상사고,0,0,1,0,차대차 - 추돌 - 주정차중,안전운전불이행,건조,맑음,단일로 - 기타,승용,남,61세,상해없음,승용,여,56세,경상
2014042500100304,2014년 4월 25일 14시,금요일,경상북도 경산시 남천면,경상사고,0,0,1,0,차대차 - 측면직각충돌,교차로운행방법위반,건조,맑음,교차로 - 교차로안,화물,남,46세,상해없음,승용,여,37세,경상
2014042500100305,2014년 4월 25일 14시,금요일,경상북도 영덕군 병곡면,경상사고,0,0,1,0,차량단독 - 전도전복,안전운전불이행,건조,맑음,단일로 - 기타,자전거,남,69세,경상,,,,
2014042500100338,2014년 4월 25일 15시,금요일,경상북도 포항시 북구 창포동,경상사고,0,0,1,0,차대사람 - 기타,안전운전불이행,건조,맑음,단일로 - 기타,승용,남,28세,상해없음,보행자,남,21세,경상
2014042500100339,2014년 4월 25일 15시,금요일,경상북도 문경시 호계면,중상사고,0,1,0,0,차대사람 - 길가장자리구역통행중,안전운전불이행,건조,맑음,단일로 - 기타,승용,남,75세,상해없음,보행자,남,72세,중상
2014042500100340,2014년 4월 25일 15시,금요일,경상북도 경산시 하양읍,중상사고,0,1,0,0,차대차 - 기타,안전운전불이행,건조,맑음,단일로 - 기타,화물,남,28세,상해없음,자전거,남,73세,중상
2014042500100379,2014년 4월 25일 16시,금요일,경상북도 경주시 동천동,경상사고,0,0,2,1,차대차 - 기타,안전운전불이행,건조,맑음,교차로 - 교차로안,승용,여,42세,부상신고,승용,남,43세,경상
2014042500100380,2014년 4월 25일 16시,금요일,경상북도 포항시 북구 장성동,중상사고,0,1,0,0,차대차 - 기타,안전운전불이행,건조,맑음,단일로 - 기타,승용,남,38세,상해없음,자전거,남,45세,중상
2014042500100381,2014년 4월 25일 16시,금요일,경상북도 포항시 북구 장성동,경상사고,0,0,2,0,차대차 - 기타,차로위반,건조,맑음,단일로 - 기타,승합,남,62세,상해없음,승용,여,70세,경상
2014042500100382,2014년 4월 25일 16시,금요일,경상북도 포항시 북구 신흥동,경상사고,0,0,1,0,차대사람 - 기타,안전운전불이행,건조,맑음,단일로 - 기타,원동기,남,67세,상해없음,보행자,여,48세,경상
2014042500100383,2014년 4월 25일 16시,금요일,경상북도 영덕군 창수면,중상사고,0,1,0,0,차대차 - 정면충돌,중앙선침범,건조,맑음,단일로 - 기타,이륜,여,52세,중상,승합,여,56세,상해없음
2014042500100384,2014년 4월 25일 16시,금요일,경상북도 구미시 구평동,경상사고,0,0,1,0,차대차 - 기타,안전운전불이행,건조,맑음,단일로 - 기타,승용,여,42세,상해없음,승용,여,27세,경상
2014042500100426,2014년 4월 25일 17시,금요일,경상북도 안동시 송현동,중상사고,0,1,0,0,차대차 - 측면직각충돌,안전거리미확보,건조,맑음,기타 - 기타,승용,남,54세,상해없음,화물,남,40세,중상
2014042500100427,2014년 4월 25일 17시,금요일,경상북도 경산시 진량읍,경상사고,0,0,1,0,차대차 - 기타,안전운전불이행,건조,맑음,단일로 - 기타,승용,남,50세,상해없음,승용,여,44세,경상
2014042500100428,2014년 4월 25일 17시,금요일,경상북도 봉화군 봉화읍,경상사고,0,0,1,0,차량단독 - 공작물충돌,안전운전불이행,건조,맑음,단일로 - 기타,특수,남,44세,경상,,,,
2014042500100429,2014년 4월 25일 17시,금요일,경상북도 포항시 남구 오천읍,경상사고,0,0,1,0,차대사람 - 기타,안전운전불이행,건조,맑음,기타 - 기타,승용,남,42세,상해없음,보행자,여,38세,경상
2014042500100473,2014년 4월 25일 18시,금요일,경상북도 경주시 외동읍,경상사고,0,0,1,0,차대사람 - 기타,안전운전불이행,건조,맑음,기타 - 기타,승용,여,46세,상해없음,보행자,여,57세,경상
2014042500100474,2014년 4월 25일 18시,금요일,경상북도 경주시 천북면,경상사고,0,0,2,0,차대차 - 기타,안전운전불이행,건조,맑음,교차로 - 교차로안,화물,남,52세,경상,화물,남,57세,상해없음
2014042500100475,2014년 4월 25일 18시,금요일,경상북도 경산시 압량면,경상사고,0,0,3,0,차대차 - 기타,안전운전불이행,건조,맑음,교차로 - 교차로부근,승용,남,55세,상해없음,승용,남,51세,경상
2014042500100476,2014년 4월 25일 18시,금요일,경상북도 청도군 이서면,중상사고,0,1,0,0,차대차 - 기타,신호위반,건조,맑음,교차로 - 교차로안,승용,남,66세,상해없음,원동기,남,48세,중상
2014042500100509,2014년 4월 25일 19시,금요일,경상북도 포항시 북구 우현동,중상사고,0,1,0,0,차대차 - 기타,안전운전불이행,건조,맑음,단일로 - 기타,원동기,남,20세,상해없음,자전거,남,73세,중상
2014042500100510,2014년 4월 25일 19시,금요일,경상북도 영주시 이산면,중상사고,0,1,2,0,차대차 - 추돌 - 진행중,안전운전불이행,건조,맑음,단일로 - 기타,승용,남,74세,상해없음,승용,여,36세,중상
2014042500100511,2014년 4월 25일 19시,금요일,경상북도 경산시 유곡동,중상사고,0,1,0,0,차대차 - 기타,중앙선침범,건조,맑음,교차로 - 교차로부근,승용,남,29세,상해없음,화물,남,59세,중상
2014042500100551,2014년 4월 25일 20시,금요일,경상북도 구미시 송정동,중상사고,0,1,1,0,차대차 - 기타,안전거리미확보,건조,맑음,교차로 - 교차로안,승용,남,31세,상해없음,승용,여,58세,경상
2014042500100552,2014년 4월 25일 20시,금요일,경상북도 포항시 남구 오천읍,경상사고,0,0,1,0,차대차 - 기타,안전운전불이행,건조,맑음,단일로 - 기타,화물,남,56세,상해없음,승용,남,50세,경상
2014042500100587,2014년 4월 25일 21시,금요일,경상북도 경산시 정평동,중상사고,0,1,0,0,차대사람 - 기타,안전운전불이행,건조,맑음,단일로 - 기타,승합,여,49세,상해없음,보행자,여,52세,중상