사고번호,사고일시,요일,시군구,사고내용,사망자수,중상자수,경상자수,부상신고자수,사고유형,법규위반,노면상태,기상상태,도로형태,가해운전자 차종,가해운전자 성별,가해운전자 연령,가해운전자 상해정도,피해운전자 차종,피해운전자 성별,피해운전자 연령,피해운전자 상해정도
2014042500100588,2014년 4월 25일 21시,금요일,경상북도 고령군 고령읍,중상사고,0,1,0,0,차대사람 - 기타,교차로운행방법위반,건조,맑음,교차로 - 교차로부근,화물,남,53세,상해없음,보행자,여,77세,중상
2014042500100627,2014년 4월 25일 22시,금요일,경상북도 경산시 하양읍,중상사고,0,1,0,0,차대차 - 측면직각충돌,안전운전불이행,건조,맑음,교차로 - 교차로안,승용,남,40세,상해없음,원동기,남,18세,중상
2014042500100651,2014년 4월 25일 23시,금요일,경상북도 경주시 동천동,경상사고,0,0,1,0,차대차 - 기타,안전운전불이행,건조,맑음,단일로 - 기타,화물,남,22세,상해없음,승용,남,58세,경상
2014042600100019,2014년 4월 26일 00시,토요일,경상북도 경주시 현곡면,경상사고,0,0,1,0,차대사람 - 기타,보행자보호의무위반,건조,맑음,교차로 - 교차로안,승용,남,35세,상해없음,보행자,여,37세,경상
2014042600100020,2014년 4월 26일 00시,토요일,경상북도 포항시 북구 남빈동,중상사고,0,1,0,0,차대사람 - 횡단중,안전운전불이행,건조,맑음,교차로 - 교차로부근,승용,남,43세,상해없음,보행자,여,20세,중상
2014042600100021,2014년 4월 26일 00시,토요일,경상북도 구미시 고아읍,경상사고,0,0,1,0,차대사람 - 기타,안전운전불이행,건조,기타,단일로 - 횡단보도상,승용,남,34세,상해없음,보행자,남,33세,경상
2014042600100022,2014년 4월 26일 00시,토요일,경상북도 영천시 본촌동,중상사고,0,2,1,0,차대차 - 측면직각충돌,안전운전불이행,건조,맑음,단일로 - 기타,승용,남,44세,경상,승합,여,45세,중상
2014042600100106,2014년 4월 26일 06시,토요일,경상북도 구미시 공단동,중상사고,0,1,1,0,차대차 - 추돌 - 진행중,안전운전불이행,건조,맑음,단일로 - 기타,승용,남,19세,상해없음,승용,남,51세,중상
2014042600100159,2014년 4월 26일 09시,토요일,경상북도 경산시 신천동,중상사고,0,1,0,0,차대차 - 기타,안전운전불이행,건조,맑음,단일로 - 기타,원동기,남,22세,중상,화물,남,72세,상해없음
2014042600100188,2014년 4월 26일 10시,토요일,경상북도 문경시 문경읍,중상사고,0,1,0,0,차대사람 - 차도통행중,안전운전불이행,건조,맑음,단일로 - 기타,화물,남,43세,상해없음,보행자,남,87세,중상
2014042600100217,2014년 4월 26일 11시,토요일,경상북도 경주시 산내면,경상사고,0,0,1,0,차대차 - 기타,안전운전불이행,건조,맑음,단일로 - 기타,화물,남,64세,상해없음,이륜,남,73세,경상
2014042600100218,2014년 4월 26일 11시,토요일,경상북도 경산시 중산동,경상사고,0,0,1,0,차대차 - 기타,불법유턴,건조,맑음,단일로 - 기타,자전거,남,12세,경상,승용,남,74세,상해없음
2014042600100246,2014년 4월 26일 12시,토요일,경상북도 영주시 휴천동,경상사고,0,0,1,0,차대차 - 측면직각충돌,안전운전불이행,건조,맑음,단일로 - 기타,승용,여,45세,상해없음,자전거,여,8세,경상
2014042600100247,2014년 4월 26일 12시,토요일,경상북도 문경시 문경읍,경상사고,0,0,1,0,차대차 - 추돌 - 진행중,안전거리미확보,건조,맑음,단일로 - 기타,원동기,남,83세,경상,승합,남,67세,상해없음
2014042600100248,2014년 4월 26일 12시,토요일,경상북도 경산시 삼풍동,부상신고사고,0,0,0,1,차대차 - 기타,중앙선침범,건조,맑음,단일로 - 기타,승용,여,35세,상해없음,이륜,남,18세,부상신고
2014042600100278,2014년 4월 26일 13시,토요일,경상북도 안동시 법흥동,경상사고,0,0,1,0,차대차 - 추돌 - 주정차중,안전운전불이행,건조,맑음,단일로 - 기타,승용,여,45세,상해없음,승용,여,34세,경상
2014042600100279,2014년 4월 26일 13시,토요일,경상북도 김천시 신음동,중상사고,0,1,0,0,차대사람 - 기타,안전운전불이행,건조,맑음,기타 - 기타,승용,남,33세,상해없음,보행자,여,43세,중상
2014042600100280,2014년 4월 26일 13시,토요일,경상북도 칠곡군 석적읍,경상사고,0,0,1,0,차대차 - 측면직각충돌,신호위반,건조,맑음,교차로 - 교차로안,승용,여,38세,상해없음,이륜,남,28세,경상
2014042600100281,2014년 4월 26일 13시,토요일,경상북도 영덕군 영덕읍,경상사고,0,0,2,0,차대차 - 측면직각충돌,안전운전불이행,건조,맑음,단일로 - 기타,화물,남,46세,경상,농기계,남,60세,경상
2014042600100282,2014년 4월 26일 13시,토요일,경상북도 구미시 형곡동,경상사고,0,0,1,0,차대차 - 기타,안전운전불이행,건조,맑음,교차로 - 교차로부근,승용,남,28세,상해없음,자전거,남,22세,경상
2014042600100283,2014년 4월 26일 13시,토요일,경상북도 구미시 고아읍,경상사고,0,0,1,0,차대차 - 기타,안전운전불이행,건조,맑음,교차로 - 교차로부근,승용,여,44세,상해없음,자전거,남,12세,경상
2014042600100317,2014년 4월 26일 14시,토요일,경상북도 경산시 정평동,경상사고,0,0,1,0,차대차 - 측면직각충돌,중앙선침범,건조,맑음,단일로 - 기타,승용,남,63세,상해없음,승용,남,53세,경상
2014042600100348,2014년 4월 26일 15시,토요일,경상북도 포항시 북구 장성동,경상사고,0,0,1,0,차대차 - 기타,안전운전불이행,건조,맑음,단일로 - 기타,승용,여,36세,상해없음,승용,여,34세,경상
2014042600100387,2014년 4월 26일 16시,토요일,경상북도 안동시 평화동,경상사고,0,0,1,0,차대사람 - 횡단중,안전운전불이행,건조,맑음,단일로 - 기타,이륜,남,17세,상해없음,보행자,남,14세,경상
2014042600100388,2014년 4월 26일 16시,토요일,경상북도 의성군 안계면,경상사고,0,0,1,0,차대차 - 측면직각충돌,안전운전불이행,건조,맑음,단일로 - 기타,승용,남,48세,상해없음,원동기,남,83세,경상
2014042600100389,2014년 4월 26일 16시,토요일,경상북도 경산시 자인면,중상사고,0,1,0,0,차대차 - 기타,안전운전불이행,건조,흐림,교차로 - 교차로부근,승용,여,44세,상해없음,이륜,남,44세,중상
2014042600100390,2014년 4월 26일 16시,토요일,경상북도 고령군 쌍림면,부상신고사고,0,0,0,3,차대사람 - 횡단중,교차로운행방법위반,건조,맑음,교차로 - 교차로부근,승용,남,48세,상해없음,보행자,여,64세,부상신고
2014042600100391,2014년 4월 26일 16시,토요일,경상북도 구미시 구평동,경상사고,0,0,2,3,차대차 - 기타,안전거리미확보,건조,맑음,단일로 - 기타,승합,남,62세,부상신고,승용,남,38세,경상
2014042600100435,2014년 4월 26일 17시,토요일,경상북도 경주시 황오동,경상사고,0,0,1,0,차대사람 - 기타,안전운전불이행,건조,맑음,단일로 - 기타,승용,남,31세,기타불명,보행자,남,24세,경상
2014042600100436,2014년 4월 26일 17시,토요일,경상북도 경주시 배반동,경상사고,0,0,1,0,차대차 - 추돌 - 주정차중,안전운전불이행,건조,맑음,단일로 - 기타,승합,남,42세,상해없음,화물,남,33세,경상
2014042600100437,2014년 4월 26일 17시,토요일,경상북도 경산시 압량면,경상사고,0,0,1,0,차대사람 - 기타,안전운전불이행,건조,맑음,단일로 - 기타,승용,남,25세,상해없음,보행자,여,46세,경상
2014042600100471,2014년 4월 26일 18시,토요일,경상북도 영주시 하망동,경상사고,0,0,3,0,차대차 - 측면직각충돌,안전운전불이행,건조,맑음,교차로 - 교차로안,화물,남,26세,상해없음,승용,여,44세,경상
2014042600100472,2014년 4월 26일 18시,토요일,경상북도 영천시 창구동,경상사고,0,0,1,0,차대차 - 측면직각충돌,안전운전불이행,건조,맑음,단일로 - 기타,승용,남,29세,상해없음,자전거,남,62세,경상
2014042600100515,2014년 4월 26일 19시,토요일,경상북도 의성군 단밀면,중상사고,0,1,0,0,차대차 - 측면직각충돌,안전운전불이행,건조,맑음,단일로 - 기타,이륜,남,77세,중상,화물,남,55세,상해없음
2014042600100516,2014년 4월 26일 19시,토요일,경상북도 영천시 청통면,경상사고,0,0,2,0,차대차 - 기타,안전운전불이행,건조,맑음,교차로 - 교차로안,승용,여,30세,상해없음,승용,남,31세,경상
2014042600100517,2014년 4월 26일 19시,토요일,경상북도 울진군 죽변면,중상사고,0,1,0,0,차대사람 - 횡단중,안전운전불이행,건조,맑음,단일로 - 기타,승용,남,54세,상해없음,보행자,남,8세,중상
2014042600100546,2014년 4월 26일 20시,토요일,경상북도 경주시 산내면,경상사고,0,0,1,0,차대차 - 기타,안전운전불이행,건조,맑음,교차로 - 교차로안,승용,여,62세,경상,승용,남,51세,상해없음
2014042600100547,2014년 4월 26일 20시,토요일,경상북도 성주군 대가면,중상사고,0,1,0,0,차대차 - 정면충돌,중앙선침범,건조,맑음,단일로 - 기타,화물,남,35세,상해없음,화물,남,37세,중상
2014042600100548,2014년 4월 26일 20시,토요일,경상북도 울진군 온정면,중상사고,0,1,0,0,차대차 - 추돌 - 진행중,안전운전불이행,건조,맑음,단일로 - 기타,화물,남,56세,상해없음,농기계,남,58세,중상
2014042600100575,2014년 4월 26일 21시,토요일,경상북도 영주시 휴천동,경상사고,0,0,1,0,차대차 - 측면직각충돌,안전거리미확보,건조,맑음,단일로 - 기타,승용,남,44세,상해없음,승용,남,40세,상해없음
2014042600100576,2014년 4월 26일 21시,토요일,경상북도 칠곡군 동명면,중상사고,0,1,0,0,차대사람 - 횡단중,안전운전불이행,건조,맑음,단일로 - 기타,승용,남,61세,상해없음,보행자,남,74세,중상
2014042600100577,2014년 4월 26일 21시,토요일,경상북도 포항시 남구 대도동,경상사고,0,0,1,0,차대차 - 측면직각충돌,신호위반,건조,맑음,교차로 - 교차로안,승용,남,44세,상해없음,승용,남,54세,경상
2014042600100603,2014년 4월 26일 22시,토요일,경상북도 포항시 북구 죽도동,경상사고,0,0,3,0,차대차 - 측면직각충돌,차로위반,건조,맑음,단일로 - 기타,승용,남,29세,상해없음,승용,남,23세,경상
2014042600100604,2014년 4월 26일 22시,토요일,경상북도 김천시 평화동,부상신고사고,0,0,0,1,차대차 - 측면직각충돌,안전운전불이행,건조,맑음,교차로 - 교차로부근,이륜,남,19세,부상신고,승용,남,39세,상해없음
2014042600100624,2014년 4월 26일 23시,토요일,경상북도 영주시 가흥동,경상사고,0,0,1,0,차대사람 - 기타,안전운전불이행,건조,맑음,교차로 - 교차로안,승용,남,47세,상해없음,보행자,남,23세,경상
2014042600100625,2014년 4월 26일 23시,토요일,경상북도 구미시 사곡동,중상사고,0,1,0,0,차대차 - 측면직각충돌,직진우회전진행방해,건조,맑음,교차로 - 교차로안,승용,남,58세,상해없음,승용,남,43세,중상
2014042600100626,2014년 4월 26일 23시,토요일,경상북도 포항시 남구 대도동,중상사고,0,1,0,0,차대차 - 추돌 - 주정차중,안전운전불이행,건조,맑음,단일로 - 기타,이륜,남,28세,중상,승용,여,25세,기타불명
2014042700100017,2014년 4월 27일 00시,일요일,경상북도 구미시 인의동,경상사고,0,0,3,0,차대차 - 기타,안전운전불이행,건조,맑음,교차로 - 교차로안,승용,남,33세,상해없음,승용,남,47세,경상
2014042700100018,2014년 4월 27일 00시,일요일,경상북도 구미시 송정동,중상사고,0,2,1,0,차대차 - 측면직각충돌,신호위반,건조,맑음,교차로 - 교차로안,이륜,남,15세,상해없음,승용,여,29세,경상
2014042700100040,2014년 4월 27일 01시,일요일,경상북도 구미시 구평동,경상사고,0,0,1,0,차대차 - 추돌 - 주정차중,안전운전불이행,건조,맑음,교차로 - 교차로부근,승용,남,33세,상해없음,승용,여,44세,상해없음
2014042700100055,2014년 4월 27일 02시,일요일,경상북도 경주시 노서동,경상사고,0,0,1,0,차대차 - 기타,안전운전불이행,건조,맑음,교차로 - 교차로안,원동기,남,16세,경상,승용,남,57세,상해없음
2014042700100056,2014년 4월 27일 02시,일요일,경상북도 상주시 신봉동,사망사고,1,0,0,0,차량단독 - 공작물충돌,안전운전불이행,건조,기타,단일로 - 기타,원동기,남,34세,사망,,,,
2014042700100057,2014년 4월 27일 02시,일요일,경상북도 포항시 남구 대도동,중상사고,0,1,0,0,차대사람 - 횡단중,안전운전불이행,건조,맑음,단일로 - 기타,승용,남,46세,상해없음,보행자,남,38세,중상
2014042700100080,2014년 4월 27일 03시,일요일,경상북도 포항시 남구 이동,경상사고,0,0,2,0,차대차 - 측면직각충돌,안전운전불이행,건조,맑음,교차로 - 교차로안,승용,남,56세,상해없음,승용,남,60세,경상
2014042700100092,2014년 4월 27일 04시,일요일,경상북도 경산시 조영동,경상사고,0,0,1,0,차대차 - 기타,안전운전불이행,건조,맑음,단일로 - 기타,승용,여,45세,상해없음,자전거,여,66세,경상
2014042700100125,2014년 4월 27일 07시,일요일,경상북도 안동시 신안동,경상사고,0,0,2,0,차대차 - 추돌 - 진행중,안전운전불이행,건조,맑음,기타 - 기타,승용,남,47세,상해없음,승용,남,64세,경상
2014042700100126,2014년 4월 27일 07시,일요일,경상북도 예천군 감천면,경상사고,0,0,1,0,차대차 - 측면직각충돌,안전운전불이행,건조,맑음,단일로 - 기타,화물,남,61세,상해없음,화물,남,33세,경상
2014042700100142,2014년 4월 27일 08시,일요일,경상북도 포항시 북구 남빈동,경상사고,0,0,1,0,차대차 - 정면충돌,중앙선침범,건조,맑음,단일로 - 기타,원동기,남,23세,상해없음,자전거,남,26세,경상
2014042700100183,2014년 4월 27일 10시,일요일,경상북도 경주시 성건동,경상사고,0,0,1,0,차대사람 - 기타,안전운전불이행,건조,흐림,교차로 - 교차로부근,승용,남,65세,상해없음,보행자,여,67세,경상
2014042700100184,2014년 4월 27일 10시,일요일,경상북도 안동시 성곡동,경상사고,0,0,1,0,차대차 - 추돌 - 진행중,중앙선침범,건조,맑음,교차로 - 교차로부근,승용,여,56세,상해없음,승용,여,53세,경상
2014042700100185,2014년 4월 27일 10시,일요일,경상북도 경산시 하양읍,경상사고,0,0,3,0,차대차 - 기타,안전운전불이행,건조,맑음,단일로 - 기타,승용,남,70세,상해없음,승용,여,61세,경상
2014042700100253,2014년 4월 27일 13시,일요일,경상북도 경주시 건천읍,경상사고,0,0,2,0,차대차 - 기타,안전운전불이행,건조,맑음,교차로 - 교차로부근,승용,여,58세,기타불명,승용,여,30세,경상
2014042700100254,2014년 4월 27일 13시,일요일,경상북도 구미시 고아읍,중상사고,0,1,0,0,차대사람 - 기타,안전운전불이행,기타,기타,단일로 - 횡단보도부근,승합,남,55세,상해없음,보행자,여,10세,중상
2014042700100289,2014년 4월 27일 14시,일요일,경상북도 상주시 냉림동,경상사고,0,0,1,0,차대차 - 추돌 - 진행중,안전운전불이행,건조,맑음,단일로 - 기타,승용,남,75세,상해없음,자전거,남,77세,경상
2014042700100290,2014년 4월 27일 14시,일요일,경상북도 영천시 야사동,경상사고,0,0,1,1,차대차 - 추돌 - 진행중,안전운전불이행,건조,맑음,교차로 - 교차로부근,원동기,남,90세 이상,부상신고,승용,여,90세 이상,경상
2014042700100291,2014년 4월 27일 14시,일요일,경상북도 경산시 조영동,경상사고,0,0,2,0,차대차 - 기타,교차로운행방법위반,건조,흐림,교차로 - 교차로안,승용,남,30세,상해없음,승용,남,51세,경상
2014042700100292,2014년 4월 27일 14시,일요일,경상북도 영덕군 영해면,중상사고,0,1,0,0,차대차 - 기타,안전운전불이행,건조,맑음,단일로 - 기타,승용,남,71세,상해없음,자전거,여,57세,중상
2014042700100324,2014년 4월 27일 15시,일요일,경상북도 포항시 북구 기계면,중상사고,0,1,0,0,차대사람 - 횡단중,안전운전불이행,건조,맑음,단일로 - 기타,승용,남,48세,상해없음,보행자,여,58세,중상
2014042700100325,2014년 4월 27일 15시,일요일,경상북도 상주시 이안면,경상사고,0,0,2,0,차대차 - 측면직각충돌,교차로운행방법위반,건조,흐림,교차로 - 교차로안,화물,남,56세,상해없음,승용,여,44세,경상
2014042700100352,2014년 4월 27일 16시,일요일,경상북도 경주시 동천동,경상사고,0,0,1,0,차대차 - 기타,안전운전불이행,건조,맑음,단일로 - 기타,승용,여,33세,상해없음,자전거,여,10세,경상
2014042700100394,2014년 4월 27일 18시,일요일,경상북도 포항시 북구 우현동,경상사고,0,0,1,0,차대차 - 기타,안전운전불이행,건조,흐림,교차로 - 교차로부근,승용,남,30세,상해없음,승용,남,44세,경상
2014042700100395,2014년 4월 27일 18시,일요일,경상북도 포항시 북구 청하면,중상사고,0,1,1,0,차량단독 - 공작물충돌,안전운전불이행,건조,맑음,단일로 - 기타,승용,남,41세,경상,,,,
2014042700100396,2014년 4월 27일 18시,일요일,경상북도 칠곡군 왜관읍,부상신고사고,0,0,0,1,차량단독 - 공작물충돌,안전운전불이행,습기,비,단일로 - 기타,승용,남,44세,부상신고,,,,
2014042700100397,2014년 4월 27일 18시,일요일,경상북도 고령군 다산면,경상사고,0,0,1,0,차대차 - 추돌 - 주정차중,안전운전불이행,건조,기타,기타 - 기타,승용,남,34세,경상,승용,남,40세,상해없음
2014042700100398,2014년 4월 27일 18시,일요일,경상북도 고령군 다산면,중상사고,0,1,1,0,차대차 - 측면직각충돌,중앙선침범,건조,맑음,교차로 - 교차로안,승용,남,34세,경상,승용,남,52세,중상
2014042700100445,2014년 4월 27일 19시,일요일,경상북도 울진군 울진읍,경상사고,0,0,1,0,차대차 - 기타,안전운전불이행,습기,흐림,단일로 - 기타,승용,여,25세,상해없음,원동기,남,16세,경상
2014042700100488,2014년 4월 27일 20시,일요일,경상북도 상주시 무양동,중상사고,0,2,0,0,차대차 - 기타,안전운전불이행,습기,비,단일로 - 기타,승용,남,36세,상해없음,화물,남,56세,중상
2014042700100489,2014년 4월 27일 20시,일요일,경상북도 문경시 문경읍,경상사고,0,0,2,0,차대차 - 추돌 - 주정차중,안전운전불이행,습기,비,기타 - 기타,화물,남,43세,상해없음,승용,남,66세,경상
2014042700100538,2014년 4월 27일 21시,일요일,경상북도 경주시 양남면,중상사고,0,2,1,0,차대차 - 기타,중앙선침범,습기,비,단일로 - 기타,승용,여,49세,경상,승용,여,50세,중상
2014042700100539,2014년 4월 27일 21시,일요일,경상북도 포항시 남구 청림동,경상사고,0,0,2,0,차대차 - 기타,신호위반,건조,맑음,교차로 - 교차로안,승용,여,22세,상해없음,승용,남,26세,경상
2014042700100540,2014년 4월 27일 21시,일요일,경상북도 포항시 남구 연일읍,중상사고,0,1,1,0,차대차 - 추돌 - 주정차중,안전운전불이행,건조,맑음,단일로 - 기타,이륜,남,18세,상해없음,승용,남,25세,중상
2014042700100581,2014년 4월 27일 22시,일요일,경상북도 경주시 충효동,경상사고,0,0,1,0,차대차 - 측면직각충돌,안전운전불이행,습기,비,단일로 - 횡단보도부근,승용,남,51세,상해없음,승용,여,48세,경상
2014042700100582,2014년 4월 27일 22시,일요일,경상북도 경주시 양남면,중상사고,0,1,0,0,차대차 - 측면직각충돌,안전운전불이행,습기,비,교차로 - 교차로안,승용,여,45세,중상,특수,남,28세,상해없음
2014042700100583,2014년 4월 27일 22시,일요일,경상북도 경주시 황성동,경상사고,0,0,1,0,차대차 - 기타,안전운전불이행,습기,비,단일로 - 기타,승용,남,40세,상해없음,승용,여,27세,경상
2014042700100584,2014년 4월 27일 22시,일요일,경상북도 포항시 남구 상도동,경상사고,0,0,1,0,차대사람 - 기타,교차로운행방법위반,건조,맑음,교차로 - 교차로부근,승용,남,46세,상해없음,보행자,남,22세,경상
2014042700100617,2014년 4월 27일 23시,일요일,경상북도 경주시 안강읍,중상사고,0,1,1,0,차량단독 - 공작물충돌,안전운전불이행,습기,비,단일로 - 기타,승용,남,33세,상해없음,,,,
2014042700100618,2014년 4월 27일 23시,일요일,경상북도 김천시 지좌동,경상사고,0,0,1,0,차대차 - 측면직각충돌,안전운전불이행,건조,맑음,단일로 - 기타,화물,남,23세,상해없음,승합,남,47세,경상
2014042700100619,2014년 4월 27일 23시,일요일,경상북도 영주시 휴천동,경상사고,0,0,1,0,차대사람 - 기타,보행자보호의무위반,습기,비,단일로 - 횡단보도상,승용,남,32세,상해없음,보행자,남,36세,경상
2014042700100620,2014년 4월 27일 23시,일요일,경상북도 구미시 황상동,경상사고,0,0,1,0,차대차 - 기타,안전운전불이행,건조,맑음,교차로 - 교차로부근,승용,남,41세,상해없음,승용,남,28세,경상
2014042800100010,2014년 4월 28일 00시,월요일,경상북도 경주시 황성동,경상사고,0,0,1,0,차대사람 - 기타,안전운전불이행,습기,비,단일로 - 기타,기타불명,기타불명,기타불명,기타불명,보행자,남,14세,경상
2014042800100011,2014년 4월 28일 00시,월요일,경상북도 포항시 북구 양덕동,경상사고,0,0,2,0,차대차 - 기타,교차로운행방법위반,습기,비,교차로 - 교차로안,승용,여,44세,상해없음,승용,남,53세,경상
2014042800100030,2014년 4월 28일 01시,월요일,경상북도 성주군 성주읍,경상사고,0,0,4,0,차량단독 - 공작물충돌,안전운전불이행,습기,비,기타 - 기타,승용,남,19세,경상,,,,
2014042800100054,2014년 4월 28일 03시,월요일,경상북도 경산시 압량면,중상사고,0,1,0,0,차대차 - 기타,신호위반,습기,비,교차로 - 교차로안,승용,기타불명,기타불명,기타불명,승용,여,23세,중상
2014042800100072,2014년 4월 28일 05시,월요일,경상북도 구미시 도량동,중상사고,0,1,0,0,차대차 - 기타,신호위반,습기,비,단일로 - 기타,화물,남,51세,상해없음,자전거,남,81세,중상
2014042800100086,2014년 4월 28일 06시,월요일,경상북도 구미시 시미동,경상사고,0,0,2,0,차대차 - 기타,교차로운행방법위반,습기,비,교차로 - 교차로안,승용,남,70세,상해없음,승용,남,47세,경상
2014042800100110,2014년 4월 28일 07시,월요일,경상북도 경주시 황성동,경상사고,0,0,1,0,차대차 - 기타,안전운전불이행,습기,흐림,단일로 - 기타,승용,남,69세,상해없음,승용,남,41세,경상
2014042800100111,2014년 4월 28일 07시,월요일,경상북도 문경시 영순면,중상사고,0,1,1,0,차대차 - 정면충돌,안전운전불이행,습기,비,교차로 - 교차로안,승용,여,56세,중상,승용,남,36세,경상
2014042800100152,2014년 4월 28일 08시,월요일,경상북도 경산시 중방동,중상사고,0,1,0,0,차대차 - 기타,교차로운행방법위반,습기,비,교차로 - 교차로안,승용,남,39세,상해없음,승용,여,38세,상해없음
2014042800100153,2014년 4월 28일 08시,월요일,경상북도 구미시 송정동,중상사고,0,1,0,0,차대사람 - 기타,안전운전불이행,습기,비,단일로 - 기타,승용,여,56세,상해없음,보행자,여,75세,중상
2014042800100183,2014년 4월 28일 09시,월요일,경상북도 영덕군 영덕읍,중상사고,0,1,0,0,차량단독 - 공작물충돌,안전운전불이행,습기,비,단일로 - 기타,승용,남,48세,중상,,,,
2014042800100184,2014년 4월 28일 09시,월요일,경상북도 구미시 인의동,경상사고,0,0,1,0,차대차 - 기타,안전운전불이행,습기,비,교차로 - 교차로안,승용,남,38세,상해없음,승용,남,38세,경상
2014042800100185,2014년 4월 28일 09시,월요일,경상북도 구미시 남통동,경상사고,0,0,1,0,차대차 - 기타,안전거리미확보,습기,비,교차로 - 교차로부근,승용,여,26세,상해없음,화물,남,33세,경상
2014042800100216,2014년 4월 28일 10시,월요일,경상북도 김천시 개령면,경상사고,0,0,2,0,차대차 - 측면직각충돌,중앙선침범,습기,비,단일로 - 기타,건설기계,남,38세,상해없음,승용,남,44세,경상
2014042800100217,2014년 4월 28일 10시,월요일,경상북도 구미시 신평동,중상사고,0,1,0,0,차대차 - 기타,안전운전불이행,습기,비,단일로 - 기타,승용,남,37세,상해없음,승용,남,43세,중상
2014042800100284,2014년 4월 28일 12시,월요일,경상북도 안동시 이천동,중상사고,0,2,1,0,차대차 - 정면충돌,중앙선침범,습기,비,단일로 - 기타,승용,여,30세,경상,승용,여,63세,중상
2014042800100285,2014년 4월 28일 12시,월요일,경상북도 칠곡군 북삼읍,부상신고사고,0,0,0,1,차대차 - 기타,신호위반,습기,비,교차로 - 교차로부근,승용,남,57세,상해없음,승용,남,49세,부상신고
2014042800100317,2014년 4월 28일 13시,월요일,경상북도 경주시 충효동,경상사고,0,0,2,0,차대차 - 기타,신호위반,습기,비,교차로 - 교차로안,승용,남,27세,상해없음,승용,남,61세,경상
2014042800100318,2014년 4월 28일 13시,월요일,경상북도 경산시 와촌면,경상사고,0,0,1,0,차대차 - 정면충돌,중앙선침범,습기,비,단일로 - 기타,승용,남,58세,상해없음,승용,남,64세,상해없음
2014042800100351,2014년 4월 28일 14시,월요일,경상북도 경주시 구정동,중상사고,0,1,0,0,차대차 - 기타,신호위반,습기,비,교차로 - 교차로안,화물,남,44세,상해없음,승용,여,43세,중상
2014042800100352,2014년 4월 28일 14시,월요일,경상북도 경주시 황성동,경상사고,0,0,1,0,차대차 - 기타,안전운전불이행,습기,비,단일로 - 기타,승용,남,62세,상해없음,승용,여,39세,경상
2014042800100353,2014년 4월 28일 14시,월요일,경상북도 경산시 삼북동,중상사고,0,1,1,0,차대차 - 기타,교차로운행방법위반,습기,비,교차로 - 교차로안,승용,남,38세,상해없음,승용,여,53세,경상
2014042800100354,2014년 4월 28일 14시,월요일,경상북도 포항시 남구 호미곶면,경상사고,0,0,1,0,차대사람 - 횡단중,안전운전불이행,습기,비,단일로 - 기타,승합,여,34세,상해없음,보행자,남,79세,경상
2014042800100355,2014년 4월 28일 14시,월요일,경상북도 포항시 남구 연일읍,경상사고,0,0,3,0,차대차 - 기타,안전운전불이행,습기,비,교차로 - 교차로안,승용,남,61세,상해없음,승용,여,41세,경상
2014042800100389,2014년 4월 28일 15시,월요일,경상북도 청송군 현서면,중상사고,0,3,0,0,차량단독 - 공작물충돌,안전운전불이행,습기,비,단일로 - 기타,승용,여,44세,중상,,,,
2014042800100429,2014년 4월 28일 16시,월요일,경상북도 구미시 고아읍,중상사고,0,1,0,0,차대차 - 기타,안전운전불이행,습기,비,교차로 - 교차로안,화물,남,75세,상해없음,승합,남,30세,기타불명
2014042800100430,2014년 4월 28일 16시,월요일,경상북도 포항시 남구 오천읍,경상사고,0,0,1,0,차대사람 - 횡단중,안전운전불이행,습기,비,단일로 - 기타,승용,남,55세,상해없음,보행자,남,11세,경상
2014042800100491,2014년 4월 28일 18시,월요일,경상북도 경주시 양남면,중상사고,0,2,0,0,차대차 - 기타,안전운전불이행,습기,비,단일로 - 기타,승용,여,58세,중상,화물,남,57세,중상
2014042800100519,2014년 4월 28일 19시,월요일,경상북도 경주시 노서동,중상사고,0,1,0,0,차대사람 - 기타,보행자보호의무위반,습기,비,교차로 - 교차로부근,승용,남,67세,상해없음,보행자,남,68세,중상
2014042800100520,2014년 4월 28일 19시,월요일,경상북도 상주시 공성면,중상사고,0,1,0,0,차대차 - 기타,교차로운행방법위반,습기,비,교차로 - 교차로안,승용,남,55세,상해없음,이륜,남,69세,중상
2014042800100521,2014년 4월 28일 19시,월요일,경상북도 영주시 휴천동,경상사고,0,0,1,0,차대차 - 추돌 - 주정차중,안전운전불이행,건조,맑음,단일로 - 교량,승용,남,45세,상해없음,승용,남,40세,경상
2014042800100522,2014년 4월 28일 19시,월요일,경상북도 포항시 남구 상도동,경상사고,0,0,2,0,차대차 - 기타,안전운전불이행,습기,비,교차로 - 교차로안,승용,남,58세,상해없음,승용,여,30세,경상
2014042800100563,2014년 4월 28일 20시,월요일,경상북도 경주시 용강동,경상사고,0,0,1,0,차대차 - 기타,안전운전불이행,건조,맑음,단일로 - 기타,승용,여,28세,상해없음,승용,남,38세,경상
2014042800100564,2014년 4월 28일 20시,월요일,경상북도 경주시 노서동,중상사고,0,1,0,0,차대차 - 기타,안전운전불이행,건조,맑음,단일로 - 기타,승용,남,44세,상해없음,자전거,남,14세,중상
2014042800100565,2014년 4월 28일 20시,월요일,경상북도 안동시 용상동,부상신고사고,0,0,0,2,차대사람 - 길가장자리구역통행중,안전운전불이행,습기,비,기타 - 기타,승용,남,61세,상해없음,보행자,남,29세,부상신고