사고번호,사고일시,요일,시군구,사고내용,사망자수,중상자수,경상자수,부상신고자수,사고유형,법규위반,노면상태,기상상태,도로형태,가해운전자 차종,가해운전자 성별,가해운전자 연령,가해운전자 상해정도,피해운전자 차종,피해운전자 성별,피해운전자 연령,피해운전자 상해정도
2014042800100566,2014년 4월 28일 20시,월요일,경상북도 안동시 평화동,경상사고,0,0,1,0,차대차 - 추돌 - 진행중,교차로운행방법위반,건조,맑음,교차로 - 교차로안,승용,남,40세,상해없음,승용,남,57세,경상
2014042800100567,2014년 4월 28일 20시,월요일,경상북도 울진군 울진읍,경상사고,0,0,1,0,차대차 - 기타,중앙선침범,습기,비,단일로 - 기타,승용,여,31세,상해없음,승용,여,36세,경상
2014042800100607,2014년 4월 28일 21시,월요일,경상북도 포항시 북구 장성동,중상사고,0,1,0,0,차대차 - 기타,중앙선침범,습기,비,단일로 - 기타,승용,남,32세,상해없음,원동기,남,29세,중상
2014042800100608,2014년 4월 28일 21시,월요일,경상북도 김천시 성내동,경상사고,0,0,2,0,차대차 - 측면직각충돌,중앙선침범,건조,맑음,단일로 - 기타,승용,여,46세,상해없음,승용,여,49세,경상
2014042800100609,2014년 4월 28일 21시,월요일,경상북도 경산시 대동,경상사고,0,0,1,0,차대사람 - 기타,안전운전불이행,습기,비,단일로 - 기타,화물,남,35세,상해없음,보행자,남,18세,경상
2014042800100610,2014년 4월 28일 21시,월요일,경상북도 포항시 남구 대도동,경상사고,0,0,1,0,차대사람 - 기타,안전운전불이행,습기,비,단일로 - 기타,승용,남,30세,상해없음,보행자,남,48세,경상
2014042800100651,2014년 4월 28일 22시,월요일,경상북도 안동시 태화동,중상사고,0,2,0,0,차대차 - 측면직각충돌,안전운전불이행,습기,비,교차로 - 교차로안,승용,남,36세,상해없음,승용,여,45세,중상
2014042800100652,2014년 4월 28일 22시,월요일,경상북도 경산시 사동,사망사고,1,0,7,0,차대차 - 기타,안전운전불이행,습기,비,단일로 - 기타,화물,남,49세,사망,승합,남,42세,경상
2014042800100653,2014년 4월 28일 22시,월요일,경상북도 경산시 옥산동,경상사고,0,0,1,0,차대차 - 기타,안전운전불이행,습기,비,교차로 - 교차로안,승용,남,32세,상해없음,승용,남,36세,경상
2014042800100654,2014년 4월 28일 22시,월요일,경상북도 구미시 진평동,경상사고,0,0,1,0,차대차 - 기타,안전운전불이행,습기,비,교차로 - 교차로안,승용,남,29세,상해없음,자전거,남,46세,경상
2014042800100698,2014년 4월 28일 23시,월요일,경상북도 포항시 북구 양덕동,경상사고,0,0,1,0,차대차 - 기타,직진우회전진행방해,습기,비,교차로 - 교차로안,승용,남,47세,상해없음,승용,남,55세,경상
2014042800100699,2014년 4월 28일 23시,월요일,경상북도 영천시 고경면,중상사고,0,1,0,0,차대차 - 기타,안전운전불이행,습기,비,단일로 - 기타,승용,남,60세,중상,화물,남,54세,상해없음
2014042800100700,2014년 4월 28일 23시,월요일,경상북도 경산시 백천동,중상사고,0,1,0,0,차대사람 - 기타,안전운전불이행,습기,비,단일로 - 기타,기타불명,기타불명,기타불명,기타불명,보행자,남,25세,중상
2014042800100701,2014년 4월 28일 23시,월요일,경상북도 구미시 구평동,경상사고,0,0,1,1,차대차 - 기타,안전운전불이행,건조,맑음,단일로 - 기타,승용,남,29세,부상신고,특수,남,38세,기타불명
2014042800100702,2014년 4월 28일 23시,월요일,경상북도 구미시 공단동,경상사고,0,0,1,0,차대차 - 기타,안전운전불이행,습기,맑음,기타 - 기타,승용,남,30세,상해없음,승용,남,34세,경상
2014042800100703,2014년 4월 28일 23시,월요일,경상북도 포항시 남구 오천읍,경상사고,0,0,1,0,차대차 - 기타,안전운전불이행,습기,비,교차로 - 교차로부근,화물,남,58세,상해없음,화물,남,52세,기타불명
2014042900100017,2014년 4월 29일 00시,화요일,경상북도 구미시 임수동,경상사고,0,0,3,0,차대차 - 기타,안전운전불이행,습기,비,단일로 - 기타,승용,남,31세,상해없음,승용,남,51세,경상
2014042900100085,2014년 4월 29일 04시,화요일,경상북도 경주시 안강읍,중상사고,0,1,0,0,차대사람 - 기타,안전운전불이행,습기,비,단일로 - 기타,승용,여,55세,상해없음,보행자,남,42세,중상
2014042900100097,2014년 4월 29일 05시,화요일,경상북도 포항시 남구 해도동,경상사고,0,0,2,0,차대차 - 기타,신호위반,건조,맑음,교차로 - 교차로안,화물,남,46세,상해없음,승용,남,73세,경상
2014042900100180,2014년 4월 29일 08시,화요일,경상북도 청도군 청도읍,부상신고사고,0,0,0,1,차대차 - 기타,직진우회전진행방해,습기,비,교차로 - 교차로안,승용,남,45세,부상신고,승용,여,45세,상해없음
2014042900100181,2014년 4월 29일 08시,화요일,경상북도 구미시 구평동,중상사고,0,1,0,0,차대차 - 기타,안전운전불이행,습기,흐림,단일로 - 기타,승용,여,39세,상해없음,승용,남,49세,기타불명
2014042900100221,2014년 4월 29일 09시,화요일,경상북도 의성군 의성읍,경상사고,0,0,4,0,차대차 - 추돌 - 주정차중,안전운전불이행,건조,맑음,단일로 - 기타,승용,여,54세,상해없음,승용,남,52세,경상
2014042900100253,2014년 4월 29일 10시,화요일,경상북도 안동시 풍산읍,중상사고,0,2,1,0,차대차 - 기타,직진우회전진행방해,건조,맑음,교차로 - 교차로안,승용,여,43세,경상,화물,남,44세,중상
2014042900100254,2014년 4월 29일 10시,화요일,경상북도 안동시 송현동,경상사고,0,0,1,0,차대차 - 측면직각충돌,교차로운행방법위반,건조,맑음,교차로 - 교차로안,승용,남,59세,상해없음,화물,남,34세,경상
2014042900100255,2014년 4월 29일 10시,화요일,경상북도 경산시 중방동,중상사고,0,1,1,0,차대차 - 기타,안전운전불이행,습기,비,단일로 - 기타,승용,여,55세,상해없음,승용,남,61세,경상
2014042900100265,2014년 4월 29일 11시,화요일,경상북도 경주시 동천동,경상사고,0,0,1,0,차대차 - 기타,안전운전불이행,습기,비,단일로 - 기타,화물,남,41세,상해없음,승용,여,25세,경상
2014042900100266,2014년 4월 29일 11시,화요일,경상북도 경주시 동천동,경상사고,0,0,1,0,차대사람 - 기타,안전운전불이행,건조,맑음,단일로 - 기타,화물,남,55세,상해없음,보행자,남,52세,경상
2014042900100289,2014년 4월 29일 12시,화요일,경상북도 경주시 노서동,중상사고,0,1,0,0,차대사람 - 기타,안전운전불이행,건조,흐림,단일로 - 기타,화물,남,32세,상해없음,보행자,여,53세,중상
2014042900100290,2014년 4월 29일 12시,화요일,경상북도 청도군 매전면,경상사고,0,0,2,0,차대차 - 기타,안전운전불이행,습기,비,단일로 - 기타,화물,남,50세,경상,화물,남,71세,경상
2014042900100313,2014년 4월 29일 13시,화요일,경상북도 상주시 가장동,중상사고,0,1,0,0,차량단독 - 도로외이탈 - 기타,안전운전불이행,습기,비,단일로 - 기타,승용,남,53세,상해없음,,,,
2014042900100314,2014년 4월 29일 13시,화요일,경상북도 경산시 압량면,중상사고,0,1,0,0,차대차 - 기타,중앙선침범,습기,비,단일로 - 기타,화물,남,26세,상해없음,승합,남,41세,중상
2014042900100343,2014년 4월 29일 14시,화요일,경상북도 포항시 북구 양덕동,경상사고,0,0,2,1,차대차 - 기타,신호위반,건조,맑음,교차로 - 교차로안,승용,여,44세,상해없음,승합,남,44세,경상
2014042900100344,2014년 4월 29일 14시,화요일,경상북도 구미시 해평면,중상사고,0,1,0,0,차대차 - 기타,안전운전불이행,기타,비,기타 - 기타,화물,남,55세,상해없음,자전거,남,38세,중상
2014042900100375,2014년 4월 29일 15시,화요일,경상북도 경산시 중방동,경상사고,0,0,1,0,차대차 - 기타,안전운전불이행,습기,비,교차로 - 교차로부근,승용,여,34세,상해없음,승용,여,63세,경상
2014042900100376,2014년 4월 29일 15시,화요일,경상북도 구미시 구포동,중상사고,0,1,1,0,차대차 - 기타,안전운전불이행,습기,비,단일로 - 기타,화물,남,59세,상해없음,승용,남,37세,중상
2014042900100377,2014년 4월 29일 15시,화요일,경상북도 포항시 남구 연일읍,경상사고,0,0,1,0,차대차 - 기타,안전운전불이행,습기,흐림,교차로 - 교차로안,승용,남,45세,상해없음,승용,남,45세,상해없음
2014042900100416,2014년 4월 29일 16시,화요일,경상북도 안동시 길안면,중상사고,0,2,0,0,차대차 - 정면충돌,중앙선침범,습기,비,단일로 - 기타,승용,여,62세,상해없음,승용,남,44세,중상
2014042900100417,2014년 4월 29일 16시,화요일,경상북도 구미시 봉곡동,중상사고,0,1,0,0,차대차 - 측면직각충돌,교차로운행방법위반,습기,비,교차로 - 교차로안,화물,남,65세,상해없음,승용,여,34세,중상
2014042900100449,2014년 4월 29일 17시,화요일,경상북도 안동시 상아동,경상사고,0,0,1,0,차대차 - 추돌 - 주정차중,안전운전불이행,습기,비,단일로 - 기타,화물,남,45세,상해없음,승용,여,45세,경상
2014042900100450,2014년 4월 29일 17시,화요일,경상북도 안동시 법흥동,경상사고,0,0,1,0,차대차 - 측면직각충돌,안전운전불이행,습기,비,단일로 - 기타,화물,남,35세,상해없음,이륜,남,44세,경상
2014042900100451,2014년 4월 29일 17시,화요일,경상북도 영덕군 창수면,경상사고,0,0,2,0,차대차 - 측면직각충돌,안전운전불이행,습기,비,단일로 - 기타,화물,남,45세,상해없음,승용,남,51세,경상
2014042900100452,2014년 4월 29일 17시,화요일,경상북도 울진군 원남면,부상신고사고,0,0,0,1,차량단독 - 공작물충돌,안전운전불이행,습기,비,단일로 - 기타,화물,남,48세,부상신고,,,,
2014042900100453,2014년 4월 29일 17시,화요일,경상북도 구미시 옥계동,경상사고,0,0,1,0,차대차 - 기타,안전운전불이행,습기,비,미분류 - 미분류,승용,여,38세,상해없음,승용,남,58세,상해없음
2014042900100454,2014년 4월 29일 17시,화요일,경상북도 포항시 남구 장흥동,중상사고,0,2,2,2,차대차 - 추돌 - 진행중,안전거리미확보,건조,맑음,단일로 - 기타,건설기계,남,46세,상해없음,승합,남,52세,중상
2014042900100481,2014년 4월 29일 18시,화요일,경상북도 경주시 양북면,중상사고,0,1,0,0,차대차 - 기타,중앙선침범,건조,맑음,기타 - 기타,승용,남,53세,중상,화물,남,60세,상해없음
2014042900100482,2014년 4월 29일 18시,화요일,경상북도 포항시 북구 청하면,경상사고,0,0,1,0,차대차 - 기타,안전운전불이행,습기,비,단일로 - 기타,건설기계,남,41세,기타불명,승용,여,54세,경상
2014042900100483,2014년 4월 29일 18시,화요일,경상북도 구미시 진평동,중상사고,0,1,7,0,차대차 - 측면직각충돌,교차로운행방법위반,습기,비,교차로 - 교차로안,승합,남,22세,상해없음,승용,남,44세,경상
2014042900100522,2014년 4월 29일 19시,화요일,경상북도 상주시 화개동,중상사고,0,1,0,0,차대차 - 기타,안전운전불이행,습기,흐림,단일로 - 기타,화물,남,61세,상해없음,승용,남,28세,중상
2014042900100523,2014년 4월 29일 19시,화요일,경상북도 경산시 진량읍,중상사고,0,1,0,0,차대사람 - 기타,보행자보호의무위반,습기,비,교차로 - 교차로안,화물,남,35세,상해없음,보행자,여,55세,중상
2014042900100561,2014년 4월 29일 20시,화요일,경상북도 포항시 북구 남빈동,경상사고,0,0,1,0,차대차 - 기타,직진우회전진행방해,건조,맑음,교차로 - 교차로안,원동기,남,20세,경상,승용,여,43세,상해없음
2014042900100562,2014년 4월 29일 20시,화요일,경상북도 영주시 안정면,경상사고,0,0,2,0,차대차 - 추돌 - 주정차중,안전운전불이행,습기,맑음,단일로 - 기타,승용,남,29세,경상,승용,여,26세,경상
2014042900100612,2014년 4월 29일 22시,화요일,경상북도 김천시 신음동,경상사고,0,0,1,0,차대사람 - 기타,안전운전불이행,습기,비,교차로 - 교차로부근,기타불명,기타불명,기타불명,기타불명,보행자,여,16세,경상
2014042900100613,2014년 4월 29일 22시,화요일,경상북도 경산시 옥산동,경상사고,0,0,2,0,차대차 - 기타,안전운전불이행,습기,비,교차로 - 교차로부근,승용,남,53세,상해없음,승용,남,56세,경상
2014042900100614,2014년 4월 29일 22시,화요일,경상북도 예천군 예천읍,경상사고,0,0,2,0,차대사람 - 횡단중,보행자보호의무위반,건조,맑음,단일로 - 횡단보도상,화물,남,50세,상해없음,보행자,여,13세,경상
2014042900100615,2014년 4월 29일 22시,화요일,경상북도 구미시 지산동,경상사고,0,0,1,0,차대차 - 기타,안전운전불이행,습기,흐림,교차로 - 교차로안,승용,남,52세,상해없음,자전거,남,27세,경상
2014042900100616,2014년 4월 29일 22시,화요일,경상북도 구미시 임수동,중상사고,0,2,0,0,차량단독 - 공작물충돌,안전운전불이행,습기,비,단일로 - 기타,승용,남,32세,중상,,,,
2014042900100640,2014년 4월 29일 23시,화요일,경상북도 포항시 북구 양덕동,경상사고,0,0,1,0,차대차 - 추돌 - 주정차중,안전운전불이행,습기,흐림,교차로 - 교차로부근,승용,여,46세,상해없음,승용,남,28세,경상
2014043000100032,2014년 4월 30일 01시,수요일,경상북도 경산시 진량읍,경상사고,0,0,1,0,차대차 - 기타,안전운전불이행,습기,비,교차로 - 교차로부근,승용,남,47세,경상,승용,남,47세,상해없음
2014043000100051,2014년 4월 30일 03시,수요일,경상북도 문경시 점촌동,경상사고,0,0,2,0,차대차 - 추돌 - 주정차중,안전운전불이행,건조,맑음,단일로 - 기타,승용,여,22세,경상,승용,여,26세,기타불명
2014043000100052,2014년 4월 30일 03시,수요일,경상북도 구미시 송정동,중상사고,0,1,0,0,차대차 - 추돌 - 주정차중,안전운전불이행,습기,흐림,교차로 - 교차로부근,승용,남,44세,상해없음,이륜,남,26세,중상
2014043000100061,2014년 4월 30일 04시,수요일,경상북도 울진군 후포면,중상사고,0,1,0,1,차량단독 - 공작물충돌,안전운전불이행,건조,맑음,단일로 - 기타,승용,여,26세,부상신고,,,,
2014043000100062,2014년 4월 30일 04시,수요일,경상북도 구미시 원평동,경상사고,0,0,1,0,차대사람 - 기타,안전운전불이행,건조,맑음,교차로 - 교차로부근,승용,남,55세,상해없음,보행자,남,32세,경상
2014043000100111,2014년 4월 30일 07시,수요일,경상북도 칠곡군 왜관읍,경상사고,0,0,1,0,차대차 - 기타,안전운전불이행,건조,맑음,단일로 - 기타,승용,남,36세,상해없음,이륜,남,40세,경상
2014043000100112,2014년 4월 30일 07시,수요일,경상북도 칠곡군 가산면,경상사고,0,0,1,0,차대차 - 기타,안전운전불이행,건조,흐림,단일로 - 기타,승용,여,76세,경상,건설기계,남,42세,상해없음
2014043000100113,2014년 4월 30일 07시,수요일,경상북도 칠곡군 가산면,중상사고,0,3,1,0,차대차 - 기타,안전운전불이행,습기,흐림,단일로 - 기타,화물,남,31세,경상,승용,여,51세,중상
2014043000100114,2014년 4월 30일 07시,수요일,경상북도 성주군 성주읍,중상사고,0,1,6,0,차대차 - 기타,중앙선침범,습기,흐림,단일로 - 기타,승용,여,42세,경상,승합,남,64세,상해없음
2014043000100115,2014년 4월 30일 07시,수요일,경상북도 구미시 임수동,경상사고,0,0,2,0,차대차 - 기타,안전운전불이행,건조,맑음,단일로 - 기타,승용,남,36세,기타불명,승용,남,26세,경상
2014043000100116,2014년 4월 30일 07시,수요일,경상북도 포항시 남구 오천읍,중상사고,0,1,0,0,차대사람 - 횡단중,안전운전불이행,건조,맑음,교차로 - 교차로안,승합,남,66세,상해없음,보행자,남,72세,중상
2014043000100155,2014년 4월 30일 08시,수요일,경상북도 안동시 북후면,경상사고,0,0,1,0,차대차 - 기타,안전운전불이행,건조,맑음,단일로 - 기타,원동기,남,79세,경상,화물,남,31세,상해없음
2014043000100156,2014년 4월 30일 08시,수요일,경상북도 안동시 동부동,중상사고,0,1,0,0,차대차 - 기타,안전운전불이행,건조,맑음,단일로 - 기타,승용,남,30세,상해없음,승용,여,40세,중상
2014043000100157,2014년 4월 30일 08시,수요일,경상북도 김천시 구성면,중상사고,0,1,0,0,차대사람 - 기타,보행자보호의무위반,건조,맑음,단일로 - 기타,승용,여,45세,상해없음,보행자,여,71세,중상
2014043000100191,2014년 4월 30일 09시,수요일,경상북도 포항시 북구 흥해읍,경상사고,0,0,2,0,차대차 - 기타,안전운전불이행,건조,흐림,교차로 - 교차로안,승용,남,24세,상해없음,승용,남,54세,경상
2014043000100215,2014년 4월 30일 10시,수요일,경상북도 포항시 북구 용흥동,경상사고,0,0,1,0,차대차 - 기타,불법유턴,건조,맑음,단일로 - 기타,승용,남,50세,경상,승용,남,53세,상해없음
2014043000100237,2014년 4월 30일 11시,수요일,경상북도 포항시 북구 우현동,경상사고,0,0,1,0,차대차 - 기타,신호위반,건조,흐림,교차로 - 교차로안,승용,여,27세,상해없음,화물,남,45세,경상
2014043000100238,2014년 4월 30일 11시,수요일,경상북도 영주시 영주동,경상사고,0,0,1,0,차대차 - 측면직각충돌,안전운전불이행,건조,맑음,단일로 - 기타,승용,여,36세,상해없음,자전거,남,74세,경상
2014043000100239,2014년 4월 30일 11시,수요일,경상북도 영주시 하망동,경상사고,0,0,1,0,차대차 - 추돌 - 진행중,차로위반,건조,맑음,단일로 - 기타,승용,남,74세,상해없음,화물,남,31세,경상
2014043000100240,2014년 4월 30일 11시,수요일,경상북도 경산시 하양읍,경상사고,0,0,2,0,차대차 - 정면충돌,신호위반,건조,흐림,교차로 - 교차로안,화물,남,73세,상해없음,원동기,남,77세,경상
2014043000100241,2014년 4월 30일 11시,수요일,경상북도 군위군 소보면,중상사고,0,1,0,0,차대차 - 추돌 - 진행중,안전운전불이행,습기,맑음,단일로 - 기타,화물,남,52세,상해없음,농기계,남,73세,중상
2014043000100263,2014년 4월 30일 12시,수요일,경상북도 안동시 송천동,중상사고,0,1,0,0,차대차 - 측면직각충돌,안전운전불이행,건조,맑음,단일로 - 기타,화물,남,48세,상해없음,원동기,남,20세,중상
2014043000100264,2014년 4월 30일 12시,수요일,경상북도 구미시 송정동,경상사고,0,0,1,0,차대차 - 기타,교차로운행방법위반,건조,맑음,교차로 - 교차로부근,이륜,남,65세,경상,승용,여,72세,상해없음
2014043000100265,2014년 4월 30일 12시,수요일,경상북도 포항시 남구 오천읍,경상사고,0,0,2,0,차대차 - 측면직각충돌,교차로운행방법위반,건조,맑음,교차로 - 교차로안,승용,남,58세,상해없음,승용,남,51세,상해없음
2014043000100266,2014년 4월 30일 12시,수요일,경상북도 포항시 남구 오천읍,경상사고,0,0,1,0,차대차 - 기타,직진우회전진행방해,건조,맑음,교차로 - 교차로안,승용,남,48세,상해없음,승용,여,32세,경상
2014043000100297,2014년 4월 30일 13시,수요일,경상북도 포항시 북구 용흥동,경상사고,0,0,2,0,차대차 - 추돌 - 주정차중,안전거리미확보,건조,맑음,단일로 - 기타,화물,남,44세,상해없음,승합,남,44세,경상
2014043000100298,2014년 4월 30일 13시,수요일,경상북도 영주시 풍기읍,경상사고,0,0,3,0,차대차 - 측면직각충돌,안전운전불이행,건조,맑음,교차로 - 교차로안,화물,남,55세,상해없음,승용,여,48세,경상
2014043000100299,2014년 4월 30일 13시,수요일,경상북도 문경시 산양면,중상사고,0,1,0,0,차대차 - 추돌 - 주정차중,안전운전불이행,건조,맑음,단일로 - 횡단보도부근,승용,여,35세,상해없음,승용,여,51세,중상
2014043000100300,2014년 4월 30일 13시,수요일,경상북도 봉화군 물야면,중상사고,0,1,0,0,차대차 - 정면충돌,중앙선침범,건조,맑음,단일로 - 기타,승용,여,51세,상해없음,원동기,남,66세,중상
2014043000100335,2014년 4월 30일 14시,수요일,경상북도 경주시 황성동,부상신고사고,0,0,0,1,차대차 - 기타,안전운전불이행,건조,맑음,교차로 - 교차로안,승용,남,44세,부상신고,승용,여,56세,상해없음
2014043000100336,2014년 4월 30일 14시,수요일,경상북도 경주시 인왕동,중상사고,0,1,0,0,차량단독 - 공작물충돌,안전운전불이행,습기,비,단일로 - 기타,화물,남,69세,중상,,,,
2014043000100337,2014년 4월 30일 14시,수요일,경상북도 예천군 예천읍,중상사고,0,1,1,0,차대차 - 추돌 - 진행중,안전운전불이행,건조,맑음,단일로 - 기타,승용,남,58세,상해없음,승용,남,36세,경상
2014043000100338,2014년 4월 30일 14시,수요일,경상북도 구미시 황상동,경상사고,0,0,1,0,차대사람 - 기타,안전운전불이행,건조,맑음,단일로 - 기타,승용,여,27세,상해없음,보행자,여,22세,경상
2014043000100374,2014년 4월 30일 15시,수요일,경상북도 경산시 사정동,경상사고,0,0,1,0,차대차 - 기타,차로위반,건조,맑음,교차로 - 교차로안,승용,여,61세,상해없음,승용,남,55세,경상
2014043000100428,2014년 4월 30일 17시,수요일,경상북도 문경시 문경읍,중상사고,0,1,0,0,차대차 - 기타,안전운전불이행,건조,맑음,교차로 - 교차로부근,승용,여,56세,상해없음,자전거,남,43세,중상
2014043000100429,2014년 4월 30일 17시,수요일,경상북도 경산시 남천면,경상사고,0,0,1,0,차대차 - 기타,중앙선침범,습기,비,단일로 - 기타,승용,여,60세,상해없음,승용,남,52세,경상
2014043000100430,2014년 4월 30일 17시,수요일,경상북도 구미시 옥계동,경상사고,0,0,2,0,차대차 - 추돌 - 진행중,안전운전불이행,건조,맑음,교차로 - 교차로안,승용,남,47세,상해없음,승용,여,33세,경상
2014043000100431,2014년 4월 30일 17시,수요일,경상북도 포항시 남구 대도동,경상사고,0,0,1,0,차대차 - 기타,안전운전불이행,건조,맑음,단일로 - 기타,기타불명,기타불명,기타불명,기타불명,자전거,남,7세,경상
2014043000100462,2014년 4월 30일 18시,수요일,경상북도 김천시 신음동,경상사고,0,0,1,0,차대사람 - 기타,안전운전불이행,건조,맑음,단일로 - 기타,원동기,남,53세,상해없음,보행자,여,19세,경상
2014043000100463,2014년 4월 30일 18시,수요일,경상북도 구미시 송정동,부상신고사고,0,0,0,1,차대차 - 기타,안전운전불이행,습기,비,단일로 - 기타,자전거,남,56세,부상신고,승용,남,38세,상해없음
2014043000100464,2014년 4월 30일 18시,수요일,경상북도 포항시 남구 상도동,경상사고,0,0,1,0,차대차 - 기타,안전운전불이행,건조,맑음,단일로 - 기타,승용,남,60세,상해없음,승합,남,50세,상해없음
2014043000100500,2014년 4월 30일 19시,수요일,경상북도 경주시 황성동,경상사고,0,0,2,0,차대차 - 기타,안전운전불이행,습기,비,단일로 - 기타,원동기,남,16세,경상,승용,남,38세,경상
2014043000100501,2014년 4월 30일 19시,수요일,경상북도 포항시 북구 남빈동,경상사고,0,0,2,0,차대차 - 기타,차로위반,건조,맑음,단일로 - 기타,승용,여,51세,경상,승용,남,44세,경상
2014043000100502,2014년 4월 30일 19시,수요일,경상북도 구미시 구평동,경상사고,0,0,1,0,차대차 - 기타,안전운전불이행,건조,맑음,단일로 - 기타,승용,남,19세,상해없음,자전거,남,24세,경상
2014043000100538,2014년 4월 30일 20시,수요일,경상북도 포항시 북구 대흥동,중상사고,0,1,1,0,차대차 - 기타,안전운전불이행,건조,흐림,교차로 - 교차로안,승용,남,21세,상해없음,승용,남,21세,경상
2014043000100539,2014년 4월 30일 20시,수요일,경상북도 영주시 봉현면,경상사고,0,0,1,0,차대차 - 추돌 - 주정차중,안전운전불이행,건조,맑음,교차로 - 교차로부근,승용,남,63세,상해없음,승용,남,59세,경상
2014043000100585,2014년 4월 30일 21시,수요일,경상북도 경주시 용강동,경상사고,0,0,2,0,차대사람 - 기타,안전운전불이행,습기,흐림,교차로 - 교차로부근,승용,기타불명,기타불명,기타불명,보행자,남,34세,경상
2014043000100586,2014년 4월 30일 21시,수요일,경상북도 구미시 인의동,경상사고,0,0,1,0,차대차 - 추돌 - 진행중,신호위반,습기,비,교차로 - 교차로안,승용,남,54세,상해없음,승용,남,31세,경상
2014043000100627,2014년 4월 30일 22시,수요일,경상북도 구미시 인의동,경상사고,0,0,1,0,차대사람 - 기타,안전운전불이행,습기,비,교차로 - 교차로부근,승용,여,35세,상해없음,보행자,남,25세,경상
2014050100100030,2014년 5월 1일 01시,목요일,경상북도 안동시 당북동,경상사고,0,0,3,0,차대차 - 기타,교차로운행방법위반,건조,맑음,교차로 - 교차로안,승용,남,52세,상해없음,승용,남,49세,경상
2014050100100083,2014년 5월 1일 05시,목요일,경상북도 영천시 신령면,경상사고,0,0,1,0,차대차 - 측면직각충돌,중앙선침범,건조,맑음,단일로 - 기타,특수,남,43세,상해없음,화물,남,65세,경상
2014050100100093,2014년 5월 1일 06시,목요일,경상북도 경산시 사동,경상사고,0,0,1,0,차대사람 - 기타,안전운전불이행,건조,맑음,단일로 - 기타,승용,남,29세,상해없음,보행자,여,54세,경상
2014050100100112,2014년 5월 1일 07시,목요일,경상북도 봉화군 소천면,부상신고사고,0,0,0,1,차량단독 - 전도전복,안전운전불이행,건조,맑음,단일로 - 기타,화물,남,75세,부상신고,,,,
2014050100100113,2014년 5월 1일 07시,목요일,경상북도 구미시 형곡동,경상사고,0,0,1,0,차대차 - 추돌 - 진행중,안전운전불이행,건조,맑음,단일로 - 기타,승용,남,52세,상해없음,승용,남,34세,경상
2014050100100144,2014년 5월 1일 08시,목요일,경상북도 경산시 남산면,경상사고,0,0,1,0,차대차 - 기타,중앙선침범,건조,맑음,단일로 - 기타,승용,남,63세,상해없음,승용,여,31세,경상
2014050100100145,2014년 5월 1일 08시,목요일,경상북도 구미시 사곡동,경상사고,0,0,1,0,차대차 - 기타,안전운전불이행,건조,맑음,단일로 - 기타,승용,여,53세,상해없음,승용,남,33세,경상
2014050100100169,2014년 5월 1일 09시,목요일,경상북도 포항시 북구 용흥동,경상사고,0,0,2,0,차대차 - 기타,안전운전불이행,건조,맑음,교차로 - 교차로부근,승용,남,38세,상해없음,승용,여,39세,경상
2014050100100170,2014년 5월 1일 09시,목요일,경상북도 포항시 북구 장성동,중상사고,0,1,0,0,차대사람 - 기타,기타,건조,맑음,교차로 - 교차로부근,승용,남,38세,상해없음,보행자,여,31세,중상
2014050100100171,2014년 5월 1일 09시,목요일,경상북도 상주시 남성동,중상사고,0,1,0,0,차대차 - 추돌 - 진행중,안전운전불이행,건조,맑음,교차로 - 교차로안,화물,남,57세,상해없음,자전거,여,80세,중상
2014050100100172,2014년 5월 1일 09시,목요일,경상북도 칠곡군 약목면,경상사고,0,0,2,0,차대차 - 측면직각충돌,안전거리미확보,건조,맑음,단일로 - 기타,특수,남,50세,상해없음,승용,남,36세,경상
2014050100100194,2014년 5월 1일 10시,목요일,경상북도 영주시 가흥동,경상사고,0,0,3,0,차대차 - 측면직각충돌,신호위반,건조,맑음,교차로 - 교차로안,화물,남,71세,경상,승합,여,61세,경상
2014050100100195,2014년 5월 1일 10시,목요일,경상북도 문경시 모전동,중상사고,0,1,0,0,차대차 - 측면직각충돌,신호위반,건조,맑음,교차로 - 교차로안,원동기,남,76세,중상,승용,남,65세,상해없음
2014050100100196,2014년 5월 1일 10시,목요일,경상북도 청도군 청도읍,경상사고,0,0,3,0,차대차 - 측면직각충돌,직진우회전진행방해,건조,맑음,교차로 - 교차로안,승용,남,73세,경상,화물,남,37세,상해없음
2014050100100244,2014년 5월 1일 12시,목요일,경상북도 포항시 북구 대신동,경상사고,0,0,2,0,차대차 - 기타,안전운전불이행,건조,맑음,단일로 - 기타,승용,남,43세,상해없음,승용,남,22세,경상
2014050100100245,2014년 5월 1일 12시,목요일,경상북도 상주시 계산동,경상사고,0,0,2,0,차대차 - 기타,신호위반,건조,맑음,교차로 - 교차로안,화물,남,66세,상해없음,승용,여,40세,경상
2014050100100246,2014년 5월 1일 12시,목요일,경상북도 경산시 압량면,중상사고,0,1,0,0,차대차 - 기타,교차로운행방법위반,건조,맑음,교차로 - 교차로안,승용,남,47세,상해없음,승용,남,37세,중상
2014050100100247,2014년 5월 1일 12시,목요일,경상북도 고령군 개진면,경상사고,0,0,1,0,차대차 - 측면직각충돌,교차로운행방법위반,건조,맑음,교차로 - 교차로안,화물,남,59세,상해없음,화물,남,59세,경상