사고번호,사고일시,요일,시군구,사고내용,사망자수,중상자수,경상자수,부상신고자수,사고유형,법규위반,노면상태,기상상태,도로형태,가해운전자 차종,가해운전자 성별,가해운전자 연령,가해운전자 상해정도,피해운전자 차종,피해운전자 성별,피해운전자 연령,피해운전자 상해정도
2014050100100271,2014년 5월 1일 13시,목요일,경상북도 경주시 황성동,경상사고,0,0,1,0,차대차 - 기타,안전운전불이행,건조,맑음,단일로 - 기타,승용,여,48세,상해없음,자전거,남,14세,경상
2014050100100272,2014년 5월 1일 13시,목요일,경상북도 포항시 남구 오천읍,경상사고,0,0,1,0,차대차 - 기타,안전운전불이행,건조,맑음,교차로 - 교차로안,이륜,남,25세,경상,승용,남,62세,상해없음
2014050100100306,2014년 5월 1일 14시,목요일,경상북도 안동시 일직면,사망사고,1,0,0,0,차량단독 - 공작물충돌,안전운전불이행,건조,맑음,단일로 - 기타,승합,남,56세,사망,,,,
2014050100100307,2014년 5월 1일 14시,목요일,경상북도 구미시 인의동,경상사고,0,0,1,0,차대차 - 기타,안전운전불이행,건조,맑음,교차로 - 교차로안,승용,남,23세,상해없음,승용,여,26세,경상
2014050100100340,2014년 5월 1일 15시,목요일,경상북도 포항시 북구 대신동,중상사고,0,1,0,0,차대사람 - 기타,중앙선침범,건조,맑음,단일로 - 기타,승용,남,76세,상해없음,보행자,여,6세,중상
2014050100100384,2014년 5월 1일 16시,목요일,경상북도 구미시 선산읍,중상사고,0,2,0,0,차대차 - 기타,안전운전불이행,건조,맑음,단일로 - 기타,이륜,남,54세,상해없음,자전거,여,74세,중상
2014050100100385,2014년 5월 1일 16시,목요일,경상북도 구미시 형곡동,중상사고,0,1,0,0,차대차 - 기타,직진우회전진행방해,건조,맑음,교차로 - 교차로안,승용,여,33세,상해없음,이륜,남,40세,중상
2014050100100424,2014년 5월 1일 17시,목요일,경상북도 경주시 외동읍,중상사고,0,2,3,0,차대차 - 추돌 - 진행중,안전운전불이행,건조,맑음,교차로 - 교차로부근,화물,남,58세,상해없음,승용,남,44세,중상
2014050100100425,2014년 5월 1일 17시,목요일,경상북도 포항시 북구 양덕동,경상사고,0,0,1,0,차대사람 - 기타,중앙선침범,건조,맑음,단일로 - 기타,승용,남,48세,상해없음,보행자,여,50세,경상
2014050100100426,2014년 5월 1일 17시,목요일,경상북도 영천시 금호읍,중상사고,0,1,0,0,차량단독 - 공작물충돌,안전운전불이행,건조,맑음,단일로 - 기타,승용,남,45세,중상,,,,
2014050100100427,2014년 5월 1일 17시,목요일,경상북도 구미시 형곡동,경상사고,0,0,1,0,차대차 - 기타,안전운전불이행,건조,맑음,교차로 - 교차로안,승용,남,58세,상해없음,승용,남,59세,경상
2014050100100459,2014년 5월 1일 18시,목요일,경상북도 경주시 외동읍,사망사고,1,0,0,0,차대사람 - 기타,안전운전불이행,건조,맑음,교차로 - 교차로안,승용,남,51세,상해없음,보행자,남,76세,사망
2014050100100460,2014년 5월 1일 18시,목요일,경상북도 고령군 우곡면,중상사고,0,1,0,0,차대차 - 측면직각충돌,교차로운행방법위반,건조,맑음,교차로 - 교차로안,이륜,남,71세,중상,화물,남,51세,상해없음
2014050100100461,2014년 5월 1일 18시,목요일,경상북도 구미시 선산읍,경상사고,0,0,1,0,차대차 - 측면직각충돌,안전운전불이행,기타,기타,기타 - 기타,이륜,남,17세,경상,승용,여,51세,상해없음
2014050100100462,2014년 5월 1일 18시,목요일,경상북도 구미시 고아읍,중상사고,0,1,0,0,차대차 - 기타,안전운전불이행,건조,맑음,교차로 - 교차로안,승용,남,45세,상해없음,승용,남,42세,중상
2014050100100463,2014년 5월 1일 18시,목요일,경상북도 구미시 황상동,경상사고,0,0,5,0,차대차 - 기타,교차로운행방법위반,건조,맑음,교차로 - 교차로안,승용,여,32세,경상,승용,여,44세,경상
2014050100100506,2014년 5월 1일 19시,목요일,경상북도 김천시 남산동,중상사고,0,1,0,0,차대차 - 측면직각충돌,안전운전불이행,건조,맑음,교차로 - 교차로부근,승용,남,58세,상해없음,승용,여,32세,중상
2014050100100507,2014년 5월 1일 19시,목요일,경상북도 영주시 가흥동,경상사고,0,0,1,0,차대차 - 측면직각충돌,신호위반,건조,맑음,교차로 - 교차로안,승용,여,55세,상해없음,승용,남,52세,상해없음
2014050100100536,2014년 5월 1일 20시,목요일,경상북도 포항시 북구 남빈동,경상사고,0,0,1,0,차대사람 - 기타,안전운전불이행,건조,맑음,교차로 - 교차로안,승용,남,55세,상해없음,보행자,남,50세,경상
2014050100100537,2014년 5월 1일 20시,목요일,경상북도 안동시 옥야동,부상신고사고,0,0,0,1,차량단독 - 전도전복,안전운전불이행,건조,맑음,교차로 - 교차로안,이륜,남,18세,부상신고,,,,
2014050100100538,2014년 5월 1일 20시,목요일,경상북도 구미시 공단동,중상사고,0,1,1,0,차대차 - 기타,안전운전불이행,건조,맑음,교차로 - 교차로안,승용,여,34세,상해없음,승용,남,40세,중상
2014050100100566,2014년 5월 1일 21시,목요일,경상북도 안동시 태화동,중상사고,0,1,0,0,차대차 - 측면직각충돌,신호위반,건조,맑음,교차로 - 교차로안,승용,여,55세,상해없음,이륜,남,16세,중상
2014050100100567,2014년 5월 1일 21시,목요일,경상북도 안동시 옥동,경상사고,0,0,1,0,차대차 - 측면직각충돌,안전운전불이행,건조,맑음,단일로 - 횡단보도상,승용,남,58세,상해없음,자전거,남,26세,경상
2014050100100568,2014년 5월 1일 21시,목요일,경상북도 구미시 광평동,경상사고,0,0,1,0,차대차 - 기타,교차로운행방법위반,건조,맑음,교차로 - 교차로안,승용,남,59세,상해없음,이륜,남,26세,경상
2014050100100597,2014년 5월 1일 22시,목요일,경상북도 경주시 석장동,중상사고,0,3,0,0,차대차 - 기타,안전운전불이행,건조,맑음,단일로 - 기타,승용,남,38세,상해없음,승용,여,38세,중상
2014050100100598,2014년 5월 1일 22시,목요일,경상북도 포항시 북구 송라면,중상사고,0,1,0,0,차대사람 - 횡단중,안전운전불이행,건조,맑음,단일로 - 기타,승용,남,57세,상해없음,보행자,남,47세,중상
2014050200100018,2014년 5월 2일 00시,금요일,경상북도 구미시 지산동,경상사고,0,0,2,0,차대차 - 기타,안전운전불이행,건조,맑음,단일로 - 기타,화물,여,39세,상해없음,승용,남,61세,경상
2014050200100051,2014년 5월 2일 03시,금요일,경상북도 칠곡군 왜관읍,경상사고,0,0,1,0,차대차 - 추돌 - 진행중,안전운전불이행,건조,맑음,단일로 - 기타,승용,여,26세,상해없음,승용,남,28세,경상
2014050200100060,2014년 5월 2일 04시,금요일,경상북도 문경시 산양면,경상사고,0,0,1,0,차대차 - 측면직각충돌,안전운전불이행,건조,맑음,단일로 - 기타,화물,남,48세,상해없음,승합,남,27세,상해없음
2014050200100083,2014년 5월 2일 06시,금요일,경상북도 포항시 남구 동촌동,경상사고,0,0,1,0,차대차 - 기타,안전운전불이행,건조,맑음,교차로 - 교차로안,승용,남,23세,상해없음,승용,남,23세,경상
2014050200100105,2014년 5월 2일 07시,금요일,경상북도 경주시 외동읍,중상사고,0,1,1,0,차대차 - 기타,안전운전불이행,건조,맑음,교차로 - 교차로안,승용,남,53세,상해없음,이륜,남,78세,경상
2014050200100139,2014년 5월 2일 08시,금요일,경상북도 울진군 후포면,중상사고,0,1,1,0,차대차 - 측면직각충돌,안전운전불이행,건조,맑음,단일로 - 기타,화물,남,25세,경상,화물,남,49세,중상
2014050200100140,2014년 5월 2일 08시,금요일,경상북도 구미시 임수동,경상사고,0,0,1,0,차대차 - 기타,안전운전불이행,건조,맑음,단일로 - 기타,승용,여,51세,상해없음,승용,여,40세,경상
2014050200100172,2014년 5월 2일 09시,금요일,경상북도 포항시 북구 죽도동,중상사고,0,1,0,0,차대차 - 측면직각충돌,중앙선침범,건조,맑음,단일로 - 기타,승용,남,64세,상해없음,원동기,남,19세,중상
2014050200100173,2014년 5월 2일 09시,금요일,경상북도 김천시 평화동,경상사고,0,0,1,0,차대차 - 측면직각충돌,안전운전불이행,건조,맑음,교차로 - 교차로부근,승용,남,70세,상해없음,승용,남,50세,경상
2014050200100174,2014년 5월 2일 09시,금요일,경상북도 김천시 감천면,중상사고,0,1,0,0,차대차 - 측면직각충돌,안전운전불이행,건조,맑음,교차로 - 교차로안,화물,남,53세,상해없음,이륜,남,75세,중상
2014050200100204,2014년 5월 2일 10시,금요일,경상북도 안동시 율세동,중상사고,0,1,0,0,차대사람 - 기타,안전운전불이행,건조,맑음,단일로 - 기타,화물,남,75세,상해없음,보행자,여,87세,중상
2014050200100205,2014년 5월 2일 10시,금요일,경상북도 영천시 완산동,경상사고,0,0,1,0,차대사람 - 기타,안전운전불이행,건조,맑음,단일로 - 횡단보도상,화물,남,58세,상해없음,보행자,남,55세,경상
2014050200100242,2014년 5월 2일 11시,금요일,경상북도 칠곡군 왜관읍,경상사고,0,0,1,0,차대차 - 기타,안전운전불이행,건조,맑음,교차로 - 교차로안,화물,남,27세,상해없음,승용,여,48세,경상
2014050200100243,2014년 5월 2일 11시,금요일,경상북도 구미시 사곡동,경상사고,0,0,1,0,차대차 - 기타,안전운전불이행,건조,맑음,기타 - 기타,승용,남,34세,상해없음,승용,남,59세,경상
2014050200100265,2014년 5월 2일 12시,금요일,경상북도 경주시 마동,경상사고,0,0,3,0,차대차 - 기타,안전운전불이행,건조,맑음,교차로 - 교차로안,승용,여,56세,경상,승용,남,37세,경상
2014050200100266,2014년 5월 2일 12시,금요일,경상북도 영주시 하망동,경상사고,0,0,1,0,차대사람 - 길가장자리구역통행중,안전운전불이행,기타,맑음,교차로 - 교차로부근,승용,여,53세,상해없음,보행자,남,2세,경상
2014050200100267,2014년 5월 2일 12시,금요일,경상북도 경산시 사동,중상사고,0,1,0,0,차대사람 - 기타,안전운전불이행,건조,맑음,단일로 - 기타,자전거,남,19세,상해없음,보행자,여,18세,중상
2014050200100268,2014년 5월 2일 12시,금요일,경상북도 구미시 공단동,경상사고,0,0,4,0,차대차 - 기타,안전운전불이행,건조,맑음,단일로 - 기타,승합,남,48세,상해없음,승용,여,24세,경상
2014050200100269,2014년 5월 2일 12시,금요일,경상북도 구미시 지산동,중상사고,0,1,0,0,차대차 - 기타,신호위반,건조,맑음,교차로 - 교차로안,승용,여,47세,상해없음,이륜,남,82세,중상
2014050200100345,2014년 5월 2일 14시,금요일,경상북도 경주시 노서동,중상사고,0,1,2,0,차대차 - 기타,안전운전불이행,건조,맑음,교차로 - 교차로안,승용,여,48세,경상,승용,여,59세,중상
2014050200100346,2014년 5월 2일 14시,금요일,경상북도 칠곡군 왜관읍,경상사고,0,0,1,0,차대사람 - 기타,안전운전불이행,건조,맑음,단일로 - 기타,이륜,남,46세,상해없음,보행자,남,8세,경상
2014050200100347,2014년 5월 2일 14시,금요일,경상북도 포항시 남구 청림동,경상사고,0,0,1,0,차대차 - 기타,안전운전불이행,건조,맑음,교차로 - 교차로안,건설기계,남,40세,상해없음,승용,남,50세,경상
2014050200100387,2014년 5월 2일 15시,금요일,경상북도 경주시 진현동,경상사고,0,0,2,0,차량단독 - 기타,안전운전불이행,건조,맑음,단일로 - 기타,원동기,남,34세,경상,,,,
2014050200100388,2014년 5월 2일 15시,금요일,경상북도 경주시 동천동,사망사고,1,3,2,0,차대차 - 기타,중앙선침범,건조,맑음,교차로 - 교차로부근,화물,남,50세,사망,화물,남,54세,중상
2014050200100389,2014년 5월 2일 15시,금요일,경상북도 문경시 점촌동,중상사고,0,1,0,0,차대사람 - 기타,안전운전불이행,건조,맑음,기타 - 기타,화물,남,47세,상해없음,보행자,남,53세,중상
2014050200100441,2014년 5월 2일 16시,금요일,경상북도 안동시 옥동,경상사고,0,0,1,0,차대사람 - 기타,안전운전불이행,건조,맑음,교차로 - 교차로안,승용,여,43세,상해없음,보행자,여,43세,경상
2014050200100489,2014년 5월 2일 17시,금요일,경상북도 경주시 사정동,중상사고,0,1,0,0,차대사람 - 기타,보행자보호의무위반,건조,맑음,교차로 - 교차로안,승합,남,55세,상해없음,보행자,여,75세,중상
2014050200100490,2014년 5월 2일 17시,금요일,경상북도 칠곡군 왜관읍,중상사고,0,1,0,0,차대차 - 기타,안전운전불이행,건조,맑음,단일로 - 기타,승용,여,56세,상해없음,이륜,남,60세,중상
2014050200100491,2014년 5월 2일 17시,금요일,경상북도 포항시 남구 대도동,중상사고,0,1,0,0,차대차 - 기타,안전운전불이행,건조,맑음,교차로 - 교차로안,화물,남,31세,상해없음,자전거,여,52세,중상
2014050200100535,2014년 5월 2일 18시,금요일,경상북도 경주시 노서동,경상사고,0,0,2,0,차대차 - 기타,안전운전불이행,건조,맑음,교차로 - 교차로안,승용,남,30세,상해없음,승용,남,37세,경상
2014050200100536,2014년 5월 2일 18시,금요일,경상북도 경산시 삼풍동,경상사고,0,0,1,0,차대사람 - 횡단중,안전운전불이행,건조,맑음,단일로 - 기타,승용,여,52세,상해없음,보행자,남,7세,경상
2014050200100537,2014년 5월 2일 18시,금요일,경상북도 구미시 도량동,경상사고,0,0,1,0,차대차 - 기타,교차로운행방법위반,건조,맑음,교차로 - 교차로안,승용,남,34세,상해없음,승용,여,39세,경상
2014050200100538,2014년 5월 2일 18시,금요일,경상북도 구미시 황상동,경상사고,0,0,1,0,차대차 - 기타,안전운전불이행,건조,맑음,교차로 - 교차로부근,승용,여,46세,상해없음,승용,남,53세,경상
2014050200100570,2014년 5월 2일 19시,금요일,경상북도 경주시 양북면,사망사고,1,0,0,0,차대사람 - 기타,안전운전불이행,건조,맑음,단일로 - 기타,승용,여,24세,상해없음,보행자,남,37세,사망
2014050200100571,2014년 5월 2일 19시,금요일,경상북도 포항시 북구 장성동,중상사고,0,1,0,0,차대사람 - 기타,안전운전불이행,건조,맑음,단일로 - 기타,승용,여,43세,상해없음,보행자,남,5세,중상
2014050200100572,2014년 5월 2일 19시,금요일,경상북도 안동시 천리동,중상사고,0,1,0,0,차대차 - 측면직각충돌,신호위반,건조,맑음,교차로 - 교차로안,승용,여,47세,상해없음,승용,남,48세,중상
2014050200100573,2014년 5월 2일 19시,금요일,경상북도 칠곡군 북삼읍,부상신고사고,0,0,0,1,차대차 - 기타,안전운전불이행,건조,맑음,교차로 - 교차로안,승용,남,35세,상해없음,자전거,남,11세,부상신고
2014050200100605,2014년 5월 2일 20시,금요일,경상북도 경산시 압량면,중상사고,0,1,0,0,차대차 - 기타,안전운전불이행,건조,맑음,교차로 - 교차로안,승용,남,48세,상해없음,이륜,남,30세,중상
2014050200100606,2014년 5월 2일 20시,금요일,경상북도 봉화군 봉화읍,경상사고,0,0,2,0,차대차 - 추돌 - 진행중,안전운전불이행,건조,맑음,단일로 - 기타,승용,남,41세,상해없음,농기계,남,58세,경상
2014050200100607,2014년 5월 2일 20시,금요일,경상북도 구미시 황상동,부상신고사고,0,0,0,1,차대사람 - 기타,안전운전불이행,건조,맑음,교차로 - 교차로안,승용,남,34세,상해없음,보행자,남,56세,부상신고
2014050200100662,2014년 5월 2일 22시,금요일,경상북도 경주시 천북면,중상사고,0,1,0,0,차량단독 - 공작물충돌,안전운전불이행,건조,맑음,단일로 - 기타,승용,남,33세,상해없음,,,,
2014050200100663,2014년 5월 2일 22시,금요일,경상북도 구미시 오태동,경상사고,0,0,1,0,차대사람 - 기타,안전운전불이행,건조,맑음,단일로 - 기타,승용,남,42세,상해없음,보행자,남,31세,경상
2014050200100693,2014년 5월 2일 23시,금요일,경상북도 경주시 서면,중상사고,0,1,0,0,차대사람 - 기타,안전운전불이행,건조,맑음,단일로 - 기타,승용,남,45세,상해없음,보행자,여,61세,중상
2014050200100694,2014년 5월 2일 23시,금요일,경상북도 김천시 남면,중상사고,0,1,0,0,차량단독 - 공작물충돌,안전운전불이행,건조,맑음,단일로 - 기타,승용,남,35세,상해없음,,,,
2014050200100695,2014년 5월 2일 23시,금요일,경상북도 칠곡군 가산면,중상사고,0,1,1,0,차대차 - 기타,안전운전불이행,건조,맑음,단일로 - 기타,승용,남,18세,상해없음,승용,여,42세,경상
2014050200100696,2014년 5월 2일 23시,금요일,경상북도 성주군 선남면,경상사고,0,0,1,0,차대차 - 추돌 - 진행중,안전거리미확보,건조,맑음,단일로 - 교량,승용,남,28세,상해없음,승용,남,54세,경상
2014050300100015,2014년 5월 3일 00시,토요일,경상북도 구미시 신평동,중상사고,0,1,2,0,차대차 - 기타,안전운전불이행,건조,맑음,기타 - 기타,승용,여,33세,상해없음,승용,남,56세,경상
2014050300100016,2014년 5월 3일 00시,토요일,경상북도 포항시 남구 상도동,경상사고,0,0,1,0,차대차 - 기타,신호위반,건조,흐림,교차로 - 교차로안,승용,남,61세,상해없음,승용,남,62세,경상
2014050300100089,2014년 5월 3일 04시,토요일,경상북도 경산시 옥산동,경상사고,0,0,2,0,차대차 - 기타,교차로운행방법위반,건조,맑음,교차로 - 교차로안,승용,남,33세,경상,승용,남,20세,경상
2014050300100115,2014년 5월 3일 06시,토요일,경상북도 포항시 북구 흥해읍,중상사고,0,1,0,0,차대차 - 기타,교차로운행방법위반,건조,맑음,교차로 - 교차로안,승용,남,49세,상해없음,원동기,남,56세,중상
2014050300100116,2014년 5월 3일 06시,토요일,경상북도 구미시 진평동,경상사고,0,0,2,0,차대차 - 기타,교차로운행방법위반,건조,맑음,교차로 - 교차로안,승용,남,22세,상해없음,승용,남,23세,경상
2014050300100136,2014년 5월 3일 07시,토요일,경상북도 구미시 진평동,중상사고,0,1,0,0,차대차 - 기타,안전운전불이행,건조,맑음,교차로 - 교차로부근,승용,남,29세,상해없음,승합,남,62세,중상
2014050300100145,2014년 5월 3일 08시,토요일,경상북도 경주시 외동읍,중상사고,0,1,0,0,차대사람 - 기타,안전운전불이행,건조,맑음,단일로 - 기타,건설기계,기타불명,기타불명,기타불명,보행자,남,61세,중상
2014050300100174,2014년 5월 3일 09시,토요일,경상북도 영주시 문수면,경상사고,0,0,1,0,차대차 - 측면직각충돌,안전운전불이행,건조,맑음,단일로 - 기타,승용,여,40세,상해없음,승용,남,64세,경상
2014050300100175,2014년 5월 3일 09시,토요일,경상북도 고령군 쌍림면,경상사고,0,0,2,0,차량단독 - 도로외이탈 - 추락,안전운전불이행,건조,맑음,단일로 - 기타,승용,남,18세,상해없음,,,,
2014050300100176,2014년 5월 3일 09시,토요일,경상북도 구미시 광평동,경상사고,0,0,2,0,차대차 - 측면직각충돌,신호위반,건조,맑음,교차로 - 교차로안,승용,여,46세,상해없음,승용,남,44세,경상
2014050300100210,2014년 5월 3일 10시,토요일,경상북도 포항시 북구 두호동,경상사고,0,0,1,0,차대차 - 기타,교차로운행방법위반,건조,맑음,교차로 - 교차로안,승용,남,55세,상해없음,승용,남,22세,상해없음
2014050300100252,2014년 5월 3일 11시,토요일,경상북도 상주시 모동면,중상사고,0,1,0,0,차대차 - 기타,안전운전불이행,건조,맑음,단일로 - 기타,화물,남,61세,상해없음,자전거,남,81세,중상
2014050300100253,2014년 5월 3일 11시,토요일,경상북도 칠곡군 석적읍,중상사고,0,1,0,0,차대차 - 기타,안전운전불이행,건조,맑음,교차로 - 교차로안,승합,여,32세,상해없음,원동기,남,32세,중상
2014050300100254,2014년 5월 3일 11시,토요일,경상북도 영덕군 지품면,중상사고,0,1,0,0,차량단독 - 도로외이탈 - 추락,안전운전불이행,건조,맑음,단일로 - 기타,화물,남,71세,중상,,,,
2014050300100255,2014년 5월 3일 11시,토요일,경상북도 경주시 건천읍,중상사고,0,1,10,0,차대차 - 추돌 - 진행중,안전운전불이행,건조,맑음,단일로 - 기타,승용,남,24세,경상,승용,남,39세,경상
2014050300100297,2014년 5월 3일 12시,토요일,경상북도 포항시 북구 용흥동,중상사고,0,1,0,0,차대차 - 기타,기타,건조,맑음,단일로 - 기타,승용,남,56세,상해없음,원동기,남,71세,중상
2014050300100298,2014년 5월 3일 12시,토요일,경상북도 영주시 영주동,중상사고,0,1,2,0,차대차 - 측면직각충돌,안전운전불이행,건조,맑음,교차로 - 교차로안,승용,여,59세,상해없음,승용,여,41세,경상
2014050300100299,2014년 5월 3일 12시,토요일,경상북도 성주군 성주읍,경상사고,0,0,2,0,차대차 - 기타,직진우회전진행방해,건조,맑음,교차로 - 교차로안,승용,남,33세,경상,화물,남,58세,경상
2014050300100300,2014년 5월 3일 12시,토요일,경상북도 구미시 공단동,경상사고,0,0,1,0,차대차 - 추돌 - 주정차중,안전운전불이행,건조,맑음,교차로 - 교차로부근,승용,남,38세,상해없음,승용,남,23세,경상
2014050300100336,2014년 5월 3일 13시,토요일,경상북도 포항시 북구 대흥동,경상사고,0,0,2,0,차대사람 - 기타,신호위반,건조,맑음,단일로 - 횡단보도상,승용,여,21세,상해없음,보행자,여,24세,경상
2014050300100337,2014년 5월 3일 13시,토요일,경상북도 안동시 안흥동,중상사고,0,1,0,0,차대사람 - 기타,안전운전불이행,건조,맑음,단일로 - 기타,승용,남,21세,상해없음,보행자,남,56세,중상
2014050300100338,2014년 5월 3일 13시,토요일,경상북도 안동시 평화동,중상사고,0,2,5,0,차대차 - 기타,안전운전불이행,건조,맑음,단일로 - 기타,승용,남,51세,상해없음,승용,여,38세,경상
2014050300100339,2014년 5월 3일 13시,토요일,경상북도 영주시 가흥동,중상사고,0,1,0,0,차대차 - 측면직각충돌,안전운전불이행,건조,맑음,단일로 - 기타,승용,여,57세,상해없음,승용,남,27세,중상
2014050300100340,2014년 5월 3일 13시,토요일,경상북도 청도군 청도읍,사망사고,1,0,1,0,차대차 - 기타,중앙선침범,건조,맑음,단일로 - 기타,원동기,남,71세,경상,화물,남,48세,상해없음
2014050300100384,2014년 5월 3일 14시,토요일,경상북도 안동시 당북동,중상사고,0,1,0,0,차대차 - 기타,안전운전불이행,건조,맑음,단일로 - 기타,승용,여,55세,상해없음,승용,여,44세,중상
2014050300100385,2014년 5월 3일 14시,토요일,경상북도 칠곡군 왜관읍,경상사고,0,0,3,0,차대차 - 기타,직진우회전진행방해,건조,맑음,교차로 - 교차로안,승용,여,42세,상해없음,승용,여,49세,경상
2014050300100426,2014년 5월 3일 15시,토요일,경상북도 포항시 북구 기계면,중상사고,0,2,0,0,차량단독 - 공작물충돌,안전운전불이행,건조,맑음,단일로 - 기타,화물,남,76세,중상,,,,
2014050300100427,2014년 5월 3일 15시,토요일,경상북도 예천군 개포면,중상사고,0,1,0,0,차대차 - 측면직각충돌,안전운전불이행,건조,맑음,교차로 - 교차로안,화물,남,65세,중상,특수,남,52세,상해없음
2014050300100470,2014년 5월 3일 16시,토요일,경상북도 구미시 진평동,중상사고,0,1,0,0,차대차 - 측면직각충돌,안전운전불이행,건조,맑음,교차로 - 교차로안,승용,남,30세,상해없음,자전거,남,8세,중상
2014050300100471,2014년 5월 3일 16시,토요일,경상북도 구미시 진평동,부상신고사고,0,0,0,1,차대차 - 추돌 - 주정차중,안전운전불이행,건조,맑음,기타 - 기타,기타불명,기타불명,기타불명,기타불명,자전거,남,44세,부상신고
2014050300100472,2014년 5월 3일 16시,토요일,경상북도 칠곡군 동명면,중상사고,0,1,6,0,차대차 - 추돌 - 진행중,안전운전불이행,건조,맑음,단일로 - 기타,승용,남,32세,상해없음,승용,남,52세,상해없음
2014050300100519,2014년 5월 3일 17시,토요일,경상북도 칠곡군 지천면,경상사고,0,0,1,0,차대차 - 추돌 - 진행중,안전운전불이행,건조,맑음,단일로 - 기타,기타불명,기타불명,기타불명,기타불명,승용,남,54세,경상
2014050300100561,2014년 5월 3일 18시,토요일,경상북도 경주시 건천읍,경상사고,0,0,1,0,차대차 - 기타,안전운전불이행,건조,맑음,교차로 - 교차로안,원동기,남,61세,경상,승용,남,33세,상해없음
2014050300100562,2014년 5월 3일 18시,토요일,경상북도 경주시 북부동,부상신고사고,0,0,0,4,차대차 - 기타,안전운전불이행,건조,맑음,교차로 - 교차로부근,승용,남,44세,상해없음,승용,남,46세,부상신고
2014050300100563,2014년 5월 3일 18시,토요일,경상북도 안동시 임하면,경상사고,0,0,2,0,차대차 - 기타,교차로운행방법위반,건조,맑음,교차로 - 교차로안,승용,남,68세,상해없음,화물,남,63세,경상
2014050300100564,2014년 5월 3일 18시,토요일,경상북도 영주시 휴천동,중상사고,0,2,0,0,차대사람 - 횡단중,보행자보호의무위반,건조,맑음,단일로 - 횡단보도상,승합,남,43세,상해없음,보행자,여,18세,중상
2014050300100565,2014년 5월 3일 18시,토요일,경상북도 구미시 인의동,경상사고,0,0,1,0,차대차 - 추돌 - 주정차중,안전거리미확보,건조,맑음,교차로 - 교차로안,승용,남,55세,기타불명,승용,남,26세,경상
2014050300100606,2014년 5월 3일 19시,토요일,경상북도 포항시 북구 두호동,중상사고,0,3,0,0,차대사람 - 기타,기타,건조,맑음,교차로 - 교차로부근,승용,남,22세,중상,보행자,여,69세,중상
2014050300100607,2014년 5월 3일 19시,토요일,경상북도 봉화군 물야면,사망사고,1,1,0,0,차량단독 - 전도전복,안전운전불이행,건조,맑음,단일로 - 기타,화물,남,77세,사망,,,,
2014050300100608,2014년 5월 3일 19시,토요일,경상북도 구미시 인의동,경상사고,0,0,1,0,차대차 - 측면직각충돌,안전운전불이행,건조,맑음,단일로 - 기타,승용,여,26세,경상,기타불명,기타불명,기타불명,기타불명
2014050300100609,2014년 5월 3일 19시,토요일,경상북도 포항시 남구 대도동,경상사고,0,0,1,2,차대차 - 기타,안전운전불이행,건조,맑음,교차로 - 교차로부근,화물,남,53세,상해없음,화물,남,52세,부상신고
2014050300100640,2014년 5월 3일 20시,토요일,경상북도 봉화군 봉화읍,중상사고,0,1,0,0,차대사람 - 차도통행중,안전운전불이행,건조,맑음,단일로 - 기타,승용,남,57세,상해없음,보행자,남,43세,중상
2014050300100669,2014년 5월 3일 21시,토요일,경상북도 경주시 안강읍,부상신고사고,0,0,0,1,차대사람 - 기타,안전운전불이행,건조,맑음,단일로 - 기타,기타불명,기타불명,기타불명,기타불명,보행자,여,76세,부상신고
2014050300100670,2014년 5월 3일 21시,토요일,경상북도 울진군 근남면,경상사고,0,0,2,0,차대차 - 측면직각충돌,직진우회전진행방해,건조,맑음,교차로 - 교차로안,승용,남,20세,상해없음,승용,남,58세,상해없음
2014050300100671,2014년 5월 3일 21시,토요일,경상북도 구미시 선기동,경상사고,0,0,1,0,차대차 - 기타,중앙선침범,건조,맑음,단일로 - 기타,승용,여,48세,상해없음,승용,여,45세,경상
2014050300100688,2014년 5월 3일 22시,토요일,경상북도 경주시 안강읍,경상사고,0,0,3,0,차대차 - 측면직각충돌,안전운전불이행,건조,맑음,교차로 - 교차로부근,승용,남,61세,경상,화물,남,56세,상해없음
2014050300100689,2014년 5월 3일 22시,토요일,경상북도 경주시 외동읍,경상사고,0,0,1,0,차대사람 - 기타,안전운전불이행,건조,맑음,단일로 - 기타,승용,남,46세,상해없음,보행자,남,26세,경상
2014050300100690,2014년 5월 3일 22시,토요일,경상북도 안동시 옥동,부상신고사고,0,0,0,1,차량단독 - 전도전복,안전운전불이행,건조,맑음,교차로 - 교차로안,이륜,남,17세,부상신고,,,,
2014050300100691,2014년 5월 3일 22시,토요일,경상북도 경산시 서상동,경상사고,0,0,2,0,차대차 - 기타,안전운전불이행,건조,맑음,교차로 - 교차로부근,원동기,남,18세,경상,승용,남,33세,경상
2014050300100692,2014년 5월 3일 22시,토요일,경상북도 봉화군 봉성면,경상사고,0,0,2,0,차대차 - 기타,중앙선침범,건조,맑음,단일로 - 기타,승용,여,38세,상해없음,승용,남,46세,경상
2014050300100713,2014년 5월 3일 23시,토요일,경상북도 포항시 북구 두호동,경상사고,0,0,1,0,차대차 - 기타,안전거리미확보,건조,맑음,단일로 - 기타,승용,남,55세,상해없음,승용,남,51세,상해없음
2014050300100714,2014년 5월 3일 23시,토요일,경상북도 포항시 남구 대도동,경상사고,0,0,1,0,차대차 - 기타,안전운전불이행,건조,맑음,단일로 - 기타,이륜,남,25세,경상,이륜,남,46세,상해없음