사고번호,사고일시,요일,시군구,사고내용,사망자수,중상자수,경상자수,부상신고자수,사고유형,법규위반,노면상태,기상상태,도로형태,가해운전자 차종,가해운전자 성별,가해운전자 연령,가해운전자 상해정도,피해운전자 차종,피해운전자 성별,피해운전자 연령,피해운전자 상해정도
2014050300100715,2014년 5월 3일 23시,토요일,경상북도 포항시 남구 대도동,중상사고,0,1,0,0,차대사람 - 횡단중,안전운전불이행,건조,맑음,단일로 - 기타,승용,남,57세,상해없음,보행자,남,55세,중상
2014050300100716,2014년 5월 3일 23시,토요일,경상북도 포항시 남구 대도동,경상사고,0,0,1,0,차대차 - 기타,안전운전불이행,건조,맑음,단일로 - 횡단보도상,승용,남,28세,상해없음,승용,남,37세,상해없음
2014050400100015,2014년 5월 4일 00시,일요일,경상북도 포항시 남구 효자동,경상사고,0,0,1,0,차량단독 - 공작물충돌,안전운전불이행,건조,맑음,교차로 - 교차로부근,승용,여,44세,경상,,,,
2014050400100078,2014년 5월 4일 05시,일요일,경상북도 경산시 중방동,경상사고,0,0,2,0,차대차 - 기타,안전운전불이행,건조,맑음,교차로 - 교차로부근,승용,남,72세,상해없음,승용,남,24세,경상
2014050400100105,2014년 5월 4일 07시,일요일,경상북도 영천시 창구동,중상사고,0,1,1,1,차대차 - 측면직각충돌,중앙선침범,건조,맑음,단일로 - 기타,승합,여,59세,부상신고,건설기계,남,57세,경상
2014050400100106,2014년 5월 4일 07시,일요일,경상북도 경산시 서상동,경상사고,0,0,1,0,차대차 - 기타,신호위반,건조,맑음,교차로 - 교차로안,승용,남,50세,상해없음,승합,남,56세,경상
2014050400100135,2014년 5월 4일 09시,일요일,경상북도 포항시 북구 대흥동,경상사고,0,0,1,0,차대차 - 기타,안전운전불이행,건조,흐림,교차로 - 교차로안,승용,여,45세,상해없음,승용,여,40세,경상
2014050400100150,2014년 5월 4일 10시,일요일,경상북도 경주시 천군동,중상사고,0,2,1,0,차대차 - 측면직각충돌,중앙선침범,건조,맑음,단일로 - 기타,승용,여,57세,상해없음,승용,남,42세,중상
2014050400100151,2014년 5월 4일 10시,일요일,경상북도 경주시 산내면,중상사고,0,1,0,0,차대사람 - 기타,안전운전불이행,건조,맑음,단일로 - 기타,승용,남,47세,상해없음,보행자,남,4세,중상
2014050400100152,2014년 5월 4일 10시,일요일,경상북도 경산시 하양읍,경상사고,0,0,1,0,차대차 - 기타,안전운전불이행,건조,맑음,단일로 - 기타,승합,남,47세,상해없음,원동기,남,18세,경상
2014050400100168,2014년 5월 4일 11시,일요일,경상북도 포항시 북구 기계면,경상사고,0,0,1,0,차대차 - 기타,안전운전불이행,건조,맑음,단일로 - 기타,원동기,여,65세,경상,화물,남,67세,상해없음
2014050400100190,2014년 5월 4일 12시,일요일,경상북도 경주시 외동읍,경상사고,0,0,6,0,차대차 - 측면직각충돌,안전운전불이행,건조,맑음,단일로 - 기타,승용,남,65세,상해없음,승용,남,42세,경상
2014050400100191,2014년 5월 4일 12시,일요일,경상북도 칠곡군 석적읍,경상사고,0,0,1,0,차대차 - 기타,안전운전불이행,건조,맑음,교차로 - 교차로안,승용,남,34세,상해없음,자전거,남,62세,경상
2014050400100192,2014년 5월 4일 12시,일요일,경상북도 문경시 흥덕동,경상사고,0,0,3,0,차대차 - 기타,안전운전불이행,건조,맑음,교차로 - 교차로안,승용,남,68세,경상,화물,남,61세,경상
2014050400100231,2014년 5월 4일 14시,일요일,경상북도 포항시 북구 양덕동,경상사고,0,0,1,0,차대사람 - 기타,안전운전불이행,건조,맑음,단일로 - 기타,승용,남,33세,상해없음,보행자,여,38세,경상
2014050400100232,2014년 5월 4일 14시,일요일,경상북도 안동시 풍산읍,사망사고,1,1,1,0,차대차 - 기타,교차로운행방법위반,건조,맑음,교차로 - 교차로안,승용,남,53세,상해없음,승용,남,41세,중상
2014050400100233,2014년 5월 4일 14시,일요일,경상북도 문경시 가은읍,중상사고,0,1,0,0,차대차 - 기타,안전운전불이행,건조,맑음,교차로 - 교차로안,승용,남,42세,상해없음,농기계,남,75세,중상
2014050400100261,2014년 5월 4일 15시,일요일,경상북도 경주시 천군동,중상사고,0,4,3,0,차대차 - 추돌 - 주정차중,안전운전불이행,건조,맑음,교차로 - 교차로부근,승합,남,46세,상해없음,승용,남,31세,경상
2014050400100290,2014년 5월 4일 16시,일요일,경상북도 상주시 낙동면,중상사고,0,1,1,0,차대차 - 기타,교차로운행방법위반,건조,맑음,교차로 - 교차로안,승용,남,52세,상해없음,승용,여,56세,중상
2014050400100291,2014년 5월 4일 16시,일요일,경상북도 구미시 진평동,부상신고사고,0,0,0,1,차대차 - 기타,안전운전불이행,건조,맑음,단일로 - 기타,승용,남,45세,상해없음,승용,여,30세,부상신고
2014050400100317,2014년 5월 4일 17시,일요일,경상북도 구미시 진평동,경상사고,0,0,1,0,차대차 - 기타,안전운전불이행,건조,맑음,단일로 - 기타,화물,남,45세,상해없음,자전거,남,10세,경상
2014050400100344,2014년 5월 4일 18시,일요일,경상북도 고령군 쌍림면,경상사고,0,0,5,0,차대차 - 정면충돌,중앙선침범,건조,맑음,단일로 - 기타,승용,남,36세,상해없음,승용,남,44세,경상
2014050400100376,2014년 5월 4일 19시,일요일,경상북도 경주시 강동면,중상사고,0,1,0,0,차대차 - 정면충돌,중앙선침범,건조,맑음,단일로 - 기타,승용,남,19세,상해없음,승용,남,60세,중상
2014050400100377,2014년 5월 4일 19시,일요일,경상북도 경주시 황오동,경상사고,0,0,1,0,차대사람 - 기타,안전운전불이행,건조,맑음,단일로 - 기타,승용,남,55세,상해없음,보행자,여,18세,경상
2014050400100415,2014년 5월 4일 20시,일요일,경상북도 경주시 신평동,중상사고,0,1,0,0,차대사람 - 횡단중,보행자보호의무위반,건조,맑음,단일로 - 횡단보도상,승용,남,36세,상해없음,보행자,남,32세,중상
2014050400100416,2014년 5월 4일 20시,일요일,경상북도 칠곡군 북삼읍,부상신고사고,0,0,0,1,차대차 - 기타,안전운전불이행,건조,맑음,단일로 - 기타,원동기,남,17세,부상신고,승용,남,45세,상해없음
2014050400100417,2014년 5월 4일 20시,일요일,경상북도 칠곡군 왜관읍,경상사고,0,0,1,0,차대차 - 정면충돌,중앙선침범,건조,맑음,단일로 - 기타,승용,여,47세,상해없음,원동기,남,52세,경상
2014050400100418,2014년 5월 4일 20시,일요일,경상북도 울진군 북면,중상사고,0,1,0,0,차량단독 - 공작물충돌,안전운전불이행,건조,맑음,단일로 - 기타,승용,남,62세,중상,,,,
2014050400100419,2014년 5월 4일 20시,일요일,경상북도 고령군 쌍림면,중상사고,0,1,0,0,차대차 - 측면직각충돌,교차로운행방법위반,건조,맑음,교차로 - 교차로안,승용,여,54세,상해없음,승용,여,53세,상해없음
2014050400100420,2014년 5월 4일 20시,일요일,경상북도 포항시 남구 오천읍,경상사고,0,0,1,0,차대차 - 기타,안전운전불이행,건조,맑음,교차로 - 교차로안,이륜,남,60세,경상,승용,남,24세,상해없음
2014050400100456,2014년 5월 4일 21시,일요일,경상북도 영주시 가흥동,중상사고,0,1,0,0,차대차 - 측면직각충돌,안전운전불이행,건조,맑음,단일로 - 기타,승용,남,25세,상해없음,이륜,남,31세,중상
2014050400100457,2014년 5월 4일 21시,일요일,경상북도 영주시 휴천동,중상사고,0,1,0,0,차대사람 - 차도통행중,안전운전불이행,건조,맑음,교차로 - 교차로안,승용,남,37세,상해없음,보행자,남,71세,중상
2014050400100486,2014년 5월 4일 22시,일요일,경상북도 포항시 북구 창포동,경상사고,0,0,1,0,차대사람 - 기타,보행자보호의무위반,건조,맑음,단일로 - 횡단보도상,승용,남,70세,상해없음,보행자,남,61세,경상
2014050400100487,2014년 5월 4일 22시,일요일,경상북도 영천시 문외동,경상사고,0,0,1,0,차대차 - 측면직각충돌,중앙선침범,습기,비,단일로 - 기타,승용,남,22세,상해없음,승용,여,24세,경상
2014050400100488,2014년 5월 4일 22시,일요일,경상북도 영천시 화남면,경상사고,0,0,1,0,차량단독 - 공작물충돌,안전운전불이행,건조,맑음,단일로 - 기타,승용,남,49세,경상,,,,
2014050500100040,2014년 5월 5일 02시,월요일,경상북도 경주시 성동동,중상사고,0,1,0,0,차대차 - 기타,안전운전불이행,습기,흐림,교차로 - 교차로부근,승용,남,35세,상해없음,승용,남,57세,상해없음
2014050500100041,2014년 5월 5일 02시,월요일,경상북도 김천시 모암동,중상사고,0,2,1,0,차대차 - 측면직각충돌,신호위반,건조,맑음,단일로 - 기타,승용,남,28세,상해없음,승용,남,23세,경상
2014050500100042,2014년 5월 5일 02시,월요일,경상북도 경산시 하양읍,경상사고,0,0,1,0,차대차 - 기타,안전운전불이행,건조,흐림,단일로 - 기타,승용,남,41세,상해없음,승용,남,31세,경상
2014050500100096,2014년 5월 5일 07시,월요일,경상북도 경주시 성동동,경상사고,0,0,1,0,차대차 - 측면직각충돌,안전운전불이행,건조,맑음,단일로 - 기타,승용,남,44세,상해없음,승용,여,46세,경상
2014050500100097,2014년 5월 5일 07시,월요일,경상북도 칠곡군 석적읍,경상사고,0,0,1,0,차대차 - 측면직각충돌,신호위반,건조,맑음,교차로 - 교차로안,승합,남,54세,상해없음,승용,남,32세,경상
2014050500100098,2014년 5월 5일 07시,월요일,경상북도 영천시 금호읍,경상사고,0,0,1,0,차대차 - 측면직각충돌,안전운전불이행,건조,맑음,교차로 - 교차로안,원동기,여,67세,경상,승용,여,51세,상해없음
2014050500100099,2014년 5월 5일 07시,월요일,경상북도 경산시 정평동,경상사고,0,0,1,0,차대사람 - 기타,안전운전불이행,건조,맑음,단일로 - 횡단보도부근,승용,여,55세,상해없음,보행자,남,46세,경상
2014050500100100,2014년 5월 5일 07시,월요일,경상북도 구미시 진평동,중상사고,0,1,1,0,차대차 - 기타,교차로운행방법위반,건조,맑음,교차로 - 교차로안,승용,남,36세,상해없음,승용,남,64세,중상
2014050500100153,2014년 5월 5일 10시,월요일,경상북도 예천군 예천읍,중상사고,0,1,0,0,차대차 - 추돌 - 진행중,차로위반,건조,맑음,단일로 - 기타,승합,남,33세,상해없음,승용,남,48세,중상
2014050500100154,2014년 5월 5일 10시,월요일,경상북도 구미시 고아읍,중상사고,0,2,0,0,차대차 - 기타,교차로운행방법위반,건조,맑음,교차로 - 교차로안,승용,여,53세,상해없음,승용,남,35세,중상
2014050500100180,2014년 5월 5일 11시,월요일,경상북도 안동시 용상동,중상사고,0,1,0,0,차대사람 - 기타,보행자보호의무위반,건조,맑음,교차로 - 교차로안,승용,여,28세,상해없음,보행자,남,13세,중상
2014050500100181,2014년 5월 5일 11시,월요일,경상북도 안동시 풍천면,중상사고,0,1,0,0,차대차 - 기타,안전운전불이행,건조,맑음,단일로 - 기타,승용,남,44세,상해없음,원동기,남,76세,중상
2014050500100182,2014년 5월 5일 11시,월요일,경상북도 문경시 가은읍,중상사고,0,2,2,0,차대차 - 기타,안전운전불이행,건조,맑음,단일로 - 기타,승용,남,77세,상해없음,승용,남,59세,중상
2014050500100183,2014년 5월 5일 11시,월요일,경상북도 울진군 북면,중상사고,0,1,0,0,차대차 - 기타,안전운전불이행,건조,맑음,교차로 - 교차로안,승용,남,61세,상해없음,자전거,남,73세,중상
2014050500100184,2014년 5월 5일 11시,월요일,경상북도 고령군 쌍림면,경상사고,0,0,1,0,차대차 - 측면직각충돌,안전운전불이행,건조,맑음,단일로 - 기타,이륜,남,78세,경상,승용,남,50세,상해없음
2014050500100209,2014년 5월 5일 12시,월요일,경상북도 경주시 서악동,중상사고,0,2,0,0,차대차 - 측면직각충돌,안전운전불이행,건조,맑음,교차로 - 교차로안,이륜,남,78세,중상,승용,남,41세,상해없음
2014050500100243,2014년 5월 5일 13시,월요일,경상북도 김천시 부곡동,경상사고,0,0,1,0,차대차 - 측면직각충돌,안전운전불이행,건조,맑음,교차로 - 교차로부근,이륜,남,21세,상해없음,이륜,남,18세,경상
2014050500100244,2014년 5월 5일 13시,월요일,경상북도 경산시 와촌면,경상사고,0,0,1,0,차대사람 - 기타,안전운전불이행,건조,맑음,단일로 - 기타,승용,여,55세,상해없음,보행자,남,22세,경상
2014050500100245,2014년 5월 5일 13시,월요일,경상북도 영양군 입암면,중상사고,0,3,5,0,차대차 - 정면충돌,중앙선침범,건조,맑음,교차로 - 교차로안,승합,남,53세,경상,농기계,남,76세,경상
2014050500100246,2014년 5월 5일 13시,월요일,경상북도 포항시 남구 송도동,경상사고,0,0,2,0,차대차 - 추돌 - 주정차중,안전운전불이행,건조,맑음,교차로 - 교차로부근,승용,남,28세,상해없음,승용,남,43세,경상
2014050500100286,2014년 5월 5일 14시,월요일,경상북도 경주시 보문동,경상사고,0,0,1,0,차대사람 - 기타,안전운전불이행,건조,맑음,기타 - 기타,자전거,여,9세,상해없음,보행자,남,46세,경상
2014050500100287,2014년 5월 5일 14시,월요일,경상북도 안동시 법흥동,부상신고사고,0,0,0,1,차대차 - 기타,안전운전불이행,건조,맑음,단일로 - 기타,원동기,남,62세,부상신고,승용,여,53세,상해없음
2014050500100288,2014년 5월 5일 14시,월요일,경상북도 안동시 남문동,경상사고,0,0,1,0,차대차 - 기타,안전운전불이행,건조,맑음,교차로 - 교차로부근,승합,남,54세,상해없음,자전거,여,22세,경상
2014050500100289,2014년 5월 5일 14시,월요일,경상북도 칠곡군 석적읍,부상신고사고,0,0,0,6,차대차 - 정면충돌,중앙선침범,건조,맑음,단일로 - 기타,화물,남,49세,부상신고,승용,남,29세,부상신고
2014050500100290,2014년 5월 5일 14시,월요일,경상북도 청도군 청도읍,부상신고사고,0,0,0,1,차대차 - 기타,교차로운행방법위반,건조,맑음,교차로 - 교차로안,자전거,남,11세,부상신고,승용,여,39세,상해없음
2014050500100291,2014년 5월 5일 14시,월요일,경상북도 청송군 안덕면,경상사고,0,0,1,0,차대사람 - 기타,안전운전불이행,건조,맑음,단일로 - 기타,승용,여,44세,상해없음,보행자,남,6세,경상
2014050500100292,2014년 5월 5일 14시,월요일,경상북도 구미시 도량동,중상사고,0,1,2,0,차대차 - 기타,신호위반,건조,맑음,교차로 - 교차로안,승용,남,55세,상해없음,승용,여,46세,중상
2014050500100317,2014년 5월 5일 15시,월요일,경상북도 경주시 보문동,경상사고,0,0,1,0,차대차 - 기타,안전운전불이행,건조,맑음,단일로 - 기타,승용,남,24세,상해없음,승용,남,43세,경상
2014050500100318,2014년 5월 5일 15시,월요일,경상북도 경주시 서악동,중상사고,0,1,0,0,차대차 - 정면충돌,중앙선침범,건조,맑음,단일로 - 기타,화물,남,70세,상해없음,이륜,남,31세,중상
2014050500100319,2014년 5월 5일 15시,월요일,경상북도 영천시 문외동,경상사고,0,0,2,0,차대차 - 추돌 - 진행중,안전운전불이행,건조,맑음,교차로 - 교차로부근,승용,남,24세,상해없음,승용,남,28세,경상
2014050500100320,2014년 5월 5일 15시,월요일,경상북도 포항시 남구 송내동,중상사고,0,1,5,0,차대차 - 추돌 - 주정차중,안전운전불이행,건조,맑음,교차로 - 교차로부근,승용,남,55세,중상,승용,남,42세,경상
2014050500100321,2014년 5월 5일 15시,월요일,경상북도 포항시 남구 오천읍,경상사고,0,0,4,0,차대차 - 기타,직진우회전진행방해,건조,맑음,교차로 - 교차로안,화물,남,44세,상해없음,승용,여,36세,경상
2014050500100355,2014년 5월 5일 16시,월요일,경상북도 경주시 황오동,경상사고,0,0,1,0,차대사람 - 횡단중,보행자보호의무위반,건조,맑음,단일로 - 횡단보도상,원동기,여,27세,상해없음,보행자,남,11세,경상
2014050500100387,2014년 5월 5일 17시,월요일,경상북도 영천시 임고면,경상사고,0,0,1,0,차대차 - 측면직각충돌,안전운전불이행,건조,맑음,단일로 - 기타,승용,여,40세,상해없음,승용,남,21세,경상
2014050500100388,2014년 5월 5일 17시,월요일,경상북도 울진군 울진읍,경상사고,0,0,1,0,차대차 - 추돌 - 진행중,안전운전불이행,건조,맑음,단일로 - 기타,화물,남,65세,상해없음,화물,남,56세,상해없음
2014050500100389,2014년 5월 5일 17시,월요일,경상북도 영양군 영양읍,중상사고,0,1,1,0,차대차 - 측면직각충돌,교차로운행방법위반,건조,맑음,교차로 - 교차로안,화물,남,53세,상해없음,승용,남,51세,상해없음
2014050500100426,2014년 5월 5일 18시,월요일,경상북도 구미시 도량동,경상사고,0,0,2,0,차대차 - 기타,안전운전불이행,건조,맑음,교차로 - 교차로안,승용,여,52세,상해없음,승용,남,58세,경상
2014050500100460,2014년 5월 5일 19시,월요일,경상북도 경주시 산내면,중상사고,0,1,0,0,차대사람 - 기타,안전운전불이행,건조,맑음,단일로 - 기타,승용,남,71세,상해없음,보행자,여,73세,중상
2014050500100486,2014년 5월 5일 20시,월요일,경상북도 김천시 지좌동,중상사고,0,1,0,0,차대사람 - 횡단중,보행자보호의무위반,건조,맑음,교차로 - 교차로부근,승용,남,39세,상해없음,보행자,여,63세,중상
2014050500100487,2014년 5월 5일 20시,월요일,경상북도 고령군 운수면,경상사고,0,0,5,0,차대차 - 측면직각충돌,교차로운행방법위반,건조,맑음,교차로 - 교차로안,승용,남,53세,상해없음,승용,남,40세,경상
2014050500100507,2014년 5월 5일 21시,월요일,경상북도 안동시 수상동,경상사고,0,0,4,0,차대차 - 기타,안전운전불이행,건조,맑음,단일로 - 기타,승용,여,30세,상해없음,승용,남,25세,경상
2014050500100508,2014년 5월 5일 21시,월요일,경상북도 경산시 사정동,경상사고,0,0,1,0,차대차 - 기타,교차로운행방법위반,건조,맑음,교차로 - 교차로안,승용,남,55세,상해없음,승용,여,53세,경상
2014050500100562,2014년 5월 5일 23시,월요일,경상북도 상주시 남성동,경상사고,0,0,2,0,차대차 - 기타,기타,건조,맑음,교차로 - 교차로안,이륜,남,17세,상해없음,승용,남,26세,경상
2014050600100078,2014년 5월 6일 06시,화요일,경상북도 경주시 건천읍,중상사고,0,1,0,0,차대차 - 기타,안전운전불이행,건조,맑음,단일로 - 기타,화물,남,62세,상해없음,승용,남,73세,중상
2014050600100102,2014년 5월 6일 08시,화요일,경상북도 포항시 북구 용흥동,경상사고,0,0,1,0,차대차 - 기타,안전운전불이행,건조,맑음,교차로 - 교차로안,승용,남,35세,상해없음,승용,남,50세,상해없음
2014050600100157,2014년 5월 6일 11시,화요일,경상북도 경주시 건천읍,경상사고,0,0,6,0,차대차 - 측면직각충돌,안전운전불이행,건조,맑음,교차로 - 교차로안,승용,여,24세,경상,승용,남,66세,경상
2014050600100158,2014년 5월 6일 11시,화요일,경상북도 안동시 도산면,경상사고,0,0,4,0,차대차 - 기타,안전운전불이행,건조,맑음,기타 - 기타,승용,남,47세,상해없음,승용,남,45세,경상
2014050600100159,2014년 5월 6일 11시,화요일,경상북도 김천시 교동,경상사고,0,0,1,0,차대차 - 측면직각충돌,안전운전불이행,건조,맑음,교차로 - 교차로부근,특수,남,37세,상해없음,특수,남,34세,경상
2014050600100160,2014년 5월 6일 11시,화요일,경상북도 상주시 서문동,중상사고,0,1,0,0,차대차 - 측면직각충돌,안전운전불이행,건조,맑음,단일로 - 기타,승용,남,39세,상해없음,원동기,남,73세,상해없음
2014050600100161,2014년 5월 6일 11시,화요일,경상북도 경산시 자인면,중상사고,0,1,0,0,차대사람 - 기타,안전운전불이행,건조,맑음,단일로 - 기타,승용,남,60세,상해없음,보행자,여,77세,중상
2014050600100162,2014년 5월 6일 11시,화요일,경상북도 예천군 용문면,중상사고,0,1,0,0,차대차 - 추돌 - 진행중,안전운전불이행,건조,맑음,단일로 - 기타,승용,남,73세,중상,화물,여,59세,상해없음
2014050600100163,2014년 5월 6일 11시,화요일,경상북도 구미시 도량동,중상사고,0,1,1,0,차대차 - 기타,신호위반,건조,맑음,교차로 - 교차로안,승용,남,50세,상해없음,승용,여,38세,중상
2014050600100186,2014년 5월 6일 12시,화요일,경상북도 김천시 평화동,경상사고,0,0,4,0,차대차 - 측면직각충돌,안전운전불이행,건조,맑음,단일로 - 기타,승용,여,55세,상해없음,승용,여,32세,경상
2014050600100187,2014년 5월 6일 12시,화요일,경상북도 문경시 산북면,경상사고,0,0,1,0,차대차 - 측면직각충돌,안전운전불이행,건조,맑음,단일로 - 기타,농기계,남,76세,경상,화물,남,28세,상해없음
2014050600100220,2014년 5월 6일 13시,화요일,경상북도 구미시 남통동,중상사고,0,1,0,0,차대사람 - 기타,안전운전불이행,건조,맑음,단일로 - 횡단보도상,화물,남,40세,상해없음,보행자,남,19세,중상
2014050600100254,2014년 5월 6일 14시,화요일,경상북도 영천시 고경면,중상사고,0,1,0,0,차대차 - 추돌 - 진행중,안전거리미확보,건조,맑음,단일로 - 기타,건설기계,남,51세,상해없음,승용,남,58세,상해없음
2014050600100287,2014년 5월 6일 15시,화요일,경상북도 김천시 백옥동,중상사고,0,4,0,0,차대차 - 측면직각충돌,안전운전불이행,건조,맑음,교차로 - 교차로안,승용,여,44세,상해없음,승용,남,78세,중상
2014050600100320,2014년 5월 6일 16시,화요일,경상북도 안동시 동부동,경상사고,0,0,3,0,차대차 - 측면직각충돌,직진우회전진행방해,건조,맑음,교차로 - 교차로안,승용,남,38세,상해없음,승용,남,35세,경상
2014050600100362,2014년 5월 6일 17시,화요일,경상북도 안동시 당북동,경상사고,0,0,1,0,차대차 - 측면직각충돌,신호위반,건조,맑음,교차로 - 교차로안,승용,남,63세,상해없음,승용,남,23세,상해없음
2014050600100363,2014년 5월 6일 17시,화요일,경상북도 상주시 화서면,중상사고,0,1,3,0,차대차 - 측면직각충돌,중앙선침범,건조,맑음,단일로 - 기타,승합,남,18세,경상,화물,남,54세,중상
2014050600100391,2014년 5월 6일 18시,화요일,경상북도 경주시 율동,경상사고,0,0,5,0,차대차 - 기타,안전운전불이행,건조,맑음,단일로 - 기타,승용,남,73세,상해없음,승용,여,41세,경상
2014050600100392,2014년 5월 6일 18시,화요일,경상북도 청도군 풍각면,중상사고,0,1,0,0,차대차 - 기타,안전운전불이행,건조,맑음,단일로 - 기타,승용,남,73세,상해없음,화물,여,63세,중상
2014050600100393,2014년 5월 6일 18시,화요일,경상북도 경산시 진량읍,경상사고,0,0,1,0,차대차 - 추돌 - 주정차중,안전운전불이행,건조,맑음,단일로 - 기타,승용,남,31세,상해없음,승용,남,34세,상해없음
2014050600100419,2014년 5월 6일 19시,화요일,경상북도 경주시 성건동,경상사고,0,0,3,0,차대차 - 기타,안전운전불이행,건조,맑음,교차로 - 교차로안,승용,남,66세,경상,승용,남,65세,경상
2014050600100420,2014년 5월 6일 19시,화요일,경상북도 포항시 남구 해도동,경상사고,0,0,1,0,차대사람 - 횡단중,안전운전불이행,건조,맑음,단일로 - 기타,이륜,남,34세,상해없음,보행자,남,22세,경상
2014050600100437,2014년 5월 6일 20시,화요일,경상북도 경주시 동천동,중상사고,0,1,0,0,차대사람 - 차도통행중,안전운전불이행,건조,맑음,단일로 - 기타,승용,남,60세,상해없음,보행자,남,60세,중상
2014050600100438,2014년 5월 6일 20시,화요일,경상북도 영천시 야사동,중상사고,0,1,0,0,차대차 - 추돌 - 진행중,안전운전불이행,건조,맑음,단일로 - 횡단보도부근,화물,기타불명,기타불명,기타불명,자전거,남,16세,중상
2014050600100463,2014년 5월 6일 21시,화요일,경상북도 경주시 황성동,경상사고,0,0,1,0,차대사람 - 기타,안전운전불이행,건조,맑음,기타 - 기타,승용,여,38세,상해없음,보행자,남,60세,경상
2014050600100464,2014년 5월 6일 21시,화요일,경상북도 안동시 명륜동,경상사고,0,0,1,0,차대사람 - 횡단중,보행자보호의무위반,건조,맑음,단일로 - 횡단보도상,화물,남,54세,상해없음,보행자,남,42세,경상
2014050600100465,2014년 5월 6일 21시,화요일,경상북도 안동시 태화동,경상사고,0,0,1,0,차대차 - 측면직각충돌,중앙선침범,건조,맑음,교차로 - 교차로부근,화물,남,65세,상해없음,승용,남,37세,경상
2014050600100466,2014년 5월 6일 21시,화요일,경상북도 경산시 중방동,중상사고,0,1,0,0,차대차 - 기타,차로위반,건조,맑음,단일로 - 기타,승용,남,46세,상해없음,이륜,남,22세,중상
2014050600100467,2014년 5월 6일 21시,화요일,경상북도 구미시 형곡동,경상사고,0,0,1,0,차대차 - 기타,안전운전불이행,건조,맑음,교차로 - 교차로안,기타불명,기타불명,기타불명,기타불명,이륜,남,52세,경상
2014050600100468,2014년 5월 6일 21시,화요일,경상북도 칠곡군 동명면,중상사고,0,2,1,0,차대차 - 추돌 - 진행중,안전운전불이행,건조,맑음,단일로 - 기타,승용,남,41세,중상,승용,남,31세,경상
2014050600100491,2014년 5월 6일 22시,화요일,경상북도 경주시 인왕동,중상사고,0,1,0,0,차대차 - 기타,안전운전불이행,건조,맑음,교차로 - 교차로안,승용,남,48세,상해없음,이륜,남,45세,중상
2014050600100492,2014년 5월 6일 22시,화요일,경상북도 포항시 북구 용흥동,중상사고,0,1,2,0,차대차 - 기타,신호위반,건조,맑음,교차로 - 교차로안,승용,여,32세,상해없음,승합,남,42세,중상
2014050600100493,2014년 5월 6일 22시,화요일,경상북도 구미시 원평동,부상신고사고,0,0,0,3,차대차 - 기타,안전운전불이행,건조,맑음,기타 - 기타,승용,기타불명,기타불명,기타불명,승용,남,32세,부상신고
2014050600100514,2014년 5월 6일 23시,화요일,경상북도 안동시 당북동,중상사고,0,2,2,0,차대차 - 측면직각충돌,신호위반,건조,맑음,교차로 - 교차로안,승용,여,21세,상해없음,승용,남,42세,경상
2014050600100515,2014년 5월 6일 23시,화요일,경상북도 구미시 지산동,중상사고,0,1,0,0,차대차 - 측면직각충돌,신호위반,건조,맑음,교차로 - 교차로안,승용,여,39세,상해없음,승용,남,55세,중상
2014050700100020,2014년 5월 7일 01시,수요일,경상북도 경주시 천군동,중상사고,0,1,0,0,차량단독 - 공작물충돌,안전운전불이행,건조,맑음,단일로 - 기타,승용,남,56세,중상,,,,
2014050700100054,2014년 5월 7일 06시,수요일,경상북도 김천시 감호동,중상사고,0,1,0,0,차대사람 - 기타,안전운전불이행,습기,비,단일로 - 기타,승용,남,76세,상해없음,보행자,여,69세,중상
2014050700100055,2014년 5월 7일 06시,수요일,경상북도 영주시 가흥동,중상사고,0,1,1,0,차대차 - 측면직각충돌,안전운전불이행,건조,맑음,단일로 - 기타,승용,남,59세,중상,화물,남,50세,상해없음
2014050700100056,2014년 5월 7일 06시,수요일,경상북도 영주시 이산면,경상사고,0,0,1,0,차대차 - 측면직각충돌,안전운전불이행,건조,맑음,단일로 - 기타,원동기,남,33세,경상,화물,남,32세,상해없음
2014050700100057,2014년 5월 7일 06시,수요일,경상북도 성주군 성주읍,경상사고,0,0,1,0,차대차 - 측면직각충돌,안전운전불이행,기타,맑음,단일로 - 기타,승용,남,35세,상해없음,이륜,여,65세,경상
2014050700100081,2014년 5월 7일 07시,수요일,경상북도 김천시 봉산면,경상사고,0,0,1,0,차대차 - 측면직각충돌,안전운전불이행,건조,맑음,교차로 - 교차로안,승용,여,53세,상해없음,승용,남,72세,경상
2014050700100082,2014년 5월 7일 07시,수요일,경상북도 영덕군 지품면,경상사고,0,0,1,0,차대차 - 측면직각충돌,안전운전불이행,건조,맑음,교차로 - 교차로안,건설기계,남,39세,상해없음,화물,남,66세,경상
2014050700100083,2014년 5월 7일 07시,수요일,경상북도 청송군 현동면,중상사고,0,2,2,0,차대차 - 기타,교차로운행방법위반,건조,맑음,교차로 - 교차로안,화물,남,66세,중상,승용,여,49세,중상
2014050700100156,2014년 5월 7일 09시,수요일,경상북도 경주시 충효동,중상사고,0,1,1,0,차대차 - 기타,안전운전불이행,건조,맑음,교차로 - 교차로안,승용,남,43세,경상,승용,여,41세,중상
2014050700100157,2014년 5월 7일 09시,수요일,경상북도 청도군 운문면,중상사고,0,1,0,0,차대사람 - 길가장자리구역통행중,안전운전불이행,건조,맑음,단일로 - 기타,원동기,남,24세,상해없음,보행자,여,67세,중상
2014050700100158,2014년 5월 7일 09시,수요일,경상북도 구미시 고아읍,경상사고,0,0,2,0,차대차 - 측면직각충돌,신호위반,건조,맑음,교차로 - 교차로안,화물,남,68세,상해없음,승용,여,51세,경상