사고번호,사고일시,요일,시군구,사고내용,사망자수,중상자수,경상자수,부상신고자수,사고유형,법규위반,노면상태,기상상태,도로형태,가해운전자 차종,가해운전자 성별,가해운전자 연령,가해운전자 상해정도,피해운전자 차종,피해운전자 성별,피해운전자 연령,피해운전자 상해정도
2014050700100159,2014년 5월 7일 09시,수요일,경상북도 상주시 낙동면,중상사고,0,2,0,0,차대차 - 측면직각충돌,차로위반,건조,맑음,단일로 - 기타,승용,남,47세,중상,승용,남,40세,상해없음
2014050700100188,2014년 5월 7일 10시,수요일,경상북도 청도군 청도읍,경상사고,0,0,1,0,차량단독 - 공작물충돌,안전운전불이행,건조,맑음,단일로 - 기타,화물,남,68세,상해없음,,,,
2014050700100189,2014년 5월 7일 10시,수요일,경상북도 고령군 다산면,중상사고,0,1,0,0,차대차 - 측면직각충돌,안전운전불이행,건조,맑음,단일로 - 기타,건설기계,남,50세,상해없음,이륜,남,85세,중상
2014050700100190,2014년 5월 7일 10시,수요일,경상북도 포항시 남구 해도동,경상사고,0,0,1,0,차대차 - 기타,안전운전불이행,건조,맑음,교차로 - 교차로부근,승용,남,81세,상해없음,화물,남,39세,경상
2014050700100210,2014년 5월 7일 11시,수요일,경상북도 영덕군 지품면,경상사고,0,0,1,0,차대차 - 측면직각충돌,중앙선침범,건조,맑음,단일로 - 기타,승합,남,64세,상해없음,화물,남,57세,경상
2014050700100250,2014년 5월 7일 12시,수요일,경상북도 상주시 낙동면,경상사고,0,0,1,0,차대차 - 기타,교차로운행방법위반,건조,맑음,교차로 - 교차로안,승합,남,38세,상해없음,화물,남,72세,경상
2014050700100251,2014년 5월 7일 12시,수요일,경상북도 성주군 대가면,경상사고,0,0,1,0,차대차 - 추돌 - 진행중,안전거리미확보,건조,맑음,교차로 - 교차로안,화물,남,66세,상해없음,승용,여,51세,경상
2014050700100275,2014년 5월 7일 13시,수요일,경상북도 문경시 가은읍,중상사고,0,1,0,0,차대사람 - 차도통행중,안전운전불이행,건조,맑음,교차로 - 교차로안,승용,남,54세,상해없음,보행자,여,75세,중상
2014050700100276,2014년 5월 7일 13시,수요일,경상북도 경산시 사정동,중상사고,0,1,0,0,차대차 - 기타,불법유턴,건조,맑음,단일로 - 기타,승용,여,42세,상해없음,원동기,남,70세,중상
2014050700100277,2014년 5월 7일 13시,수요일,경상북도 경산시 옥산동,경상사고,0,0,1,0,차대사람 - 기타,안전운전불이행,건조,맑음,단일로 - 기타,승용,여,56세,상해없음,보행자,여,77세,경상
2014050700100278,2014년 5월 7일 13시,수요일,경상북도 울진군 기성면,중상사고,0,1,0,0,차대사람 - 횡단중,안전운전불이행,건조,맑음,단일로 - 기타,승용,남,71세,상해없음,보행자,남,86세,중상
2014050700100279,2014년 5월 7일 13시,수요일,경상북도 구미시 사곡동,경상사고,0,0,1,0,차대차 - 측면직각충돌,안전운전불이행,건조,맑음,교차로 - 교차로안,승용,남,23세,상해없음,이륜,여,36세,경상
2014050700100280,2014년 5월 7일 13시,수요일,경상북도 포항시 남구 오천읍,경상사고,0,0,2,0,차대차 - 측면직각충돌,교차로운행방법위반,건조,맑음,교차로 - 교차로안,승용,여,58세,상해없음,승용,남,56세,경상
2014050700100353,2014년 5월 7일 15시,수요일,경상북도 안동시 명륜동,중상사고,0,1,0,0,차대차 - 기타,안전운전불이행,건조,맑음,단일로 - 기타,승용,남,57세,상해없음,이륜,여,74세,중상
2014050700100354,2014년 5월 7일 15시,수요일,경상북도 영천시 망정동,경상사고,0,0,1,0,차대사람 - 기타,안전운전불이행,건조,맑음,교차로 - 교차로부근,승용,남,57세,상해없음,보행자,남,9세,경상
2014050700100355,2014년 5월 7일 15시,수요일,경상북도 문경시 흥덕동,경상사고,0,0,1,0,차대사람 - 횡단중,보행자보호의무위반,건조,맑음,단일로 - 기타,승용,여,30세,상해없음,보행자,여,7세,경상
2014050700100356,2014년 5월 7일 15시,수요일,경상북도 고령군 다산면,중상사고,0,1,0,0,차대차 - 측면직각충돌,안전운전불이행,건조,맑음,단일로 - 기타,화물,여,62세,상해없음,화물,남,69세,중상
2014050700100387,2014년 5월 7일 16시,수요일,경상북도 경주시 외동읍,부상신고사고,0,0,0,1,차량단독 - 전도전복,안전운전불이행,건조,맑음,단일로 - 기타,이륜,남,69세,부상신고,,,,
2014050700100388,2014년 5월 7일 16시,수요일,경상북도 안동시 용상동,중상사고,0,1,0,0,차대차 - 추돌 - 진행중,안전거리미확보,건조,맑음,단일로 - 교량,화물,남,48세,상해없음,농기계,남,73세,중상
2014050700100390,2014년 5월 7일 16시,수요일,경상북도 영양군 청기면,경상사고,0,0,1,0,차대차 - 기타,중앙선침범,건조,맑음,단일로 - 기타,기타불명,기타불명,기타불명,기타불명,이륜,남,76세,경상
2014050700100426,2014년 5월 7일 17시,수요일,경상북도 경주시 성건동,중상사고,0,1,0,0,차대차 - 기타,중앙선침범,건조,맑음,단일로 - 횡단보도상,자전거,남,76세,중상,승용,남,42세,상해없음
2014050700100427,2014년 5월 7일 17시,수요일,경상북도 포항시 북구 용흥동,중상사고,0,2,2,0,차대차 - 추돌 - 주정차중,안전거리미확보,건조,맑음,교차로 - 교차로부근,승합,남,32세,상해없음,승용,남,51세,경상
2014050700100428,2014년 5월 7일 17시,수요일,경상북도 안동시 남선면,중상사고,0,2,1,0,차대차 - 측면직각충돌,직진우회전진행방해,건조,맑음,교차로 - 교차로안,화물,남,48세,상해없음,승합,남,52세,상해없음
2014050700100429,2014년 5월 7일 17시,수요일,경상북도 영천시 화룡동,경상사고,0,0,1,0,차대차 - 측면직각충돌,안전운전불이행,건조,맑음,교차로 - 교차로안,승합,남,40세,상해없음,승용,남,39세,경상
2014050700100430,2014년 5월 7일 17시,수요일,경상북도 영천시 금노동,부상신고사고,0,0,0,1,차대차 - 추돌 - 진행중,안전운전불이행,건조,맑음,단일로 - 기타,화물,남,50세,상해없음,승용,남,52세,부상신고
2014050700100431,2014년 5월 7일 17시,수요일,경상북도 구미시 고아읍,중상사고,0,1,0,0,차대차 - 측면직각충돌,교차로운행방법위반,건조,맑음,교차로 - 교차로안,승용,남,50세,상해없음,이륜,남,78세,상해없음
2014050700100432,2014년 5월 7일 17시,수요일,경상북도 구미시 송정동,중상사고,0,1,0,0,차대차 - 기타,안전운전불이행,건조,맑음,단일로 - 횡단보도상,승용,남,33세,기타불명,자전거,남,11세,중상
2014050700100473,2014년 5월 7일 18시,수요일,경상북도 경주시 양북면,중상사고,0,1,0,4,차대사람 - 기타,안전운전불이행,건조,맑음,단일로 - 기타,승용,여,44세,상해없음,보행자,남,62세,중상
2014050700100474,2014년 5월 7일 18시,수요일,경상북도 안동시 송현동,중상사고,0,1,0,0,차대차 - 기타,안전거리미확보,건조,맑음,단일로 - 기타,승용,여,66세,상해없음,승용,남,40세,중상
2014050700100475,2014년 5월 7일 18시,수요일,경상북도 상주시 서성동,경상사고,0,0,2,0,차대차 - 기타,안전운전불이행,건조,맑음,교차로 - 교차로부근,승용,여,54세,상해없음,승용,남,35세,경상
2014050700100476,2014년 5월 7일 18시,수요일,경상북도 영주시 조암동,경상사고,0,0,3,0,차대차 - 기타,안전운전불이행,건조,맑음,단일로 - 기타,승용,남,59세,상해없음,승용,여,36세,경상
2014050700100477,2014년 5월 7일 18시,수요일,경상북도 영주시 휴천동,부상신고사고,0,0,0,1,차대차 - 측면직각충돌,안전운전불이행,건조,맑음,단일로 - 기타,화물,남,47세,부상신고,화물,남,25세,상해없음
2014050700100478,2014년 5월 7일 18시,수요일,경상북도 영주시 휴천동,중상사고,0,1,0,0,차대차 - 기타,안전운전불이행,건조,맑음,교차로 - 교차로안,화물,남,58세,상해없음,자전거,남,13세,중상
2014050700100514,2014년 5월 7일 19시,수요일,경상북도 경주시 강동면,중상사고,0,1,0,0,차대차 - 기타,안전운전불이행,건조,맑음,단일로 - 기타,승용,여,50세,상해없음,승용,남,45세,중상
2014050700100515,2014년 5월 7일 19시,수요일,경상북도 문경시 산양면,경상사고,0,0,2,0,차대차 - 기타,중앙선침범,건조,맑음,교차로 - 교차로부근,화물,남,66세,경상,승용,남,28세,경상
2014050700100516,2014년 5월 7일 19시,수요일,경상북도 구미시 공단동,경상사고,0,0,1,0,차대차 - 추돌 - 진행중,중앙선침범,건조,맑음,단일로 - 기타,승용,남,52세,기타불명,승용,남,45세,경상
2014050700100517,2014년 5월 7일 19시,수요일,경상북도 구미시 오태동,경상사고,0,0,1,0,차대차 - 기타,안전운전불이행,기타,기타,기타 - 기타,승용,남,52세,상해없음,승용,여,61세,경상
2014050700100555,2014년 5월 7일 20시,수요일,경상북도 영주시 영주동,경상사고,0,0,1,0,차대차 - 측면직각충돌,안전운전불이행,건조,맑음,단일로 - 기타,이륜,남,32세,경상,승용,남,58세,상해없음
2014050700100556,2014년 5월 7일 20시,수요일,경상북도 포항시 남구 해도동,중상사고,0,1,0,0,차대사람 - 기타,안전운전불이행,건조,맑음,단일로 - 기타,승용,남,53세,상해없음,보행자,여,58세,중상
2014050700100596,2014년 5월 7일 21시,수요일,경상북도 경주시 용강동,경상사고,0,0,1,0,차대차 - 기타,안전운전불이행,건조,맑음,단일로 - 기타,승용,남,38세,상해없음,승용,여,51세,경상
2014050700100597,2014년 5월 7일 21시,수요일,경상북도 경산시 중방동,경상사고,0,0,2,0,차대차 - 기타,직진우회전진행방해,건조,맑음,교차로 - 교차로안,승용,남,58세,상해없음,승용,남,42세,경상
2014050700100598,2014년 5월 7일 21시,수요일,경상북도 구미시 송정동,중상사고,0,2,1,0,차대차 - 측면직각충돌,신호위반,건조,맑음,교차로 - 교차로안,승용,여,52세,경상,승용,여,45세,중상
2014050700100599,2014년 5월 7일 21시,수요일,경상북도 포항시 남구 상도동,경상사고,0,0,1,0,차대차 - 기타,안전운전불이행,건조,맑음,단일로 - 기타,승용,남,53세,상해없음,승용,남,57세,경상
2014050700100667,2014년 5월 7일 23시,수요일,경상북도 경주시 용강동,경상사고,0,0,1,0,차대차 - 추돌 - 진행중,안전운전불이행,건조,맑음,교차로 - 교차로부근,승용,남,14세,상해없음,승용,여,28세,경상
2014050700100668,2014년 5월 7일 23시,수요일,경상북도 포항시 북구 두호동,중상사고,0,1,0,0,차대차 - 기타,안전운전불이행,건조,맑음,단일로 - 기타,승용,남,20세,상해없음,이륜,남,27세,중상
2014050700100669,2014년 5월 7일 23시,수요일,경상북도 상주시 냉림동,중상사고,0,1,0,0,차대차 - 기타,교차로운행방법위반,건조,맑음,교차로 - 교차로안,승용,여,58세,상해없음,승용,남,49세,상해없음
2014050800100048,2014년 5월 8일 02시,목요일,경상북도 포항시 북구 항구동,중상사고,0,2,0,0,차대차 - 추돌 - 주정차중,안전운전불이행,건조,맑음,교차로 - 교차로부근,승용,남,52세,상해없음,승용,남,37세,중상
2014050800100060,2014년 5월 8일 03시,목요일,경상북도 구미시 형곡동,사망사고,1,1,0,0,차량단독 - 공작물충돌,안전운전불이행,건조,흐림,단일로 - 기타,이륜,남,28세,사망,,,,
2014050800100089,2014년 5월 8일 06시,목요일,경상북도 경주시 용강동,부상신고사고,0,0,0,1,차대차 - 기타,안전운전불이행,건조,맑음,단일로 - 기타,승용,남,34세,부상신고,화물,남,48세,상해없음
2014050800100111,2014년 5월 8일 07시,목요일,경상북도 안동시 안흥동,경상사고,0,0,1,0,차대차 - 측면직각충돌,안전거리미확보,건조,맑음,교차로 - 교차로안,승용,남,63세,상해없음,이륜,남,30세,경상
2014050800100112,2014년 5월 8일 07시,목요일,경상북도 구미시 봉곡동,경상사고,0,0,1,0,차대차 - 측면직각충돌,신호위반,습기,비,교차로 - 교차로안,승합,남,45세,상해없음,승용,남,43세,경상
2014050800100155,2014년 5월 8일 08시,목요일,경상북도 경주시 서악동,중상사고,0,2,0,0,차량단독 - 공작물충돌,안전운전불이행,건조,맑음,단일로 - 기타,승용,여,48세,중상,,,,
2014050800100156,2014년 5월 8일 08시,목요일,경상북도 안동시 신안동,경상사고,0,0,1,0,차대차 - 측면직각충돌,안전운전불이행,습기,비,단일로 - 기타,승용,남,45세,상해없음,자전거,남,14세,경상
2014050800100157,2014년 5월 8일 08시,목요일,경상북도 경산시 중방동,경상사고,0,0,1,0,차대차 - 측면직각충돌,안전운전불이행,건조,맑음,단일로 - 기타,승용,여,60세,상해없음,원동기,남,79세,경상
2014050800100158,2014년 5월 8일 08시,목요일,경상북도 구미시 임수동,사망사고,1,0,0,0,차대사람 - 기타,과속,건조,맑음,교차로 - 교차로안,승용,남,28세,상해없음,보행자,남,28세,사망
2014050800100193,2014년 5월 8일 09시,목요일,경상북도 구미시 신평동,경상사고,0,0,1,0,차대차 - 기타,안전운전불이행,건조,맑음,교차로 - 교차로부근,승용,남,53세,상해없음,승용,여,41세,경상
2014050800100194,2014년 5월 8일 09시,목요일,경상북도 포항시 남구 해도동,부상신고사고,0,0,0,1,차량단독 - 기타,안전운전불이행,건조,맑음,교차로 - 교차로안,화물,남,38세,부상신고,,,,
2014050800100216,2014년 5월 8일 10시,목요일,경상북도 안동시 용상동,경상사고,0,0,1,0,차대차 - 기타,안전운전불이행,건조,맑음,기타 - 기타,승용,남,52세,상해없음,승용,남,61세,경상
2014050800100217,2014년 5월 8일 10시,목요일,경상북도 경산시 자인면,경상사고,0,0,1,0,차량단독 - 공작물충돌,안전운전불이행,건조,맑음,단일로 - 기타,승합,남,72세,경상,,,,
2014050800100218,2014년 5월 8일 10시,목요일,경상북도 성주군 선남면,경상사고,0,0,3,0,차대차 - 정면충돌,안전운전불이행,건조,맑음,단일로 - 기타,승용,남,78세,경상,승용,여,49세,경상
2014050800100219,2014년 5월 8일 10시,목요일,경상북도 구미시 봉곡동,중상사고,0,1,0,0,차대차 - 측면직각충돌,신호위반,건조,맑음,교차로 - 교차로안,승용,여,48세,상해없음,승용,남,38세,중상
2014050800100246,2014년 5월 8일 11시,목요일,경상북도 고령군 성산면,중상사고,0,1,0,0,차대차 - 추돌 - 주정차중,안전운전불이행,건조,맑음,단일로 - 기타,특수,남,56세,상해없음,승용,남,51세,중상
2014050800100281,2014년 5월 8일 12시,목요일,경상북도 안동시 신안동,중상사고,0,1,0,0,차대사람 - 횡단중,보행자보호의무위반,건조,맑음,단일로 - 횡단보도상,승용,여,49세,상해없음,보행자,여,74세,중상
2014050800100282,2014년 5월 8일 12시,목요일,경상북도 포항시 남구 해도동,경상사고,0,0,1,0,차대사람 - 횡단중,교차로운행방법위반,건조,맑음,교차로 - 교차로안,승용,여,40세,상해없음,보행자,여,75세,경상
2014050800100312,2014년 5월 8일 13시,목요일,경상북도 포항시 북구 흥해읍,경상사고,0,0,1,0,차대차 - 기타,안전운전불이행,건조,맑음,단일로 - 기타,원동기,남,29세,경상,승용,남,63세,상해없음
2014050800100313,2014년 5월 8일 13시,목요일,경상북도 포항시 북구 죽도동,경상사고,0,0,4,0,차대차 - 기타,안전거리미확보,건조,맑음,교차로 - 교차로안,승용,남,45세,상해없음,승용,남,58세,경상
2014050800100378,2014년 5월 8일 15시,목요일,경상북도 경주시 인왕동,중상사고,0,1,0,0,차대차 - 기타,안전운전불이행,건조,맑음,단일로 - 기타,화물,남,53세,상해없음,원동기,남,45세,중상
2014050800100424,2014년 5월 8일 16시,목요일,경상북도 포항시 남구 효자동,중상사고,0,1,3,0,차대차 - 추돌 - 주정차중,안전운전불이행,건조,맑음,교차로 - 교차로부근,승용,남,40세,상해없음,승용,여,38세,중상
2014050800100459,2014년 5월 8일 17시,목요일,경상북도 경주시 충효동,경상사고,0,0,1,0,차대차 - 기타,안전운전불이행,건조,맑음,기타 - 기타,승용,남,55세,기타불명,승용,남,60세,경상
2014050800100460,2014년 5월 8일 17시,목요일,경상북도 경주시 외동읍,경상사고,0,0,1,0,차대차 - 기타,안전운전불이행,건조,맑음,교차로 - 교차로부근,화물,남,41세,상해없음,승용,남,19세,경상
2014050800100461,2014년 5월 8일 17시,목요일,경상북도 경주시 천군동,경상사고,0,0,1,0,차대차 - 기타,안전운전불이행,건조,맑음,단일로 - 기타,화물,남,20세,상해없음,승용,남,29세,경상
2014050800100462,2014년 5월 8일 17시,목요일,경상북도 포항시 북구 장성동,중상사고,0,2,0,0,차대사람 - 횡단중,안전운전불이행,건조,맑음,교차로 - 교차로안,승용,남,43세,상해없음,보행자,여,57세,중상
2014050800100463,2014년 5월 8일 17시,목요일,경상북도 예천군 예천읍,중상사고,0,1,0,0,차량단독 - 전도전복,안전운전불이행,건조,맑음,단일로 - 기타,이륜,남,74세,중상,,,,
2014050800100464,2014년 5월 8일 17시,목요일,경상북도 군위군 효령면,경상사고,0,0,1,0,차대차 - 측면직각충돌,안전운전불이행,건조,맑음,교차로 - 교차로안,화물,남,52세,상해없음,화물,남,76세,경상
2014050800100517,2014년 5월 8일 18시,목요일,경상북도 경산시 옥곡동,경상사고,0,0,1,0,차대사람 - 기타,기타,건조,맑음,단일로 - 기타,원동기,남,16세,상해없음,보행자,여,10세,경상
2014050800100518,2014년 5월 8일 18시,목요일,경상북도 구미시 도량동,중상사고,0,1,0,0,차대차 - 추돌 - 진행중,교차로운행방법위반,건조,맑음,교차로 - 교차로안,승용,남,31세,상해없음,원동기,남,18세,중상
2014050800100519,2014년 5월 8일 18시,목요일,경상북도 포항시 남구 이동,경상사고,0,0,1,0,차대차 - 기타,안전운전불이행,건조,맑음,교차로 - 교차로안,승용,남,42세,상해없음,승용,여,54세,경상
2014050800100560,2014년 5월 8일 19시,목요일,경상북도 상주시 복룡동,경상사고,0,0,1,0,차대차 - 기타,안전운전불이행,건조,맑음,단일로 - 기타,승용,남,31세,상해없음,자전거,남,5세,경상
2014050800100561,2014년 5월 8일 19시,목요일,경상북도 성주군 수륜면,사망사고,1,0,0,0,차대사람 - 횡단중,보행자보호의무위반,건조,맑음,교차로 - 교차로안,승용,남,55세,상해없음,보행자,여,71세,사망
2014050800100598,2014년 5월 8일 20시,목요일,경상북도 영주시 영주동,중상사고,0,1,0,0,차대사람 - 횡단중,안전운전불이행,건조,맑음,단일로 - 기타,이륜,남,40세,상해없음,보행자,남,64세,중상
2014050800100599,2014년 5월 8일 20시,목요일,경상북도 포항시 남구 대잠동,경상사고,0,0,1,0,차대차 - 기타,안전운전불이행,건조,맑음,단일로 - 기타,승용,여,43세,상해없음,승합,남,47세,경상
2014050800100632,2014년 5월 8일 21시,목요일,경상북도 경주시 양남면,중상사고,0,1,1,0,차대사람 - 보도통행중,보행자보호의무위반,건조,맑음,교차로 - 교차로안,승용,남,32세,상해없음,보행자,여,31세,중상
2014050800100633,2014년 5월 8일 21시,목요일,경상북도 경주시 황성동,경상사고,0,0,1,0,차대차 - 기타,안전운전불이행,건조,맑음,단일로 - 기타,자전거,남,14세,경상,승용,남,44세,기타불명
2014050800100634,2014년 5월 8일 21시,목요일,경상북도 포항시 남구 해도동,경상사고,0,0,1,0,차대사람 - 기타,안전운전불이행,건조,맑음,단일로 - 횡단보도상,승용,여,51세,상해없음,보행자,여,64세,경상
2014050800100664,2014년 5월 8일 22시,목요일,경상북도 경주시 성건동,중상사고,0,2,0,0,차대차 - 측면직각충돌,안전운전불이행,건조,맑음,교차로 - 교차로부근,승합,기타불명,기타불명,기타불명,승용,남,46세,중상
2014050800100665,2014년 5월 8일 22시,목요일,경상북도 경주시 성동동,사망사고,1,0,0,0,차대차 - 기타,과속,건조,맑음,단일로 - 기타,승용,남,50세,상해없음,자전거,여,76세,사망
2014050800100666,2014년 5월 8일 22시,목요일,경상북도 경주시 신평동,중상사고,0,1,0,0,차량단독 - 공작물충돌,안전운전불이행,건조,맑음,교차로 - 교차로부근,승용,남,48세,중상,,,,
2014050800100667,2014년 5월 8일 22시,목요일,경상북도 포항시 남구 효자동,경상사고,0,0,2,0,차대차 - 기타,안전운전불이행,건조,맑음,교차로 - 교차로안,승용,여,40세,경상,승합,남,62세,경상
2014050800100694,2014년 5월 8일 23시,목요일,경상북도 영천시 완산동,중상사고,0,1,0,0,차대사람 - 횡단중,안전운전불이행,건조,맑음,단일로 - 기타,승용,남,54세,상해없음,보행자,남,52세,중상
2014050900100013,2014년 5월 9일 00시,금요일,경상북도 구미시 구평동,경상사고,0,0,1,0,차대사람 - 횡단중,신호위반,건조,맑음,교차로 - 교차로안,원동기,남,22세,상해없음,보행자,여,22세,경상
2014050900100027,2014년 5월 9일 01시,금요일,경상북도 영주시 가흥동,사망사고,1,0,0,0,차대사람 - 차도통행중,안전운전불이행,건조,맑음,단일로 - 기타,승용,남,50세,상해없음,보행자,남,54세,사망
2014050900100034,2014년 5월 9일 03시,금요일,경상북도 경산시 압량면,중상사고,0,1,1,0,차량단독 - 공작물충돌,안전운전불이행,건조,맑음,단일로 - 기타,승용,남,22세,상해없음,,,,
2014050900100085,2014년 5월 9일 07시,금요일,경상북도 경주시 양남면,부상신고사고,0,0,0,1,차대차 - 기타,신호위반,건조,맑음,교차로 - 교차로안,승용,여,32세,상해없음,승용,여,62세,부상신고
2014050900100086,2014년 5월 9일 07시,금요일,경상북도 김천시 모암동,경상사고,0,0,1,0,차대차 - 측면직각충돌,안전운전불이행,건조,맑음,단일로 - 기타,이륜,남,64세,상해없음,이륜,남,84세,경상
2014050900100087,2014년 5월 9일 07시,금요일,경상북도 경산시 진량읍,중상사고,0,1,1,0,차대차 - 측면직각충돌,기타,건조,맑음,교차로 - 교차로안,승용,남,47세,중상,승용,남,26세,경상
2014050900100127,2014년 5월 9일 08시,금요일,경상북도 칠곡군 왜관읍,경상사고,0,0,1,0,차대차 - 추돌 - 진행중,안전운전불이행,건조,맑음,교차로 - 교차로부근,화물,남,32세,기타불명,승용,여,24세,경상
2014050900100128,2014년 5월 9일 08시,금요일,경상북도 영천시 과전동,경상사고,0,0,1,0,차대차 - 기타,안전운전불이행,건조,맑음,단일로 - 기타,원동기,남,78세,경상,기타불명,기타불명,기타불명,기타불명
2014050900100129,2014년 5월 9일 08시,금요일,경상북도 예천군 유천면,중상사고,0,1,0,0,차대차 - 측면직각충돌,안전운전불이행,건조,맑음,단일로 - 기타,화물,남,52세,상해없음,농기계,남,79세,중상
2014050900100130,2014년 5월 9일 08시,금요일,경상북도 울진군 후포면,경상사고,0,0,1,0,차대차 - 추돌 - 진행중,안전운전불이행,건조,맑음,단일로 - 기타,승용,남,52세,상해없음,원동기,남,86세,경상
2014050900100169,2014년 5월 9일 09시,금요일,경상북도 경주시 외동읍,중상사고,0,1,0,0,차대차 - 기타,안전운전불이행,건조,맑음,단일로 - 기타,화물,기타불명,기타불명,기타불명,농기계,남,73세,상해없음
2014050900100170,2014년 5월 9일 09시,금요일,경상북도 김천시 부곡동,중상사고,0,1,0,0,차대사람 - 기타,안전운전불이행,건조,맑음,단일로 - 기타,승용,남,55세,상해없음,보행자,여,75세,중상
2014050900100171,2014년 5월 9일 09시,금요일,경상북도 김천시 구성면,중상사고,0,1,0,0,차대차 - 측면직각충돌,안전운전불이행,건조,맑음,단일로 - 기타,승용,남,50세,상해없음,이륜,남,45세,중상
2014050900100172,2014년 5월 9일 09시,금요일,경상북도 포항시 남구 동해면,경상사고,0,0,1,0,차대차 - 기타,안전운전불이행,건조,맑음,기타 - 기타,승용,남,24세,상해없음,승용,남,25세,경상
2014050900100204,2014년 5월 9일 10시,금요일,경상북도 영천시 망정동,경상사고,0,0,1,0,차대차 - 측면직각충돌,안전운전불이행,건조,맑음,단일로 - 기타,화물,남,51세,상해없음,승용,여,41세,경상
2014050900100205,2014년 5월 9일 10시,금요일,경상북도 울진군 울진읍,중상사고,0,1,0,0,차대차 - 기타,직진우회전진행방해,건조,맑음,교차로 - 교차로안,화물,남,61세,상해없음,원동기,여,65세,중상
2014050900100234,2014년 5월 9일 11시,금요일,경상북도 영천시 문내동,경상사고,0,0,1,0,차대차 - 추돌 - 주정차중,안전운전불이행,건조,맑음,기타 - 기타,승용,남,69세,상해없음,승용,남,41세,경상
2014050900100262,2014년 5월 9일 12시,금요일,경상북도 경주시 현곡면,경상사고,0,0,2,0,차량단독 - 기타,안전운전불이행,건조,맑음,단일로 - 터널,승용,남,41세,경상,,,,
2014050900100263,2014년 5월 9일 12시,금요일,경상북도 영주시 부석면,경상사고,0,0,1,0,차대차 - 측면직각충돌,직진우회전진행방해,건조,맑음,교차로 - 교차로안,화물,남,41세,상해없음,화물,남,42세,상해없음
2014050900100291,2014년 5월 9일 13시,금요일,경상북도 포항시 남구 구룡포읍,경상사고,0,0,1,0,차대차 - 추돌 - 주정차중,안전운전불이행,건조,맑음,교차로 - 교차로부근,승용,여,43세,상해없음,이륜,남,75세,경상
2014050900100325,2014년 5월 9일 14시,금요일,경상북도 봉화군 상운면,중상사고,0,1,1,0,차대차 - 측면직각충돌,기타,건조,맑음,교차로 - 교차로안,화물,남,40세,상해없음,화물,여,54세,경상
2014050900100363,2014년 5월 9일 15시,금요일,경상북도 경산시 계양동,경상사고,0,0,2,0,차대차 - 기타,안전운전불이행,건조,맑음,단일로 - 기타,기타불명,기타불명,기타불명,기타불명,자전거,여,9세,경상
2014050900100364,2014년 5월 9일 15시,금요일,경상북도 경산시 사동,경상사고,0,0,1,0,차대사람 - 차도통행중,안전운전불이행,건조,맑음,단일로 - 기타,승합,남,37세,상해없음,보행자,남,9세,경상
2014050900100365,2014년 5월 9일 15시,금요일,경상북도 포항시 남구 동촌동,중상사고,0,2,6,0,차대차 - 추돌 - 주정차중,안전거리미확보,건조,맑음,단일로 - 기타,특수,남,64세,상해없음,승합,남,47세,경상
2014050900100409,2014년 5월 9일 16시,금요일,경상북도 포항시 북구 흥해읍,경상사고,0,0,1,0,차대차 - 기타,신호위반,건조,맑음,교차로 - 교차로안,화물,남,59세,상해없음,승용,여,31세,경상
2014050900100410,2014년 5월 9일 16시,금요일,경상북도 영천시 완산동,중상사고,0,1,0,0,차대차 - 기타,안전운전불이행,건조,맑음,단일로 - 기타,화물,남,77세,상해없음,원동기,남,84세,중상
2014050900100411,2014년 5월 9일 16시,금요일,경상북도 구미시 공단동,경상사고,0,0,1,0,차대차 - 기타,안전운전불이행,건조,맑음,단일로 - 기타,승용,남,64세,상해없음,승용,남,24세,상해없음
2014050900100456,2014년 5월 9일 17시,금요일,경상북도 안동시 남문동,중상사고,0,1,0,0,차대차 - 측면직각충돌,신호위반,건조,맑음,교차로 - 교차로안,승합,남,43세,상해없음,이륜,남,80세,중상
2014050900100457,2014년 5월 9일 17시,금요일,경상북도 영주시 가흥동,중상사고,0,1,2,0,차대차 - 추돌 - 주정차중,안전운전불이행,건조,맑음,교차로 - 교차로부근,화물,남,45세,중상,승용,남,54세,경상
2014050900100458,2014년 5월 9일 17시,금요일,경상북도 경산시 자인면,부상신고사고,0,0,0,1,차대차 - 기타,안전운전불이행,건조,맑음,단일로 - 기타,승용,여,54세,상해없음,원동기,남,81세,부상신고
2014050900100459,2014년 5월 9일 17시,금요일,경상북도 청송군 현서면,경상사고,0,0,2,0,차대차 - 정면충돌,중앙선침범,건조,맑음,단일로 - 기타,승용,여,48세,상해없음,화물,남,47세,경상
2014050900100508,2014년 5월 9일 18시,금요일,경상북도 안동시 평화동,경상사고,0,0,1,0,차대차 - 기타,중앙선침범,건조,맑음,단일로 - 기타,승용,남,32세,상해없음,자전거,남,13세,경상
2014050900100509,2014년 5월 9일 18시,금요일,경상북도 경산시 압량면,중상사고,0,1,0,0,차대차 - 기타,중앙선침범,건조,맑음,단일로 - 기타,화물,남,53세,상해없음,이륜,남,35세,중상
2014050900100510,2014년 5월 9일 18시,금요일,경상북도 성주군 선남면,중상사고,0,3,0,0,차대차 - 기타,안전거리미확보,건조,맑음,단일로 - 교량,승용,남,34세,상해없음,승용,남,56세,중상
2014050900100511,2014년 5월 9일 18시,금요일,경상북도 영양군 청기면,중상사고,0,1,0,0,차대차 - 측면직각충돌,안전운전불이행,건조,맑음,단일로 - 기타,화물,남,23세,상해없음,농기계,남,70세,중상