사고번호,사고일시,요일,시군구,사고내용,사망자수,중상자수,경상자수,부상신고자수,사고유형,법규위반,노면상태,기상상태,도로형태,가해운전자 차종,가해운전자 성별,가해운전자 연령,가해운전자 상해정도,피해운전자 차종,피해운전자 성별,피해운전자 연령,피해운전자 상해정도
2014050900100512,2014년 5월 9일 18시,금요일,경상북도 포항시 남구 동촌동,경상사고,0,0,1,0,차대차 - 기타,교차로운행방법위반,건조,맑음,교차로 - 교차로안,승용,남,55세,상해없음,승용,남,25세,경상
2014050900100556,2014년 5월 9일 19시,금요일,경상북도 경주시 양남면,중상사고,0,1,0,0,차량단독 - 기타,안전운전불이행,건조,맑음,단일로 - 기타,이륜,남,55세,중상,,,,
2014050900100557,2014년 5월 9일 19시,금요일,경상북도 경주시 황성동,경상사고,0,0,2,0,차대차 - 기타,안전운전불이행,건조,맑음,기타 - 기타,승용,남,65세,경상,승용,여,41세,경상
2014050900100558,2014년 5월 9일 19시,금요일,경상북도 칠곡군 지천면,부상신고사고,0,0,0,1,차량단독 - 전도전복,안전운전불이행,건조,맑음,단일로 - 기타,농기계,남,66세,부상신고,,,,
2014050900100559,2014년 5월 9일 19시,금요일,경상북도 영천시 고경면,중상사고,0,1,2,0,차대차 - 추돌 - 주정차중,안전운전불이행,건조,맑음,교차로 - 교차로부근,승용,남,68세,경상,화물,남,58세,중상
2014050900100591,2014년 5월 9일 20시,금요일,경상북도 경주시 성건동,중상사고,0,1,0,0,차대차 - 기타,안전운전불이행,건조,맑음,교차로 - 교차로안,승용,남,63세,상해없음,승용,남,48세,중상
2014050900100630,2014년 5월 9일 21시,금요일,경상북도 경주시 안강읍,경상사고,0,0,1,0,차대사람 - 기타,보행자보호의무위반,건조,맑음,단일로 - 횡단보도상,승용,남,61세,상해없음,보행자,남,9세,경상
2014050900100631,2014년 5월 9일 21시,금요일,경상북도 포항시 북구 대신동,중상사고,0,2,0,0,차대차 - 측면직각충돌,신호위반,건조,맑음,교차로 - 교차로안,승용,남,31세,상해없음,승용,남,49세,중상
2014050900100632,2014년 5월 9일 21시,금요일,경상북도 김천시 신음동,경상사고,0,0,1,0,차대차 - 측면직각충돌,안전운전불이행,건조,맑음,기타 - 기타,승용,남,42세,상해없음,자전거,남,17세,경상
2014050900100633,2014년 5월 9일 21시,금요일,경상북도 문경시 점촌동,중상사고,0,1,0,0,차대차 - 측면직각충돌,중앙선침범,건조,맑음,단일로 - 기타,승용,남,44세,상해없음,승용,여,46세,중상
2014050900100634,2014년 5월 9일 21시,금요일,경상북도 포항시 남구 대잠동,경상사고,0,0,1,0,차대차 - 기타,중앙선침범,건조,맑음,교차로 - 교차로부근,이륜,남,58세,상해없음,이륜,남,17세,경상
2014050900100679,2014년 5월 9일 22시,금요일,경상북도 포항시 북구 흥해읍,중상사고,0,1,0,0,차량단독 - 공작물충돌,안전운전불이행,건조,맑음,단일로 - 기타,승용,남,50세,중상,,,,
2014050900100680,2014년 5월 9일 22시,금요일,경상북도 김천시 황금동,중상사고,0,1,0,0,차대사람 - 기타,안전운전불이행,건조,맑음,단일로 - 기타,승용,남,53세,상해없음,보행자,여,69세,중상
2014051000100013,2014년 5월 10일 00시,토요일,경상북도 포항시 북구 대신동,경상사고,0,0,3,0,차대차 - 기타,교차로운행방법위반,건조,맑음,교차로 - 교차로부근,기타불명,기타불명,기타불명,기타불명,승용,남,22세,상해없음
2014051000100054,2014년 5월 10일 02시,토요일,경상북도 경주시 구정동,중상사고,0,1,0,0,차대차 - 기타,안전운전불이행,건조,맑음,교차로 - 교차로안,화물,남,43세,상해없음,승용,남,46세,중상
2014051000100070,2014년 5월 10일 03시,토요일,경상북도 구미시 공단동,중상사고,0,1,1,0,차대차 - 기타,안전운전불이행,건조,맑음,교차로 - 교차로부근,승용,남,28세,상해없음,승용,남,44세,중상
2014051000100082,2014년 5월 10일 04시,토요일,경상북도 경산시 대동,경상사고,0,0,3,0,차대차 - 기타,불법유턴,건조,맑음,단일로 - 기타,승용,남,24세,상해없음,승용,남,26세,경상
2014051000100095,2014년 5월 10일 05시,토요일,경상북도 경산시 신천동,경상사고,0,0,1,0,차대차 - 기타,안전운전불이행,건조,맑음,교차로 - 교차로안,자전거,남,75세,경상,승용,남,46세,상해없음
2014051000100126,2014년 5월 10일 07시,토요일,경상북도 구미시 원평동,중상사고,0,1,0,0,차대사람 - 기타,안전운전불이행,건조,맑음,단일로 - 기타,승용,여,49세,상해없음,보행자,여,72세,중상
2014051000100145,2014년 5월 10일 08시,토요일,경상북도 구미시 진평동,경상사고,0,0,1,0,차대차 - 기타,교차로운행방법위반,건조,맑음,교차로 - 교차로안,승용,남,45세,상해없음,승용,여,30세,경상
2014051000100166,2014년 5월 10일 09시,토요일,경상북도 포항시 북구 죽도동,중상사고,0,2,1,0,차대차 - 추돌 - 주정차중,안전운전불이행,건조,맑음,단일로 - 기타,승용,남,71세,상해없음,화물,남,51세,중상
2014051000100167,2014년 5월 10일 09시,토요일,경상북도 안동시 당북동,경상사고,0,0,4,0,차대차 - 측면직각충돌,안전운전불이행,건조,맑음,단일로 - 기타,승합,남,37세,경상,화물,남,33세,경상
2014051000100168,2014년 5월 10일 09시,토요일,경상북도 안동시 풍천면,경상사고,0,0,1,0,차대차 - 측면직각충돌,중앙선침범,건조,맑음,단일로 - 기타,농기계,남,75세,경상,승합,남,51세,상해없음
2014051000100169,2014년 5월 10일 09시,토요일,경상북도 안동시 법상동,중상사고,0,1,0,0,차대사람 - 차도통행중,안전운전불이행,건조,맑음,단일로 - 기타,승용,여,34세,상해없음,보행자,여,4세,중상
2014051000100170,2014년 5월 10일 09시,토요일,경상북도 영주시 문정동,중상사고,0,1,0,0,차대차 - 기타,안전운전불이행,건조,맑음,교차로 - 교차로안,화물,남,50세,상해없음,원동기,남,65세,중상
2014051000100171,2014년 5월 10일 09시,토요일,경상북도 영천시 화북면,경상사고,0,0,4,0,차대차 - 기타,안전운전불이행,건조,맑음,교차로 - 교차로부근,승용,여,57세,경상,승용,남,52세,경상
2014051000100209,2014년 5월 10일 10시,토요일,경상북도 경주시 강동면,중상사고,0,2,0,0,차대차 - 기타,안전운전불이행,건조,맑음,단일로 - 기타,승용,남,57세,상해없음,이륜,남,57세,중상
2014051000100210,2014년 5월 10일 10시,토요일,경상북도 경주시 동천동,경상사고,0,0,1,0,차대차 - 기타,안전운전불이행,건조,맑음,교차로 - 교차로부근,자전거,남,81세,경상,승용,남,65세,상해없음
2014051000100211,2014년 5월 10일 10시,토요일,경상북도 포항시 북구 남빈동,중상사고,0,1,0,0,차대차 - 기타,안전운전불이행,건조,맑음,단일로 - 기타,승용,남,61세,상해없음,원동기,남,38세,중상
2014051000100212,2014년 5월 10일 10시,토요일,경상북도 청도군 청도읍,중상사고,0,1,0,0,차대사람 - 기타,안전운전불이행,건조,맑음,단일로 - 기타,승용,남,32세,상해없음,보행자,남,3세,중상
2014051000100247,2014년 5월 10일 11시,토요일,경상북도 안동시 금곡동,경상사고,0,0,1,0,차대차 - 추돌 - 진행중,차로위반,건조,맑음,교차로 - 교차로안,승용,남,55세,상해없음,승용,여,44세,경상
2014051000100248,2014년 5월 10일 11시,토요일,경상북도 상주시 성하동,중상사고,0,1,1,0,차대차 - 측면직각충돌,교차로운행방법위반,건조,맑음,교차로 - 교차로안,화물,남,70세,상해없음,승용,여,52세,중상
2014051000100249,2014년 5월 10일 11시,토요일,경상북도 영천시 금노동,경상사고,0,0,1,0,차대차 - 기타,안전운전불이행,건조,맑음,교차로 - 교차로안,화물,남,48세,상해없음,승용,남,64세,경상
2014051000100250,2014년 5월 10일 11시,토요일,경상북도 영덕군 강구면,경상사고,0,0,1,0,차대차 - 기타,안전운전불이행,건조,맑음,단일로 - 기타,승합,남,48세,상해없음,이륜,남,73세,경상
2014051000100251,2014년 5월 10일 11시,토요일,경상북도 포항시 남구 대도동,중상사고,0,1,0,0,차대사람 - 기타,안전운전불이행,건조,맑음,단일로 - 기타,화물,남,34세,상해없음,보행자,여,22세,중상
2014051000100285,2014년 5월 10일 12시,토요일,경상북도 영주시 순흥면,중상사고,0,2,0,0,차대차 - 정면충돌,안전운전불이행,건조,맑음,교차로 - 교차로안,이륜,남,85세,중상,승용,남,22세,상해없음
2014051000100323,2014년 5월 10일 13시,토요일,경상북도 경주시 동천동,중상사고,0,1,0,0,차대차 - 측면직각충돌,안전운전불이행,건조,맑음,교차로 - 교차로안,승용,남,68세,상해없음,원동기,여,64세,중상
2014051000100324,2014년 5월 10일 13시,토요일,경상북도 군위군 의흥면,사망사고,1,0,0,0,차량단독 - 도로외이탈 - 기타,안전운전불이행,건조,맑음,단일로 - 기타,건설기계,남,36세,사망,,,,
2014051000100371,2014년 5월 10일 14시,토요일,경상북도 문경시 문경읍,중상사고,0,2,1,0,차량단독 - 도로외이탈 - 추락,안전운전불이행,건조,맑음,단일로 - 기타,화물,남,73세,경상,,,,
2014051000100394,2014년 5월 10일 15시,토요일,경상북도 김천시 남면,경상사고,0,0,4,0,차대차 - 측면직각충돌,안전운전불이행,건조,맑음,단일로 - 기타,승용,여,55세,상해없음,화물,남,38세,경상
2014051000100395,2014년 5월 10일 15시,토요일,경상북도 경산시 사동,중상사고,0,1,0,0,차대사람 - 기타,안전운전불이행,건조,맑음,기타 - 기타,승용,남,38세,상해없음,보행자,여,2세,중상
2014051000100396,2014년 5월 10일 15시,토요일,경상북도 경산시 옥곡동,부상신고사고,0,0,0,2,차대차 - 기타,안전운전불이행,건조,맑음,단일로 - 기타,승용,여,25세,상해없음,승용,남,31세,부상신고
2014051000100424,2014년 5월 10일 16시,토요일,경상북도 경주시 동천동,중상사고,0,1,0,0,차대차 - 기타,안전운전불이행,건조,맑음,단일로 - 기타,원동기,여,49세,상해없음,자전거,여,73세,중상
2014051000100425,2014년 5월 10일 16시,토요일,경상북도 경주시 외동읍,중상사고,0,1,0,0,차대차 - 측면직각충돌,안전운전불이행,건조,맑음,교차로 - 교차로안,화물,남,55세,상해없음,원동기,남,44세,중상
2014051000100426,2014년 5월 10일 16시,토요일,경상북도 포항시 북구 흥해읍,부상신고사고,0,0,0,1,차대사람 - 기타,안전운전불이행,건조,맑음,단일로 - 기타,화물,남,46세,상해없음,보행자,남,39세,부상신고
2014051000100427,2014년 5월 10일 16시,토요일,경상북도 상주시 남적동,경상사고,0,0,1,0,차대차 - 측면직각충돌,안전운전불이행,건조,맑음,단일로 - 기타,승용,남,30세,상해없음,원동기,남,71세,경상
2014051000100428,2014년 5월 10일 16시,토요일,경상북도 영천시 금호읍,경상사고,0,0,1,0,차대차 - 측면직각충돌,안전운전불이행,건조,맑음,교차로 - 교차로부근,승용,남,54세,상해없음,승용,여,54세,경상
2014051000100429,2014년 5월 10일 16시,토요일,경상북도 포항시 남구 대잠동,경상사고,0,0,1,0,차대차 - 기타,중앙선침범,건조,맑음,단일로 - 기타,승용,여,53세,상해없음,승용,남,31세,경상
2014051000100430,2014년 5월 10일 16시,토요일,경상북도 경주시 서면,경상사고,0,0,2,0,차대차 - 측면직각충돌,안전거리미확보,건조,맑음,단일로 - 기타,기타불명,기타불명,기타불명,기타불명,승용,남,24세,경상
2014051000100477,2014년 5월 10일 17시,토요일,경상북도 포항시 북구 양덕동,중상사고,0,1,1,0,차대차 - 기타,신호위반,건조,맑음,교차로 - 교차로안,승용,남,28세,상해없음,승용,여,31세,중상
2014051000100478,2014년 5월 10일 17시,토요일,경상북도 안동시 성곡동,경상사고,0,0,2,0,차대차 - 기타,중앙선침범,건조,맑음,단일로 - 기타,승합,남,30세,상해없음,자전거,여,21세,경상
2014051000100479,2014년 5월 10일 17시,토요일,경상북도 안동시 정하동,경상사고,0,0,5,0,차대차 - 추돌 - 주정차중,안전운전불이행,건조,맑음,단일로 - 기타,화물,남,72세,경상,승용,남,48세,경상
2014051000100480,2014년 5월 10일 17시,토요일,경상북도 상주시 화북면,경상사고,0,0,2,1,차량단독 - 기타,안전운전불이행,건조,맑음,단일로 - 기타,승용,남,18세,상해없음,,,,
2014051000100481,2014년 5월 10일 17시,토요일,경상북도 칠곡군 동명면,중상사고,0,1,0,0,차대차 - 추돌 - 주정차중,안전운전불이행,건조,맑음,교차로 - 교차로부근,승합,남,59세,상해없음,승용,여,58세,중상
2014051000100482,2014년 5월 10일 17시,토요일,경상북도 칠곡군 석적읍,중상사고,0,1,0,0,차대차 - 기타,안전운전불이행,건조,맑음,교차로 - 교차로안,승용,남,31세,상해없음,승용,남,38세,중상
2014051000100516,2014년 5월 10일 18시,토요일,경상북도 성주군 선남면,중상사고,0,1,0,0,차대차 - 기타,직진우회전진행방해,건조,맑음,교차로 - 교차로안,이륜,남,42세,상해없음,화물,남,38세,상해없음
2014051000100554,2014년 5월 10일 19시,토요일,경상북도 경주시 석장동,중상사고,0,1,0,0,차량단독 - 기타,안전운전불이행,건조,맑음,단일로 - 기타,화물,남,41세,중상,,,,
2014051000100555,2014년 5월 10일 19시,토요일,경상북도 포항시 남구 오천읍,경상사고,0,0,1,0,차대차 - 기타,안전운전불이행,건조,맑음,단일로 - 기타,기타불명,기타불명,기타불명,기타불명,이륜,남,27세,경상
2014051000100595,2014년 5월 10일 20시,토요일,경상북도 영천시 화산면,중상사고,0,1,1,0,차대차 - 측면직각충돌,중앙선침범,건조,맑음,단일로 - 기타,승용,남,76세,중상,승용,남,28세,경상
2014051000100620,2014년 5월 10일 21시,토요일,경상북도 포항시 북구 두호동,부상신고사고,0,0,0,1,차대사람 - 기타,안전운전불이행,건조,맑음,단일로 - 기타,승용,남,30세,상해없음,보행자,남,31세,부상신고
2014051000100621,2014년 5월 10일 21시,토요일,경상북도 포항시 북구 득량동,경상사고,0,0,4,0,차대차 - 기타,안전거리미확보,건조,맑음,단일로 - 기타,승용,남,64세,상해없음,승용,여,35세,경상
2014051000100622,2014년 5월 10일 21시,토요일,경상북도 김천시 지례면,경상사고,0,0,1,0,차량단독 - 기타,안전운전불이행,건조,맑음,단일로 - 기타,이륜,남,31세,상해없음,,,,
2014051000100623,2014년 5월 10일 21시,토요일,경상북도 의성군 의성읍,부상신고사고,0,0,0,1,차대차 - 측면직각충돌,안전운전불이행,건조,맑음,교차로 - 교차로안,원동기,남,18세,부상신고,승용,남,51세,상해없음
2014051000100660,2014년 5월 10일 22시,토요일,경상북도 칠곡군 북삼읍,경상사고,0,0,1,0,차대차 - 추돌 - 주정차중,안전운전불이행,건조,맑음,교차로 - 교차로안,승용,여,55세,상해없음,승용,남,29세,경상
2014051000100661,2014년 5월 10일 22시,토요일,경상북도 청도군 화양읍,중상사고,0,1,0,0,차대사람 - 차도통행중,안전운전불이행,건조,맑음,단일로 - 기타,승용,남,35세,상해없음,보행자,남,13세,중상
2014051000100682,2014년 5월 10일 23시,토요일,경상북도 문경시 모전동,경상사고,0,0,1,0,차대차 - 기타,신호위반,건조,맑음,교차로 - 교차로안,이륜,남,17세,경상,승용,남,59세,상해없음
2014051000100683,2014년 5월 10일 23시,토요일,경상북도 경산시 압량면,경상사고,0,0,2,0,차대차 - 기타,신호위반,건조,맑음,단일로 - 기타,승용,남,35세,상해없음,승용,남,42세,경상
2014051000100684,2014년 5월 10일 23시,토요일,경상북도 구미시 신평동,경상사고,0,0,3,1,차대차 - 기타,안전거리미확보,건조,맑음,교차로 - 교차로부근,승용,남,34세,상해없음,승용,여,36세,부상신고
2014051100100018,2014년 5월 11일 00시,일요일,경상북도 포항시 북구 양덕동,경상사고,0,0,2,0,차대차 - 기타,교차로운행방법위반,건조,맑음,교차로 - 교차로안,승합,남,36세,상해없음,승용,여,35세,경상
2014051100100042,2014년 5월 11일 01시,일요일,경상북도 포항시 북구 죽도동,경상사고,0,0,2,0,차대차 - 기타,차로위반,건조,맑음,교차로 - 교차로부근,승용,남,17세,상해없음,승용,남,54세,상해없음
2014051100100043,2014년 5월 11일 01시,일요일,경상북도 칠곡군 약목면,사망사고,1,0,0,0,차대사람 - 기타,안전운전불이행,건조,맑음,단일로 - 기타,승용,남,40세,상해없음,보행자,남,36세,사망
2014051100100044,2014년 5월 11일 01시,일요일,경상북도 고령군 성산면,중상사고,0,1,0,0,차량단독 - 공작물충돌,안전운전불이행,건조,맑음,단일로 - 기타,승용,남,41세,중상,,,,
2014051100100125,2014년 5월 11일 08시,일요일,경상북도 경산시 삼남동,경상사고,0,0,1,0,차대차 - 기타,안전운전불이행,건조,맑음,단일로 - 기타,화물,남,54세,경상,승용,남,30세,상해없음
2014051100100126,2014년 5월 11일 08시,일요일,경상북도 고령군 쌍림면,중상사고,0,1,1,0,차대차 - 추돌 - 주정차중,안전운전불이행,건조,맑음,교차로 - 교차로부근,승용,여,31세,상해없음,승용,남,50세,경상
2014051100100127,2014년 5월 11일 08시,일요일,경상북도 청송군 청송읍,중상사고,0,1,0,0,차대차 - 기타,안전운전불이행,건조,맑음,단일로 - 기타,화물,남,37세,상해없음,원동기,남,51세,중상
2014051100100137,2014년 5월 11일 09시,일요일,경상북도 경주시 황성동,경상사고,0,0,1,0,차대차 - 기타,안전운전불이행,건조,맑음,교차로 - 교차로안,화물,남,49세,상해없음,승용,여,36세,경상
2014051100100138,2014년 5월 11일 09시,일요일,경상북도 포항시 북구 대흥동,중상사고,0,1,0,0,차대차 - 기타,안전운전불이행,건조,맑음,단일로 - 기타,승용,남,63세,상해없음,자전거,여,56세,중상
2014051100100157,2014년 5월 11일 10시,일요일,경상북도 경주시 현곡면,경상사고,0,0,1,0,차대차 - 추돌 - 진행중,안전운전불이행,건조,맑음,단일로 - 기타,승용,남,59세,상해없음,승용,여,46세,경상
2014051100100158,2014년 5월 11일 10시,일요일,경상북도 경주시 외동읍,경상사고,0,0,2,0,차대차 - 기타,안전운전불이행,건조,맑음,단일로 - 기타,건설기계,남,31세,상해없음,승용,여,55세,경상
2014051100100159,2014년 5월 11일 10시,일요일,경상북도 포항시 북구 득량동,중상사고,0,1,0,0,차대차 - 기타,안전운전불이행,건조,맑음,단일로 - 기타,승용,남,69세,중상,승용,남,57세,상해없음
2014051100100174,2014년 5월 11일 11시,일요일,경상북도 영주시 영주동,중상사고,0,1,0,0,차대차 - 기타,안전운전불이행,건조,맑음,단일로 - 횡단보도상,승용,남,34세,상해없음,자전거,남,90세,중상
2014051100100187,2014년 5월 11일 12시,일요일,경상북도 안동시 옥야동,경상사고,0,0,1,0,차대차 - 기타,안전거리미확보,건조,맑음,교차로 - 교차로부근,승용,남,21세,상해없음,승용,여,45세,경상
2014051100100188,2014년 5월 11일 12시,일요일,경상북도 의성군 다인면,사망사고,1,0,0,0,차량단독 - 도로외이탈 - 추락,안전운전불이행,건조,맑음,단일로 - 기타,농기계,여,71세,사망,,,,
2014051100100189,2014년 5월 11일 12시,일요일,경상북도 경산시 하양읍,중상사고,0,2,0,0,차대차 - 기타,안전운전불이행,건조,맑음,단일로 - 기타,승용,남,31세,상해없음,승용,남,21세,상해없음
2014051100100208,2014년 5월 11일 13시,일요일,경상북도 청도군 금천면,중상사고,0,1,2,0,차대차 - 기타,신호위반,건조,맑음,교차로 - 교차로안,승용,여,69세,경상,승용,여,47세,중상
2014051100100233,2014년 5월 11일 14시,일요일,경상북도 경산시 삼북동,부상신고사고,0,0,0,1,차대차 - 기타,안전운전불이행,건조,맑음,단일로 - 기타,승용,여,49세,상해없음,자전거,여,63세,부상신고
2014051100100234,2014년 5월 11일 14시,일요일,경상북도 구미시 형곡동,경상사고,0,0,1,0,차대차 - 기타,안전운전불이행,건조,맑음,단일로 - 기타,승용,남,56세,상해없음,자전거,남,15세,경상
2014051100100235,2014년 5월 11일 14시,일요일,경상북도 포항시 남구 송도동,경상사고,0,0,1,0,차대차 - 기타,안전운전불이행,건조,맑음,단일로 - 기타,자전거,남,12세,경상,이륜,남,59세,상해없음
2014051100100260,2014년 5월 11일 15시,일요일,경상북도 포항시 북구 창포동,경상사고,0,0,1,0,차대차 - 기타,안전거리미확보,건조,맑음,단일로 - 기타,승용,여,33세,상해없음,승용,여,42세,경상
2014051100100261,2014년 5월 11일 15시,일요일,경상북도 영주시 영주동,경상사고,0,0,2,0,차대차 - 추돌 - 진행중,안전운전불이행,건조,맑음,단일로 - 기타,승용,남,42세,상해없음,승용,남,45세,상해없음
2014051100100262,2014년 5월 11일 15시,일요일,경상북도 영주시 풍기읍,경상사고,0,0,2,0,차대차 - 추돌 - 주정차중,안전운전불이행,건조,맑음,기타 - 기타,승용,여,61세,경상,승용,남,39세,기타불명
2014051100100263,2014년 5월 11일 15시,일요일,경상북도 경산시 대동,경상사고,0,0,1,0,차대사람 - 기타,보행자보호의무위반,건조,맑음,단일로 - 횡단보도상,이륜,남,16세,상해없음,보행자,여,77세,경상
2014051100100264,2014년 5월 11일 15시,일요일,경상북도 영덕군 지품면,중상사고,0,1,0,1,차량단독 - 전도전복,과속,건조,맑음,단일로 - 기타,승용,남,38세,부상신고,,,,
2014051100100284,2014년 5월 11일 16시,일요일,경상북도 경주시 황성동,부상신고사고,0,0,0,1,차대차 - 기타,안전운전불이행,건조,맑음,단일로 - 기타,이륜,남,75세,부상신고,승용,남,46세,상해없음
2014051100100285,2014년 5월 11일 16시,일요일,경상북도 의성군 안계면,중상사고,0,2,0,0,차대차 - 측면직각충돌,안전운전불이행,건조,맑음,교차로 - 교차로안,화물,남,63세,상해없음,원동기,남,19세,중상
2014051100100286,2014년 5월 11일 16시,일요일,경상북도 포항시 남구 오천읍,경상사고,0,0,1,0,차대사람 - 기타,안전운전불이행,건조,맑음,단일로 - 기타,승합,남,52세,상해없음,보행자,여,11세,경상
2014051100100321,2014년 5월 11일 17시,일요일,경상북도 영천시 야사동,경상사고,0,0,1,0,차대차 - 기타,안전운전불이행,건조,맑음,기타 - 기타,원동기,남,16세,경상,승용,남,65세,상해없음
2014051100100322,2014년 5월 11일 17시,일요일,경상북도 고령군 다산면,경상사고,0,0,1,0,차대차 - 측면직각충돌,신호위반,건조,맑음,교차로 - 교차로안,승용,남,53세,상해없음,이륜,남,16세,경상
2014051100100323,2014년 5월 11일 17시,일요일,경상북도 청송군 현서면,중상사고,0,1,0,0,차대차 - 추돌 - 진행중,교차로운행방법위반,건조,맑음,교차로 - 교차로안,승용,남,25세,상해없음,원동기,여,64세,중상
2014051100100324,2014년 5월 11일 17시,일요일,경상북도 구미시 황상동,중상사고,0,1,0,0,차대사람 - 기타,안전운전불이행,건조,맑음,단일로 - 기타,승용,남,35세,상해없음,보행자,여,70세,중상
2014051100100365,2014년 5월 11일 18시,일요일,경상북도 포항시 북구 두호동,경상사고,0,0,2,0,차대차 - 기타,안전운전불이행,건조,맑음,단일로 - 기타,승용,남,40세,상해없음,승용,남,34세,경상
2014051100100407,2014년 5월 11일 19시,일요일,경상북도 울진군 평해읍,경상사고,0,0,2,0,차대차 - 추돌 - 주정차중,안전운전불이행,건조,맑음,교차로 - 교차로안,승용,남,44세,상해없음,승용,남,23세,경상
2014051100100450,2014년 5월 11일 20시,일요일,경상북도 상주시 외서면,중상사고,0,1,0,0,차대차 - 추돌 - 진행중,안전운전불이행,습기,비,단일로 - 기타,승용,여,51세,상해없음,농기계,남,53세,중상
2014051100100451,2014년 5월 11일 20시,일요일,경상북도 영주시 영주동,경상사고,0,0,1,0,차대차 - 추돌 - 진행중,안전운전불이행,습기,비,단일로 - 기타,승용,남,35세,상해없음,승용,남,48세,상해없음
2014051100100487,2014년 5월 11일 21시,일요일,경상북도 구미시 구평동,경상사고,0,0,2,0,차대차 - 기타,중앙선침범,건조,맑음,단일로 - 기타,승용,남,22세,상해없음,승용,남,25세,경상
2014051100100524,2014년 5월 11일 22시,일요일,경상북도 경산시 사동,중상사고,0,1,0,0,차대차 - 기타,교차로운행방법위반,건조,맑음,교차로 - 교차로안,승용,남,24세,상해없음,이륜,남,17세,중상
2014051100100553,2014년 5월 11일 23시,일요일,경상북도 포항시 북구 덕산동,경상사고,0,0,3,0,차대차 - 기타,안전운전불이행,건조,맑음,교차로 - 교차로안,승용,남,56세,상해없음,승용,남,61세,경상
2014051100100554,2014년 5월 11일 23시,일요일,경상북도 포항시 북구 환호동,중상사고,0,1,0,0,차대차 - 기타,안전거리미확보,습기,비,기타 - 기타,기타불명,기타불명,기타불명,기타불명,원동기,남,30세,중상
2014051100100555,2014년 5월 11일 23시,일요일,경상북도 포항시 남구 청림동,경상사고,0,0,1,0,차대차 - 기타,신호위반,습기,비,교차로 - 교차로부근,이륜,남,17세,경상,승용,남,48세,상해없음
2014051200100052,2014년 5월 12일 02시,월요일,경상북도 포항시 남구 상도동,경상사고,0,0,2,0,차대차 - 기타,직진우회전진행방해,건조,맑음,교차로 - 교차로안,승용,남,40세,경상,승용,남,71세,경상
2014051200100061,2014년 5월 12일 04시,월요일,경상북도 구미시 지산동,경상사고,0,0,2,0,차대차 - 기타,중앙선침범,습기,비,교차로 - 교차로부근,승용,남,27세,상해없음,승용,여,46세,경상
2014051200100069,2014년 5월 12일 05시,월요일,경상북도 영천시 화산면,중상사고,0,3,0,0,차량단독 - 도로외이탈 - 기타,안전운전불이행,습기,비,단일로 - 기타,화물,남,71세,중상,,,,
2014051200100070,2014년 5월 12일 05시,월요일,경상북도 포항시 남구 오천읍,중상사고,0,1,1,0,차량단독 - 기타,안전운전불이행,습기,비,단일로 - 기타,승용,남,20세,상해없음,,,,
2014051200100079,2014년 5월 12일 06시,월요일,경상북도 경산시 사정동,경상사고,0,0,1,0,차대차 - 기타,신호위반,습기,비,교차로 - 교차로안,승용,남,62세,상해없음,승용,남,37세,경상
2014051200100125,2014년 5월 12일 08시,월요일,경상북도 안동시 송현동,중상사고,0,1,0,0,차대사람 - 기타,안전운전불이행,건조,맑음,단일로 - 기타,승용,기타불명,기타불명,기타불명,보행자,남,68세,중상
2014051200100126,2014년 5월 12일 08시,월요일,경상북도 상주시 복룡동,중상사고,0,1,0,0,차대차 - 추돌 - 진행중,교차로운행방법위반,건조,맑음,교차로 - 교차로안,승용,여,52세,상해없음,자전거,여,60세,중상
2014051200100127,2014년 5월 12일 08시,월요일,경상북도 성주군 수륜면,경상사고,0,0,1,0,차대차 - 추돌 - 진행중,안전거리미확보,건조,맑음,교차로 - 교차로안,승용,여,39세,상해없음,승용,남,73세,상해없음
2014051200100157,2014년 5월 12일 09시,월요일,경상북도 영덕군 영덕읍,부상신고사고,0,0,0,1,차대차 - 측면직각충돌,교차로운행방법위반,건조,맑음,교차로 - 교차로안,화물,남,60세,상해없음,자전거,남,73세,부상신고
2014051200100191,2014년 5월 12일 10시,월요일,경상북도 안동시 안기동,사망사고,1,0,0,0,차대차 - 기타,안전운전불이행,건조,맑음,교차로 - 교차로안,화물,남,71세,상해없음,자전거,남,72세,사망
2014051200100192,2014년 5월 12일 10시,월요일,경상북도 영주시 풍기읍,경상사고,0,0,1,0,차대차 - 추돌 - 주정차중,안전운전불이행,건조,맑음,단일로 - 기타,승용,남,43세,상해없음,화물,남,69세,상해없음
2014051200100193,2014년 5월 12일 10시,월요일,경상북도 영주시 부석면,중상사고,0,1,0,0,차대차 - 기타,안전운전불이행,건조,맑음,교차로 - 교차로안,화물,남,52세,상해없음,승합,남,59세,상해없음
2014051200100218,2014년 5월 12일 11시,월요일,경상북도 경주시 강동면,부상신고사고,0,0,0,1,차대차 - 기타,안전운전불이행,건조,맑음,교차로 - 교차로안,승용,여,56세,부상신고,승용,남,69세,상해없음
2014051200100219,2014년 5월 12일 11시,월요일,경상북도 영주시 상망동,경상사고,0,0,1,0,차대차 - 추돌 - 주정차중,안전운전불이행,건조,맑음,단일로 - 기타,이륜,남,73세,경상,승용,남,30세,기타불명
2014051200100220,2014년 5월 12일 11시,월요일,경상북도 영주시 안정면,경상사고,0,0,1,0,차대차 - 측면직각충돌,안전운전불이행,건조,맑음,단일로 - 기타,농기계,남,70세,상해없음,화물,남,71세,경상