사고번호,사고일시,요일,시군구,사고내용,사망자수,중상자수,경상자수,부상신고자수,사고유형,법규위반,노면상태,기상상태,도로형태,가해운전자 차종,가해운전자 성별,가해운전자 연령,가해운전자 상해정도,피해운전자 차종,피해운전자 성별,피해운전자 연령,피해운전자 상해정도
2014051200100221,2014년 5월 12일 11시,월요일,경상북도 예천군 호명면,경상사고,0,0,1,0,차량단독 - 공작물충돌,안전운전불이행,건조,맑음,단일로 - 기타,이륜,남,75세,경상,,,,
2014051200100222,2014년 5월 12일 11시,월요일,경상북도 군위군 효령면,경상사고,0,0,1,0,차대차 - 측면직각충돌,신호위반,건조,맑음,교차로 - 교차로안,화물,남,65세,상해없음,화물,남,45세,경상
2014051200100246,2014년 5월 12일 12시,월요일,경상북도 경산시 자인면,경상사고,0,0,1,0,차대차 - 기타,안전거리미확보,건조,맑음,단일로 - 기타,화물,남,48세,상해없음,승용,남,34세,경상
2014051200100285,2014년 5월 12일 13시,월요일,경상북도 경주시 동천동,경상사고,0,0,1,0,차대차 - 기타,안전운전불이행,건조,맑음,교차로 - 교차로안,이륜,여,26세,경상,승용,남,22세,상해없음
2014051200100286,2014년 5월 12일 13시,월요일,경상북도 포항시 북구 대신동,경상사고,0,0,2,0,차대차 - 기타,안전운전불이행,건조,맑음,단일로 - 기타,승용,남,29세,상해없음,승용,여,46세,경상
2014051200100304,2014년 5월 12일 14시,월요일,경상북도 포항시 북구 송라면,중상사고,0,2,0,0,차대차 - 기타,안전운전불이행,건조,맑음,단일로 - 기타,승용,여,37세,상해없음,승용,남,52세,중상
2014051200100305,2014년 5월 12일 14시,월요일,경상북도 경산시 대평동,중상사고,0,1,0,0,차대사람 - 기타,안전운전불이행,건조,맑음,교차로 - 교차로안,승용,여,52세,상해없음,보행자,남,6세,중상
2014051200100306,2014년 5월 12일 14시,월요일,경상북도 경주시 신평동,경상사고,0,0,7,1,차대차 - 기타,안전운전불이행,건조,맑음,교차로 - 교차로안,승용,남,59세,상해없음,승합,남,53세,경상
2014051200100307,2014년 5월 12일 14시,월요일,경상북도 포항시 남구 대도동,경상사고,0,0,1,0,차대사람 - 횡단중,신호위반,건조,맑음,교차로 - 교차로부근,이륜,남,60세,상해없음,보행자,여,58세,경상
2014051200100341,2014년 5월 12일 15시,월요일,경상북도 경주시 충효동,중상사고,0,3,0,0,차대차 - 기타,신호위반,건조,맑음,교차로 - 교차로안,승용,남,42세,상해없음,승용,남,36세,중상
2014051200100342,2014년 5월 12일 15시,월요일,경상북도 청도군 화양읍,경상사고,0,0,1,0,차대차 - 기타,직진우회전진행방해,건조,맑음,교차로 - 교차로안,승합,남,53세,상해없음,화물,남,50세,상해없음
2014051200100424,2014년 5월 12일 17시,월요일,경상북도 포항시 북구 대신동,중상사고,0,2,1,0,차대차 - 추돌 - 주정차중,안전운전불이행,건조,맑음,교차로 - 교차로부근,승용,남,54세,중상,화물,남,27세,중상
2014051200100425,2014년 5월 12일 17시,월요일,경상북도 포항시 북구 흥해읍,경상사고,0,0,1,0,차대차 - 기타,안전운전불이행,건조,맑음,교차로 - 교차로부근,승용,남,62세,상해없음,자전거,남,27세,경상
2014051200100426,2014년 5월 12일 17시,월요일,경상북도 영천시 야사동,경상사고,0,0,1,0,차대차 - 기타,안전거리미확보,건조,맑음,기타 - 기타,화물,남,32세,상해없음,승용,여,46세,경상
2014051200100427,2014년 5월 12일 17시,월요일,경상북도 구미시 진평동,중상사고,0,1,0,0,차대차 - 측면직각충돌,교차로운행방법위반,건조,맑음,교차로 - 교차로안,승용,남,29세,상해없음,승용,남,41세,중상
2014051200100428,2014년 5월 12일 17시,월요일,경상북도 구미시 고아읍,중상사고,0,1,2,0,차대차 - 측면직각충돌,신호위반,건조,맑음,교차로 - 교차로안,승용,여,43세,상해없음,승용,여,38세,경상
2014051200100499,2014년 5월 12일 19시,월요일,경상북도 김천시 양천동,경상사고,0,0,1,0,차대차 - 측면직각충돌,신호위반,건조,맑음,교차로 - 교차로안,승용,남,66세,상해없음,승합,남,42세,경상
2014051200100500,2014년 5월 12일 19시,월요일,경상북도 영주시 하망동,경상사고,0,0,1,0,차대차 - 측면직각충돌,안전운전불이행,건조,맑음,단일로 - 기타,이륜,남,73세,경상,승용,남,35세,상해없음
2014051200100556,2014년 5월 12일 21시,월요일,경상북도 경주시 외동읍,중상사고,0,1,0,0,차대사람 - 횡단중,보행자보호의무위반,건조,맑음,단일로 - 횡단보도상,화물,남,54세,상해없음,보행자,남,60세,중상
2014051200100557,2014년 5월 12일 21시,월요일,경상북도 포항시 북구 두호동,중상사고,0,1,0,0,차대차 - 기타,중앙선침범,건조,맑음,교차로 - 교차로부근,승용,남,55세,상해없음,원동기,여,31세,중상
2014051200100558,2014년 5월 12일 21시,월요일,경상북도 구미시 진평동,중상사고,0,1,0,0,차대사람 - 보도통행중,안전운전불이행,건조,맑음,교차로 - 교차로부근,승용,여,44세,상해없음,보행자,남,63세,중상
2014051200100559,2014년 5월 12일 21시,월요일,경상북도 구미시 고아읍,부상신고사고,0,0,0,1,차량단독 - 기타,안전운전불이행,건조,맑음,단일로 - 기타,자전거,남,23세,부상신고,,,,
2014051200100584,2014년 5월 12일 22시,월요일,경상북도 안동시 용상동,경상사고,0,0,1,0,차대차 - 측면직각충돌,안전운전불이행,기타,맑음,단일로 - 기타,이륜,남,19세,경상,승용,남,39세,상해없음
2014051200100607,2014년 5월 12일 23시,월요일,경상북도 포항시 북구 장성동,경상사고,0,0,3,0,차대차 - 기타,안전운전불이행,건조,맑음,교차로 - 교차로부근,승용,여,38세,상해없음,승용,남,63세,경상
2014051300100011,2014년 5월 13일 00시,화요일,경상북도 포항시 북구 장성동,사망사고,1,0,0,0,차대사람 - 기타,안전운전불이행,건조,맑음,단일로 - 기타,승용,남,46세,상해없음,보행자,여,51세,사망
2014051300100023,2014년 5월 13일 01시,화요일,경상북도 경주시 성건동,경상사고,0,0,1,0,차대차 - 기타,안전운전불이행,건조,맑음,교차로 - 교차로부근,승용,남,26세,상해없음,승용,남,44세,경상
2014051300100024,2014년 5월 13일 01시,화요일,경상북도 김천시 지좌동,중상사고,0,1,1,0,차대차 - 측면직각충돌,신호위반,건조,맑음,교차로 - 교차로안,승용,남,24세,상해없음,화물,남,41세,중상
2014051300100050,2014년 5월 13일 05시,화요일,경상북도 영주시 하망동,중상사고,0,2,2,0,차대차 - 측면직각충돌,기타,건조,맑음,교차로 - 교차로안,승합,남,49세,상해없음,화물,남,74세,경상
2014051300100061,2014년 5월 13일 06시,화요일,경상북도 성주군 용암면,중상사고,0,1,1,0,차대차 - 정면충돌,중앙선침범,건조,맑음,기타 - 기타,화물,남,43세,경상,승용,남,42세,중상
2014051300100088,2014년 5월 13일 07시,화요일,경상북도 안동시 법상동,경상사고,0,0,1,0,차대사람 - 기타,안전운전불이행,건조,맑음,단일로 - 기타,승용,남,66세,상해없음,보행자,여,13세,경상
2014051300100089,2014년 5월 13일 07시,화요일,경상북도 상주시 인봉동,경상사고,0,0,1,0,차대차 - 기타,안전운전불이행,건조,맑음,단일로 - 기타,승용,기타불명,기타불명,기타불명,자전거,여,33세,경상
2014051300100090,2014년 5월 13일 07시,화요일,경상북도 구미시 공단동,중상사고,0,3,2,0,차대차 - 기타,안전거리미확보,건조,맑음,단일로 - 기타,건설기계,남,44세,상해없음,승용,남,51세,중상
2014051300100091,2014년 5월 13일 07시,화요일,경상북도 구미시 임수동,경상사고,0,0,1,0,차대차 - 기타,안전운전불이행,건조,맑음,단일로 - 기타,승용,남,37세,상해없음,자전거,남,55세,경상
2014051300100135,2014년 5월 13일 08시,화요일,경상북도 칠곡군 왜관읍,중상사고,0,1,1,0,차대차 - 기타,직진우회전진행방해,건조,맑음,교차로 - 교차로안,승용,여,48세,경상,승용,남,34세,중상
2014051300100176,2014년 5월 13일 09시,화요일,경상북도 예천군 풍양면,중상사고,0,1,0,0,차대차 - 추돌 - 주정차중,안전운전불이행,건조,맑음,단일로 - 기타,원동기,여,67세,중상,승용,남,68세,상해없음
2014051300100200,2014년 5월 13일 10시,화요일,경상북도 경주시 건천읍,경상사고,0,0,1,0,차대차 - 측면직각충돌,안전운전불이행,건조,맑음,단일로 - 기타,승용,남,69세,상해없음,승용,남,47세,경상
2014051300100201,2014년 5월 13일 10시,화요일,경상북도 울진군 후포면,중상사고,0,1,0,0,차대차 - 기타,중앙선침범,건조,맑음,단일로 - 기타,기타불명,남,14세,상해없음,이륜,남,75세,중상
2014051300100202,2014년 5월 13일 10시,화요일,경상북도 군위군 군위읍,중상사고,0,1,0,0,차대사람 - 길가장자리구역통행중,안전운전불이행,건조,맑음,단일로 - 기타,이륜,남,68세,상해없음,보행자,여,81세,중상
2014051300100235,2014년 5월 13일 11시,화요일,경상북도 포항시 북구 양덕동,중상사고,0,1,1,0,차대차 - 기타,안전거리미확보,건조,맑음,단일로 - 기타,승용,남,51세,상해없음,승용,남,56세,중상
2014051300100282,2014년 5월 13일 13시,화요일,경상북도 김천시 부곡동,중상사고,0,1,0,0,차대차 - 측면직각충돌,안전운전불이행,건조,맑음,단일로 - 기타,승용,남,53세,상해없음,화물,남,53세,중상
2014051300100283,2014년 5월 13일 13시,화요일,경상북도 포항시 남구 오천읍,경상사고,0,0,1,0,차대차 - 기타,안전운전불이행,건조,맑음,교차로 - 교차로안,승용,남,43세,상해없음,원동기,남,55세,경상
2014051300100320,2014년 5월 13일 14시,화요일,경상북도 영주시 영주동,중상사고,0,1,0,0,차대사람 - 기타,안전운전불이행,건조,맑음,교차로 - 교차로안,승용,남,58세,상해없음,보행자,남,11세,중상
2014051300100321,2014년 5월 13일 14시,화요일,경상북도 경산시 하양읍,경상사고,0,0,1,0,차대차 - 기타,안전거리미확보,건조,맑음,단일로 - 기타,승용,여,22세,상해없음,승용,여,47세,경상
2014051300100322,2014년 5월 13일 14시,화요일,경상북도 울릉군 서면,사망사고,1,0,0,0,차량단독 - 기타,안전운전불이행,건조,맑음,교차로 - 교차로부근,농기계,남,88세,사망,,,,
2014051300100323,2014년 5월 13일 14시,화요일,경상북도 포항시 남구 구룡포읍,경상사고,0,0,2,0,차대차 - 기타,안전운전불이행,건조,맑음,교차로 - 교차로안,승용,남,41세,경상,승용,여,46세,경상
2014051300100359,2014년 5월 13일 15시,화요일,경상북도 안동시 수상동,경상사고,0,0,2,0,차대차 - 기타,안전운전불이행,건조,맑음,교차로 - 교차로부근,승용,남,60세,상해없음,승용,여,50세,경상
2014051300100360,2014년 5월 13일 15시,화요일,경상북도 상주시 함창읍,경상사고,0,0,1,0,차대차 - 기타,안전운전불이행,건조,맑음,단일로 - 기타,승용,남,60세,상해없음,자전거,남,83세,경상
2014051300100361,2014년 5월 13일 15시,화요일,경상북도 문경시 모전동,중상사고,0,1,0,0,차대사람 - 횡단중,안전운전불이행,건조,맑음,교차로 - 교차로안,승용,남,40세,상해없음,보행자,여,7세,중상
2014051300100362,2014년 5월 13일 15시,화요일,경상북도 청도군 풍각면,중상사고,0,1,1,0,차대차 - 기타,직진우회전진행방해,건조,맑음,교차로 - 교차로안,원동기,여,65세,중상,승용,여,50세,경상
2014051300100363,2014년 5월 13일 15시,화요일,경상북도 포항시 남구 괴동동,중상사고,0,1,0,0,차대사람 - 횡단중,안전운전불이행,건조,맑음,교차로 - 교차로부근,건설기계,남,55세,상해없음,보행자,남,59세,중상
2014051300100405,2014년 5월 13일 16시,화요일,경상북도 경주시 외동읍,중상사고,0,1,1,0,차대차 - 추돌 - 주정차중,안전운전불이행,건조,맑음,교차로 - 교차로부근,승용,남,25세,상해없음,화물,남,45세,중상
2014051300100406,2014년 5월 13일 16시,화요일,경상북도 안동시 옥동,경상사고,0,0,2,0,차대차 - 추돌 - 진행중,안전운전불이행,건조,맑음,단일로 - 기타,승용,여,52세,경상,건설기계,남,41세,경상
2014051300100407,2014년 5월 13일 16시,화요일,경상북도 의성군 안사면,중상사고,0,1,0,0,차량단독 - 전도전복,안전운전불이행,건조,맑음,단일로 - 기타,원동기,남,77세,중상,,,,
2014051300100408,2014년 5월 13일 16시,화요일,경상북도 성주군 벽진면,경상사고,0,0,1,0,차대차 - 추돌 - 진행중,안전운전불이행,건조,맑음,기타 - 기타,승용,남,50세,상해없음,자전거,남,80세,경상
2014051300100409,2014년 5월 13일 16시,화요일,경상북도 포항시 남구 연일읍,경상사고,0,0,2,0,차대차 - 기타,신호위반,건조,맑음,교차로 - 교차로안,화물,남,43세,상해없음,승용,남,30세,경상
2014051300100432,2014년 5월 13일 17시,화요일,경상북도 경산시 자인면,경상사고,0,0,1,0,차대차 - 기타,안전운전불이행,건조,맑음,단일로 - 기타,화물,남,63세,상해없음,원동기,남,58세,경상
2014051300100474,2014년 5월 13일 18시,화요일,경상북도 포항시 북구 장성동,중상사고,0,1,2,0,차대차 - 기타,안전운전불이행,건조,맑음,단일로 - 기타,승용,남,25세,상해없음,원동기,남,18세,중상
2014051300100475,2014년 5월 13일 18시,화요일,경상북도 울진군 후포면,중상사고,0,1,0,0,차대사람 - 횡단중,안전운전불이행,건조,맑음,단일로 - 기타,승용,남,66세,상해없음,보행자,남,6세,중상
2014051300100476,2014년 5월 13일 18시,화요일,경상북도 고령군 다산면,경상사고,0,0,2,0,차대차 - 추돌 - 진행중,안전운전불이행,건조,기타,기타 - 기타,기타불명,기타불명,기타불명,기타불명,승용,남,59세,경상
2014051300100512,2014년 5월 13일 19시,화요일,경상북도 청도군 금천면,경상사고,0,0,1,0,차대사람 - 차도통행중,안전운전불이행,건조,맑음,단일로 - 기타,승용,남,59세,상해없음,보행자,여,75세,경상
2014051300100513,2014년 5월 13일 19시,화요일,경상북도 구미시 광평동,중상사고,0,1,0,0,차대사람 - 기타,안전운전불이행,건조,맑음,교차로 - 교차로안,승용,남,30세,상해없음,보행자,남,61세,중상
2014051300100544,2014년 5월 13일 20시,화요일,경상북도 상주시 무양동,중상사고,0,1,0,0,차대차 - 측면직각충돌,교차로운행방법위반,건조,맑음,교차로 - 교차로안,승용,여,23세,상해없음,자전거,남,12세,중상
2014051300100545,2014년 5월 13일 20시,화요일,경상북도 청도군 청도읍,경상사고,0,0,1,0,차대차 - 기타,직진우회전진행방해,건조,맑음,교차로 - 교차로안,승용,남,58세,상해없음,승용,남,56세,경상
2014051300100571,2014년 5월 13일 21시,화요일,경상북도 안동시 옥동,경상사고,0,0,1,0,차대차 - 추돌 - 진행중,안전운전불이행,건조,맑음,기타 - 기타,승용,남,30세,상해없음,승합,남,57세,경상
2014051300100601,2014년 5월 13일 22시,화요일,경상북도 포항시 북구 양덕동,경상사고,0,0,1,0,차대차 - 기타,교차로운행방법위반,건조,맑음,교차로 - 교차로안,승용,여,51세,상해없음,승용,여,54세,경상
2014051300100602,2014년 5월 13일 22시,화요일,경상북도 포항시 남구 해도동,경상사고,0,0,1,0,차대차 - 기타,교차로운행방법위반,건조,맑음,교차로 - 교차로안,승합,여,39세,상해없음,화물,남,44세,경상
2014051300100629,2014년 5월 13일 23시,화요일,경상북도 경산시 진량읍,경상사고,0,0,1,1,차량단독 - 기타,안전운전불이행,건조,맑음,단일로 - 기타,자전거,남,15세,경상,,,,
2014051300100630,2014년 5월 13일 23시,화요일,경상북도 포항시 남구 해도동,경상사고,0,0,1,0,차대차 - 기타,안전운전불이행,건조,맑음,단일로 - 기타,화물,여,56세,상해없음,승용,남,23세,경상
2014051400100034,2014년 5월 14일 01시,수요일,경상북도 영천시 문외동,경상사고,0,0,2,0,차대차 - 추돌 - 진행중,안전운전불이행,건조,맑음,교차로 - 교차로부근,승용,남,44세,상해없음,승용,남,31세,경상
2014051400100035,2014년 5월 14일 01시,수요일,경상북도 구미시 진평동,중상사고,0,1,0,0,차대차 - 기타,안전운전불이행,기타,기타,기타 - 기타,승합,남,29세,상해없음,승용,여,38세,중상
2014051400100043,2014년 5월 14일 02시,수요일,경상북도 청도군 청도읍,중상사고,0,1,0,0,차량단독 - 공작물충돌,안전운전불이행,건조,맑음,기타 - 기타,승용,여,15세,기타불명,,,,
2014051400100062,2014년 5월 14일 04시,수요일,경상북도 포항시 남구 오천읍,중상사고,0,1,0,1,차대차 - 기타,교차로운행방법위반,건조,맑음,교차로 - 교차로안,승합,남,40세,상해없음,이륜,남,23세,중상
2014051400100073,2014년 5월 14일 05시,수요일,경상북도 경주시 동천동,경상사고,0,0,1,0,차대차 - 기타,안전운전불이행,건조,맑음,교차로 - 교차로안,이륜,남,39세,경상,승용,남,33세,상해없음
2014051400100082,2014년 5월 14일 06시,수요일,경상북도 김천시 율곡동,중상사고,0,2,1,0,차대차 - 측면직각충돌,교차로운행방법위반,건조,맑음,교차로 - 교차로안,승용,남,37세,상해없음,승용,남,45세,경상
2014051400100083,2014년 5월 14일 06시,수요일,경상북도 구미시 진평동,부상신고사고,0,0,0,1,차대차 - 기타,중앙선침범,건조,맑음,단일로 - 횡단보도부근,자전거,여,25세,부상신고,승용,남,60세,상해없음
2014051400100104,2014년 5월 14일 07시,수요일,경상북도 상주시 함창읍,중상사고,0,1,0,0,차대사람 - 기타,교차로운행방법위반,건조,맑음,교차로 - 교차로안,승용,남,50세,상해없음,보행자,여,77세,중상
2014051400100139,2014년 5월 14일 08시,수요일,경상북도 포항시 북구 남빈동,경상사고,0,0,2,0,차대차 - 기타,안전운전불이행,건조,맑음,단일로 - 기타,승용,남,65세,상해없음,승용,남,32세,경상
2014051400100140,2014년 5월 14일 08시,수요일,경상북도 청송군 청송읍,중상사고,0,1,0,0,차대차 - 기타,교차로운행방법위반,건조,맑음,교차로 - 교차로안,화물,남,51세,상해없음,원동기,여,62세,중상
2014051400100173,2014년 5월 14일 09시,수요일,경상북도 김천시 감호동,중상사고,0,1,0,0,차대차 - 측면직각충돌,안전운전불이행,건조,맑음,교차로 - 교차로부근,승용,여,37세,상해없음,자전거,남,34세,중상
2014051400100174,2014년 5월 14일 09시,수요일,경상북도 봉화군 춘양면,경상사고,0,0,1,0,차대사람 - 기타,안전운전불이행,건조,맑음,단일로 - 기타,승용,여,56세,상해없음,보행자,여,56세,경상
2014051400100198,2014년 5월 14일 10시,수요일,경상북도 안동시 안막동,중상사고,0,1,0,0,차대차 - 측면직각충돌,신호위반,건조,맑음,교차로 - 교차로안,건설기계,남,55세,상해없음,화물,남,52세,중상
2014051400100234,2014년 5월 14일 11시,수요일,경상북도 경주시 동천동,경상사고,0,0,1,0,차대차 - 추돌 - 주정차중,안전운전불이행,건조,맑음,교차로 - 교차로부근,화물,남,55세,상해없음,화물,남,52세,상해없음
2014051400100235,2014년 5월 14일 11시,수요일,경상북도 포항시 북구 흥해읍,중상사고,0,1,0,0,차대차 - 기타,안전운전불이행,건조,맑음,단일로 - 기타,승용,남,26세,상해없음,자전거,남,78세,중상
2014051400100266,2014년 5월 14일 12시,수요일,경상북도 포항시 북구 덕산동,경상사고,0,0,1,0,차대차 - 기타,안전운전불이행,건조,맑음,단일로 - 기타,승용,남,68세,상해없음,승용,남,35세,경상
2014051400100267,2014년 5월 14일 12시,수요일,경상북도 경산시 하양읍,경상사고,0,0,2,0,차대차 - 기타,기타,건조,맑음,교차로 - 교차로안,승용,남,50세,경상,승합,남,49세,경상
2014051400100303,2014년 5월 14일 13시,수요일,경상북도 김천시 지례면,중상사고,0,1,0,0,차대사람 - 횡단중,보행자보호의무위반,건조,맑음,교차로 - 교차로안,승용,여,57세,상해없음,보행자,남,63세,중상
2014051400100304,2014년 5월 14일 13시,수요일,경상북도 청도군 운문면,중상사고,0,2,1,0,차량단독 - 공작물충돌,안전운전불이행,습기,비,단일로 - 기타,승용,여,50세,중상,,,,
2014051400100305,2014년 5월 14일 13시,수요일,경상북도 구미시 인의동,중상사고,0,1,0,0,차대차 - 기타,교차로운행방법위반,건조,맑음,교차로 - 교차로안,승용,남,59세,상해없음,이륜,여,37세,중상
2014051400100343,2014년 5월 14일 14시,수요일,경상북도 예천군 예천읍,경상사고,0,0,3,0,차대차 - 측면직각충돌,안전운전불이행,건조,맑음,교차로 - 교차로부근,화물,남,61세,상해없음,승용,남,71세,경상
2014051400100344,2014년 5월 14일 14시,수요일,경상북도 울진군 북면,경상사고,0,0,4,1,차대차 - 기타,직진우회전진행방해,건조,맑음,교차로 - 교차로안,승용,남,67세,부상신고,승용,여,52세,경상
2014051400100345,2014년 5월 14일 14시,수요일,경상북도 구미시 고아읍,중상사고,0,1,0,0,차대차 - 기타,교차로운행방법위반,건조,맑음,교차로 - 교차로안,화물,남,54세,상해없음,이륜,남,69세,중상
2014051400100416,2014년 5월 14일 16시,수요일,경상북도 포항시 남구 해도동,중상사고,0,1,0,0,차대사람 - 횡단중,안전운전불이행,건조,맑음,단일로 - 기타,승용,여,53세,상해없음,보행자,남,41세,중상
2014051400100417,2014년 5월 14일 16시,수요일,경상북도 문경시 산북면,경상사고,0,0,1,2,차대차 - 측면직각충돌,안전운전불이행,건조,맑음,교차로 - 교차로안,승용,남,25세,상해없음,승용,남,58세,상해없음
2014051400100418,2014년 5월 14일 16시,수요일,경상북도 구미시 구평동,경상사고,0,0,1,0,차대사람 - 기타,안전운전불이행,기타,기타,단일로 - 기타,화물,남,29세,상해없음,보행자,여,28세,경상
2014051400100419,2014년 5월 14일 16시,수요일,경상북도 포항시 남구 대잠동,경상사고,0,0,2,0,차대차 - 측면직각충돌,교차로운행방법위반,건조,맑음,교차로 - 교차로안,승용,여,43세,경상,승용,남,31세,경상
2014051400100459,2014년 5월 14일 17시,수요일,경상북도 성주군 선남면,경상사고,0,0,1,0,차대차 - 기타,안전운전불이행,건조,맑음,기타 - 기타,화물,남,50세,상해없음,이륜,남,52세,경상
2014051400100495,2014년 5월 14일 18시,수요일,경상북도 경주시 황성동,경상사고,0,0,1,0,차대사람 - 기타,안전운전불이행,건조,맑음,단일로 - 기타,승용,여,20세,상해없음,보행자,남,20세,경상
2014051400100496,2014년 5월 14일 18시,수요일,경상북도 의성군 다인면,중상사고,0,1,0,0,차대차 - 측면직각충돌,안전운전불이행,건조,맑음,교차로 - 교차로안,승용,남,47세,상해없음,이륜,여,79세,중상
2014051400100497,2014년 5월 14일 18시,수요일,경상북도 영주시 하망동,경상사고,0,0,1,0,차대차 - 측면직각충돌,안전운전불이행,건조,맑음,교차로 - 교차로안,승용,여,44세,상해없음,자전거,남,17세,경상
2014051400100498,2014년 5월 14일 18시,수요일,경상북도 칠곡군 왜관읍,경상사고,0,0,1,0,차대차 - 기타,교차로운행방법위반,건조,맑음,교차로 - 교차로안,승합,남,59세,상해없음,자전거,남,7세,경상
2014051400100499,2014년 5월 14일 18시,수요일,경상북도 경산시 진량읍,경상사고,0,0,1,0,차대차 - 기타,안전운전불이행,건조,맑음,단일로 - 기타,승용,남,38세,상해없음,원동기,남,20세,경상
2014051400100500,2014년 5월 14일 18시,수요일,경상북도 경산시 하양읍,경상사고,0,0,1,0,차대사람 - 기타,안전운전불이행,건조,맑음,기타 - 기타,승용,남,68세,기타불명,보행자,남,5세,경상
2014051400100501,2014년 5월 14일 18시,수요일,경상북도 경산시 삼남동,경상사고,0,0,1,0,차대차 - 기타,안전운전불이행,건조,맑음,단일로 - 횡단보도상,화물,남,48세,상해없음,자전거,여,73세,경상
2014051400100502,2014년 5월 14일 18시,수요일,경상북도 구미시 산동면,경상사고,0,0,1,0,차대차 - 기타,안전운전불이행,건조,맑음,교차로 - 교차로안,화물,남,46세,상해없음,승용,여,33세,경상
2014051400100503,2014년 5월 14일 18시,수요일,경상북도 포항시 남구 대잠동,중상사고,0,1,0,0,차대사람 - 기타,안전운전불이행,건조,맑음,교차로 - 교차로안,승용,남,55세,상해없음,보행자,남,47세,중상
2014051400100531,2014년 5월 14일 19시,수요일,경상북도 김천시 감천면,경상사고,0,0,1,0,차대차 - 측면직각충돌,안전운전불이행,건조,맑음,교차로 - 교차로안,승용,남,59세,상해없음,자전거,남,6세,경상
2014051400100532,2014년 5월 14일 19시,수요일,경상북도 경산시 옥산동,중상사고,0,1,0,0,차대차 - 기타,안전거리미확보,건조,맑음,단일로 - 기타,승용,남,55세,상해없음,승용,남,31세,중상
2014051400100533,2014년 5월 14일 19시,수요일,경상북도 구미시 형곡동,경상사고,0,0,1,0,차대차 - 기타,안전운전불이행,건조,맑음,기타 - 기타,승용,남,46세,상해없음,화물,남,46세,기타불명
2014051400100534,2014년 5월 14일 19시,수요일,경상북도 구미시 남통동,경상사고,0,0,1,0,차대차 - 기타,안전운전불이행,건조,맑음,미분류 - 미분류,승합,남,58세,상해없음,승용,남,43세,경상
2014051400100573,2014년 5월 14일 20시,수요일,경상북도 김천시 지좌동,경상사고,0,0,1,0,차대차 - 측면직각충돌,안전운전불이행,건조,맑음,교차로 - 교차로안,이륜,남,62세,경상,승용,남,52세,상해없음
2014051400100574,2014년 5월 14일 20시,수요일,경상북도 영주시 영주동,경상사고,0,0,1,0,차대차 - 측면직각충돌,교차로운행방법위반,건조,맑음,교차로 - 교차로안,승용,남,28세,경상,화물,남,55세,상해없음
2014051400100575,2014년 5월 14일 20시,수요일,경상북도 경산시 계양동,중상사고,0,1,1,0,차대차 - 기타,안전운전불이행,건조,맑음,교차로 - 교차로부근,이륜,남,19세,경상,승합,남,44세,상해없음
2014051400100576,2014년 5월 14일 20시,수요일,경상북도 경산시 진량읍,경상사고,0,0,4,0,차대차 - 기타,중앙선침범,건조,맑음,교차로 - 교차로부근,이륜,남,38세,경상,승용,남,41세,경상
2014051400100577,2014년 5월 14일 20시,수요일,경상북도 구미시 황상동,중상사고,0,1,1,0,차대차 - 기타,신호위반,건조,맑음,교차로 - 교차로안,승용,여,56세,상해없음,승용,여,56세,경상
2014051400100625,2014년 5월 14일 21시,수요일,경상북도 영천시 금호읍,사망사고,1,0,0,0,차대차 - 정면충돌,중앙선침범,건조,맑음,단일로 - 기타,승용,여,39세,사망,화물,남,51세,상해없음
2014051400100626,2014년 5월 14일 21시,수요일,경상북도 포항시 남구 대도동,중상사고,0,2,0,0,차대사람 - 기타,안전운전불이행,건조,맑음,단일로 - 기타,화물,남,64세,상해없음,보행자,남,56세,중상
2014051400100660,2014년 5월 14일 22시,수요일,경상북도 안동시 광석동,경상사고,0,0,1,0,차대사람 - 차도통행중,보행자보호의무위반,건조,맑음,교차로 - 교차로부근,승용,남,32세,상해없음,보행자,남,41세,경상
2014051400100661,2014년 5월 14일 22시,수요일,경상북도 구미시 봉곡동,경상사고,0,0,1,0,차대차 - 기타,교차로운행방법위반,건조,맑음,교차로 - 교차로안,승용,남,26세,상해없음,승용,여,30세,경상
2014051500100058,2014년 5월 15일 02시,목요일,경상북도 포항시 남구 오천읍,경상사고,0,0,3,0,차대차 - 추돌 - 주정차중,불법유턴,건조,맑음,교차로 - 교차로안,승용,남,20세,상해없음,승용,남,56세,경상
2014051500100064,2014년 5월 15일 03시,목요일,경상북도 구미시 공단동,경상사고,0,0,4,0,차대차 - 기타,직진우회전진행방해,건조,맑음,교차로 - 교차로안,승용,남,28세,경상,화물,남,50세,경상
2014051500100072,2014년 5월 15일 04시,목요일,경상북도 경산시 대동,경상사고,0,0,1,0,차대차 - 기타,안전운전불이행,건조,맑음,교차로 - 교차로안,기타불명,기타불명,기타불명,기타불명,자전거,남,19세,경상
2014051500100117,2014년 5월 15일 07시,목요일,경상북도 포항시 북구 장성동,경상사고,0,0,1,0,차대차 - 기타,안전거리미확보,건조,맑음,단일로 - 기타,승합,남,71세,상해없음,원동기,남,62세,경상
2014051500100118,2014년 5월 15일 07시,목요일,경상북도 영양군 영양읍,중상사고,0,1,4,0,차대차 - 기타,신호위반,건조,맑음,교차로 - 교차로안,화물,남,65세,상해없음,승용,남,62세,중상