사고번호,사고일시,요일,시군구,사고내용,사망자수,중상자수,경상자수,부상신고자수,사고유형,법규위반,노면상태,기상상태,도로형태,가해운전자 차종,가해운전자 성별,가해운전자 연령,가해운전자 상해정도,피해운전자 차종,피해운전자 성별,피해운전자 연령,피해운전자 상해정도
2014051500100152,2014년 5월 15일 08시,목요일,경상북도 경주시 양북면,경상사고,0,0,1,0,차대차 - 기타,안전운전불이행,건조,맑음,교차로 - 교차로부근,원동기,남,74세,경상,화물,남,45세,상해없음
2014051500100153,2014년 5월 15일 08시,목요일,경상북도 포항시 북구 대흥동,경상사고,0,0,1,0,차대차 - 기타,차로위반,건조,맑음,단일로 - 기타,원동기,남,63세,상해없음,승용,여,30세,경상
2014051500100154,2014년 5월 15일 08시,목요일,경상북도 경산시 정평동,경상사고,0,0,1,0,차대차 - 기타,안전운전불이행,건조,맑음,단일로 - 기타,승용,여,50세,상해없음,승용,여,37세,경상
2014051500100155,2014년 5월 15일 08시,목요일,경상북도 구미시 공단동,경상사고,0,0,2,0,차대차 - 기타,안전운전불이행,건조,맑음,단일로 - 기타,이륜,남,27세,경상,화물,남,63세,상해없음
2014051500100191,2014년 5월 15일 09시,목요일,경상북도 김천시 평화동,경상사고,0,0,1,0,차대차 - 측면직각충돌,안전운전불이행,건조,맑음,교차로 - 교차로부근,이륜,남,29세,상해없음,자전거,여,69세,경상
2014051500100192,2014년 5월 15일 09시,목요일,경상북도 예천군 예천읍,중상사고,0,1,0,0,차대사람 - 횡단중,보행자보호의무위반,건조,맑음,단일로 - 횡단보도상,승용,남,34세,상해없음,보행자,여,64세,중상
2014051500100226,2014년 5월 15일 10시,목요일,경상북도 영주시 평은면,사망사고,1,0,0,0,차대사람 - 횡단중,안전운전불이행,건조,맑음,단일로 - 기타,화물,여,58세,상해없음,보행자,여,75세,사망
2014051500100227,2014년 5월 15일 10시,목요일,경상북도 영주시 영주동,경상사고,0,0,3,0,차대차 - 측면직각충돌,안전운전불이행,건조,맑음,교차로 - 교차로부근,승용,남,49세,경상,승용,남,32세,경상
2014051500100228,2014년 5월 15일 10시,목요일,경상북도 경산시 하양읍,경상사고,0,0,1,0,차대사람 - 기타,보행자보호의무위반,건조,맑음,단일로 - 횡단보도상,승합,남,45세,상해없음,보행자,여,21세,경상
2014051500100229,2014년 5월 15일 10시,목요일,경상북도 포항시 남구 해도동,경상사고,0,0,1,0,차대차 - 기타,교차로운행방법위반,건조,맑음,교차로 - 교차로안,화물,남,36세,상해없음,이륜,여,54세,경상
2014051500100258,2014년 5월 15일 11시,목요일,경상북도 의성군 단북면,중상사고,0,1,0,0,차대차 - 측면직각충돌,직진우회전진행방해,건조,맑음,교차로 - 교차로안,원동기,남,78세,중상,승용,남,81세,상해없음
2014051500100289,2014년 5월 15일 12시,목요일,경상북도 포항시 북구 대흥동,경상사고,0,0,1,0,차대차 - 기타,신호위반,건조,맑음,교차로 - 교차로안,승용,남,39세,상해없음,원동기,여,52세,경상
2014051500100290,2014년 5월 15일 12시,목요일,경상북도 상주시 신봉동,경상사고,0,0,1,0,차대차 - 기타,안전운전불이행,건조,맑음,단일로 - 기타,승용,여,53세,상해없음,원동기,남,46세,경상
2014051500100291,2014년 5월 15일 12시,목요일,경상북도 영주시 영주동,중상사고,0,1,1,0,차대차 - 측면직각충돌,신호위반,건조,맑음,교차로 - 교차로안,이륜,여,67세,중상,승용,여,54세,경상
2014051500100325,2014년 5월 15일 13시,목요일,경상북도 상주시 무양동,경상사고,0,0,1,0,차대차 - 측면직각충돌,교차로운행방법위반,건조,맑음,교차로 - 교차로안,승용,남,36세,상해없음,자전거,남,14세,경상
2014051500100326,2014년 5월 15일 13시,목요일,경상북도 성주군 성주읍,경상사고,0,0,1,0,차대차 - 측면직각충돌,신호위반,건조,맑음,교차로 - 교차로안,화물,남,60세,상해없음,승용,여,52세,경상
2014051500100327,2014년 5월 15일 13시,목요일,경상북도 포항시 남구 오천읍,중상사고,0,1,0,0,차대사람 - 기타,안전운전불이행,건조,맑음,단일로 - 기타,승용,여,58세,상해없음,보행자,여,56세,중상
2014051500100350,2014년 5월 15일 14시,목요일,경상북도 포항시 북구 대흥동,경상사고,0,0,1,0,차대차 - 기타,차로위반,건조,맑음,교차로 - 교차로부근,승용,여,55세,상해없음,승용,남,51세,경상
2014051500100351,2014년 5월 15일 14시,목요일,경상북도 경산시 평산동,경상사고,0,0,2,0,차대차 - 기타,안전운전불이행,건조,맑음,단일로 - 기타,승용,여,70세,경상,승용,남,40세,경상
2014051500100352,2014년 5월 15일 14시,목요일,경상북도 성주군 대가면,경상사고,0,0,1,0,차대차 - 추돌 - 진행중,안전거리미확보,건조,맑음,교차로 - 교차로부근,화물,남,45세,상해없음,화물,남,51세,경상
2014051500100400,2014년 5월 15일 15시,목요일,경상북도 김천시 모암동,경상사고,0,0,3,0,차대차 - 측면직각충돌,안전운전불이행,건조,맑음,단일로 - 기타,승용,남,63세,상해없음,승용,남,55세,경상
2014051500100401,2014년 5월 15일 15시,목요일,경상북도 청도군 화양읍,경상사고,0,0,1,0,차대차 - 기타,안전운전불이행,건조,맑음,단일로 - 기타,원동기,여,71세,경상,승용,남,31세,상해없음
2014051500100402,2014년 5월 15일 15시,목요일,경상북도 성주군 성주읍,경상사고,0,0,2,0,차대차 - 추돌 - 주정차중,안전운전불이행,건조,맑음,기타 - 기타,승용,여,52세,상해없음,승용,남,65세,경상
2014051500100450,2014년 5월 15일 16시,목요일,경상북도 경산시 사정동,경상사고,0,0,1,0,차대사람 - 기타,안전운전불이행,건조,맑음,단일로 - 기타,승용,남,38세,상해없음,보행자,여,14세,경상
2014051500100451,2014년 5월 15일 16시,목요일,경상북도 구미시 도량동,중상사고,0,1,0,0,차대차 - 기타,안전운전불이행,건조,맑음,단일로 - 기타,승용,남,23세,상해없음,이륜,여,55세,중상
2014051500100514,2014년 5월 15일 17시,목요일,경상북도 상주시 인봉동,경상사고,0,0,1,0,차대차 - 측면직각충돌,교차로운행방법위반,건조,맑음,교차로 - 교차로안,승용,남,49세,상해없음,자전거,남,56세,경상
2014051500100515,2014년 5월 15일 17시,목요일,경상북도 의성군 의성읍,중상사고,0,1,0,0,차량단독 - 전도전복,안전운전불이행,건조,맑음,단일로 - 기타,승용,남,42세,중상,,,,
2014051500100516,2014년 5월 15일 17시,목요일,경상북도 봉화군 물야면,중상사고,0,1,0,0,차대사람 - 횡단중,안전운전불이행,건조,맑음,단일로 - 기타,화물,남,36세,상해없음,보행자,남,5세,중상
2014051500100517,2014년 5월 15일 17시,목요일,경상북도 청송군 현서면,경상사고,0,0,3,0,차대차 - 측면직각충돌,기타,건조,맑음,교차로 - 교차로안,화물,남,39세,상해없음,승용,여,47세,경상
2014051500100518,2014년 5월 15일 17시,목요일,경상북도 구미시 옥계동,중상사고,0,1,0,0,차대차 - 측면직각충돌,직진우회전진행방해,건조,맑음,교차로 - 교차로안,승용,여,35세,상해없음,자전거,여,39세,중상
2014051500100519,2014년 5월 15일 17시,목요일,경상북도 구미시 송정동,경상사고,0,0,1,0,차대사람 - 기타,안전운전불이행,건조,맑음,단일로 - 기타,이륜,남,19세,상해없음,보행자,여,56세,경상
2014051500100572,2014년 5월 15일 18시,목요일,경상북도 경주시 감포읍,경상사고,0,0,1,0,차대사람 - 기타,안전운전불이행,건조,맑음,단일로 - 기타,승용,남,24세,상해없음,보행자,여,71세,경상
2014051500100573,2014년 5월 15일 18시,목요일,경상북도 안동시 태화동,중상사고,0,3,2,0,차대차 - 기타,안전운전불이행,건조,맑음,단일로 - 기타,승용,남,56세,상해없음,승용,여,23세,중상
2014051500100574,2014년 5월 15일 18시,목요일,경상북도 경산시 하양읍,부상신고사고,0,0,0,1,차대차 - 기타,안전운전불이행,건조,맑음,단일로 - 기타,화물,남,59세,상해없음,승용,남,52세,부상신고
2014051500100575,2014년 5월 15일 18시,목요일,경상북도 포항시 남구 연일읍,중상사고,0,1,0,0,차대차 - 기타,안전운전불이행,건조,맑음,교차로 - 교차로안,승용,여,62세,상해없음,이륜,남,40세,중상
2014051500100611,2014년 5월 15일 19시,목요일,경상북도 경주시 양남면,경상사고,0,0,1,0,차대사람 - 기타,안전운전불이행,건조,맑음,단일로 - 기타,승용,남,48세,상해없음,보행자,남,83세,경상
2014051500100612,2014년 5월 15일 19시,목요일,경상북도 칠곡군 석적읍,경상사고,0,0,1,0,차대차 - 측면직각충돌,신호위반,건조,맑음,교차로 - 교차로안,승용,남,55세,상해없음,승용,남,57세,상해없음
2014051500100613,2014년 5월 15일 19시,목요일,경상북도 영덕군 강구면,중상사고,0,1,0,0,차대사람 - 기타,안전운전불이행,건조,맑음,단일로 - 기타,이륜,남,19세,상해없음,보행자,남,14세,중상
2014051500100686,2014년 5월 15일 21시,목요일,경상북도 포항시 북구 흥해읍,경상사고,0,0,2,0,차대차 - 기타,교차로운행방법위반,건조,맑음,교차로 - 교차로안,승용,남,25세,상해없음,승용,여,51세,경상
2014051500100687,2014년 5월 15일 21시,목요일,경상북도 구미시 공단동,경상사고,0,0,1,0,차대차 - 추돌 - 주정차중,안전운전불이행,건조,맑음,단일로 - 기타,승용,남,30세,상해없음,승용,여,33세,경상
2014051500100754,2014년 5월 15일 23시,목요일,경상북도 포항시 남구 오천읍,경상사고,0,0,2,0,차대차 - 기타,안전운전불이행,건조,맑음,교차로 - 교차로부근,승용,남,44세,상해없음,승용,여,34세,경상
2014051600100033,2014년 5월 16일 01시,금요일,경상북도 칠곡군 지천면,중상사고,0,1,0,0,차량단독 - 공작물충돌,안전운전불이행,건조,맑음,단일로 - 기타,승용,남,42세,중상,,,,
2014051600100034,2014년 5월 16일 01시,금요일,경상북도 구미시 오태동,경상사고,0,0,1,0,차대차 - 추돌 - 진행중,안전운전불이행,건조,맑음,교차로 - 교차로안,원동기,남,16세,경상,승용,남,54세,상해없음
2014051600100061,2014년 5월 16일 04시,금요일,경상북도 구미시 형곡동,중상사고,0,1,0,0,차대사람 - 기타,안전운전불이행,건조,맑음,단일로 - 기타,승용,남,34세,상해없음,보행자,여,36세,중상
2014051600100062,2014년 5월 16일 04시,금요일,경상북도 구미시 공단동,경상사고,0,0,1,0,차량단독 - 기타,안전운전불이행,건조,맑음,교차로 - 교차로부근,승용,남,61세,상해없음,,,,
2014051600100085,2014년 5월 16일 06시,금요일,경상북도 포항시 북구 장성동,경상사고,0,0,2,0,차대차 - 기타,교차로운행방법위반,건조,맑음,교차로 - 교차로안,승용,남,53세,상해없음,승용,여,53세,경상
2014051600100086,2014년 5월 16일 06시,금요일,경상북도 구미시 신평동,중상사고,0,1,0,0,차대사람 - 기타,안전운전불이행,건조,맑음,단일로 - 기타,승합,남,48세,상해없음,보행자,여,55세,중상
2014051600100102,2014년 5월 16일 07시,금요일,경상북도 상주시 중덕동,중상사고,0,1,0,0,차대차 - 기타,안전운전불이행,건조,맑음,단일로 - 기타,승용,여,40세,상해없음,자전거,남,72세,중상
2014051600100103,2014년 5월 16일 07시,금요일,경상북도 경산시 중방동,경상사고,0,0,1,0,차대차 - 기타,중앙선침범,건조,맑음,단일로 - 기타,승용,여,36세,상해없음,자전거,남,15세,경상
2014051600100104,2014년 5월 16일 07시,금요일,경상북도 경산시 남방동,경상사고,0,0,1,0,차대차 - 기타,안전거리미확보,건조,맑음,단일로 - 기타,승용,남,37세,상해없음,승용,남,34세,경상
2014051600100105,2014년 5월 16일 07시,금요일,경상북도 영양군 영양읍,경상사고,0,0,2,0,차대차 - 측면직각충돌,교차로운행방법위반,건조,맑음,교차로 - 교차로안,승용,여,58세,경상,승용,여,38세,경상
2014051600100136,2014년 5월 16일 08시,금요일,경상북도 문경시 흥덕동,경상사고,0,0,1,0,차대차 - 측면직각충돌,중앙선침범,건조,맑음,단일로 - 기타,원동기,남,65세,경상,승합,남,57세,상해없음
2014051600100137,2014년 5월 16일 08시,금요일,경상북도 포항시 남구 오천읍,중상사고,0,1,0,0,차대차 - 기타,안전운전불이행,건조,맑음,교차로 - 교차로부근,화물,남,41세,상해없음,이륜,남,34세,중상
2014051600100171,2014년 5월 16일 09시,금요일,경상북도 포항시 북구 죽도동,경상사고,0,0,1,0,차대차 - 기타,안전운전불이행,건조,맑음,단일로 - 기타,승용,남,64세,상해없음,자전거,남,74세,경상
2014051600100172,2014년 5월 16일 09시,금요일,경상북도 안동시 당북동,경상사고,0,0,1,0,차대차 - 기타,안전운전불이행,건조,맑음,단일로 - 기타,원동기,남,75세,경상,승용,남,48세,상해없음
2014051600100173,2014년 5월 16일 09시,금요일,경상북도 안동시 옥동,경상사고,0,0,1,0,차대차 - 기타,기타,건조,맑음,미분류 - 미분류,승용,남,48세,상해없음,승용,남,60세,경상
2014051600100174,2014년 5월 16일 09시,금요일,경상북도 김천시 응명동,경상사고,0,0,1,0,차대차 - 측면직각충돌,교차로운행방법위반,건조,맑음,교차로 - 교차로안,화물,남,55세,상해없음,화물,여,64세,경상
2014051600100175,2014년 5월 16일 09시,금요일,경상북도 영천시 창구동,중상사고,0,2,0,0,차대차 - 측면직각충돌,안전운전불이행,건조,맑음,교차로 - 교차로안,승용,여,51세,상해없음,원동기,남,71세,중상
2014051600100176,2014년 5월 16일 09시,금요일,경상북도 포항시 남구 대도동,중상사고,0,1,0,0,차대사람 - 기타,안전운전불이행,건조,맑음,교차로 - 교차로부근,화물,남,55세,상해없음,보행자,남,64세,중상
2014051600100202,2014년 5월 16일 10시,금요일,경상북도 포항시 남구 괴동동,경상사고,0,0,1,0,차대차 - 기타,안전운전불이행,건조,맑음,단일로 - 기타,건설기계,남,48세,상해없음,승용,남,32세,경상
2014051600100228,2014년 5월 16일 11시,금요일,경상북도 안동시 당북동,경상사고,0,0,3,0,차대차 - 추돌 - 진행중,안전운전불이행,건조,맑음,교차로 - 교차로안,승용,남,62세,상해없음,승용,남,58세,경상
2014051600100229,2014년 5월 16일 11시,금요일,경상북도 포항시 남구 연일읍,경상사고,0,0,1,0,차대차 - 기타,교차로운행방법위반,건조,맑음,교차로 - 교차로안,승용,여,41세,상해없음,승합,남,42세,경상
2014051600100265,2014년 5월 16일 12시,금요일,경상북도 경주시 성건동,경상사고,0,0,2,0,차대차 - 측면직각충돌,안전운전불이행,건조,맑음,단일로 - 기타,승용,여,52세,경상,승합,남,58세,경상
2014051600100266,2014년 5월 16일 12시,금요일,경상북도 포항시 남구 효자동,경상사고,0,0,1,0,차대사람 - 기타,보행자보호의무위반,건조,맑음,단일로 - 횡단보도상,승용,남,45세,상해없음,보행자,남,6세,경상
2014051600100294,2014년 5월 16일 13시,금요일,경상북도 포항시 북구 죽도동,경상사고,0,0,1,0,차대차 - 기타,교차로운행방법위반,건조,맑음,교차로 - 교차로안,승용,남,62세,상해없음,원동기,남,38세,경상
2014051600100295,2014년 5월 16일 13시,금요일,경상북도 상주시 냉림동,사망사고,1,0,0,0,차대차 - 기타,교차로운행방법위반,건조,맑음,교차로 - 교차로안,승용,여,41세,상해없음,이륜,남,81세,사망
2014051600100296,2014년 5월 16일 13시,금요일,경상북도 경산시 신천동,경상사고,0,0,1,0,차대차 - 기타,안전운전불이행,건조,맑음,단일로 - 기타,승용,여,34세,상해없음,승용,남,56세,경상
2014051600100297,2014년 5월 16일 13시,금요일,경상북도 포항시 남구 연일읍,부상신고사고,0,0,0,1,차대차 - 추돌 - 주정차중,안전운전불이행,건조,맑음,단일로 - 기타,이륜,남,58세,부상신고,화물,남,45세,상해없음
2014051600100334,2014년 5월 16일 14시,금요일,경상북도 상주시 성동동,중상사고,0,1,0,0,차대차 - 기타,안전운전불이행,건조,맑음,단일로 - 기타,승용,남,51세,상해없음,승용,여,51세,중상
2014051600100335,2014년 5월 16일 14시,금요일,경상북도 울진군 온정면,경상사고,0,0,3,0,차대차 - 측면직각충돌,중앙선침범,건조,맑음,단일로 - 기타,승용,여,58세,경상,승용,남,70세,경상
2014051600100366,2014년 5월 16일 15시,금요일,경상북도 칠곡군 지천면,중상사고,0,1,0,0,차대차 - 측면직각충돌,중앙선침범,건조,맑음,단일로 - 기타,자전거,남,22세,중상,승용,남,69세,상해없음
2014051600100367,2014년 5월 16일 15시,금요일,경상북도 청도군 화양읍,부상신고사고,0,0,0,1,차대차 - 기타,안전운전불이행,건조,맑음,단일로 - 기타,농기계,남,74세,부상신고,승합,남,40세,상해없음
2014051600100368,2014년 5월 16일 15시,금요일,경상북도 구미시 고아읍,경상사고,0,0,1,0,차량단독 - 기타,안전운전불이행,건조,맑음,단일로 - 기타,자전거,남,76세,경상,,,,
2014051600100407,2014년 5월 16일 16시,금요일,경상북도 경주시 황성동,중상사고,0,1,0,0,차대차 - 기타,안전운전불이행,건조,맑음,단일로 - 기타,승용,여,43세,중상,승용,여,52세,상해없음
2014051600100408,2014년 5월 16일 16시,금요일,경상북도 영천시 창구동,중상사고,0,1,0,0,차대차 - 기타,안전운전불이행,건조,맑음,교차로 - 교차로부근,승용,남,61세,상해없음,원동기,남,18세,중상
2014051600100409,2014년 5월 16일 16시,금요일,경상북도 경산시 용성면,중상사고,0,3,0,0,차대차 - 기타,교차로운행방법위반,건조,맑음,교차로 - 교차로안,승용,남,67세,중상,승용,남,37세,중상
2014051600100410,2014년 5월 16일 16시,금요일,경상북도 성주군 월항면,경상사고,0,0,1,0,차대차 - 측면직각충돌,안전운전불이행,건조,맑음,교차로 - 교차로안,이륜,남,52세,경상,승합,남,50세,상해없음
2014051600100411,2014년 5월 16일 16시,금요일,경상북도 구미시 원평동,부상신고사고,0,0,0,1,차대차 - 추돌 - 진행중,안전운전불이행,건조,맑음,교차로 - 교차로부근,원동기,남,53세,부상신고,화물,남,53세,기타불명
2014051600100462,2014년 5월 16일 17시,금요일,경상북도 상주시 남성동,경상사고,0,0,1,0,차대차 - 측면직각충돌,교차로운행방법위반,건조,맑음,교차로 - 교차로안,승용,남,48세,상해없음,자전거,남,13세,경상
2014051600100463,2014년 5월 16일 17시,금요일,경상북도 상주시 남성동,중상사고,0,1,0,0,차대차 - 측면직각충돌,교차로운행방법위반,건조,맑음,교차로 - 교차로안,승용,여,61세,상해없음,이륜,남,72세,중상
2014051600100517,2014년 5월 16일 18시,금요일,경상북도 포항시 북구 용흥동,경상사고,0,0,1,0,차대차 - 기타,안전운전불이행,건조,맑음,교차로 - 교차로안,승용,남,54세,상해없음,자전거,남,31세,경상
2014051600100518,2014년 5월 16일 18시,금요일,경상북도 안동시 태화동,경상사고,0,0,1,0,차량단독 - 기타,안전운전불이행,건조,맑음,단일로 - 기타,기타불명,기타불명,기타불명,기타불명,,,,
2014051600100519,2014년 5월 16일 18시,금요일,경상북도 칠곡군 약목면,경상사고,0,0,1,0,차대차 - 측면직각충돌,안전운전불이행,건조,맑음,단일로 - 기타,화물,남,43세,상해없음,원동기,남,81세,경상
2014051600100520,2014년 5월 16일 18시,금요일,경상북도 울진군 울진읍,중상사고,0,1,0,0,차대차 - 측면직각충돌,중앙선침범,건조,맑음,단일로 - 기타,건설기계,남,55세,상해없음,승용,남,41세,중상
2014051600100554,2014년 5월 16일 19시,금요일,경상북도 안동시 평화동,중상사고,0,2,0,0,차대차 - 기타,안전운전불이행,건조,맑음,단일로 - 기타,화물,남,52세,상해없음,원동기,남,16세,중상
2014051600100555,2014년 5월 16일 19시,금요일,경상북도 김천시 응명동,경상사고,0,0,3,0,차대차 - 측면직각충돌,안전운전불이행,건조,맑음,교차로 - 교차로부근,승용,남,47세,상해없음,승용,여,42세,경상
2014051600100593,2014년 5월 16일 20시,금요일,경상북도 경주시 동천동,중상사고,0,1,0,0,차대차 - 측면직각충돌,안전운전불이행,건조,맑음,단일로 - 기타,승용,여,22세,상해없음,원동기,여,18세,중상
2014051600100594,2014년 5월 16일 20시,금요일,경상북도 칠곡군 약목면,중상사고,0,1,0,0,차대차 - 기타,신호위반,건조,맑음,교차로 - 교차로안,원동기,남,21세,중상,승용,여,36세,상해없음
2014051600100595,2014년 5월 16일 20시,금요일,경상북도 영천시 문내동,중상사고,0,1,1,0,차대차 - 측면직각충돌,교차로운행방법위반,건조,맑음,교차로 - 교차로안,원동기,남,39세,중상,원동기,남,18세,경상
2014051600100635,2014년 5월 16일 21시,금요일,경상북도 구미시 사곡동,경상사고,0,0,4,0,차대차 - 기타,안전운전불이행,건조,맑음,교차로 - 교차로부근,승용,남,60세,상해없음,승용,남,46세,경상
2014051600100677,2014년 5월 16일 22시,금요일,경상북도 의성군 안계면,중상사고,0,1,3,0,차대차 - 측면직각충돌,중앙선침범,건조,맑음,단일로 - 기타,승용,남,34세,상해없음,승용,여,24세,경상
2014051600100678,2014년 5월 16일 22시,금요일,경상북도 영주시 풍기읍,경상사고,0,0,1,0,차대사람 - 기타,보행자보호의무위반,건조,맑음,교차로 - 교차로부근,승용,남,39세,상해없음,보행자,남,21세,경상
2014051600100709,2014년 5월 16일 23시,금요일,경상북도 경주시 황성동,중상사고,0,1,0,0,차대차 - 측면직각충돌,안전운전불이행,건조,맑음,단일로 - 기타,승용,남,72세,상해없음,승용,여,54세,중상
2014051600100711,2014년 5월 16일 23시,금요일,경상북도 봉화군 봉화읍,경상사고,0,0,2,0,차대차 - 측면직각충돌,직진우회전진행방해,건조,맑음,교차로 - 교차로안,승용,여,31세,상해없음,승용,남,37세,경상
2014051600100712,2014년 5월 16일 23시,금요일,경상북도 포항시 남구 연일읍,중상사고,0,1,0,0,차대차 - 기타,직진우회전진행방해,건조,맑음,교차로 - 교차로부근,승용,남,52세,상해없음,자전거,남,72세,중상
2014051700100020,2014년 5월 17일 00시,토요일,경상북도 칠곡군 가산면,경상사고,0,0,1,0,차대차 - 추돌 - 진행중,안전운전불이행,건조,맑음,단일로 - 기타,화물,남,60세,상해없음,화물,남,58세,경상
2014051700100021,2014년 5월 17일 00시,토요일,경상북도 경산시 중방동,경상사고,0,0,1,0,차대차 - 기타,안전운전불이행,건조,맑음,단일로 - 기타,승용,남,44세,상해없음,승용,남,21세,경상
2014051700100106,2014년 5월 17일 05시,토요일,경상북도 상주시 서성동,경상사고,0,0,1,0,차대차 - 측면직각충돌,교차로운행방법위반,건조,맑음,교차로 - 교차로안,승용,남,53세,상해없음,자전거,남,19세,경상
2014051700100107,2014년 5월 17일 05시,토요일,경상북도 의성군 봉양면,경상사고,0,0,1,0,차대차 - 추돌 - 주정차중,안전운전불이행,건조,맑음,교차로 - 교차로부근,승용,남,31세,상해없음,화물,남,46세,경상
2014051700100108,2014년 5월 17일 05시,토요일,경상북도 영덕군 남정면,경상사고,0,0,1,0,차량단독 - 공작물충돌,안전운전불이행,건조,맑음,단일로 - 기타,승용,여,40세,경상,,,,
2014051700100135,2014년 5월 17일 07시,토요일,경상북도 포항시 북구 흥해읍,중상사고,0,1,0,0,차량단독 - 공작물충돌,안전운전불이행,건조,맑음,단일로 - 기타,승용,남,39세,중상,,,,
2014051700100163,2014년 5월 17일 08시,토요일,경상북도 경산시 진량읍,중상사고,0,1,1,0,차대차 - 기타,안전운전불이행,건조,맑음,교차로 - 교차로부근,화물,남,58세,상해없음,승용,남,29세,중상
2014051700100164,2014년 5월 17일 08시,토요일,경상북도 구미시 진평동,경상사고,0,0,1,0,차대차 - 기타,안전운전불이행,건조,맑음,교차로 - 교차로부근,승용,남,28세,상해없음,승용,남,36세,경상
2014051700100165,2014년 5월 17일 08시,토요일,경상북도 포항시 남구 연일읍,경상사고,0,0,1,0,차대차 - 추돌 - 진행중,안전운전불이행,건조,맑음,단일로 - 기타,승용,남,26세,상해없음,승용,여,41세,경상
2014051700100188,2014년 5월 17일 09시,토요일,경상북도 경주시 건천읍,경상사고,0,0,1,0,차대차 - 기타,안전운전불이행,건조,맑음,단일로 - 기타,화물,남,53세,상해없음,화물,남,42세,경상
2014051700100189,2014년 5월 17일 09시,토요일,경상북도 영천시 금호읍,중상사고,0,2,0,0,차대차 - 기타,안전운전불이행,건조,맑음,단일로 - 기타,원동기,남,82세,중상,원동기,남,37세,중상
2014051700100209,2014년 5월 17일 10시,토요일,경상북도 예천군 예천읍,중상사고,0,1,0,0,차대사람 - 차도통행중,안전운전불이행,건조,맑음,단일로 - 기타,승용,여,43세,상해없음,보행자,여,65세,중상
2014051700100248,2014년 5월 17일 11시,토요일,경상북도 구미시 원평동,중상사고,0,1,1,0,차대차 - 기타,안전운전불이행,건조,맑음,단일로 - 기타,승용,남,54세,상해없음,이륜,남,24세,중상
2014051700100278,2014년 5월 17일 12시,토요일,경상북도 경주시 성동동,경상사고,0,0,1,0,차대차 - 기타,안전운전불이행,건조,맑음,교차로 - 교차로안,승용,여,49세,상해없음,자전거,남,14세,경상
2014051700100279,2014년 5월 17일 12시,토요일,경상북도 포항시 북구 여남동,경상사고,0,0,1,0,차대사람 - 기타,안전운전불이행,건조,맑음,단일로 - 기타,승용,남,64세,상해없음,보행자,여,3세,경상
2014051700100280,2014년 5월 17일 12시,토요일,경상북도 포항시 북구 신광면,중상사고,0,1,0,0,차대차 - 기타,안전운전불이행,건조,맑음,단일로 - 기타,승용,남,74세,상해없음,이륜,남,69세,중상
2014051700100281,2014년 5월 17일 12시,토요일,경상북도 영천시 문내동,경상사고,0,0,1,0,차대차 - 기타,안전운전불이행,건조,맑음,단일로 - 기타,승용,남,40세,상해없음,원동기,남,23세,경상
2014051700100282,2014년 5월 17일 12시,토요일,경상북도 성주군 초전면,경상사고,0,0,1,0,차대차 - 기타,중앙선침범,건조,맑음,기타 - 기타,화물,남,39세,상해없음,승용,여,36세,상해없음
2014051700100313,2014년 5월 17일 13시,토요일,경상북도 경주시 동천동,중상사고,0,1,0,0,차대차 - 기타,안전운전불이행,건조,맑음,교차로 - 교차로안,화물,남,44세,상해없음,원동기,남,84세,중상
2014051700100314,2014년 5월 17일 13시,토요일,경상북도 포항시 북구 청하면,중상사고,0,1,4,0,차대차 - 측면직각충돌,안전운전불이행,건조,맑음,단일로 - 기타,승용,남,27세,상해없음,승용,여,44세,경상
2014051700100315,2014년 5월 17일 13시,토요일,경상북도 문경시 문경읍,중상사고,0,2,1,0,차대차 - 측면직각충돌,직진우회전진행방해,건조,맑음,교차로 - 교차로안,승용,남,72세,상해없음,화물,여,54세,중상
2014051700100316,2014년 5월 17일 13시,토요일,경상북도 포항시 남구 청림동,중상사고,0,1,0,0,차량단독 - 기타,안전운전불이행,건조,맑음,단일로 - 기타,기타불명,기타불명,기타불명,기타불명,,,,
2014051700100359,2014년 5월 17일 14시,토요일,경상북도 경주시 탑동,중상사고,0,2,1,0,차대차 - 기타,안전운전불이행,건조,맑음,단일로 - 기타,화물,남,45세,상해없음,승용,여,35세,중상
2014051700100360,2014년 5월 17일 14시,토요일,경상북도 안동시 임하면,중상사고,0,1,1,0,차대차 - 정면충돌,안전운전불이행,건조,맑음,단일로 - 기타,승용,여,38세,경상,화물,남,69세,중상
2014051700100361,2014년 5월 17일 14시,토요일,경상북도 상주시 낙양동,경상사고,0,0,2,0,차대차 - 측면직각충돌,교차로운행방법위반,건조,맑음,교차로 - 교차로안,승용,여,44세,상해없음,승용,남,55세,경상
2014051700100362,2014년 5월 17일 14시,토요일,경상북도 칠곡군 왜관읍,경상사고,0,0,6,0,차대차 - 측면직각충돌,안전운전불이행,건조,맑음,단일로 - 기타,승용,여,54세,상해없음,승용,남,46세,경상
2014051700100407,2014년 5월 17일 15시,토요일,경상북도 경주시 내남면,중상사고,0,1,0,0,차대차 - 기타,안전운전불이행,건조,맑음,교차로 - 교차로안,건설기계,남,43세,상해없음,자전거,남,10세,중상
2014051700100408,2014년 5월 17일 15시,토요일,경상북도 안동시 서부동,경상사고,0,0,5,0,차대차 - 측면직각충돌,안전운전불이행,건조,맑음,교차로 - 교차로안,승용,남,31세,상해없음,승용,남,77세,경상