사고번호,사고일시,요일,시군구,사고내용,사망자수,중상자수,경상자수,부상신고자수,사고유형,법규위반,노면상태,기상상태,도로형태,가해운전자 차종,가해운전자 성별,가해운전자 연령,가해운전자 상해정도,피해운전자 차종,피해운전자 성별,피해운전자 연령,피해운전자 상해정도
2014051700100409,2014년 5월 17일 15시,토요일,경상북도 안동시 도산면,부상신고사고,0,0,0,1,차대차 - 추돌 - 진행중,안전운전불이행,건조,맑음,단일로 - 기타,이륜,남,72세,부상신고,승용,여,52세,상해없음
2014051700100444,2014년 5월 17일 16시,토요일,경상북도 안동시 평화동,경상사고,0,0,2,0,차대차 - 추돌 - 진행중,안전운전불이행,건조,맑음,기타 - 기타,이륜,남,44세,경상,승용,남,59세,경상
2014051700100445,2014년 5월 17일 16시,토요일,경상북도 의성군 안계면,중상사고,0,1,0,0,차대차 - 측면직각충돌,안전운전불이행,건조,맑음,교차로 - 교차로안,화물,남,55세,상해없음,원동기,남,66세,중상
2014051700100446,2014년 5월 17일 16시,토요일,경상북도 의성군 비안면,경상사고,0,0,1,1,차량단독 - 공작물충돌,안전운전불이행,건조,맑음,교차로 - 교차로부근,승용,여,57세,상해없음,,,,
2014051700100447,2014년 5월 17일 16시,토요일,경상북도 칠곡군 왜관읍,부상신고사고,0,0,0,1,차량단독 - 도로외이탈 - 추락,기타,건조,맑음,기타 - 기타,건설기계,남,49세,부상신고,,,,
2014051700100479,2014년 5월 17일 17시,토요일,경상북도 칠곡군 북삼읍,부상신고사고,0,0,0,1,차대차 - 기타,안전운전불이행,건조,맑음,단일로 - 기타,원동기,남,16세,부상신고,승용,남,37세,상해없음
2014051700100527,2014년 5월 17일 18시,토요일,경상북도 경주시 내남면,중상사고,0,1,0,0,차대차 - 기타,안전운전불이행,건조,맑음,교차로 - 교차로안,승용,여,43세,상해없음,승용,남,38세,중상
2014051700100528,2014년 5월 17일 18시,토요일,경상북도 안동시 용상동,중상사고,0,1,0,0,차대차 - 측면직각충돌,신호위반,건조,맑음,단일로 - 기타,승용,여,42세,상해없음,자전거,여,52세,중상
2014051700100529,2014년 5월 17일 18시,토요일,경상북도 김천시 아포읍,중상사고,0,1,0,0,차대차 - 측면직각충돌,안전운전불이행,건조,맑음,교차로 - 교차로안,승용,남,45세,상해없음,이륜,남,72세,중상
2014051700100530,2014년 5월 17일 18시,토요일,경상북도 영천시 화남면,경상사고,0,0,2,0,차대차 - 기타,안전운전불이행,건조,맑음,단일로 - 기타,화물,남,59세,상해없음,승용,여,28세,경상
2014051700100531,2014년 5월 17일 18시,토요일,경상북도 울진군 북면,경상사고,0,0,1,0,차대차 - 측면직각충돌,안전운전불이행,건조,맑음,교차로 - 교차로안,승용,여,51세,상해없음,원동기,남,51세,경상
2014051700100562,2014년 5월 17일 19시,토요일,경상북도 포항시 북구 죽도동,경상사고,0,0,1,0,차대차 - 기타,안전운전불이행,건조,맑음,교차로 - 교차로안,승용,남,55세,상해없음,자전거,남,90세 이상,경상
2014051700100563,2014년 5월 17일 19시,토요일,경상북도 칠곡군 왜관읍,중상사고,0,1,0,0,차대차 - 기타,중앙선침범,건조,맑음,단일로 - 기타,승용,남,50세,상해없음,승용,남,35세,중상
2014051700100564,2014년 5월 17일 19시,토요일,경상북도 울진군 울진읍,사망사고,1,0,0,0,차량단독 - 공작물충돌,안전운전불이행,건조,맑음,단일로 - 기타,화물,남,56세,사망,,,,
2014051700100626,2014년 5월 17일 21시,토요일,경상북도 칠곡군 왜관읍,중상사고,0,1,0,0,차대사람 - 기타,보행자보호의무위반,건조,맑음,교차로 - 교차로부근,승용,남,76세,상해없음,보행자,여,67세,중상
2014051700100627,2014년 5월 17일 21시,토요일,경상북도 경산시 진량읍,경상사고,0,0,1,0,차대차 - 기타,안전거리미확보,건조,맑음,교차로 - 교차로부근,승용,남,52세,상해없음,원동기,남,37세,경상
2014051700100628,2014년 5월 17일 21시,토요일,경상북도 포항시 남구 효자동,경상사고,0,0,4,0,차대차 - 기타,안전운전불이행,건조,맑음,단일로 - 기타,승용,여,55세,상해없음,승용,여,26세,경상
2014051700100705,2014년 5월 17일 23시,토요일,경상북도 경주시 강동면,경상사고,0,0,4,0,차대차 - 기타,안전운전불이행,건조,맑음,교차로 - 교차로안,승용,남,61세,상해없음,승용,남,38세,경상
2014051700100706,2014년 5월 17일 23시,토요일,경상북도 경주시 건천읍,중상사고,0,1,2,0,차대차 - 추돌 - 진행중,안전운전불이행,건조,맑음,단일로 - 기타,승용,남,57세,상해없음,승용,남,41세,경상
2014051700100707,2014년 5월 17일 23시,토요일,경상북도 구미시 도량동,경상사고,0,0,1,0,차대차 - 기타,안전운전불이행,건조,맑음,기타 - 기타,기타불명,기타불명,기타불명,기타불명,화물,남,48세,경상
2014051800100015,2014년 5월 18일 00시,일요일,경상북도 포항시 북구 죽도동,중상사고,0,2,2,0,차대차 - 기타,신호위반,건조,맑음,교차로 - 교차로안,승용,남,58세,상해없음,승용,남,32세,중상
2014051800100047,2014년 5월 18일 01시,일요일,경상북도 안동시 옥동,경상사고,0,0,2,0,차대차 - 정면충돌,안전운전불이행,건조,맑음,단일로 - 기타,승용,남,35세,상해없음,승용,남,55세,경상
2014051800100048,2014년 5월 18일 01시,일요일,경상북도 경산시 대동,경상사고,0,0,3,0,차대차 - 기타,안전운전불이행,건조,맑음,교차로 - 교차로부근,승용,남,32세,경상,승용,남,36세,경상
2014051800100080,2014년 5월 18일 03시,일요일,경상북도 포항시 북구 상원동,중상사고,0,1,0,0,차대사람 - 기타,안전운전불이행,건조,맑음,단일로 - 횡단보도부근,승용,남,47세,상해없음,보행자,여,19세,중상
2014051800100081,2014년 5월 18일 03시,일요일,경상북도 안동시 옥동,중상사고,0,1,0,0,차대사람 - 횡단중,안전운전불이행,건조,맑음,교차로 - 교차로안,승용,남,56세,상해없음,보행자,여,51세,중상
2014051800100150,2014년 5월 18일 08시,일요일,경상북도 칠곡군 왜관읍,경상사고,0,0,1,1,차대차 - 기타,안전운전불이행,건조,맑음,단일로 - 기타,승용,남,38세,부상신고,승합,여,54세,경상
2014051800100171,2014년 5월 18일 09시,일요일,경상북도 경주시 성동동,중상사고,0,1,0,0,차대차 - 기타,안전운전불이행,건조,맑음,기타 - 기타,자전거,여,57세,중상,승용,남,32세,상해없음
2014051800100172,2014년 5월 18일 09시,일요일,경상북도 영주시 휴천동,경상사고,0,0,1,0,차대차 - 추돌 - 진행중,안전운전불이행,건조,맑음,단일로 - 기타,승용,여,43세,상해없음,자전거,남,45세,경상
2014051800100173,2014년 5월 18일 09시,일요일,경상북도 포항시 남구 해도동,부상신고사고,0,0,0,1,차대사람 - 기타,안전운전불이행,건조,맑음,단일로 - 기타,승용,남,29세,상해없음,보행자,남,52세,부상신고
2014051800100193,2014년 5월 18일 10시,일요일,경상북도 상주시 화서면,경상사고,0,0,1,0,차대차 - 기타,교차로운행방법위반,건조,맑음,교차로 - 교차로안,승용,여,51세,상해없음,승용,남,29세,경상
2014051800100194,2014년 5월 18일 10시,일요일,경상북도 문경시 흥덕동,경상사고,0,0,1,0,차대차 - 측면직각충돌,안전운전불이행,건조,맑음,단일로 - 기타,원동기,남,53세,경상,원동기,남,66세,상해없음
2014051800100221,2014년 5월 18일 11시,일요일,경상북도 김천시 부곡동,경상사고,0,0,1,0,차대차 - 측면직각충돌,안전운전불이행,건조,맑음,단일로 - 기타,승용,남,21세,상해없음,화물,남,62세,상해없음
2014051800100222,2014년 5월 18일 11시,일요일,경상북도 칠곡군 가산면,사망사고,1,0,0,0,차량단독 - 전도전복,기타,건조,맑음,단일로 - 기타,화물,남,37세,사망,,,,
2014051800100249,2014년 5월 18일 12시,일요일,경상북도 영덕군 남정면,경상사고,0,0,2,0,차대차 - 추돌 - 주정차중,안전거리미확보,건조,맑음,단일로 - 기타,승합,남,53세,상해없음,승용,남,59세,경상
2014051800100250,2014년 5월 18일 12시,일요일,경상북도 포항시 남구 상도동,중상사고,0,1,0,0,차대차 - 기타,안전운전불이행,건조,맑음,교차로 - 교차로안,승용,여,41세,상해없음,이륜,남,23세,중상
2014051800100284,2014년 5월 18일 13시,일요일,경상북도 경주시 천군동,중상사고,0,1,1,0,차대사람 - 기타,안전운전불이행,건조,맑음,단일로 - 기타,승용,남,40세,상해없음,보행자,여,43세,중상
2014051800100285,2014년 5월 18일 13시,일요일,경상북도 김천시 부곡동,중상사고,0,1,0,0,차대사람 - 기타,보행자보호의무위반,건조,맑음,단일로 - 기타,승용,남,66세,상해없음,보행자,남,78세,중상
2014051800100286,2014년 5월 18일 13시,일요일,경상북도 경산시 중방동,경상사고,0,0,2,0,차대차 - 기타,교차로운행방법위반,건조,맑음,교차로 - 교차로안,화물,남,62세,경상,승용,여,44세,경상
2014051800100310,2014년 5월 18일 14시,일요일,경상북도 포항시 북구 장성동,경상사고,0,0,1,0,차대차 - 기타,안전운전불이행,건조,맑음,단일로 - 기타,승용,여,32세,상해없음,승용,남,55세,경상
2014051800100347,2014년 5월 18일 15시,일요일,경상북도 경주시 외동읍,경상사고,0,0,3,0,차대차 - 기타,안전운전불이행,건조,맑음,단일로 - 기타,승용,남,26세,상해없음,승용,남,37세,경상
2014051800100348,2014년 5월 18일 15시,일요일,경상북도 경산시 하양읍,중상사고,0,1,0,0,차대차 - 기타,차로위반,건조,맑음,단일로 - 기타,승용,여,23세,상해없음,이륜,남,40세,중상
2014051800100349,2014년 5월 18일 15시,일요일,경상북도 영덕군 영해면,경상사고,0,0,1,0,차대차 - 측면직각충돌,직진우회전진행방해,건조,맑음,교차로 - 교차로안,승용,여,37세,상해없음,승합,남,57세,상해없음
2014051800100350,2014년 5월 18일 15시,일요일,경상북도 영양군 수비면,사망사고,1,0,0,0,차량단독 - 공작물충돌,안전운전불이행,건조,맑음,단일로 - 기타,이륜,남,63세,사망,,,,
2014051800100386,2014년 5월 18일 16시,일요일,경상북도 구미시 봉곡동,중상사고,0,1,0,0,차대차 - 기타,교차로운행방법위반,건조,맑음,교차로 - 교차로안,승용,남,59세,상해없음,이륜,남,53세,중상
2014051800100408,2014년 5월 18일 17시,일요일,경상북도 경주시 감포읍,중상사고,0,1,0,0,차대차 - 기타,안전운전불이행,건조,맑음,교차로 - 교차로안,승합,남,34세,상해없음,승용,남,34세,중상
2014051800100409,2014년 5월 18일 17시,일요일,경상북도 안동시 옥동,경상사고,0,0,3,0,차대차 - 추돌 - 진행중,안전운전불이행,건조,맑음,교차로 - 교차로부근,승용,남,34세,상해없음,승용,여,44세,경상
2014051800100410,2014년 5월 18일 17시,일요일,경상북도 김천시 감천면,경상사고,0,0,1,0,차대차 - 측면직각충돌,중앙선침범,건조,맑음,단일로 - 기타,승용,남,74세,상해없음,화물,남,41세,경상
2014051800100411,2014년 5월 18일 17시,일요일,경상북도 김천시 덕곡동,경상사고,0,0,1,0,차대차 - 측면직각충돌,안전운전불이행,건조,맑음,단일로 - 기타,승용,남,50세,상해없음,승용,남,41세,경상
2014051800100412,2014년 5월 18일 17시,일요일,경상북도 문경시 모전동,경상사고,0,0,4,0,차대차 - 기타,기타,건조,맑음,교차로 - 교차로안,화물,남,61세,상해없음,승용,남,44세,경상
2014051800100413,2014년 5월 18일 17시,일요일,경상북도 구미시 사곡동,중상사고,0,1,0,0,차대차 - 기타,안전거리미확보,건조,맑음,교차로 - 교차로부근,화물,남,52세,상해없음,승용,여,45세,상해없음
2014051800100414,2014년 5월 18일 17시,일요일,경상북도 포항시 남구 구룡포읍,경상사고,0,0,3,0,차대차 - 기타,직진우회전진행방해,건조,맑음,교차로 - 교차로안,승용,남,33세,상해없음,이륜,남,72세,경상
2014051800100447,2014년 5월 18일 18시,일요일,경상북도 포항시 북구 창포동,중상사고,0,1,0,0,차대차 - 기타,안전운전불이행,건조,맑음,단일로 - 기타,자전거,남,15세,중상,승용,남,27세,상해없음
2014051800100480,2014년 5월 18일 19시,일요일,경상북도 경산시 진량읍,경상사고,0,0,1,0,차대차 - 기타,안전운전불이행,건조,맑음,교차로 - 교차로부근,승용,남,28세,상해없음,자전거,남,5세,경상
2014051800100481,2014년 5월 18일 19시,일요일,경상북도 영덕군 강구면,중상사고,0,2,0,0,차대차 - 측면직각충돌,안전운전불이행,건조,맑음,단일로 - 기타,승용,여,41세,중상,승용,남,51세,중상
2014051800100482,2014년 5월 18일 19시,일요일,경상북도 봉화군 봉화읍,부상신고사고,0,0,0,1,차량단독 - 전도전복,안전운전불이행,건조,맑음,단일로 - 기타,원동기,남,69세,부상신고,,,,
2014051800100553,2014년 5월 18일 21시,일요일,경상북도 포항시 남구 오천읍,중상사고,0,1,0,0,차대사람 - 기타,안전운전불이행,건조,맑음,단일로 - 기타,승용,남,31세,상해없음,보행자,남,41세,중상
2014051800100579,2014년 5월 18일 22시,일요일,경상북도 경주시 성동동,경상사고,0,0,2,0,차대차 - 기타,안전운전불이행,건조,맑음,단일로 - 기타,승용,남,61세,상해없음,승용,여,24세,경상
2014051800100580,2014년 5월 18일 22시,일요일,경상북도 포항시 북구 용흥동,중상사고,0,1,0,0,차대차 - 기타,안전운전불이행,건조,맑음,단일로 - 기타,승용,남,61세,중상,건설기계,남,36세,상해없음
2014051800100581,2014년 5월 18일 22시,일요일,경상북도 포항시 북구 두호동,중상사고,0,1,0,0,차대사람 - 기타,안전운전불이행,건조,맑음,단일로 - 기타,화물,남,28세,상해없음,보행자,남,25세,중상
2014051800100583,2014년 5월 18일 22시,일요일,경상북도 포항시 남구 효자동,경상사고,0,0,2,1,차대차 - 추돌 - 진행중,안전운전불이행,건조,맑음,교차로 - 교차로부근,화물,남,61세,상해없음,승용,여,22세,경상
2014051800100604,2014년 5월 18일 23시,일요일,경상북도 칠곡군 석적읍,경상사고,0,0,2,0,차대차 - 기타,안전운전불이행,건조,맑음,교차로 - 교차로안,승합,남,50세,상해없음,승용,남,27세,경상
2014051800100605,2014년 5월 18일 23시,일요일,경상북도 경산시 진량읍,경상사고,0,0,1,0,차대차 - 기타,안전운전불이행,건조,맑음,단일로 - 기타,승용,여,26세,기타불명,이륜,남,38세,경상
2014051800100606,2014년 5월 18일 23시,일요일,경상북도 경산시 계양동,중상사고,0,1,1,0,차대차 - 기타,안전운전불이행,건조,맑음,단일로 - 기타,자전거,남,22세,경상,자전거,남,57세,중상
2014051900100038,2014년 5월 19일 05시,월요일,경상북도 경산시 사정동,경상사고,0,0,1,0,차대차 - 기타,안전운전불이행,건조,맑음,단일로 - 기타,승용,여,35세,상해없음,화물,남,41세,경상
2014051900100045,2014년 5월 19일 06시,월요일,경상북도 영천시 야사동,경상사고,0,0,1,0,차대사람 - 기타,안전운전불이행,건조,맑음,단일로 - 기타,승합,남,36세,상해없음,보행자,남,19세,경상
2014051900100062,2014년 5월 19일 07시,월요일,경상북도 안동시 법상동,경상사고,0,0,1,0,차대사람 - 길가장자리구역통행중,안전운전불이행,건조,맑음,단일로 - 기타,승용,여,37세,상해없음,보행자,여,14세,경상
2014051900100063,2014년 5월 19일 07시,월요일,경상북도 영천시 금호읍,경상사고,0,0,2,0,차대차 - 측면직각충돌,안전운전불이행,건조,맑음,교차로 - 교차로안,승용,여,47세,상해없음,원동기,남,70세,경상
2014051900100064,2014년 5월 19일 07시,월요일,경상북도 구미시 거의동,중상사고,0,1,1,0,차대차 - 기타,안전운전불이행,건조,맑음,교차로 - 교차로안,화물,남,43세,상해없음,승용,남,45세,경상
2014051900100100,2014년 5월 19일 08시,월요일,경상북도 경주시 내남면,중상사고,0,1,1,0,차대차 - 기타,신호위반,건조,맑음,교차로 - 교차로안,승용,남,38세,상해없음,화물,남,69세,경상
2014051900100101,2014년 5월 19일 08시,월요일,경상북도 예천군 호명면,경상사고,0,0,1,0,차대차 - 측면직각충돌,안전운전불이행,건조,맑음,교차로 - 교차로안,이륜,여,50세,경상,승합,남,68세,상해없음
2014051900100102,2014년 5월 19일 08시,월요일,경상북도 구미시 형곡동,경상사고,0,0,1,0,차대사람 - 기타,안전운전불이행,건조,맑음,단일로 - 기타,승용,여,29세,상해없음,보행자,남,74세,경상
2014051900100103,2014년 5월 19일 08시,월요일,경상북도 구미시 인의동,경상사고,0,0,3,0,차대차 - 기타,안전운전불이행,건조,맑음,미분류 - 미분류,승용,남,42세,상해없음,승용,여,50세,상해없음
2014051900100138,2014년 5월 19일 09시,월요일,경상북도 김천시 모암동,중상사고,0,1,0,0,차대사람 - 기타,보행자보호의무위반,건조,맑음,교차로 - 교차로부근,승용,여,32세,상해없음,보행자,남,68세,중상
2014051900100139,2014년 5월 19일 09시,월요일,경상북도 경산시 중방동,경상사고,0,0,1,0,차대차 - 기타,교차로운행방법위반,건조,맑음,교차로 - 교차로안,승용,남,66세,상해없음,자전거,여,38세,경상
2014051900100173,2014년 5월 19일 10시,월요일,경상북도 포항시 북구 흥해읍,경상사고,0,0,1,0,차대사람 - 횡단중,안전운전불이행,건조,맑음,단일로 - 기타,승용,여,46세,상해없음,보행자,여,61세,경상
2014051900100174,2014년 5월 19일 10시,월요일,경상북도 김천시 양천동,사망사고,1,0,0,0,차량단독 - 공작물충돌,안전운전불이행,건조,맑음,단일로 - 기타,화물,남,61세,사망,,,,
2014051900100175,2014년 5월 19일 10시,월요일,경상북도 구미시 신평동,경상사고,0,0,1,0,차대사람 - 기타,안전운전불이행,건조,맑음,단일로 - 기타,승합,남,42세,상해없음,보행자,남,20세,경상
2014051900100176,2014년 5월 19일 10시,월요일,경상북도 구미시 옥계동,중상사고,0,1,0,0,차대사람 - 기타,안전운전불이행,건조,맑음,교차로 - 교차로안,승용,여,34세,상해없음,보행자,여,44세,중상
2014051900100211,2014년 5월 19일 11시,월요일,경상북도 포항시 북구 우현동,중상사고,0,1,0,0,차량단독 - 기타,안전운전불이행,건조,맑음,교차로 - 교차로부근,승합,남,58세,기타불명,,,,
2014051900100212,2014년 5월 19일 11시,월요일,경상북도 성주군 성주읍,경상사고,0,0,1,0,차대차 - 기타,안전운전불이행,건조,맑음,교차로 - 교차로부근,원동기,남,73세,경상,화물,남,50세,상해없음
2014051900100213,2014년 5월 19일 11시,월요일,경상북도 고령군 운수면,경상사고,0,0,1,0,차대차 - 측면직각충돌,교차로운행방법위반,건조,맑음,교차로 - 교차로부근,승용,남,74세,상해없음,이륜,남,78세,경상
2014051900100214,2014년 5월 19일 11시,월요일,경상북도 구미시 신평동,경상사고,0,0,1,0,차대차 - 기타,신호위반,건조,맑음,단일로 - 기타,승용,여,38세,상해없음,승용,남,49세,경상
2014051900100239,2014년 5월 19일 12시,월요일,경상북도 청도군 화양읍,경상사고,0,0,1,0,차대차 - 기타,직진우회전진행방해,건조,맑음,교차로 - 교차로안,승용,남,63세,경상,승합,남,63세,상해없음
2014051900100240,2014년 5월 19일 12시,월요일,경상북도 성주군 용암면,중상사고,0,1,1,0,차대차 - 기타,직진우회전진행방해,건조,맑음,교차로 - 교차로안,화물,남,54세,중상,승용,남,42세,경상
2014051900100270,2014년 5월 19일 13시,월요일,경상북도 경주시 황성동,경상사고,0,0,1,0,차대차 - 기타,안전운전불이행,건조,맑음,단일로 - 기타,농기계,여,56세,경상,승용,여,61세,상해없음
2014051900100295,2014년 5월 19일 14시,월요일,경상북도 영천시 본촌동,중상사고,0,1,0,0,차대차 - 측면직각충돌,안전운전불이행,건조,맑음,단일로 - 기타,건설기계,기타불명,기타불명,기타불명,화물,남,55세,상해없음
2014051900100296,2014년 5월 19일 14시,월요일,경상북도 성주군 선남면,경상사고,0,0,3,0,차대차 - 정면충돌,중앙선침범,건조,맑음,단일로 - 기타,승용,남,43세,경상,화물,남,46세,경상
2014051900100330,2014년 5월 19일 15시,월요일,경상북도 경주시 탑동,경상사고,0,0,1,0,차대차 - 기타,기타,건조,맑음,교차로 - 교차로안,화물,남,56세,상해없음,이륜,남,23세,경상
2014051900100331,2014년 5월 19일 15시,월요일,경상북도 성주군 가천면,중상사고,0,1,0,0,차대차 - 기타,안전운전불이행,건조,맑음,단일로 - 기타,승용,기타불명,기타불명,기타불명,자전거,여,71세,중상
2014051900100368,2014년 5월 19일 16시,월요일,경상북도 김천시 황금동,부상신고사고,0,0,0,1,차대차 - 측면직각충돌,안전운전불이행,건조,맑음,단일로 - 기타,승용,남,71세,상해없음,자전거,남,65세,부상신고
2014051900100405,2014년 5월 19일 17시,월요일,경상북도 고령군 고령읍,중상사고,0,1,0,0,차대사람 - 횡단중,안전운전불이행,건조,맑음,단일로 - 기타,화물,남,73세,상해없음,보행자,여,13세,중상
2014051900100406,2014년 5월 19일 17시,월요일,경상북도 구미시 송정동,경상사고,0,0,1,0,차대사람 - 기타,안전운전불이행,건조,맑음,단일로 - 기타,승용,여,38세,상해없음,보행자,여,46세,경상
2014051900100407,2014년 5월 19일 17시,월요일,경상북도 포항시 남구 대도동,경상사고,0,0,1,0,차대차 - 기타,안전운전불이행,건조,맑음,단일로 - 기타,화물,남,52세,상해없음,승용,남,38세,경상
2014051900100450,2014년 5월 19일 18시,월요일,경상북도 경산시 사동,중상사고,0,1,0,0,차대사람 - 기타,안전운전불이행,건조,맑음,단일로 - 기타,승용,여,37세,상해없음,보행자,남,8세,중상
2014051900100451,2014년 5월 19일 18시,월요일,경상북도 구미시 고아읍,중상사고,0,1,0,0,차대차 - 기타,교차로운행방법위반,건조,맑음,교차로 - 교차로안,건설기계,남,57세,상해없음,화물,남,54세,중상
2014051900100487,2014년 5월 19일 19시,월요일,경상북도 포항시 북구 두호동,중상사고,0,1,0,0,차대차 - 기타,안전운전불이행,건조,맑음,단일로 - 기타,원동기,남,44세,중상,승용,남,53세,상해없음
2014051900100488,2014년 5월 19일 19시,월요일,경상북도 구미시 진평동,경상사고,0,0,1,0,차대차 - 기타,교차로운행방법위반,건조,맑음,교차로 - 교차로안,승용,남,30세,상해없음,이륜,남,46세,경상
2014051900100615,2014년 5월 19일 23시,월요일,경상북도 영천시 청통면,경상사고,0,0,2,0,차대차 - 기타,중앙선침범,건조,맑음,단일로 - 기타,승용,남,31세,상해없음,승용,남,37세,경상
2014052000100016,2014년 5월 20일 00시,화요일,경상북도 포항시 북구 흥해읍,중상사고,0,1,0,0,차량단독 - 전도전복,안전운전불이행,건조,맑음,교차로 - 교차로부근,승용,남,70세,상해없음,,,,
2014052000100053,2014년 5월 20일 04시,화요일,경상북도 경산시 사동,경상사고,0,0,3,0,차대차 - 기타,안전거리미확보,건조,맑음,단일로 - 기타,화물,남,45세,상해없음,화물,남,49세,경상
2014052000100090,2014년 5월 20일 07시,화요일,경상북도 울릉군 북면,사망사고,1,0,0,0,차량단독 - 기타,안전운전불이행,건조,맑음,단일로 - 기타,이륜,여,74세,사망,,,,
2014052000100125,2014년 5월 20일 08시,화요일,경상북도 경주시 외동읍,중상사고,0,2,0,0,차대차 - 기타,안전운전불이행,건조,맑음,단일로 - 기타,승용,남,63세,중상,승용,남,33세,상해없음
2014052000100126,2014년 5월 20일 08시,화요일,경상북도 김천시 아포읍,중상사고,0,1,0,0,차대차 - 측면직각충돌,안전운전불이행,건조,맑음,교차로 - 교차로안,화물,남,42세,상해없음,이륜,남,77세,중상
2014052000100127,2014년 5월 20일 08시,화요일,경상북도 의성군 다인면,중상사고,0,1,0,0,차대사람 - 차도통행중,안전운전불이행,건조,맑음,단일로 - 기타,원동기,남,80세,상해없음,보행자,여,38세,중상
2014052000100128,2014년 5월 20일 08시,화요일,경상북도 칠곡군 왜관읍,경상사고,0,0,1,0,차대차 - 측면직각충돌,교차로운행방법위반,건조,맑음,교차로 - 교차로안,승합,남,64세,상해없음,승용,여,26세,경상
2014052000100129,2014년 5월 20일 08시,화요일,경상북도 구미시 원평동,부상신고사고,0,0,0,1,차대차 - 기타,안전운전불이행,기타,기타,기타 - 기타,기타불명,기타불명,기타불명,기타불명,자전거,남,79세,부상신고
2014052000100130,2014년 5월 20일 08시,화요일,경상북도 포항시 남구 송도동,중상사고,0,1,1,0,차대차 - 기타,안전운전불이행,건조,맑음,교차로 - 교차로안,승용,여,25세,경상,승용,남,53세,중상
2014052000100131,2014년 5월 20일 08시,화요일,경상북도 포항시 남구 지곡동,경상사고,0,0,1,0,차대차 - 기타,직진우회전진행방해,건조,맑음,교차로 - 교차로안,승용,여,32세,상해없음,승용,여,49세,경상
2014052000100184,2014년 5월 20일 10시,화요일,경상북도 의성군 안사면,중상사고,0,1,0,0,차량단독 - 전도전복,안전운전불이행,건조,맑음,단일로 - 기타,건설기계,남,59세,중상,,,,
2014052000100185,2014년 5월 20일 10시,화요일,경상북도 구미시 사곡동,경상사고,0,0,2,0,차대차 - 기타,직진우회전진행방해,건조,맑음,교차로 - 교차로안,승용,여,33세,상해없음,승용,여,20세,경상
2014052000100206,2014년 5월 20일 11시,화요일,경상북도 포항시 남구 해도동,중상사고,0,1,0,0,차대차 - 측면직각충돌,교차로운행방법위반,건조,맑음,교차로 - 교차로안,이륜,여,49세,중상,승용,남,63세,상해없음
2014052000100242,2014년 5월 20일 12시,화요일,경상북도 영천시 대창면,중상사고,0,2,0,0,차대차 - 정면충돌,중앙선침범,건조,맑음,단일로 - 기타,화물,남,28세,중상,화물,남,61세,중상
2014052000100243,2014년 5월 20일 12시,화요일,경상북도 영천시 봉동,중상사고,0,1,0,0,차대차 - 기타,신호위반,건조,맑음,교차로 - 교차로부근,승용,남,45세,상해없음,자전거,여,66세,중상
2014052000100244,2014년 5월 20일 12시,화요일,경상북도 예천군 예천읍,중상사고,0,5,0,0,차대차 - 정면충돌,안전운전불이행,건조,맑음,단일로 - 기타,승합,남,40세,중상,승용,남,21세,중상
2014052000100245,2014년 5월 20일 12시,화요일,경상북도 청도군 청도읍,경상사고,0,0,1,0,차대사람 - 보도통행중,안전운전불이행,건조,흐림,기타 - 기타,승용,여,52세,상해없음,보행자,남,36세,경상
2014052000100246,2014년 5월 20일 12시,화요일,경상북도 포항시 남구 오천읍,경상사고,0,0,1,0,차대사람 - 기타,안전운전불이행,건조,맑음,단일로 - 기타,승용,여,37세,상해없음,보행자,여,34세,경상
2014052000100273,2014년 5월 20일 13시,화요일,경상북도 포항시 북구 청하면,경상사고,0,0,3,0,차대차 - 기타,안전거리미확보,건조,맑음,교차로 - 교차로부근,승용,남,15세,경상,승용,남,56세,상해없음
2014052000100274,2014년 5월 20일 13시,화요일,경상북도 포항시 북구 두호동,중상사고,0,1,0,0,차대사람 - 기타,중앙선침범,건조,맑음,교차로 - 교차로부근,승용,여,49세,상해없음,보행자,여,73세,중상
2014052000100307,2014년 5월 20일 14시,화요일,경상북도 경주시 천북면,중상사고,0,2,0,0,차대차 - 기타,안전운전불이행,건조,맑음,단일로 - 기타,특수,남,60세,상해없음,승합,남,30세,중상
2014052000100308,2014년 5월 20일 14시,화요일,경상북도 안동시 옥동,중상사고,0,1,0,0,차대차 - 기타,차로위반,건조,맑음,단일로 - 기타,건설기계,남,43세,상해없음,승용,여,34세,중상
2014052000100309,2014년 5월 20일 14시,화요일,경상북도 영주시 문정동,중상사고,0,2,1,0,차량단독 - 전도전복,안전운전불이행,건조,맑음,단일로 - 기타,승용,여,45세,중상,,,,
2014052000100310,2014년 5월 20일 14시,화요일,경상북도 포항시 남구 구룡포읍,중상사고,0,7,10,1,차대차 - 기타,교차로운행방법위반,습기,비,교차로 - 교차로안,건설기계,남,54세,상해없음,승합,남,45세,경상
2014052000100348,2014년 5월 20일 15시,화요일,경상북도 김천시 부곡동,중상사고,0,2,0,0,차대차 - 측면직각충돌,안전운전불이행,건조,맑음,단일로 - 기타,승용,남,79세,상해없음,이륜,남,80세,중상
2014052000100349,2014년 5월 20일 15시,화요일,경상북도 의성군 봉양면,중상사고,0,1,0,0,차대사람 - 길가장자리구역통행중,기타,건조,맑음,단일로 - 기타,승용,여,62세,상해없음,보행자,여,87세,중상