사고번호,사고일시,요일,시군구,사고내용,사망자수,중상자수,경상자수,부상신고자수,사고유형,법규위반,노면상태,기상상태,도로형태,가해운전자 차종,가해운전자 성별,가해운전자 연령,가해운전자 상해정도,피해운전자 차종,피해운전자 성별,피해운전자 연령,피해운전자 상해정도
2014052000100350,2014년 5월 20일 15시,화요일,경상북도 영천시 야사동,경상사고,0,0,1,0,차대사람 - 길가장자리구역통행중,안전운전불이행,건조,맑음,단일로 - 기타,화물,남,64세,상해없음,보행자,남,13세,경상
2014052000100351,2014년 5월 20일 15시,화요일,경상북도 영천시 문외동,경상사고,0,0,1,0,차대차 - 측면직각충돌,직진우회전진행방해,건조,맑음,교차로 - 교차로안,화물,남,40세,상해없음,승용,남,54세,경상
2014052000100352,2014년 5월 20일 15시,화요일,경상북도 경산시 조영동,경상사고,0,0,1,0,차대차 - 기타,안전운전불이행,건조,맑음,단일로 - 기타,원동기,남,86세,경상,승용,남,21세,상해없음
2014052000100391,2014년 5월 20일 16시,화요일,경상북도 포항시 북구 죽도동,경상사고,0,0,1,0,차대사람 - 기타,안전운전불이행,건조,맑음,단일로 - 기타,승용,여,48세,상해없음,보행자,여,1세,경상
2014052000100392,2014년 5월 20일 16시,화요일,경상북도 포항시 북구 죽도동,부상신고사고,0,0,0,1,차대차 - 기타,기타,건조,흐림,교차로 - 교차로안,원동기,남,18세,부상신고,화물,남,32세,상해없음
2014052000100393,2014년 5월 20일 16시,화요일,경상북도 영천시 금호읍,중상사고,0,1,4,0,차대차 - 추돌 - 진행중,안전운전불이행,건조,맑음,단일로 - 기타,화물,남,53세,경상,화물,남,38세,경상
2014052000100428,2014년 5월 20일 17시,화요일,경상북도 포항시 북구 대흥동,중상사고,0,1,0,0,차대차 - 기타,안전운전불이행,건조,맑음,교차로 - 교차로안,승용,남,61세,상해없음,자전거,남,72세,중상
2014052000100429,2014년 5월 20일 17시,화요일,경상북도 칠곡군 동명면,경상사고,0,0,1,0,차대차 - 기타,차로위반,건조,맑음,단일로 - 기타,승용,여,46세,상해없음,승용,남,53세,경상
2014052000100430,2014년 5월 20일 17시,화요일,경상북도 포항시 남구 대도동,중상사고,0,1,0,0,차대차 - 기타,안전운전불이행,건조,맑음,교차로 - 교차로안,승용,기타불명,기타불명,기타불명,이륜,남,24세,중상
2014052000100461,2014년 5월 20일 18시,화요일,경상북도 구미시 형곡동,경상사고,0,0,1,0,차대사람 - 횡단중,안전운전불이행,건조,맑음,단일로 - 기타,승용,남,35세,상해없음,보행자,남,1세,경상
2014052000100490,2014년 5월 20일 19시,화요일,경상북도 포항시 남구 오천읍,경상사고,0,0,1,0,차대차 - 기타,직진우회전진행방해,건조,맑음,교차로 - 교차로안,승용,남,23세,상해없음,이륜,남,33세,경상
2014052000100521,2014년 5월 20일 20시,화요일,경상북도 칠곡군 북삼읍,경상사고,0,0,1,0,차대차 - 측면직각충돌,교차로운행방법위반,건조,맑음,교차로 - 교차로안,승용,여,50세,상해없음,이륜,남,51세,경상
2014052000100522,2014년 5월 20일 20시,화요일,경상북도 포항시 남구 오천읍,경상사고,0,0,1,0,차대차 - 추돌 - 진행중,안전운전불이행,건조,맑음,단일로 - 기타,승용,여,21세,상해없음,이륜,남,68세,경상
2014052000100547,2014년 5월 20일 21시,화요일,경상북도 김천시 용두동,중상사고,0,1,0,0,차대차 - 측면직각충돌,안전운전불이행,건조,맑음,단일로 - 기타,화물,남,36세,상해없음,자전거,남,48세,중상
2014052000100548,2014년 5월 20일 21시,화요일,경상북도 포항시 남구 해도동,경상사고,0,0,1,0,차대차 - 기타,안전운전불이행,건조,맑음,교차로 - 교차로부근,승용,남,61세,상해없음,승용,남,29세,경상
2014052000100579,2014년 5월 20일 22시,화요일,경상북도 김천시 농소면,중상사고,0,1,0,0,차량단독 - 공작물충돌,안전운전불이행,건조,맑음,단일로 - 기타,승용,남,49세,중상,,,,
2014052000100580,2014년 5월 20일 22시,화요일,경상북도 칠곡군 석적읍,경상사고,0,0,2,0,차대차 - 측면직각충돌,신호위반,건조,맑음,교차로 - 교차로안,승용,남,24세,상해없음,승용,남,40세,경상
2014052000100610,2014년 5월 20일 23시,화요일,경상북도 포항시 남구 효자동,경상사고,0,0,3,0,차대차 - 기타,안전운전불이행,건조,맑음,교차로 - 교차로안,승용,남,32세,상해없음,승용,남,58세,경상
2014052100100014,2014년 5월 21일 00시,수요일,경상북도 영천시 완산동,중상사고,0,1,0,0,차대사람 - 기타,안전운전불이행,건조,맑음,단일로 - 기타,화물,남,64세,상해없음,보행자,남,50세,중상
2014052100100046,2014년 5월 21일 02시,수요일,경상북도 포항시 남구 해도동,경상사고,0,0,1,0,차대사람 - 기타,안전운전불이행,건조,맑음,단일로 - 기타,이륜,남,14세,기타불명,보행자,남,20세,경상
2014052100100101,2014년 5월 21일 07시,수요일,경상북도 경산시 자인면,중상사고,0,1,0,0,차량단독 - 기타,안전운전불이행,건조,맑음,단일로 - 기타,승용,여,64세,상해없음,,,,
2014052100100102,2014년 5월 21일 07시,수요일,경상북도 청송군 청송읍,중상사고,0,1,0,0,차대차 - 기타,안전운전불이행,건조,맑음,단일로 - 기타,승용,남,37세,상해없음,원동기,남,56세,중상
2014052100100144,2014년 5월 21일 08시,수요일,경상북도 상주시 화서면,경상사고,0,0,1,0,차대차 - 측면직각충돌,교차로운행방법위반,건조,맑음,교차로 - 교차로안,승합,남,31세,상해없음,승용,여,44세,경상
2014052100100145,2014년 5월 21일 08시,수요일,경상북도 칠곡군 석적읍,중상사고,0,1,2,0,차대차 - 기타,안전운전불이행,건조,맑음,교차로 - 교차로부근,화물,남,44세,상해없음,화물,남,59세,중상
2014052100100177,2014년 5월 21일 09시,수요일,경상북도 경주시 천북면,경상사고,0,0,2,0,차대차 - 기타,안전운전불이행,건조,맑음,교차로 - 교차로안,승용,남,42세,경상,화물,남,59세,경상
2014052100100178,2014년 5월 21일 09시,수요일,경상북도 의성군 다인면,사망사고,1,1,0,0,차대차 - 정면충돌,중앙선침범,건조,맑음,단일로 - 기타,건설기계,남,52세,중상,화물,여,43세,사망
2014052100100204,2014년 5월 21일 10시,수요일,경상북도 경주시 현곡면,중상사고,0,3,0,0,차대차 - 기타,안전운전불이행,건조,맑음,교차로 - 교차로안,승용,남,30세,중상,승용,남,27세,상해없음
2014052100100205,2014년 5월 21일 10시,수요일,경상북도 포항시 남구 해도동,부상신고사고,0,0,0,1,차대차 - 추돌 - 진행중,안전운전불이행,건조,맑음,교차로 - 교차로안,승용,여,29세,상해없음,승용,여,53세,부상신고
2014052100100232,2014년 5월 21일 11시,수요일,경상북도 문경시 가은읍,중상사고,0,1,0,0,차량단독 - 도로외이탈 - 기타,안전운전불이행,건조,맑음,단일로 - 기타,원동기,남,51세,중상,,,,
2014052100100257,2014년 5월 21일 12시,수요일,경상북도 경산시 진량읍,중상사고,0,1,0,0,차대차 - 기타,중앙선침범,건조,맑음,교차로 - 교차로부근,자전거,남,22세,중상,승용,여,28세,상해없음
2014052100100288,2014년 5월 21일 13시,수요일,경상북도 경주시 산내면,사망사고,1,4,0,0,차대차 - 기타,중앙선침범,건조,맑음,단일로 - 기타,승용,남,61세,중상,승용,여,41세,중상
2014052100100289,2014년 5월 21일 13시,수요일,경상북도 경산시 남천면,중상사고,0,1,0,0,차대차 - 기타,안전운전불이행,건조,맑음,단일로 - 기타,건설기계,남,63세,상해없음,승용,여,26세,중상
2014052100100318,2014년 5월 21일 14시,수요일,경상북도 포항시 북구 득량동,중상사고,0,1,1,0,차대차 - 기타,직진우회전진행방해,건조,맑음,교차로 - 교차로안,승용,남,73세,상해없음,승용,남,45세,상해없음
2014052100100319,2014년 5월 21일 14시,수요일,경상북도 안동시 옥동,중상사고,0,2,0,0,차대차 - 기타,안전운전불이행,건조,맑음,단일로 - 횡단보도부근,승용,남,80세,상해없음,승용,여,51세,중상
2014052100100320,2014년 5월 21일 14시,수요일,경상북도 김천시 지좌동,경상사고,0,0,1,0,차대차 - 측면직각충돌,안전운전불이행,건조,맑음,교차로 - 교차로부근,승용,여,57세,상해없음,승용,여,40세,경상
2014052100100321,2014년 5월 21일 14시,수요일,경상북도 군위군 의흥면,경상사고,0,0,2,0,차대차 - 기타,안전운전불이행,건조,맑음,단일로 - 기타,화물,남,50세,경상,화물,남,43세,경상
2014052100100361,2014년 5월 21일 15시,수요일,경상북도 안동시 옥야동,경상사고,0,0,1,0,차대차 - 추돌 - 진행중,차로위반,건조,맑음,기타 - 기타,승용,남,64세,상해없음,승합,남,35세,상해없음
2014052100100362,2014년 5월 21일 15시,수요일,경상북도 경산시 삼북동,경상사고,0,0,1,0,차대차 - 측면직각충돌,안전운전불이행,건조,맑음,교차로 - 교차로안,화물,남,25세,상해없음,자전거,남,10세,경상
2014052100100363,2014년 5월 21일 15시,수요일,경상북도 포항시 남구 송도동,중상사고,0,1,0,0,차대사람 - 기타,안전운전불이행,건조,맑음,단일로 - 기타,자전거,남,60세,중상,보행자,남,56세,상해없음
2014052100100396,2014년 5월 21일 16시,수요일,경상북도 경주시 노서동,경상사고,0,0,1,0,차대사람 - 기타,안전운전불이행,건조,맑음,단일로 - 기타,승용,남,42세,상해없음,보행자,남,2세,경상
2014052100100397,2014년 5월 21일 16시,수요일,경상북도 김천시 부곡동,경상사고,0,0,1,0,차대차 - 측면직각충돌,안전운전불이행,건조,맑음,교차로 - 교차로안,기타불명,기타불명,기타불명,기타불명,자전거,남,7세,경상
2014052100100398,2014년 5월 21일 16시,수요일,경상북도 영주시 영주동,중상사고,0,1,0,0,차대사람 - 기타,보행자보호의무위반,건조,맑음,단일로 - 횡단보도상,승용,남,90세 이상,상해없음,보행자,여,90세 이상,중상
2014052100100399,2014년 5월 21일 16시,수요일,경상북도 경산시 정평동,경상사고,0,0,1,0,차대사람 - 보도통행중,보행자보호의무위반,건조,맑음,교차로 - 교차로안,승용,여,37세,상해없음,보행자,여,15세,경상
2014052100100400,2014년 5월 21일 16시,수요일,경상북도 구미시 도량동,경상사고,0,0,1,0,차대차 - 기타,안전운전불이행,건조,맑음,단일로 - 기타,승용,여,56세,상해없음,이륜,남,18세,경상
2014052100100454,2014년 5월 21일 17시,수요일,경상북도 경주시 안강읍,중상사고,0,1,0,0,차대사람 - 기타,보행자보호의무위반,건조,맑음,교차로 - 교차로안,승용,남,43세,상해없음,보행자,여,45세,중상
2014052100100455,2014년 5월 21일 17시,수요일,경상북도 상주시 만산동,중상사고,0,1,0,0,차대차 - 측면직각충돌,교차로운행방법위반,건조,맑음,교차로 - 교차로안,승용,남,31세,상해없음,승용,여,54세,중상
2014052100100506,2014년 5월 21일 18시,수요일,경상북도 안동시 송현동,경상사고,0,0,1,0,차대차 - 기타,신호위반,건조,맑음,교차로 - 교차로안,이륜,남,16세,경상,승용,여,37세,상해없음
2014052100100507,2014년 5월 21일 18시,수요일,경상북도 예천군 용궁면,중상사고,0,1,1,0,차대차 - 추돌 - 진행중,안전운전불이행,건조,맑음,단일로 - 기타,승용,남,64세,경상,승용,남,45세,중상
2014052100100533,2014년 5월 21일 19시,수요일,경상북도 상주시 냉림동,중상사고,0,1,0,0,차대차 - 기타,교차로운행방법위반,건조,맑음,교차로 - 교차로안,이륜,남,31세,상해없음,이륜,여,62세,중상
2014052100100575,2014년 5월 21일 20시,수요일,경상북도 문경시 점촌동,경상사고,0,0,1,0,차대차 - 측면직각충돌,직진우회전진행방해,건조,맑음,교차로 - 교차로안,승용,여,36세,상해없음,원동기,남,19세,경상
2014052100100576,2014년 5월 21일 20시,수요일,경상북도 경주시 건천읍,경상사고,0,0,1,0,차대차 - 기타,안전운전불이행,건조,맑음,단일로 - 기타,화물,남,64세,상해없음,화물,남,38세,경상
2014052100100605,2014년 5월 21일 21시,수요일,경상북도 칠곡군 왜관읍,중상사고,0,1,1,0,차대차 - 기타,안전운전불이행,건조,맑음,기타 - 기타,승용,여,46세,경상,승용,남,46세,중상
2014052100100606,2014년 5월 21일 21시,수요일,경상북도 포항시 남구 상도동,경상사고,0,0,1,0,차대차 - 기타,안전운전불이행,건조,맑음,단일로 - 기타,이륜,기타불명,기타불명,기타불명,자전거,남,19세,경상
2014052100100646,2014년 5월 21일 22시,수요일,경상북도 포항시 북구 장성동,중상사고,0,1,0,0,차대차 - 기타,안전운전불이행,건조,맑음,단일로 - 기타,승용,남,51세,상해없음,승용,남,49세,상해없음
2014052100100647,2014년 5월 21일 22시,수요일,경상북도 포항시 남구 연일읍,경상사고,0,0,1,0,차대차 - 기타,안전운전불이행,건조,맑음,단일로 - 기타,승용,남,47세,상해없음,이륜,남,29세,경상
2014052100100672,2014년 5월 21일 23시,수요일,경상북도 김천시 평화동,사망사고,1,0,0,0,차대사람 - 기타,안전운전불이행,건조,맑음,교차로 - 교차로부근,승용,남,53세,상해없음,보행자,남,60세,사망
2014052100100673,2014년 5월 21일 23시,수요일,경상북도 구미시 해평면,경상사고,0,0,1,0,차대차 - 기타,안전운전불이행,건조,기타,단일로 - 기타,자전거,기타불명,기타불명,기타불명,자전거,남,22세,경상
2014052200100013,2014년 5월 22일 00시,목요일,경상북도 포항시 북구 우현동,중상사고,0,1,1,0,차대차 - 기타,차로위반,건조,맑음,교차로 - 교차로부근,승용,여,51세,상해없음,승용,남,45세,경상
2014052200100014,2014년 5월 22일 00시,목요일,경상북도 경산시 백천동,경상사고,0,0,1,0,차대사람 - 기타,안전운전불이행,건조,맑음,단일로 - 기타,승용,남,23세,상해없음,보행자,남,37세,경상
2014052200100033,2014년 5월 22일 02시,목요일,경상북도 포항시 북구 두호동,중상사고,0,1,0,0,차량단독 - 기타,안전운전불이행,건조,맑음,단일로 - 기타,원동기,남,17세,상해없음,,,,
2014052200100034,2014년 5월 22일 02시,목요일,경상북도 상주시 양촌동,경상사고,0,0,1,0,차량단독 - 공작물충돌,안전운전불이행,건조,맑음,단일로 - 기타,승용,남,26세,상해없음,,,,
2014052200100043,2014년 5월 22일 03시,목요일,경상북도 구미시 인의동,경상사고,0,0,3,0,차대차 - 기타,신호위반,건조,맑음,교차로 - 교차로안,승용,남,26세,기타불명,승합,남,22세,경상
2014052200100058,2014년 5월 22일 04시,목요일,경상북도 포항시 북구 죽도동,경상사고,0,0,2,0,차대차 - 기타,안전운전불이행,건조,맑음,단일로 - 기타,승용,남,62세,상해없음,승용,남,30세,상해없음
2014052200100077,2014년 5월 22일 06시,목요일,경상북도 김천시 대항면,경상사고,0,0,1,0,차대차 - 측면직각충돌,교차로운행방법위반,건조,맑음,교차로 - 교차로안,승용,남,80세,경상,승용,남,46세,상해없음
2014052200100105,2014년 5월 22일 07시,목요일,경상북도 경주시 강동면,중상사고,0,1,1,0,차대차 - 기타,안전운전불이행,건조,맑음,단일로 - 기타,화물,남,52세,경상,화물,남,41세,상해없음
2014052200100106,2014년 5월 22일 07시,목요일,경상북도 구미시 형곡동,경상사고,0,0,1,0,차대사람 - 기타,안전운전불이행,건조,맑음,교차로 - 교차로부근,기타불명,기타불명,기타불명,기타불명,보행자,남,10세,경상
2014052200100145,2014년 5월 22일 08시,목요일,경상북도 안동시 당북동,중상사고,0,1,0,0,차대차 - 기타,직진우회전진행방해,건조,맑음,교차로 - 교차로안,승용,남,65세,상해없음,승용,여,41세,중상
2014052200100146,2014년 5월 22일 08시,목요일,경상북도 영주시 가흥동,경상사고,0,0,1,0,차대차 - 측면직각충돌,차로위반,건조,맑음,단일로 - 기타,승용,남,61세,상해없음,건설기계,남,53세,상해없음
2014052200100147,2014년 5월 22일 08시,목요일,경상북도 칠곡군 왜관읍,경상사고,0,0,1,0,차대사람 - 기타,안전운전불이행,건조,맑음,교차로 - 교차로안,승용,여,39세,상해없음,보행자,여,72세,경상
2014052200100178,2014년 5월 22일 09시,목요일,경상북도 칠곡군 북삼읍,부상신고사고,0,0,0,1,차대차 - 기타,교차로운행방법위반,건조,맑음,교차로 - 교차로안,승용,남,42세,부상신고,승용,남,59세,상해없음
2014052200100179,2014년 5월 22일 09시,목요일,경상북도 영천시 화룡동,경상사고,0,0,1,0,차대차 - 기타,안전운전불이행,건조,맑음,교차로 - 교차로부근,원동기,남,77세,상해없음,화물,남,69세,상해없음
2014052200100180,2014년 5월 22일 09시,목요일,경상북도 문경시 문경읍,중상사고,0,2,1,0,차대차 - 측면직각충돌,직진우회전진행방해,건조,맑음,교차로 - 교차로안,승합,남,61세,경상,승용,남,38세,중상
2014052200100265,2014년 5월 22일 12시,목요일,경상북도 경주시 동천동,경상사고,0,0,1,0,차대사람 - 기타,안전운전불이행,건조,맑음,단일로 - 기타,승용,여,54세,상해없음,보행자,여,21세,경상
2014052200100266,2014년 5월 22일 12시,목요일,경상북도 경주시 내남면,경상사고,0,0,2,0,차대차 - 기타,안전운전불이행,건조,맑음,기타 - 기타,승용,남,76세,상해없음,승용,남,54세,경상
2014052200100267,2014년 5월 22일 12시,목요일,경상북도 김천시 모암동,경상사고,0,0,1,0,차대사람 - 기타,안전운전불이행,건조,맑음,단일로 - 기타,화물,남,44세,상해없음,보행자,여,80세,경상
2014052200100268,2014년 5월 22일 12시,목요일,경상북도 구미시 형곡동,경상사고,0,0,3,0,차대차 - 측면직각충돌,안전운전불이행,건조,맑음,교차로 - 교차로안,승용,남,53세,상해없음,승용,여,30세,경상
2014052200100269,2014년 5월 22일 12시,목요일,경상북도 구미시 산동면,중상사고,0,1,0,0,차대차 - 기타,교차로운행방법위반,건조,맑음,교차로 - 교차로안,승용,남,34세,상해없음,이륜,남,36세,중상
2014052200100335,2014년 5월 22일 14시,목요일,경상북도 경주시 외동읍,경상사고,0,0,2,0,차대차 - 추돌 - 주정차중,안전운전불이행,건조,맑음,교차로 - 교차로부근,화물,남,56세,상해없음,승용,여,48세,경상
2014052200100336,2014년 5월 22일 14시,목요일,경상북도 경주시 사정동,경상사고,0,0,1,0,차대차 - 기타,안전운전불이행,건조,맑음,단일로 - 기타,승용,남,40세,상해없음,승용,여,53세,경상
2014052200100337,2014년 5월 22일 14시,목요일,경상북도 포항시 북구 장성동,중상사고,0,1,0,0,차대차 - 기타,신호위반,건조,맑음,교차로 - 교차로안,승용,여,35세,상해없음,원동기,남,31세,중상
2014052200100369,2014년 5월 22일 15시,목요일,경상북도 영천시 완산동,중상사고,0,1,0,0,차대차 - 측면직각충돌,안전운전불이행,건조,맑음,단일로 - 기타,원동기,남,77세,중상,화물,남,50세,상해없음
2014052200100370,2014년 5월 22일 15시,목요일,경상북도 성주군 선남면,중상사고,0,1,1,0,차대차 - 측면직각충돌,직진우회전진행방해,건조,맑음,교차로 - 교차로안,승용,여,61세,경상,승용,남,56세,상해없음
2014052200100371,2014년 5월 22일 15시,목요일,경상북도 울진군 평해읍,중상사고,0,1,0,0,차대차 - 정면충돌,안전운전불이행,건조,맑음,단일로 - 기타,승용,남,40세,상해없음,원동기,남,73세,중상
2014052200100372,2014년 5월 22일 15시,목요일,경상북도 구미시 원평동,중상사고,0,1,0,0,차대차 - 기타,안전운전불이행,건조,맑음,교차로 - 교차로안,승용,여,45세,상해없음,이륜,여,71세,중상
2014052200100419,2014년 5월 22일 16시,목요일,경상북도 김천시 지좌동,중상사고,0,1,0,0,차대차 - 측면직각충돌,안전운전불이행,건조,맑음,교차로 - 교차로부근,이륜,남,56세,중상,승용,여,38세,상해없음
2014052200100420,2014년 5월 22일 16시,목요일,경상북도 상주시 무양동,중상사고,0,1,0,0,차대차 - 기타,신호위반,건조,맑음,교차로 - 교차로부근,승용,남,57세,상해없음,승용,여,49세,중상
2014052200100421,2014년 5월 22일 16시,목요일,경상북도 영천시 금노동,중상사고,0,1,1,0,차대차 - 기타,안전운전불이행,건조,맑음,단일로 - 기타,승용,여,50세,경상,승용,남,61세,중상
2014052200100422,2014년 5월 22일 16시,목요일,경상북도 구미시 인의동,부상신고사고,0,0,0,2,차대차 - 기타,안전운전불이행,건조,맑음,교차로 - 교차로부근,이륜,남,64세,부상신고,이륜,남,36세,부상신고
2014052200100471,2014년 5월 22일 17시,목요일,경상북도 영주시 휴천동,경상사고,0,0,1,0,차대차 - 측면직각충돌,중앙선침범,건조,맑음,단일로 - 기타,승용,남,35세,상해없음,이륜,남,18세,경상
2014052200100472,2014년 5월 22일 17시,목요일,경상북도 영주시 문정동,경상사고,0,0,1,0,차대차 - 측면직각충돌,안전거리미확보,건조,맑음,단일로 - 기타,승용,여,45세,상해없음,승용,남,63세,상해없음
2014052200100473,2014년 5월 22일 17시,목요일,경상북도 경산시 진량읍,중상사고,0,1,1,0,차대차 - 기타,교차로운행방법위반,건조,맑음,교차로 - 교차로안,승용,남,33세,경상,승용,남,57세,중상
2014052200100554,2014년 5월 22일 19시,목요일,경상북도 경산시 정평동,경상사고,0,0,1,0,차대차 - 기타,안전운전불이행,건조,맑음,교차로 - 교차로부근,승용,남,55세,상해없음,자전거,남,18세,경상
2014052200100555,2014년 5월 22일 19시,목요일,경상북도 경산시 사동,경상사고,0,0,1,0,차대차 - 기타,안전거리미확보,건조,맑음,단일로 - 기타,승용,남,65세,상해없음,이륜,남,41세,경상
2014052200100600,2014년 5월 22일 20시,목요일,경상북도 안동시 당북동,경상사고,0,0,1,0,차대차 - 기타,중앙선침범,건조,맑음,단일로 - 기타,승용,남,48세,상해없음,이륜,남,34세,경상
2014052200100635,2014년 5월 22일 21시,목요일,경상북도 경주시 성동동,중상사고,0,1,0,0,차대차 - 기타,안전운전불이행,건조,맑음,교차로 - 교차로안,승용,남,62세,상해없음,원동기,남,23세,중상
2014052200100660,2014년 5월 22일 22시,목요일,경상북도 구미시 고아읍,중상사고,0,1,0,0,차대차 - 기타,신호위반,건조,맑음,교차로 - 교차로안,승용,남,26세,상해없음,이륜,남,16세,중상
2014052300100012,2014년 5월 23일 00시,금요일,경상북도 포항시 북구 장성동,경상사고,0,0,2,0,차대차 - 기타,안전운전불이행,건조,맑음,교차로 - 교차로부근,승용,남,48세,상해없음,승용,여,43세,경상
2014052300100044,2014년 5월 23일 02시,금요일,경상북도 구미시 임수동,경상사고,0,0,3,0,차대차 - 기타,안전운전불이행,건조,맑음,교차로 - 교차로부근,승용,남,28세,상해없음,승용,남,59세,경상
2014052300100048,2014년 5월 23일 03시,금요일,경상북도 경주시 강동면,중상사고,0,2,0,0,차량단독 - 공작물충돌,안전운전불이행,건조,맑음,단일로 - 기타,승용,남,27세,중상,,,,
2014052300100049,2014년 5월 23일 03시,금요일,경상북도 김천시 평화동,경상사고,0,0,1,0,차량단독 - 공작물충돌,안전운전불이행,건조,맑음,단일로 - 기타,이륜,남,16세,경상,,,,
2014052300100072,2014년 5월 23일 06시,금요일,경상북도 구미시 비산동,경상사고,0,0,1,0,차대차 - 기타,안전운전불이행,건조,맑음,교차로 - 교차로부근,승용,남,30세,상해없음,승용,남,21세,경상
2014052300100096,2014년 5월 23일 07시,금요일,경상북도 칠곡군 기산면,중상사고,0,1,0,0,차량단독 - 전도전복,안전운전불이행,건조,맑음,단일로 - 기타,이륜,남,72세,중상,,,,
2014052300100097,2014년 5월 23일 07시,금요일,경상북도 구미시 진평동,경상사고,0,0,1,0,차대차 - 기타,교차로운행방법위반,건조,맑음,교차로 - 교차로안,건설기계,남,40세,상해없음,승용,남,61세,상해없음
2014052300100131,2014년 5월 23일 08시,금요일,경상북도 경주시 건천읍,중상사고,0,1,0,0,차대차 - 기타,안전운전불이행,건조,맑음,교차로 - 교차로안,화물,남,54세,상해없음,원동기,여,60세,중상
2014052300100132,2014년 5월 23일 08시,금요일,경상북도 의성군 단촌면,중상사고,0,3,0,0,차대차 - 추돌 - 주정차중,안전운전불이행,건조,맑음,교차로 - 교차로안,건설기계,남,49세,상해없음,승용,여,32세,중상
2014052300100161,2014년 5월 23일 09시,금요일,경상북도 안동시 금곡동,경상사고,0,0,1,0,차대차 - 기타,기타,건조,맑음,단일로 - 기타,화물,남,60세,상해없음,승합,남,52세,기타불명
2014052300100162,2014년 5월 23일 09시,금요일,경상북도 김천시 어모면,경상사고,0,0,2,0,차대차 - 측면직각충돌,교차로운행방법위반,건조,맑음,교차로 - 교차로안,이륜,남,66세,상해없음,승합,여,36세,경상
2014052300100203,2014년 5월 23일 10시,금요일,경상북도 안동시 예안면,중상사고,0,1,0,0,차대차 - 기타,안전운전불이행,건조,맑음,단일로 - 기타,화물,남,77세,상해없음,이륜,남,66세,중상
2014052300100204,2014년 5월 23일 10시,금요일,경상북도 의성군 다인면,부상신고사고,0,0,0,2,차대차 - 측면직각충돌,안전운전불이행,건조,맑음,단일로 - 기타,화물,남,72세,부상신고,특수,남,42세,상해없음
2014052300100205,2014년 5월 23일 10시,금요일,경상북도 경산시 진량읍,중상사고,0,1,1,0,차대차 - 기타,안전운전불이행,건조,맑음,단일로 - 기타,승용,남,66세,중상,특수,남,46세,경상
2014052300100206,2014년 5월 23일 10시,금요일,경상북도 봉화군 소천면,중상사고,0,1,0,0,차대차 - 측면직각충돌,교차로운행방법위반,건조,맑음,교차로 - 교차로안,승용,여,50세,중상,특수,남,43세,상해없음
2014052300100244,2014년 5월 23일 11시,금요일,경상북도 청도군 화양읍,중상사고,0,1,1,0,차대차 - 기타,안전운전불이행,건조,흐림,단일로 - 기타,승용,여,48세,중상,승합,남,53세,상해없음
2014052300100245,2014년 5월 23일 11시,금요일,경상북도 청송군 진보면,중상사고,0,1,0,0,차대사람 - 기타,안전운전불이행,건조,맑음,단일로 - 기타,원동기,남,76세,상해없음,보행자,남,69세,상해없음
2014052300100266,2014년 5월 23일 12시,금요일,경상북도 군위군 군위읍,중상사고,0,1,0,0,차대사람 - 횡단중,안전운전불이행,건조,맑음,교차로 - 교차로부근,승용,여,68세,상해없음,보행자,여,50세,중상
2014052300100292,2014년 5월 23일 13시,금요일,경상북도 경주시 강동면,중상사고,0,1,1,0,차대차 - 기타,안전운전불이행,건조,맑음,교차로 - 교차로안,승용,남,47세,상해없음,승용,남,69세,중상
2014052300100293,2014년 5월 23일 13시,금요일,경상북도 칠곡군 북삼읍,경상사고,0,0,1,0,차대차 - 기타,안전운전불이행,건조,맑음,단일로 - 기타,승용,여,40세,상해없음,승용,여,33세,경상
2014052300100294,2014년 5월 23일 13시,금요일,경상북도 봉화군 소천면,부상신고사고,0,0,0,1,차량단독 - 전도전복,안전운전불이행,건조,맑음,단일로 - 기타,화물,남,52세,부상신고,,,,
2014052300100295,2014년 5월 23일 13시,금요일,경상북도 구미시 도량동,경상사고,0,0,1,0,차대차 - 측면직각충돌,중앙선침범,건조,맑음,기타 - 기타,승용,남,52세,상해없음,승용,남,27세,경상
2014052300100296,2014년 5월 23일 13시,금요일,경상북도 상주시 낙동면,중상사고,0,2,4,0,차대차 - 추돌 - 진행중,안전운전불이행,건조,맑음,단일로 - 기타,화물,남,45세,상해없음,화물,남,37세,중상
2014052300100359,2014년 5월 23일 15시,금요일,경상북도 안동시 옥동,중상사고,0,1,0,0,차대사람 - 길가장자리구역통행중,안전운전불이행,건조,맑음,단일로 - 기타,승용,여,64세,상해없음,보행자,여,46세,중상
2014052300100360,2014년 5월 23일 15시,금요일,경상북도 영천시 문내동,중상사고,0,1,0,0,차대사람 - 기타,안전운전불이행,건조,맑음,단일로 - 기타,승용,남,45세,상해없음,보행자,여,9세,중상
2014052300100361,2014년 5월 23일 15시,금요일,경상북도 문경시 모전동,중상사고,0,1,1,0,차대차 - 기타,신호위반,건조,맑음,교차로 - 교차로안,화물,남,73세,상해없음,승용,남,51세,경상
2014052300100362,2014년 5월 23일 15시,금요일,경상북도 경산시 진량읍,중상사고,0,2,3,0,차대차 - 기타,중앙선침범,건조,맑음,교차로 - 교차로부근,화물,남,69세,상해없음,승용,남,32세,중상
2014052300100400,2014년 5월 23일 16시,금요일,경상북도 경주시 현곡면,부상신고사고,0,0,0,1,차대사람 - 횡단중,보행자보호의무위반,건조,맑음,단일로 - 기타,승용,남,49세,상해없음,보행자,남,5세,부상신고