사고번호,사고일시,요일,시군구,사고내용,사망자수,중상자수,경상자수,부상신고자수,사고유형,법규위반,노면상태,기상상태,도로형태,가해운전자 차종,가해운전자 성별,가해운전자 연령,가해운전자 상해정도,피해운전자 차종,피해운전자 성별,피해운전자 연령,피해운전자 상해정도
2014052300100401,2014년 5월 23일 16시,금요일,경상북도 경주시 보문동,경상사고,0,0,1,1,차대차 - 기타,안전운전불이행,건조,맑음,교차로 - 교차로안,승용,여,59세,부상신고,화물,남,36세,경상
2014052300100402,2014년 5월 23일 16시,금요일,경상북도 경주시 성동동,경상사고,0,0,1,0,차대차 - 기타,안전운전불이행,건조,맑음,교차로 - 교차로부근,승용,남,55세,상해없음,승용,여,32세,경상
2014052300100403,2014년 5월 23일 16시,금요일,경상북도 김천시 황금동,경상사고,0,0,1,0,차대차 - 측면직각충돌,안전운전불이행,건조,맑음,교차로 - 교차로안,이륜,남,40세,상해없음,자전거,남,51세,경상
2014052300100404,2014년 5월 23일 16시,금요일,경상북도 경산시 진량읍,경상사고,0,0,1,0,차대차 - 기타,안전운전불이행,건조,맑음,교차로 - 교차로부근,이륜,남,42세,경상,화물,남,53세,상해없음
2014052300100405,2014년 5월 23일 16시,금요일,경상북도 문경시 불정동,중상사고,0,1,0,0,차대차 - 추돌 - 주정차중,안전운전불이행,건조,맑음,단일로 - 터널,특수,남,50세,상해없음,승용,남,33세,중상
2014052300100434,2014년 5월 23일 17시,금요일,경상북도 안동시 용상동,중상사고,0,1,0,0,차대차 - 측면직각충돌,중앙선침범,건조,맑음,단일로 - 기타,승용,남,35세,상해없음,이륜,남,19세,중상
2014052300100435,2014년 5월 23일 17시,금요일,경상북도 안동시 정하동,중상사고,0,1,0,0,차대차 - 측면직각충돌,중앙선침범,건조,맑음,교차로 - 교차로부근,이륜,남,76세,중상,승용,여,43세,상해없음
2014052300100436,2014년 5월 23일 17시,금요일,경상북도 안동시 풍산읍,중상사고,0,2,0,0,차대차 - 기타,중앙선침범,건조,맑음,단일로 - 기타,자전거,여,71세,중상,원동기,남,71세,중상
2014052300100437,2014년 5월 23일 17시,금요일,경상북도 경산시 백천동,중상사고,0,1,0,0,차대사람 - 기타,안전운전불이행,건조,맑음,교차로 - 교차로부근,승용,여,58세,상해없음,보행자,남,13세,중상
2014052300100487,2014년 5월 23일 18시,금요일,경상북도 안동시 옥동,경상사고,0,0,2,0,차대차 - 추돌 - 진행중,안전운전불이행,건조,맑음,단일로 - 기타,승용,여,32세,상해없음,승용,남,51세,경상
2014052300100488,2014년 5월 23일 18시,금요일,경상북도 영천시 신령면,중상사고,0,3,2,0,차량단독 - 공작물충돌,안전운전불이행,건조,맑음,단일로 - 기타,승용,남,68세,중상,,,,
2014052300100489,2014년 5월 23일 18시,금요일,경상북도 경산시 중방동,중상사고,0,1,0,0,차대차 - 기타,안전운전불이행,건조,맑음,교차로 - 교차로부근,승용,여,50세,상해없음,자전거,여,31세,중상
2014052300100490,2014년 5월 23일 18시,금요일,경상북도 구미시 임수동,중상사고,0,1,0,0,차대차 - 측면직각충돌,안전운전불이행,건조,맑음,단일로 - 기타,승용,여,37세,상해없음,이륜,남,31세,중상
2014052300100491,2014년 5월 23일 18시,금요일,경상북도 구미시 옥성면,경상사고,0,0,3,0,차대차 - 추돌 - 주정차중,안전거리미확보,건조,맑음,단일로 - 터널,화물,남,49세,경상,승용,남,33세,상해없음
2014052300100515,2014년 5월 23일 19시,금요일,경상북도 안동시 당북동,경상사고,0,0,1,0,차대차 - 측면직각충돌,불법유턴,건조,맑음,교차로 - 교차로부근,자전거,남,67세,경상,화물,남,50세,상해없음
2014052300100516,2014년 5월 23일 19시,금요일,경상북도 경산시 조영동,경상사고,0,0,1,0,차대차 - 기타,교차로운행방법위반,건조,맑음,교차로 - 교차로안,승용,남,24세,상해없음,이륜,남,18세,경상
2014052300100517,2014년 5월 23일 19시,금요일,경상북도 구미시 원평동,부상신고사고,0,0,0,1,차대차 - 측면직각충돌,안전운전불이행,건조,맑음,교차로 - 교차로부근,이륜,남,16세,부상신고,승용,여,44세,상해없음
2014052300100563,2014년 5월 23일 20시,금요일,경상북도 포항시 북구 대신동,중상사고,0,1,0,0,차대사람 - 기타,중앙선침범,건조,맑음,단일로 - 기타,승용,남,33세,상해없음,보행자,여,45세,중상
2014052300100564,2014년 5월 23일 20시,금요일,경상북도 포항시 북구 죽도동,경상사고,0,0,1,0,차대사람 - 기타,안전운전불이행,건조,맑음,단일로 - 기타,화물,남,58세,상해없음,보행자,여,21세,경상
2014052300100565,2014년 5월 23일 20시,금요일,경상북도 경산시 진량읍,경상사고,0,0,1,0,차대차 - 추돌 - 주정차중,안전운전불이행,건조,맑음,단일로 - 기타,화물,남,59세,상해없음,화물,남,24세,경상
2014052300100566,2014년 5월 23일 20시,금요일,경상북도 구미시 고아읍,사망사고,1,1,0,0,차대차 - 추돌 - 진행중,안전운전불이행,건조,맑음,단일로 - 기타,승용,남,44세,상해없음,농기계,남,79세,사망
2014052300100567,2014년 5월 23일 20시,금요일,경상북도 포항시 남구 청림동,경상사고,0,0,2,0,차대차 - 기타,신호위반,건조,맑음,교차로 - 교차로안,승용,남,64세,상해없음,승용,남,23세,경상
2014052300100568,2014년 5월 23일 20시,금요일,경상북도 포항시 남구 대도동,경상사고,0,0,1,0,차대차 - 기타,신호위반,건조,맑음,교차로 - 교차로안,화물,남,48세,상해없음,승용,남,67세,경상
2014052300100594,2014년 5월 23일 21시,금요일,경상북도 경주시 석장동,경상사고,0,0,1,0,차대사람 - 기타,보행자보호의무위반,건조,맑음,교차로 - 교차로안,승용,남,52세,상해없음,보행자,여,20세,경상
2014052300100595,2014년 5월 23일 21시,금요일,경상북도 김천시 부곡동,경상사고,0,0,1,0,차대차 - 측면직각충돌,교차로운행방법위반,건조,맑음,교차로 - 교차로안,승용,남,26세,상해없음,자전거,남,15세,경상
2014052300100596,2014년 5월 23일 21시,금요일,경상북도 칠곡군 석적읍,경상사고,0,0,1,0,차대차 - 기타,안전운전불이행,건조,맑음,단일로 - 기타,승용,남,45세,상해없음,승용,남,37세,경상
2014052300100627,2014년 5월 23일 22시,금요일,경상북도 포항시 북구 죽도동,경상사고,0,0,1,0,차대차 - 기타,안전운전불이행,건조,맑음,단일로 - 기타,승용,남,47세,상해없음,승용,남,41세,경상
2014052300100628,2014년 5월 23일 22시,금요일,경상북도 포항시 북구 장성동,중상사고,0,2,0,0,차대사람 - 횡단중,보행자보호의무위반,건조,맑음,단일로 - 횡단보도상,승용,남,48세,상해없음,보행자,여,49세,중상
2014052300100629,2014년 5월 23일 22시,금요일,경상북도 경산시 백천동,중상사고,0,1,0,0,차대차 - 기타,중앙선침범,건조,맑음,교차로 - 교차로부근,승용,여,41세,상해없음,원동기,남,16세,중상
2014052300100661,2014년 5월 23일 23시,금요일,경상북도 안동시 태화동,경상사고,0,0,6,0,차대차 - 추돌 - 주정차중,안전운전불이행,건조,맑음,교차로 - 교차로부근,승용,남,36세,상해없음,승용,여,41세,경상
2014052300100662,2014년 5월 23일 23시,금요일,경상북도 상주시 남성동,경상사고,0,0,1,0,차대차 - 추돌 - 주정차중,안전거리미확보,건조,맑음,단일로 - 기타,승용,남,31세,상해없음,승용,남,55세,경상
2014052300100663,2014년 5월 23일 23시,금요일,경상북도 경산시 와촌면,경상사고,0,0,1,0,차대차 - 기타,중앙선침범,습기,흐림,단일로 - 기타,승용,남,55세,상해없음,승용,여,51세,경상
2014052300100664,2014년 5월 23일 23시,금요일,경상북도 포항시 남구 상도동,경상사고,0,0,3,0,차대차 - 기타,안전운전불이행,건조,맑음,단일로 - 기타,승용,남,28세,기타불명,승용,여,45세,경상
2014052400100019,2014년 5월 24일 00시,토요일,경상북도 안동시 풍천면,사망사고,1,0,0,0,차량단독 - 전도전복,안전운전불이행,건조,맑음,단일로 - 기타,이륜,남,50세,사망,,,,
2014052400100041,2014년 5월 24일 01시,토요일,경상북도 김천시 성내동,경상사고,0,0,2,0,차대차 - 측면직각충돌,교차로운행방법위반,건조,맑음,교차로 - 교차로안,승합,남,48세,상해없음,이륜,남,24세,경상
2014052400100042,2014년 5월 24일 01시,토요일,경상북도 칠곡군 약목면,중상사고,0,1,1,0,차대차 - 측면직각충돌,직진우회전진행방해,건조,맑음,교차로 - 교차로안,승용,남,61세,상해없음,승용,남,29세,중상
2014052400100062,2014년 5월 24일 02시,토요일,경상북도 구미시 선산읍,사망사고,1,0,1,0,차대차 - 추돌 - 진행중,안전거리미확보,건조,맑음,단일로 - 기타,승용,남,48세,사망,화물,남,50세,경상
2014052400100063,2014년 5월 24일 02시,토요일,경상북도 구미시 선산읍,사망사고,1,1,3,0,차대차 - 추돌 - 주정차중,안전거리미확보,건조,맑음,단일로 - 기타,화물,남,48세,사망,화물,남,48세,경상
2014052400100079,2014년 5월 24일 03시,토요일,경상북도 경산시 계양동,경상사고,0,0,1,0,차대차 - 기타,기타,건조,맑음,단일로 - 기타,원동기,남,16세,경상,화물,남,65세,상해없음
2014052400100131,2014년 5월 24일 06시,토요일,경상북도 상주시 신봉동,중상사고,0,1,0,0,차량단독 - 기타,안전운전불이행,건조,맑음,단일로 - 기타,화물,남,57세,상해없음,,,,
2014052400100150,2014년 5월 24일 07시,토요일,경상북도 포항시 북구 장성동,경상사고,0,0,1,0,차대차 - 기타,안전운전불이행,건조,맑음,단일로 - 기타,원동기,남,17세,경상,승합,남,44세,상해없음
2014052400100151,2014년 5월 24일 07시,토요일,경상북도 성주군 성주읍,중상사고,0,1,0,0,차대차 - 측면직각충돌,교차로운행방법위반,기타,맑음,교차로 - 교차로안,화물,남,43세,상해없음,화물,남,36세,중상
2014052400100152,2014년 5월 24일 07시,토요일,경상북도 구미시 구평동,중상사고,0,1,0,0,차대차 - 기타,신호위반,건조,맑음,단일로 - 기타,승용,여,45세,상해없음,화물,남,35세,중상
2014052400100178,2014년 5월 24일 08시,토요일,경상북도 문경시 가은읍,경상사고,0,0,1,0,차대차 - 측면직각충돌,직진우회전진행방해,건조,맑음,교차로 - 교차로안,승용,여,51세,경상,승용,여,43세,상해없음
2014052400100208,2014년 5월 24일 09시,토요일,경상북도 안동시 옥동,중상사고,0,1,2,0,차대차 - 추돌 - 진행중,안전거리미확보,건조,맑음,단일로 - 기타,승합,남,65세,상해없음,승용,남,49세,상해없음
2014052400100209,2014년 5월 24일 09시,토요일,경상북도 영주시 영주동,경상사고,0,0,1,0,차대차 - 측면직각충돌,안전운전불이행,건조,맑음,교차로 - 교차로안,승용,남,21세,경상,승용,남,70세,상해없음
2014052400100210,2014년 5월 24일 09시,토요일,경상북도 영천시 망정동,경상사고,0,0,4,0,차대차 - 추돌 - 주정차중,안전운전불이행,건조,맑음,교차로 - 교차로부근,화물,남,52세,상해없음,승용,여,21세,경상
2014052400100237,2014년 5월 24일 10시,토요일,경상북도 경주시 성동동,중상사고,0,1,0,0,차대차 - 기타,안전운전불이행,건조,맑음,단일로 - 기타,화물,남,71세,상해없음,자전거,남,66세,중상
2014052400100238,2014년 5월 24일 10시,토요일,경상북도 안동시 수상동,중상사고,0,2,0,0,차대차 - 측면직각충돌,중앙선침범,건조,맑음,단일로 - 기타,승용,여,43세,상해없음,승용,남,74세,중상
2014052400100239,2014년 5월 24일 10시,토요일,경상북도 영천시 망정동,경상사고,0,0,1,0,차대차 - 측면직각충돌,안전운전불이행,건조,맑음,단일로 - 기타,원동기,남,82세,경상,승용,남,36세,상해없음
2014052400100240,2014년 5월 24일 10시,토요일,경상북도 영천시 망정동,경상사고,0,0,1,0,차대차 - 측면직각충돌,안전운전불이행,건조,맑음,교차로 - 교차로안,자전거,남,7세,경상,승용,남,32세,상해없음
2014052400100269,2014년 5월 24일 11시,토요일,경상북도 포항시 북구 대흥동,중상사고,0,1,0,0,차대차 - 추돌 - 주정차중,안전운전불이행,건조,맑음,단일로 - 기타,승용,여,34세,상해없음,화물,남,38세,중상
2014052400100270,2014년 5월 24일 11시,토요일,경상북도 안동시 서부동,부상신고사고,0,0,0,1,차대사람 - 기타,안전운전불이행,건조,맑음,단일로 - 기타,자전거,남,61세,부상신고,보행자,남,40세,상해없음
2014052400100295,2014년 5월 24일 12시,토요일,경상북도 경주시 안강읍,중상사고,0,1,0,0,차대사람 - 기타,안전운전불이행,건조,맑음,교차로 - 교차로안,화물,남,59세,상해없음,보행자,남,80세,중상
2014052400100296,2014년 5월 24일 12시,토요일,경상북도 봉화군 춘양면,경상사고,0,0,1,0,차대차 - 측면직각충돌,교차로운행방법위반,건조,맑음,교차로 - 교차로안,승용,여,46세,상해없음,자전거,여,52세,경상
2014052400100297,2014년 5월 24일 12시,토요일,경상북도 포항시 남구 장기면,중상사고,0,1,0,0,차대차 - 정면충돌,중앙선침범,건조,맑음,단일로 - 기타,승용,남,46세,상해없음,이륜,남,56세,중상
2014052400100331,2014년 5월 24일 13시,토요일,경상북도 포항시 북구 죽도동,경상사고,0,0,6,0,차대차 - 추돌 - 주정차중,안전운전불이행,건조,맑음,교차로 - 교차로부근,승용,남,61세,상해없음,승용,남,48세,경상
2014052400100332,2014년 5월 24일 13시,토요일,경상북도 구미시 고아읍,중상사고,0,1,0,0,차대차 - 기타,안전운전불이행,건조,맑음,교차로 - 교차로안,승용,여,37세,상해없음,승용,남,43세,중상
2014052400100365,2014년 5월 24일 14시,토요일,경상북도 포항시 북구 장성동,중상사고,0,1,0,0,차대차 - 기타,교차로운행방법위반,건조,맑음,교차로 - 교차로안,승용,여,51세,상해없음,원동기,남,50세,중상
2014052400100366,2014년 5월 24일 14시,토요일,경상북도 포항시 북구 송라면,중상사고,0,1,0,0,차대차 - 기타,안전거리미확보,건조,맑음,단일로 - 기타,건설기계,남,40세,상해없음,승용,남,56세,상해없음
2014052400100367,2014년 5월 24일 14시,토요일,경상북도 의성군 의성읍,경상사고,0,0,1,0,차대차 - 기타,안전운전불이행,건조,맑음,교차로 - 교차로안,승용,여,45세,상해없음,원동기,남,22세,경상
2014052400100368,2014년 5월 24일 14시,토요일,경상북도 영주시 조암동,중상사고,0,1,0,0,차대차 - 측면직각충돌,안전운전불이행,건조,맑음,단일로 - 기타,승용,남,73세,중상,건설기계,남,51세,상해없음
2014052400100404,2014년 5월 24일 15시,토요일,경상북도 청도군 청도읍,중상사고,0,1,0,0,차대사람 - 차도통행중,안전운전불이행,건조,맑음,단일로 - 기타,승용,여,53세,상해없음,보행자,여,54세,중상
2014052400100405,2014년 5월 24일 15시,토요일,경상북도 울진군 원남면,사망사고,1,0,0,0,차량단독 - 기타,안전운전불이행,건조,맑음,교차로 - 교차로부근,자전거,남,67세,사망,,,,
2014052400100445,2014년 5월 24일 16시,토요일,경상북도 경주시 외동읍,경상사고,0,0,1,0,차대차 - 추돌 - 주정차중,안전운전불이행,건조,맑음,단일로 - 기타,원동기,남,23세,경상,승용,남,47세,상해없음
2014052400100446,2014년 5월 24일 16시,토요일,경상북도 포항시 북구 죽도동,중상사고,0,1,0,0,차대차 - 기타,안전운전불이행,건조,맑음,단일로 - 기타,승용,남,59세,상해없음,원동기,남,32세,중상
2014052400100447,2014년 5월 24일 16시,토요일,경상북도 안동시 남선면,중상사고,0,1,2,0,차대차 - 측면직각충돌,기타,건조,맑음,교차로 - 교차로안,승합,남,51세,상해없음,화물,남,66세,중상
2014052400100448,2014년 5월 24일 16시,토요일,경상북도 구미시 고아읍,중상사고,0,1,0,0,차대차 - 기타,직진우회전진행방해,건조,맑음,교차로 - 교차로안,승용,남,54세,상해없음,승용,남,49세,중상
2014052400100449,2014년 5월 24일 16시,토요일,경상북도 포항시 남구 오천읍,경상사고,0,0,2,0,차대차 - 측면직각충돌,직진우회전진행방해,건조,맑음,교차로 - 교차로안,승용,여,51세,경상,승용,남,57세,경상
2014052400100484,2014년 5월 24일 17시,토요일,경상북도 경주시 황성동,경상사고,0,0,1,0,차대차 - 기타,안전운전불이행,건조,맑음,미분류 - 미분류,자전거,기타불명,기타불명,기타불명,자전거,남,16세,경상
2014052400100486,2014년 5월 24일 17시,토요일,경상북도 포항시 북구 우현동,중상사고,0,1,0,0,차대차 - 기타,교차로운행방법위반,건조,맑음,교차로 - 교차로안,승용,남,60세,상해없음,원동기,여,51세,중상
2014052400100487,2014년 5월 24일 17시,토요일,경상북도 청송군 부남면,중상사고,0,1,0,0,차대차 - 추돌 - 진행중,안전운전불이행,건조,맑음,단일로 - 기타,화물,남,59세,상해없음,승용,남,60세,상해없음
2014052400100488,2014년 5월 24일 17시,토요일,경상북도 포항시 남구 오천읍,중상사고,0,1,0,0,차대차 - 기타,안전운전불이행,건조,맑음,교차로 - 교차로안,승용,남,38세,상해없음,자전거,남,67세,중상
2014052400100532,2014년 5월 24일 18시,토요일,경상북도 경주시 인왕동,경상사고,0,0,2,0,차대차 - 측면직각충돌,신호위반,건조,맑음,교차로 - 교차로안,승용,남,37세,상해없음,승합,남,70세,경상
2014052400100533,2014년 5월 24일 18시,토요일,경상북도 포항시 남구 송도동,중상사고,0,1,2,0,차대차 - 추돌 - 진행중,안전운전불이행,건조,맑음,교차로 - 교차로부근,승용,남,54세,상해없음,승용,여,42세,경상
2014052400100534,2014년 5월 24일 18시,토요일,경상북도 포항시 남구 동촌동,경상사고,0,0,1,0,차대차 - 추돌 - 주정차중,안전거리미확보,건조,맑음,단일로 - 기타,화물,남,40세,상해없음,승용,남,54세,경상
2014052400100568,2014년 5월 24일 19시,토요일,경상북도 경주시 인왕동,경상사고,0,0,3,0,차대차 - 측면직각충돌,신호위반,건조,맑음,교차로 - 교차로안,승용,여,52세,상해없음,승합,남,66세,경상
2014052400100569,2014년 5월 24일 19시,토요일,경상북도 경주시 외동읍,중상사고,0,1,1,0,차대차 - 기타,안전운전불이행,건조,맑음,교차로 - 교차로부근,승용,남,41세,상해없음,승용,남,30세,상해없음
2014052400100570,2014년 5월 24일 19시,토요일,경상북도 구미시 원평동,경상사고,0,0,1,0,차대차 - 추돌 - 주정차중,중앙선침범,건조,맑음,교차로 - 교차로부근,승용,남,29세,상해없음,승용,남,54세,경상
2014052400100600,2014년 5월 24일 20시,토요일,경상북도 경주시 북군동,중상사고,0,3,1,0,차대차 - 측면직각충돌,안전운전불이행,건조,맑음,단일로 - 기타,승용,남,21세,상해없음,승용,남,55세,중상
2014052400100601,2014년 5월 24일 20시,토요일,경상북도 포항시 북구 두호동,중상사고,0,1,0,0,차대사람 - 기타,안전운전불이행,건조,맑음,기타 - 기타,승용,남,54세,상해없음,보행자,여,10세,중상
2014052400100602,2014년 5월 24일 20시,토요일,경상북도 경산시 진량읍,경상사고,0,0,2,0,차대차 - 기타,신호위반,건조,맑음,교차로 - 교차로안,승용,남,72세,상해없음,승용,여,52세,경상
2014052400100655,2014년 5월 24일 22시,토요일,경상북도 칠곡군 석적읍,중상사고,0,1,0,0,차대사람 - 기타,안전운전불이행,건조,맑음,단일로 - 기타,승용,남,37세,상해없음,보행자,여,54세,중상
2014052400100656,2014년 5월 24일 22시,토요일,경상북도 영천시 완산동,사망사고,1,0,0,0,차대사람 - 횡단중,과속,건조,맑음,기타 - 기타,승용,남,50세,상해없음,보행자,남,69세,사망
2014052400100657,2014년 5월 24일 22시,토요일,경상북도 구미시 구평동,경상사고,0,0,1,0,차대사람 - 횡단중,안전운전불이행,건조,맑음,단일로 - 기타,승용,남,25세,상해없음,보행자,남,38세,경상
2014052400100658,2014년 5월 24일 22시,토요일,경상북도 구미시 인의동,경상사고,0,0,1,1,차대차 - 추돌 - 진행중,신호위반,건조,맑음,교차로 - 교차로안,특수,남,23세,부상신고,승용,남,34세,경상
2014052500100019,2014년 5월 25일 00시,일요일,경상북도 포항시 북구 청하면,경상사고,0,0,2,0,차대차 - 측면직각충돌,안전거리미확보,건조,맑음,단일로 - 기타,승합,남,47세,상해없음,승용,남,35세,경상
2014052500100020,2014년 5월 25일 00시,일요일,경상북도 안동시 옥동,경상사고,0,0,1,0,차대차 - 정면충돌,중앙선침범,건조,맑음,단일로 - 기타,승용,남,47세,상해없음,승용,남,34세,경상
2014052500100021,2014년 5월 25일 00시,일요일,경상북도 김천시 대광동,경상사고,0,0,1,0,차량단독 - 공작물충돌,안전운전불이행,건조,맑음,기타 - 기타,승용,남,21세,상해없음,,,,
2014052500100038,2014년 5월 25일 01시,일요일,경상북도 영천시 조교동,중상사고,0,1,1,0,차대차 - 기타,안전운전불이행,건조,맑음,단일로 - 기타,승합,남,37세,중상,승용,남,62세,경상
2014052500100039,2014년 5월 25일 01시,일요일,경상북도 포항시 남구 해도동,경상사고,0,0,2,0,차대차 - 기타,안전운전불이행,건조,맑음,단일로 - 기타,승용,여,51세,상해없음,승용,남,25세,경상
2014052500100063,2014년 5월 25일 02시,일요일,경상북도 경산시 임당동,중상사고,0,2,0,0,차대차 - 기타,안전운전불이행,건조,맑음,단일로 - 기타,승용,남,19세,상해없음,승용,남,41세,상해없음
2014052500100089,2014년 5월 25일 05시,일요일,경상북도 영주시 문정동,경상사고,0,0,1,0,차대차 - 추돌 - 진행중,안전운전불이행,건조,맑음,단일로 - 기타,승용,남,18세,상해없음,승용,남,57세,경상
2014052500100101,2014년 5월 25일 06시,일요일,경상북도 경산시 하양읍,경상사고,0,0,2,0,차대차 - 기타,직진우회전진행방해,건조,맑음,교차로 - 교차로안,승용,남,23세,경상,승용,남,36세,상해없음
2014052500100167,2014년 5월 25일 10시,일요일,경상북도 경주시 천군동,경상사고,0,0,1,0,차량단독 - 기타,안전운전불이행,건조,맑음,기타 - 기타,이륜,여,24세,경상,,,,
2014052500100186,2014년 5월 25일 11시,일요일,경상북도 상주시 냉림동,경상사고,0,0,1,0,차대차 - 측면직각충돌,교차로운행방법위반,건조,맑음,교차로 - 교차로안,승용,남,35세,상해없음,원동기,남,41세,상해없음
2014052500100187,2014년 5월 25일 11시,일요일,경상북도 칠곡군 왜관읍,중상사고,0,1,0,0,차대차 - 기타,안전운전불이행,건조,맑음,단일로 - 기타,승용,여,45세,상해없음,자전거,여,40세,중상
2014052500100188,2014년 5월 25일 11시,일요일,경상북도 봉화군 봉화읍,중상사고,0,1,0,0,차대차 - 기타,안전운전불이행,건조,맑음,단일로 - 기타,승용,남,59세,상해없음,화물,남,51세,중상
2014052500100224,2014년 5월 25일 12시,일요일,경상북도 경주시 동천동,경상사고,0,0,3,0,차대차 - 기타,안전운전불이행,건조,맑음,교차로 - 교차로안,승용,남,61세,상해없음,승용,남,55세,경상
2014052500100225,2014년 5월 25일 12시,일요일,경상북도 안동시 일직면,중상사고,0,2,0,0,차대차 - 기타,안전운전불이행,건조,맑음,교차로 - 교차로안,화물,남,43세,상해없음,이륜,남,54세,중상
2014052500100259,2014년 5월 25일 13시,일요일,경상북도 경주시 구정동,경상사고,0,0,1,0,차량단독 - 기타,안전운전불이행,건조,맑음,단일로 - 기타,승용,남,57세,상해없음,,,,
2014052500100282,2014년 5월 25일 14시,일요일,경상북도 안동시 운흥동,경상사고,0,0,1,0,차대차 - 기타,안전운전불이행,건조,맑음,단일로 - 기타,승용,남,46세,상해없음,승용,남,39세,경상
2014052500100283,2014년 5월 25일 14시,일요일,경상북도 안동시 삼산동,경상사고,0,0,1,0,차대차 - 측면직각충돌,교차로운행방법위반,건조,맑음,교차로 - 교차로안,승용,남,53세,상해없음,자전거,남,19세,경상
2014052500100284,2014년 5월 25일 14시,일요일,경상북도 상주시 함창읍,중상사고,0,2,4,0,차대차 - 추돌 - 주정차중,안전운전불이행,건조,맑음,단일로 - 기타,승용,남,57세,상해없음,이륜,여,53세,상해없음
2014052500100285,2014년 5월 25일 14시,일요일,경상북도 봉화군 석포면,중상사고,0,1,1,0,차량단독 - 공작물충돌,안전운전불이행,건조,맑음,단일로 - 기타,승합,남,69세,경상,,,,
2014052500100286,2014년 5월 25일 14시,일요일,경상북도 구미시 고아읍,중상사고,0,1,0,0,차대차 - 기타,교차로운행방법위반,건조,흐림,교차로 - 교차로부근,승용,여,57세,상해없음,이륜,남,59세,중상
2014052500100319,2014년 5월 25일 15시,일요일,경상북도 상주시 화서면,중상사고,0,1,0,0,차대사람 - 기타,안전운전불이행,건조,맑음,교차로 - 교차로부근,원동기,남,72세,상해없음,보행자,여,30세,중상
2014052500100360,2014년 5월 25일 16시,일요일,경상북도 경주시 구황동,부상신고사고,0,0,0,4,차대차 - 추돌 - 주정차중,안전운전불이행,건조,맑음,단일로 - 기타,승용,남,23세,상해없음,승용,남,38세,부상신고
2014052500100361,2014년 5월 25일 16시,일요일,경상북도 경산시 진량읍,중상사고,0,1,1,0,차대차 - 기타,안전운전불이행,건조,맑음,교차로 - 교차로안,승용,여,48세,상해없음,승용,남,65세,상해없음
2014052500100396,2014년 5월 25일 17시,일요일,경상북도 포항시 북구 흥해읍,경상사고,0,0,1,0,차대사람 - 기타,안전운전불이행,건조,맑음,단일로 - 기타,승용,남,48세,상해없음,보행자,남,8세,경상
2014052500100397,2014년 5월 25일 17시,일요일,경상북도 김천시 양천동,경상사고,0,0,1,0,차대차 - 측면직각충돌,안전운전불이행,습기,비,교차로 - 교차로부근,이륜,남,35세,상해없음,이륜,남,29세,경상
2014052500100398,2014년 5월 25일 17시,일요일,경상북도 성주군 성주읍,경상사고,0,0,1,0,차대차 - 기타,안전운전불이행,건조,흐림,교차로 - 교차로안,화물,남,34세,상해없음,자전거,남,39세,경상
2014052500100399,2014년 5월 25일 17시,일요일,경상북도 구미시 고아읍,경상사고,0,0,2,0,차대차 - 기타,안전운전불이행,습기,비,단일로 - 기타,화물,남,36세,상해없음,승용,여,50세,경상
2014052500100400,2014년 5월 25일 17시,일요일,경상북도 구미시 고아읍,경상사고,0,0,3,0,차대차 - 기타,교차로운행방법위반,건조,흐림,교차로 - 교차로안,승용,여,21세,상해없음,승용,남,47세,경상
2014052500100430,2014년 5월 25일 18시,일요일,경상북도 의성군 점곡면,중상사고,0,1,0,0,차대차 - 추돌 - 진행중,교차로운행방법위반,습기,비,교차로 - 교차로안,승용,남,51세,상해없음,승용,남,59세,상해없음
2014052500100464,2014년 5월 25일 19시,일요일,경상북도 포항시 북구 우현동,중상사고,0,1,0,0,차량단독 - 전도전복,안전운전불이행,습기,비,단일로 - 기타,원동기,남,32세,중상,,,,
2014052500100465,2014년 5월 25일 19시,일요일,경상북도 안동시 당북동,중상사고,0,1,1,0,차대차 - 기타,안전거리미확보,습기,비,교차로 - 교차로부근,승용,남,56세,경상,승합,남,60세,중상
2014052500100466,2014년 5월 25일 19시,일요일,경상북도 경산시 남산면,중상사고,0,1,0,0,차대차 - 기타,안전거리미확보,습기,비,교차로 - 교차로부근,화물,남,61세,상해없음,화물,남,61세,중상
2014052500100467,2014년 5월 25일 19시,일요일,경상북도 예천군 감천면,중상사고,0,1,1,0,차대차 - 추돌 - 주정차중,안전운전불이행,습기,비,단일로 - 기타,이륜,남,48세,경상,승용,남,59세,상해없음
2014052500100520,2014년 5월 25일 20시,일요일,경상북도 포항시 북구 청하면,중상사고,0,1,0,0,차대차 - 기타,안전운전불이행,습기,비,교차로 - 교차로안,승용,남,54세,상해없음,자전거,남,31세,중상
2014052500100521,2014년 5월 25일 20시,일요일,경상북도 의성군 비안면,중상사고,0,1,0,0,차대차 - 추돌 - 진행중,안전운전불이행,습기,비,단일로 - 기타,화물,남,63세,상해없음,농기계,남,72세,중상
2014052500100522,2014년 5월 25일 20시,일요일,경상북도 영덕군 영해면,사망사고,1,0,0,0,차대차 - 정면충돌,중앙선침범,습기,비,단일로 - 기타,승합,남,55세,상해없음,농기계,여,69세,사망