사고번호,사고일시,요일,시군구,사고내용,사망자수,중상자수,경상자수,부상신고자수,사고유형,법규위반,노면상태,기상상태,도로형태,가해운전자 차종,가해운전자 성별,가해운전자 연령,가해운전자 상해정도,피해운전자 차종,피해운전자 성별,피해운전자 연령,피해운전자 상해정도
2014052500100618,2014년 5월 25일 22시,일요일,경상북도 고령군 개진면,사망사고,1,0,0,0,차대사람 - 길가장자리구역통행중,안전운전불이행,습기,비,단일로 - 기타,기타불명,기타불명,기타불명,기타불명,보행자,남,70세,사망
2014052500100646,2014년 5월 25일 23시,일요일,경상북도 경주시 성건동,경상사고,0,0,4,0,차대차 - 기타,안전운전불이행,건조,맑음,교차로 - 교차로안,승용,남,22세,경상,승용,남,44세,경상
2014052600100027,2014년 5월 26일 01시,월요일,경상북도 경주시 현곡면,중상사고,0,1,1,0,차대차 - 기타,안전운전불이행,습기,흐림,단일로 - 기타,승용,남,26세,상해없음,화물,남,53세,경상
2014052600100028,2014년 5월 26일 01시,월요일,경상북도 구미시 사곡동,중상사고,0,1,0,0,차대차 - 기타,중앙선침범,습기,비,단일로 - 기타,승용,여,37세,상해없음,화물,남,45세,중상
2014052600100037,2014년 5월 26일 02시,월요일,경상북도 경산시 대동,경상사고,0,0,1,0,차대차 - 기타,안전운전불이행,건조,맑음,단일로 - 기타,승용,여,20세,상해없음,승용,남,30세,경상
2014052600100038,2014년 5월 26일 02시,월요일,경상북도 구미시 인의동,부상신고사고,0,0,0,1,차대차 - 기타,중앙선침범,기타,기타,기타 - 기타,승용,여,39세,상해없음,이륜,여,48세,부상신고
2014052600100056,2014년 5월 26일 04시,월요일,경상북도 경산시 하양읍,중상사고,0,1,0,0,차대차 - 기타,안전운전불이행,건조,맑음,단일로 - 기타,승용,남,26세,상해없음,화물,남,23세,중상
2014052600100057,2014년 5월 26일 04시,월요일,경상북도 구미시 임수동,중상사고,0,1,0,0,차량단독 - 전도전복,기타,습기,비,단일로 - 기타,이륜,여,25세,중상,,,,
2014052600100058,2014년 5월 26일 04시,월요일,경상북도 구미시 원평동,경상사고,0,0,1,0,차대차 - 기타,안전운전불이행,습기,비,기타 - 기타,승용,남,25세,상해없음,승용,남,26세,경상
2014052600100103,2014년 5월 26일 07시,월요일,경상북도 경산시 조영동,경상사고,0,0,2,0,차대차 - 기타,교차로운행방법위반,건조,맑음,교차로 - 교차로안,승용,여,47세,경상,승용,여,22세,경상
2014052600100138,2014년 5월 26일 08시,월요일,경상북도 경산시 옥산동,경상사고,0,0,4,0,차대차 - 기타,기타,건조,맑음,교차로 - 교차로안,승용,여,38세,경상,승용,남,25세,경상
2014052600100139,2014년 5월 26일 08시,월요일,경상북도 예천군 예천읍,중상사고,0,1,0,0,차대차 - 기타,직진우회전진행방해,건조,맑음,교차로 - 교차로안,승용,남,66세,상해없음,원동기,남,74세,중상
2014052600100140,2014년 5월 26일 08시,월요일,경상북도 구미시 임수동,경상사고,0,0,2,0,차대차 - 추돌 - 주정차중,안전거리미확보,건조,맑음,단일로 - 기타,승합,남,48세,상해없음,승용,여,41세,경상
2014052600100141,2014년 5월 26일 08시,월요일,경상북도 포항시 남구 오천읍,중상사고,0,1,1,0,차대차 - 기타,신호위반,건조,맑음,교차로 - 교차로안,승용,여,49세,중상,화물,남,48세,경상
2014052600100164,2014년 5월 26일 09시,월요일,경상북도 칠곡군 북삼읍,경상사고,0,0,1,0,차대차 - 기타,안전운전불이행,건조,맑음,교차로 - 교차로안,화물,남,42세,상해없음,승용,남,39세,경상
2014052600100198,2014년 5월 26일 10시,월요일,경상북도 경주시 안강읍,중상사고,0,1,1,0,차대차 - 기타,안전운전불이행,건조,맑음,교차로 - 교차로안,화물,남,76세,상해없음,원동기,남,72세,중상
2014052600100199,2014년 5월 26일 10시,월요일,경상북도 경주시 천북면,경상사고,0,0,1,0,차대차 - 기타,안전운전불이행,건조,맑음,단일로 - 기타,승용,남,22세,상해없음,승용,남,45세,경상
2014052600100200,2014년 5월 26일 10시,월요일,경상북도 경산시 자인면,중상사고,0,1,0,0,차대차 - 추돌 - 진행중,안전운전불이행,건조,맑음,단일로 - 기타,원동기,남,70세,중상,화물,남,59세,상해없음
2014052600100233,2014년 5월 26일 11시,월요일,경상북도 상주시 신봉동,경상사고,0,0,2,0,차대차 - 추돌 - 진행중,안전거리미확보,건조,맑음,단일로 - 기타,승용,남,48세,상해없음,승용,여,64세,상해없음
2014052600100263,2014년 5월 26일 12시,월요일,경상북도 구미시 신평동,중상사고,0,1,0,0,차대차 - 기타,안전운전불이행,건조,맑음,교차로 - 교차로안,승용,남,21세,기타불명,승용,남,39세,중상
2014052600100264,2014년 5월 26일 12시,월요일,경상북도 포항시 남구 대잠동,경상사고,0,0,2,0,차대차 - 기타,안전운전불이행,건조,맑음,교차로 - 교차로부근,승용,남,32세,경상,승용,여,52세,경상
2014052600100288,2014년 5월 26일 13시,월요일,경상북도 포항시 북구 두호동,경상사고,0,0,1,0,차대차 - 기타,안전운전불이행,건조,맑음,기타 - 기타,승용,남,51세,상해없음,화물,남,31세,경상
2014052600100289,2014년 5월 26일 13시,월요일,경상북도 예천군 풍양면,경상사고,0,0,1,0,차대차 - 측면직각충돌,안전운전불이행,건조,맑음,교차로 - 교차로부근,승용,남,56세,상해없음,화물,남,50세,경상
2014052600100290,2014년 5월 26일 13시,월요일,경상북도 봉화군 물야면,경상사고,0,0,1,0,차량단독 - 도로외이탈 - 추락,안전운전불이행,건조,맑음,단일로 - 기타,승용,남,75세,상해없음,,,,
2014052600100318,2014년 5월 26일 14시,월요일,경상북도 포항시 북구 대흥동,중상사고,0,1,0,0,차대사람 - 기타,안전운전불이행,건조,맑음,단일로 - 기타,승용,남,27세,상해없음,보행자,여,38세,중상
2014052600100319,2014년 5월 26일 14시,월요일,경상북도 칠곡군 왜관읍,중상사고,0,1,0,0,차대차 - 기타,안전운전불이행,건조,맑음,단일로 - 기타,승용,남,69세,상해없음,이륜,여,78세,중상
2014052600100352,2014년 5월 26일 15시,월요일,경상북도 포항시 북구 흥해읍,중상사고,0,1,0,0,차대사람 - 기타,안전운전불이행,건조,맑음,교차로 - 교차로안,승용,여,42세,상해없음,보행자,여,54세,중상
2014052600100353,2014년 5월 26일 15시,월요일,경상북도 경산시 사정동,중상사고,0,1,0,0,차대차 - 기타,안전거리미확보,건조,맑음,단일로 - 기타,승용,남,51세,상해없음,승합,남,58세,상해없음
2014052600100394,2014년 5월 26일 16시,월요일,경상북도 경주시 안강읍,중상사고,0,1,0,0,차대사람 - 기타,중앙선침범,건조,맑음,단일로 - 기타,승용,남,60세,상해없음,보행자,여,4세,중상
2014052600100395,2014년 5월 26일 16시,월요일,경상북도 경주시 황오동,중상사고,0,1,0,0,차대차 - 기타,안전운전불이행,건조,맑음,단일로 - 교량,승용,남,35세,상해없음,승용,여,43세,중상
2014052600100396,2014년 5월 26일 16시,월요일,경상북도 포항시 북구 장성동,경상사고,0,0,1,0,차대사람 - 기타,안전운전불이행,건조,맑음,단일로 - 기타,승용,여,51세,상해없음,보행자,여,70세,경상
2014052600100397,2014년 5월 26일 16시,월요일,경상북도 포항시 북구 양덕동,중상사고,0,1,0,0,차대사람 - 기타,안전운전불이행,건조,맑음,단일로 - 기타,승용,남,33세,상해없음,보행자,여,45세,중상
2014052600100398,2014년 5월 26일 16시,월요일,경상북도 영천시 야사동,중상사고,0,1,0,0,차대차 - 기타,안전운전불이행,건조,맑음,기타 - 기타,화물,남,75세,상해없음,승용,남,41세,상해없음
2014052600100434,2014년 5월 26일 17시,월요일,경상북도 김천시 평화동,중상사고,0,1,0,0,차대차 - 측면직각충돌,안전운전불이행,건조,맑음,교차로 - 교차로안,승용,남,67세,상해없음,승용,여,42세,중상
2014052600100435,2014년 5월 26일 17시,월요일,경상북도 구미시 황상동,경상사고,0,0,1,0,차대사람 - 기타,보행자보호의무위반,건조,맑음,단일로 - 기타,승합,남,40세,상해없음,보행자,남,59세,경상
2014052600100436,2014년 5월 26일 17시,월요일,경상북도 포항시 남구 청림동,경상사고,0,0,1,0,차대차 - 측면직각충돌,안전운전불이행,건조,맑음,단일로 - 기타,승용,남,27세,상해없음,승용,남,50세,경상
2014052600100482,2014년 5월 26일 18시,월요일,경상북도 안동시 와룡면,경상사고,0,0,1,0,차대차 - 추돌 - 주정차중,교차로운행방법위반,건조,맑음,단일로 - 기타,이륜,여,60세,경상,승용,남,61세,상해없음
2014052600100529,2014년 5월 26일 19시,월요일,경상북도 경주시 용강동,경상사고,0,0,1,0,차대차 - 기타,안전운전불이행,건조,맑음,단일로 - 횡단보도상,승합,남,27세,상해없음,자전거,남,6세,경상
2014052600100530,2014년 5월 26일 19시,월요일,경상북도 구미시 옥계동,경상사고,0,0,1,0,차대사람 - 기타,안전운전불이행,건조,맑음,교차로 - 교차로부근,기타불명,기타불명,기타불명,기타불명,보행자,여,43세,경상
2014052600100555,2014년 5월 26일 20시,월요일,경상북도 경주시 천북면,경상사고,0,0,1,0,차대차 - 기타,안전운전불이행,건조,맑음,교차로 - 교차로안,승용,남,42세,상해없음,승용,여,42세,경상
2014052600100556,2014년 5월 26일 20시,월요일,경상북도 경산시 압량면,경상사고,0,0,1,0,차대사람 - 기타,보행자보호의무위반,건조,맑음,단일로 - 횡단보도상,원동기,남,42세,상해없음,보행자,남,25세,경상
2014052600100587,2014년 5월 26일 21시,월요일,경상북도 포항시 북구 득량동,경상사고,0,0,3,0,차대차 - 기타,교차로운행방법위반,건조,맑음,교차로 - 교차로안,승합,남,59세,상해없음,승용,여,61세,경상
2014052600100588,2014년 5월 26일 21시,월요일,경상북도 안동시 광석동,중상사고,0,1,0,0,차대사람 - 횡단중,보행자보호의무위반,건조,맑음,교차로 - 교차로부근,원동기,남,29세,상해없음,보행자,여,22세,중상
2014052600100617,2014년 5월 26일 22시,월요일,경상북도 포항시 북구 신흥동,경상사고,0,0,1,0,차대사람 - 기타,보행자보호의무위반,건조,맑음,교차로 - 교차로부근,승용,남,32세,상해없음,보행자,남,41세,경상
2014052600100618,2014년 5월 26일 22시,월요일,경상북도 안동시 풍산읍,중상사고,0,1,0,0,차대사람 - 횡단중,안전운전불이행,건조,맑음,단일로 - 기타,승합,남,41세,상해없음,보행자,남,40세,중상
2014052600100619,2014년 5월 26일 22시,월요일,경상북도 구미시 옥계동,경상사고,0,0,1,0,차대차 - 기타,안전운전불이행,건조,맑음,기타 - 기타,승용,남,35세,상해없음,승용,여,49세,경상
2014052600100644,2014년 5월 26일 23시,월요일,경상북도 경주시 충효동,경상사고,0,0,1,0,차대차 - 기타,안전운전불이행,건조,맑음,단일로 - 기타,승용,기타불명,기타불명,기타불명,승용,남,59세,경상
2014052700100036,2014년 5월 27일 03시,화요일,경상북도 포항시 북구 죽도동,경상사고,0,0,1,0,차대차 - 기타,안전운전불이행,건조,맑음,교차로 - 교차로부근,승용,남,45세,상해없음,승용,남,42세,경상
2014052700100037,2014년 5월 27일 03시,화요일,경상북도 칠곡군 동명면,중상사고,0,2,0,0,차량단독 - 공작물충돌,안전운전불이행,건조,맑음,단일로 - 기타,승용,여,27세,중상,,,,
2014052700100076,2014년 5월 27일 06시,화요일,경상북도 경산시 압량면,중상사고,0,1,0,0,차대차 - 기타,안전운전불이행,건조,맑음,단일로 - 기타,농기계,남,62세,중상,화물,남,64세,상해없음
2014052700100101,2014년 5월 27일 07시,화요일,경상북도 경주시 외동읍,중상사고,0,4,0,0,차대차 - 기타,안전운전불이행,건조,맑음,단일로 - 기타,화물,남,54세,기타불명,승용,남,34세,중상
2014052700100102,2014년 5월 27일 07시,화요일,경상북도 영주시 휴천동,경상사고,0,0,2,0,차대차 - 추돌 - 주정차중,안전운전불이행,건조,맑음,단일로 - 기타,승용,여,47세,상해없음,승용,남,45세,경상
2014052700100152,2014년 5월 27일 08시,화요일,경상북도 구미시 인의동,중상사고,0,1,0,0,차대차 - 기타,교차로운행방법위반,건조,맑음,교차로 - 교차로안,승용,여,46세,상해없음,자전거,남,15세,중상
2014052700100201,2014년 5월 27일 09시,화요일,경상북도 칠곡군 지천면,중상사고,0,1,0,0,차대차 - 기타,안전운전불이행,건조,맑음,단일로 - 기타,승용,남,61세,상해없음,이륜,남,37세,중상
2014052700100202,2014년 5월 27일 09시,화요일,경상북도 영천시 문외동,중상사고,0,2,0,0,차대차 - 기타,안전거리미확보,건조,맑음,교차로 - 교차로부근,원동기,남,87세,중상,승용,남,34세,상해없음
2014052700100203,2014년 5월 27일 09시,화요일,경상북도 경산시 하양읍,중상사고,0,1,1,0,차대차 - 기타,안전운전불이행,건조,맑음,교차로 - 교차로부근,승용,남,70세,경상,승용,여,25세,중상
2014052700100204,2014년 5월 27일 09시,화요일,경상북도 포항시 남구 해도동,부상신고사고,0,0,0,1,차대차 - 기타,차로위반,건조,맑음,교차로 - 교차로안,승용,남,69세,부상신고,승합,남,66세,상해없음
2014052700100228,2014년 5월 27일 10시,화요일,경상북도 경주시 노서동,경상사고,0,0,1,0,차대사람 - 기타,안전운전불이행,건조,맑음,기타 - 기타,승용,여,55세,상해없음,보행자,여,31세,경상
2014052700100249,2014년 5월 27일 11시,화요일,경상북도 포항시 북구 흥해읍,중상사고,0,1,0,0,차대사람 - 기타,안전운전불이행,건조,맑음,교차로 - 교차로안,승용,남,46세,상해없음,보행자,여,75세,중상
2014052700100250,2014년 5월 27일 11시,화요일,경상북도 김천시 지좌동,중상사고,0,1,1,0,차대차 - 측면직각충돌,중앙선침범,건조,맑음,교차로 - 교차로부근,승용,남,42세,상해없음,승용,남,63세,상해없음
2014052700100251,2014년 5월 27일 11시,화요일,경상북도 포항시 남구 오천읍,중상사고,0,1,0,0,차대차 - 기타,안전운전불이행,건조,맑음,교차로 - 교차로안,승용,남,40세,상해없음,이륜,남,18세,중상
2014052700100252,2014년 5월 27일 11시,화요일,경상북도 포항시 남구 오천읍,경상사고,0,0,1,0,차대사람 - 기타,안전운전불이행,건조,맑음,단일로 - 기타,건설기계,남,52세,상해없음,보행자,여,70세,경상
2014052700100284,2014년 5월 27일 12시,화요일,경상북도 경주시 동천동,중상사고,0,1,0,0,차대사람 - 기타,안전운전불이행,건조,맑음,단일로 - 기타,화물,남,48세,상해없음,보행자,여,77세,중상
2014052700100310,2014년 5월 27일 13시,화요일,경상북도 경주시 현곡면,경상사고,0,0,1,0,차대차 - 기타,안전운전불이행,건조,맑음,교차로 - 교차로안,화물,여,54세,상해없음,승용,여,48세,경상
2014052700100311,2014년 5월 27일 13시,화요일,경상북도 안동시 옥야동,중상사고,0,1,0,0,차대차 - 기타,안전거리미확보,건조,맑음,단일로 - 기타,승용,남,53세,상해없음,화물,남,65세,중상
2014052700100312,2014년 5월 27일 13시,화요일,경상북도 성주군 선남면,경상사고,0,0,2,0,차대차 - 측면직각충돌,안전거리미확보,기타,맑음,교차로 - 교차로부근,화물,남,69세,상해없음,승용,여,51세,경상
2014052700100340,2014년 5월 27일 14시,화요일,경상북도 경주시 성동동,경상사고,0,0,1,0,차대차 - 기타,안전운전불이행,건조,맑음,교차로 - 교차로안,화물,남,39세,상해없음,자전거,여,75세,경상
2014052700100341,2014년 5월 27일 14시,화요일,경상북도 경주시 현곡면,중상사고,0,2,0,0,차대차 - 기타,안전거리미확보,건조,맑음,단일로 - 교량,화물,남,71세,상해없음,승용,여,54세,중상
2014052700100342,2014년 5월 27일 14시,화요일,경상북도 경주시 외동읍,경상사고,0,0,2,0,차대차 - 기타,안전운전불이행,건조,맑음,단일로 - 기타,승용,남,42세,상해없음,승용,여,32세,경상
2014052700100343,2014년 5월 27일 14시,화요일,경상북도 안동시 명륜동,경상사고,0,0,1,0,차대사람 - 기타,안전운전불이행,건조,맑음,교차로 - 교차로안,화물,남,34세,상해없음,보행자,남,86세,경상
2014052700100344,2014년 5월 27일 14시,화요일,경상북도 경산시 와촌면,부상신고사고,0,0,0,1,차대차 - 기타,안전거리미확보,건조,맑음,교차로 - 교차로안,승용,남,78세,상해없음,승용,남,43세,부상신고
2014052700100383,2014년 5월 27일 15시,화요일,경상북도 의성군 의성읍,경상사고,0,0,1,0,차대사람 - 횡단중,보행자보호의무위반,건조,맑음,교차로 - 교차로안,화물,남,44세,상해없음,보행자,여,8세,경상
2014052700100420,2014년 5월 27일 16시,화요일,경상북도 안동시 삼산동,부상신고사고,0,0,0,1,차대차 - 기타,안전운전불이행,건조,맑음,교차로 - 교차로부근,원동기,여,53세,부상신고,승용,남,41세,상해없음
2014052700100421,2014년 5월 27일 16시,화요일,경상북도 영주시 조암동,중상사고,0,1,1,0,차대차 - 측면직각충돌,직진우회전진행방해,건조,맑음,교차로 - 교차로안,승용,남,44세,중상,승용,여,44세,경상
2014052700100422,2014년 5월 27일 16시,화요일,경상북도 울진군 북면,경상사고,0,0,3,0,차대차 - 기타,중앙선침범,건조,맑음,기타 - 기타,승용,여,34세,경상,승용,남,35세,경상
2014052700100423,2014년 5월 27일 16시,화요일,경상북도 군위군 우보면,중상사고,0,3,0,0,차대차 - 정면충돌,중앙선침범,건조,맑음,단일로 - 기타,승용,여,45세,중상,승용,남,40세,중상
2014052700100424,2014년 5월 27일 16시,화요일,경상북도 포항시 남구 대도동,경상사고,0,0,3,0,차대차 - 추돌 - 주정차중,안전운전불이행,건조,맑음,단일로 - 기타,승용,남,48세,상해없음,승용,남,57세,경상
2014052700100472,2014년 5월 27일 17시,화요일,경상북도 포항시 북구 대신동,부상신고사고,0,0,0,1,차대차 - 측면직각충돌,중앙선침범,건조,맑음,단일로 - 기타,승용,남,40세,상해없음,승용,여,53세,부상신고
2014052700100473,2014년 5월 27일 17시,화요일,경상북도 영천시 금호읍,경상사고,0,0,1,0,차량단독 - 공작물충돌,안전운전불이행,건조,맑음,단일로 - 기타,승용,여,33세,경상,,,,
2014052700100474,2014년 5월 27일 17시,화요일,경상북도 경산시 압량면,경상사고,0,0,1,0,차대차 - 기타,신호위반,건조,맑음,교차로 - 교차로부근,화물,남,47세,상해없음,자전거,남,32세,경상
2014052700100475,2014년 5월 27일 17시,화요일,경상북도 청도군 화양읍,경상사고,0,0,1,0,차대사람 - 기타,안전운전불이행,건조,맑음,단일로 - 기타,승용,남,66세,상해없음,보행자,남,7세,경상
2014052700100512,2014년 5월 27일 18시,화요일,경상북도 안동시 안막동,중상사고,0,3,0,0,차대차 - 기타,안전운전불이행,건조,맑음,단일로 - 기타,승용,여,51세,중상,화물,여,54세,중상
2014052700100513,2014년 5월 27일 18시,화요일,경상북도 포항시 남구 괴동동,경상사고,0,0,1,0,차대차 - 기타,안전운전불이행,건조,맑음,단일로 - 기타,화물,남,43세,상해없음,승용,여,53세,경상
2014052700100545,2014년 5월 27일 19시,화요일,경상북도 의성군 단촌면,중상사고,0,1,0,0,차대차 - 추돌 - 진행중,안전운전불이행,건조,맑음,단일로 - 기타,원동기,남,67세,상해없음,자전거,여,64세,중상
2014052700100546,2014년 5월 27일 19시,화요일,경상북도 경산시 자인면,중상사고,0,3,1,0,차대차 - 기타,안전운전불이행,건조,맑음,단일로 - 기타,농기계,남,67세,중상,승용,남,42세,상해없음
2014052700100570,2014년 5월 27일 20시,화요일,경상북도 경주시 안강읍,중상사고,0,1,0,0,차대사람 - 기타,안전운전불이행,건조,맑음,단일로 - 기타,승용,남,54세,상해없음,보행자,남,60세,중상
2014052700100571,2014년 5월 27일 20시,화요일,경상북도 영천시 금호읍,경상사고,0,0,1,0,차대차 - 추돌 - 진행중,안전운전불이행,건조,맑음,단일로 - 기타,승용,남,33세,상해없음,특수,남,33세,경상
2014052700100592,2014년 5월 27일 21시,화요일,경상북도 구미시 진평동,중상사고,0,1,0,0,차대차 - 기타,안전운전불이행,건조,맑음,교차로 - 교차로안,승용,남,36세,상해없음,이륜,남,23세,중상
2014052700100593,2014년 5월 27일 21시,화요일,경상북도 포항시 남구 오천읍,경상사고,0,0,1,0,차대차 - 측면직각충돌,안전운전불이행,건조,맑음,교차로 - 교차로안,승용,남,50세,상해없음,승용,여,42세,경상
2014052700100628,2014년 5월 27일 22시,화요일,경상북도 영덕군 영덕읍,부상신고사고,0,0,0,1,차량단독 - 공작물충돌,안전운전불이행,건조,맑음,교차로 - 교차로부근,승용,남,59세,부상신고,,,,
2014052700100629,2014년 5월 27일 22시,화요일,경상북도 청도군 화양읍,중상사고,0,2,1,0,차대차 - 기타,중앙선침범,건조,맑음,단일로 - 기타,승용,남,64세,상해없음,승합,남,45세,중상
2014052700100645,2014년 5월 27일 23시,화요일,경상북도 상주시 성하동,경상사고,0,0,1,0,차대차 - 추돌 - 진행중,안전운전불이행,건조,맑음,단일로 - 기타,승용,남,41세,상해없음,승용,남,49세,경상
2014052800100015,2014년 5월 28일 00시,수요일,경상북도 포항시 북구 중앙동,경상사고,0,0,1,0,차대사람 - 기타,신호위반,건조,맑음,단일로 - 횡단보도상,승합,남,63세,상해없음,보행자,남,34세,경상
2014052800100016,2014년 5월 28일 00시,수요일,경상북도 구미시 사곡동,중상사고,0,1,0,0,차대차 - 기타,안전운전불이행,건조,맑음,교차로 - 교차로부근,승용,남,23세,상해없음,승합,여,41세,중상
2014052800100028,2014년 5월 28일 01시,수요일,경상북도 포항시 북구 흥해읍,중상사고,0,1,0,0,차량단독 - 공작물충돌,안전운전불이행,건조,맑음,단일로 - 기타,승용,남,43세,중상,,,,
2014052800100044,2014년 5월 28일 03시,수요일,경상북도 포항시 북구 항구동,중상사고,0,1,0,0,차대차 - 기타,안전운전불이행,건조,맑음,교차로 - 교차로부근,승용,남,52세,상해없음,자전거,남,57세,중상
2014052800100045,2014년 5월 28일 03시,수요일,경상북도 경산시 진량읍,경상사고,0,0,3,0,차대차 - 추돌 - 진행중,안전운전불이행,건조,맑음,단일로 - 기타,기타불명,기타불명,기타불명,기타불명,승용,남,28세,경상
2014052800100046,2014년 5월 28일 03시,수요일,경상북도 구미시 황상동,경상사고,0,0,1,0,차대사람 - 기타,안전운전불이행,건조,맑음,단일로 - 기타,승용,남,28세,상해없음,보행자,여,23세,경상
2014052800100099,2014년 5월 28일 07시,수요일,경상북도 포항시 북구 흥해읍,중상사고,0,1,0,0,차대사람 - 기타,안전운전불이행,건조,맑음,단일로 - 기타,승용,남,26세,상해없음,보행자,남,75세,중상
2014052800100100,2014년 5월 28일 07시,수요일,경상북도 영덕군 지품면,경상사고,0,0,1,0,차대차 - 측면직각충돌,중앙선침범,건조,맑음,단일로 - 기타,승용,남,74세,상해없음,화물,남,47세,경상
2014052800100140,2014년 5월 28일 08시,수요일,경상북도 영주시 하망동,경상사고,0,0,1,0,차대사람 - 기타,안전운전불이행,건조,맑음,단일로 - 기타,승용,여,45세,상해없음,보행자,여,79세,경상
2014052800100141,2014년 5월 28일 08시,수요일,경상북도 영주시 문정동,중상사고,0,1,1,0,차대차 - 측면직각충돌,안전운전불이행,건조,맑음,교차로 - 교차로안,승용,여,34세,경상,승용,남,59세,중상
2014052800100199,2014년 5월 28일 10시,수요일,경상북도 경주시 황성동,중상사고,0,1,0,0,차대차 - 기타,중앙선침범,건조,맑음,교차로 - 교차로안,이륜,여,77세,중상,승용,남,56세,상해없음
2014052800100224,2014년 5월 28일 11시,수요일,경상북도 경주시 충효동,중상사고,0,1,0,0,차대사람 - 기타,안전운전불이행,건조,맑음,교차로 - 교차로부근,승합,남,42세,상해없음,보행자,여,33세,중상
2014052800100225,2014년 5월 28일 11시,수요일,경상북도 구미시 옥성면,사망사고,1,0,0,0,차량단독 - 공작물충돌,안전운전불이행,건조,맑음,단일로 - 기타,이륜,남,79세,사망,,,,
2014052800100226,2014년 5월 28일 11시,수요일,경상북도 포항시 남구 해도동,경상사고,0,0,1,0,차대차 - 기타,차로위반,건조,맑음,단일로 - 기타,자전거,남,76세,경상,승용,여,48세,상해없음
2014052800100260,2014년 5월 28일 12시,수요일,경상북도 칠곡군 왜관읍,경상사고,0,0,1,0,차대차 - 기타,안전운전불이행,건조,맑음,단일로 - 기타,승합,남,55세,상해없음,자전거,남,76세,경상
2014052800100261,2014년 5월 28일 12시,수요일,경상북도 경산시 대동,경상사고,0,0,1,0,차대사람 - 기타,안전운전불이행,건조,맑음,단일로 - 기타,승용,여,30세,기타불명,보행자,여,45세,경상
2014052800100262,2014년 5월 28일 12시,수요일,경상북도 경산시 하양읍,경상사고,0,0,1,0,차대사람 - 기타,안전운전불이행,건조,맑음,교차로 - 교차로부근,승용,남,20세,상해없음,보행자,여,22세,경상
2014052800100287,2014년 5월 28일 13시,수요일,경상북도 포항시 북구 두호동,경상사고,0,0,1,0,차대차 - 기타,안전운전불이행,건조,맑음,교차로 - 교차로안,승용,여,66세,상해없음,승용,여,28세,경상
2014052800100288,2014년 5월 28일 13시,수요일,경상북도 포항시 북구 양덕동,경상사고,0,0,1,0,차대사람 - 기타,안전운전불이행,건조,맑음,기타 - 기타,승용,남,35세,상해없음,보행자,남,46세,경상
2014052800100289,2014년 5월 28일 13시,수요일,경상북도 경산시 자인면,경상사고,0,0,1,0,차대차 - 기타,안전운전불이행,건조,맑음,단일로 - 기타,화물,남,24세,상해없음,승용,여,39세,경상
2014052800100290,2014년 5월 28일 13시,수요일,경상북도 구미시 형곡동,중상사고,0,1,0,0,차대사람 - 기타,안전운전불이행,건조,맑음,기타 - 기타,기타불명,기타불명,기타불명,기타불명,보행자,여,35세,중상
2014052800100291,2014년 5월 28일 13시,수요일,경상북도 포항시 남구 청림동,경상사고,0,0,1,0,차대차 - 기타,안전운전불이행,건조,맑음,교차로 - 교차로부근,승용,남,58세,상해없음,화물,남,50세,상해없음
2014052800100319,2014년 5월 28일 14시,수요일,경상북도 예천군 예천읍,중상사고,0,2,1,0,차대차 - 측면직각충돌,신호위반,건조,맑음,교차로 - 교차로안,화물,남,63세,중상,화물,남,62세,중상
2014052800100347,2014년 5월 28일 15시,수요일,경상북도 구미시 옥계동,경상사고,0,0,1,0,차대차 - 기타,교차로운행방법위반,건조,맑음,교차로 - 교차로안,승용,여,42세,상해없음,이륜,남,20세,경상
2014052800100388,2014년 5월 28일 16시,수요일,경상북도 포항시 북구 장성동,중상사고,0,1,1,1,차대차 - 기타,신호위반,습기,비,교차로 - 교차로안,승용,여,34세,부상신고,승용,남,72세,중상
2014052800100389,2014년 5월 28일 16시,수요일,경상북도 영천시 금호읍,중상사고,0,1,0,0,차대차 - 기타,안전운전불이행,건조,맑음,교차로 - 교차로안,원동기,남,72세,중상,화물,남,73세,상해없음
2014052800100390,2014년 5월 28일 16시,수요일,경상북도 영천시 망정동,경상사고,0,0,1,0,차대차 - 기타,안전운전불이행,건조,맑음,교차로 - 교차로부근,승용,여,28세,상해없음,승합,남,57세,경상
2014052800100430,2014년 5월 28일 17시,수요일,경상북도 경주시 동천동,경상사고,0,0,1,0,차대차 - 기타,안전운전불이행,습기,비,기타 - 기타,승용,남,45세,상해없음,승용,남,44세,경상
2014052800100431,2014년 5월 28일 17시,수요일,경상북도 안동시 태화동,경상사고,0,0,4,0,차대차 - 정면충돌,안전운전불이행,건조,맑음,기타 - 기타,승용,여,61세,경상,승용,여,49세,경상
2014052800100432,2014년 5월 28일 17시,수요일,경상북도 안동시 옥동,중상사고,0,1,0,0,차대사람 - 길가장자리구역통행중,안전운전불이행,건조,맑음,교차로 - 교차로안,승용,남,36세,상해없음,보행자,남,17세,중상
2014052800100433,2014년 5월 28일 17시,수요일,경상북도 청도군 화양읍,경상사고,0,0,1,0,차대차 - 기타,직진우회전진행방해,건조,흐림,교차로 - 교차로안,이륜,여,75세,경상,화물,남,58세,상해없음
2014052800100434,2014년 5월 28일 17시,수요일,경상북도 구미시 형곡동,경상사고,0,0,1,0,차대사람 - 기타,안전운전불이행,건조,맑음,기타 - 기타,이륜,남,25세,기타불명,보행자,남,2세,경상