사고번호,사고일시,요일,시군구,사고내용,사망자수,중상자수,경상자수,부상신고자수,사고유형,법규위반,노면상태,기상상태,도로형태,가해운전자 차종,가해운전자 성별,가해운전자 연령,가해운전자 상해정도,피해운전자 차종,피해운전자 성별,피해운전자 연령,피해운전자 상해정도
2014060200100374,2014년 6월 2일 16시,월요일,경상북도 군위군 의흥면,경상사고,0,0,1,0,차대사람 - 길가장자리구역통행중,안전운전불이행,건조,맑음,교차로 - 교차로안,승용,남,50세,상해없음,보행자,여,82세,경상
2014060200100404,2014년 6월 2일 17시,월요일,경상북도 안동시 남선면,중상사고,0,1,0,0,차량단독 - 기타,기타,건조,맑음,단일로 - 기타,승합,남,48세,기타불명,,,,
2014060200100405,2014년 6월 2일 17시,월요일,경상북도 김천시 황금동,경상사고,0,0,1,0,차대사람 - 기타,보행자보호의무위반,건조,맑음,단일로 - 기타,이륜,남,74세,상해없음,보행자,여,74세,경상
2014060200100406,2014년 6월 2일 17시,월요일,경상북도 문경시 불정동,경상사고,0,0,1,0,차대차 - 측면직각충돌,안전거리미확보,건조,맑음,기타 - 기타,화물,남,39세,상해없음,승용,남,35세,경상
2014060200100434,2014년 6월 2일 18시,월요일,경상북도 안동시 운흥동,경상사고,0,0,1,0,차대차 - 기타,안전거리미확보,건조,맑음,단일로 - 기타,승용,여,45세,상해없음,승용,남,56세,경상
2014060200100435,2014년 6월 2일 18시,월요일,경상북도 상주시 신봉동,경상사고,0,0,1,0,차대사람 - 기타,안전운전불이행,건조,맑음,단일로 - 기타,승용,여,44세,상해없음,보행자,남,4세,경상
2014060200100436,2014년 6월 2일 18시,월요일,경상북도 구미시 진평동,경상사고,0,0,2,0,차대차 - 기타,신호위반,건조,맑음,교차로 - 교차로안,승용,남,27세,상해없음,승용,여,33세,경상
2014060200100437,2014년 6월 2일 18시,월요일,경상북도 포항시 남구 대잠동,중상사고,0,1,0,0,차대사람 - 횡단중,안전운전불이행,습기,비,단일로 - 기타,이륜,남,24세,상해없음,보행자,여,10세,중상
2014060200100467,2014년 6월 2일 19시,월요일,경상북도 경주시 용강동,중상사고,0,1,0,0,차대차 - 기타,안전운전불이행,습기,비,단일로 - 기타,승용,여,48세,상해없음,승용,여,45세,중상
2014060200100468,2014년 6월 2일 19시,월요일,경상북도 상주시 서성동,중상사고,0,1,0,0,차대차 - 기타,안전운전불이행,습기,비,단일로 - 기타,원동기,남,30세,상해없음,자전거,여,65세,중상
2014060200100509,2014년 6월 2일 20시,월요일,경상북도 경주시 용강동,중상사고,0,1,0,0,차대차 - 측면직각충돌,안전운전불이행,습기,비,교차로 - 교차로안,승용,여,27세,상해없음,원동기,여,53세,중상
2014060200100510,2014년 6월 2일 20시,월요일,경상북도 김천시 성내동,중상사고,0,1,0,0,차대차 - 측면직각충돌,안전운전불이행,건조,맑음,단일로 - 기타,승용,남,57세,상해없음,이륜,남,55세,중상
2014060200100511,2014년 6월 2일 20시,월요일,경상북도 경산시 하양읍,경상사고,0,0,1,0,차대사람 - 기타,안전운전불이행,습기,맑음,교차로 - 교차로안,승용,남,48세,상해없음,보행자,여,52세,경상
2014060200100512,2014년 6월 2일 20시,월요일,경상북도 경산시 계양동,경상사고,0,0,2,0,차대차 - 기타,안전운전불이행,건조,맑음,단일로 - 기타,승용,남,32세,상해없음,승용,여,41세,경상
2014060200100513,2014년 6월 2일 20시,월요일,경상북도 구미시 진평동,경상사고,0,0,1,0,차대차 - 측면직각충돌,안전운전불이행,건조,맑음,교차로 - 교차로안,승용,남,38세,상해없음,자전거,여,34세,경상
2014060200100514,2014년 6월 2일 20시,월요일,경상북도 구미시 원평동,경상사고,0,0,1,0,차대사람 - 기타,보행자보호의무위반,습기,비,단일로 - 기타,승용,남,36세,상해없음,보행자,여,18세,경상
2014060200100551,2014년 6월 2일 21시,월요일,경상북도 경주시 충효동,경상사고,0,0,1,0,차대차 - 기타,안전운전불이행,습기,비,교차로 - 교차로안,승용,여,44세,상해없음,승용,남,53세,경상
2014060200100552,2014년 6월 2일 21시,월요일,경상북도 안동시 남문동,중상사고,0,1,0,0,차대사람 - 기타,안전운전불이행,건조,맑음,단일로 - 기타,승용,남,56세,상해없음,보행자,남,45세,중상
2014060200100553,2014년 6월 2일 21시,월요일,경상북도 김천시 지좌동,경상사고,0,0,1,0,차대차 - 측면직각충돌,안전운전불이행,건조,맑음,교차로 - 교차로안,승용,남,26세,상해없음,이륜,남,60세,경상
2014060200100554,2014년 6월 2일 21시,월요일,경상북도 칠곡군 왜관읍,경상사고,0,0,1,0,차대차 - 기타,안전운전불이행,습기,비,교차로 - 교차로부근,승용,남,45세,상해없음,승용,여,52세,경상
2014060200100555,2014년 6월 2일 21시,월요일,경상북도 구미시 광평동,중상사고,0,1,0,0,차대차 - 기타,신호위반,건조,맑음,단일로 - 기타,승용,남,53세,상해없음,승용,남,43세,중상
2014060200100556,2014년 6월 2일 21시,월요일,경상북도 구미시 공단동,중상사고,0,1,1,0,차대차 - 기타,안전거리미확보,습기,비,단일로 - 기타,승용,남,53세,상해없음,승용,남,38세,경상
2014060200100557,2014년 6월 2일 21시,월요일,경상북도 포항시 남구 대잠동,부상신고사고,0,0,0,1,차대차 - 기타,중앙선침범,습기,비,단일로 - 기타,이륜,남,25세,부상신고,승용,남,49세,상해없음
2014060200100601,2014년 6월 2일 22시,월요일,경상북도 안동시 평화동,중상사고,0,1,0,0,차대사람 - 기타,안전운전불이행,습기,비,교차로 - 교차로부근,이륜,남,19세,상해없음,보행자,여,53세,중상
2014060200100602,2014년 6월 2일 22시,월요일,경상북도 포항시 남구 효자동,경상사고,0,0,1,0,차대차 - 기타,안전운전불이행,습기,비,단일로 - 기타,승용,남,54세,상해없음,이륜,남,58세,경상
2014060200100650,2014년 6월 2일 23시,월요일,경상북도 구미시 진평동,경상사고,0,0,8,0,차대차 - 기타,안전운전불이행,습기,비,기타 - 기타,승용,남,28세,상해없음,승용,여,28세,경상
2014060300100012,2014년 6월 3일 00시,화요일,경상북도 경산시 진량읍,경상사고,0,0,1,0,차대차 - 기타,중앙선침범,건조,맑음,단일로 - 기타,승용,남,34세,상해없음,화물,남,35세,경상
2014060300100013,2014년 6월 3일 00시,화요일,경상북도 포항시 남구 호동,경상사고,0,0,1,0,차량단독 - 공작물충돌,안전운전불이행,습기,비,교차로 - 교차로안,승용,남,27세,상해없음,,,,
2014060300100067,2014년 6월 3일 03시,화요일,경상북도 문경시 유곡동,경상사고,0,0,2,0,차대차 - 측면직각충돌,안전거리미확보,습기,비,단일로 - 기타,화물,남,42세,상해없음,화물,여,51세,경상
2014060300100077,2014년 6월 3일 04시,화요일,경상북도 안동시 정하동,중상사고,0,1,0,0,차대차 - 기타,교차로운행방법위반,습기,비,교차로 - 교차로안,화물,남,47세,상해없음,승용,여,56세,중상
2014060300100100,2014년 6월 3일 06시,화요일,경상북도 김천시 감문면,중상사고,0,1,1,0,차대차 - 측면직각충돌,중앙선침범,습기,비,단일로 - 기타,승용,남,62세,상해없음,화물,남,62세,경상
2014060300100101,2014년 6월 3일 06시,화요일,경상북도 상주시 모서면,경상사고,0,0,1,0,차대차 - 기타,교차로운행방법위반,습기,비,교차로 - 교차로안,승용,남,25세,상해없음,승용,남,54세,경상
2014060300100102,2014년 6월 3일 06시,화요일,경상북도 구미시 임은동,중상사고,0,2,0,0,차대차 - 측면직각충돌,안전운전불이행,습기,비,단일로 - 기타,승용,남,21세,상해없음,화물,남,35세,중상
2014060300100128,2014년 6월 3일 07시,화요일,경상북도 김천시 양천동,중상사고,0,3,0,0,차대차 - 측면직각충돌,안전운전불이행,습기,비,단일로 - 기타,승용,여,49세,상해없음,승합,남,48세,중상
2014060300100129,2014년 6월 3일 07시,화요일,경상북도 문경시 점촌동,경상사고,0,0,1,0,차대차 - 기타,중앙선침범,습기,비,단일로 - 기타,자전거,남,13세,경상,승용,여,50세,상해없음
2014060300100171,2014년 6월 3일 08시,화요일,경상북도 포항시 북구 장성동,경상사고,0,0,2,0,차대차 - 기타,안전운전불이행,습기,비,단일로 - 기타,승용,여,42세,상해없음,승용,남,39세,경상
2014060300100172,2014년 6월 3일 08시,화요일,경상북도 구미시 옥계동,경상사고,0,0,1,0,차대차 - 추돌 - 진행중,안전운전불이행,건조,흐림,단일로 - 기타,승합,남,44세,상해없음,승용,남,44세,경상
2014060300100213,2014년 6월 3일 09시,화요일,경상북도 고령군 다산면,경상사고,0,0,1,0,차대차 - 측면직각충돌,안전운전불이행,건조,맑음,교차로 - 교차로안,승용,남,63세,상해없음,이륜,남,72세,경상
2014060300100237,2014년 6월 3일 10시,화요일,경상북도 포항시 북구 죽도동,경상사고,0,0,1,0,차대사람 - 기타,안전운전불이행,건조,맑음,단일로 - 기타,승용,여,62세,상해없음,보행자,남,43세,경상
2014060300100238,2014년 6월 3일 10시,화요일,경상북도 안동시 정하동,경상사고,0,0,1,0,차대차 - 측면직각충돌,안전운전불이행,건조,흐림,교차로 - 교차로안,승용,남,39세,상해없음,승용,남,61세,경상
2014060300100239,2014년 6월 3일 10시,화요일,경상북도 칠곡군 왜관읍,경상사고,0,0,1,0,차대차 - 기타,안전운전불이행,건조,맑음,단일로 - 기타,승용,여,43세,경상,건설기계,남,49세,상해없음
2014060300100267,2014년 6월 3일 11시,화요일,경상북도 봉화군 봉화읍,경상사고,0,0,1,0,차대사람 - 차도통행중,안전운전불이행,습기,맑음,단일로 - 기타,특수,남,45세,상해없음,보행자,남,64세,경상
2014060300100268,2014년 6월 3일 11시,화요일,경상북도 울진군 울진읍,중상사고,0,1,0,0,차대차 - 측면직각충돌,안전운전불이행,습기,비,교차로 - 교차로안,원동기,남,82세,중상,승용,여,51세,상해없음
2014060300100295,2014년 6월 3일 12시,화요일,경상북도 경산시 중방동,경상사고,0,0,1,0,차대사람 - 기타,안전운전불이행,건조,맑음,단일로 - 기타,승용,남,42세,상해없음,보행자,남,52세,경상
2014060300100296,2014년 6월 3일 12시,화요일,경상북도 구미시 해평면,경상사고,0,0,1,0,차대차 - 기타,교차로운행방법위반,건조,흐림,교차로 - 교차로안,화물,남,52세,상해없음,화물,남,51세,경상
2014060300100324,2014년 6월 3일 13시,화요일,경상북도 영덕군 영해면,경상사고,0,0,1,0,차대사람 - 길가장자리구역통행중,안전운전불이행,습기,비,단일로 - 기타,승용,여,52세,상해없음,보행자,여,55세,경상
2014060300100325,2014년 6월 3일 13시,화요일,경상북도 포항시 남구 호동,중상사고,0,1,1,0,차대차 - 기타,교차로운행방법위반,건조,맑음,교차로 - 교차로안,승용,남,51세,경상,화물,남,24세,중상
2014060300100358,2014년 6월 3일 14시,화요일,경상북도 의성군 의성읍,경상사고,0,0,1,0,차대사람 - 차도통행중,안전운전불이행,건조,맑음,단일로 - 기타,승용,여,36세,상해없음,보행자,남,43세,경상
2014060300100359,2014년 6월 3일 14시,화요일,경상북도 문경시 공평동,경상사고,0,0,1,0,차대차 - 기타,직진우회전진행방해,건조,맑음,교차로 - 교차로안,화물,남,59세,상해없음,승용,여,51세,경상
2014060300100392,2014년 6월 3일 15시,화요일,경상북도 영주시 가흥동,중상사고,0,1,1,0,차대차 - 추돌 - 주정차중,안전운전불이행,건조,맑음,단일로 - 기타,승용,여,33세,상해없음,승용,남,45세,경상
2014060300100393,2014년 6월 3일 15시,화요일,경상북도 울진군 죽변면,중상사고,0,1,0,0,차대차 - 측면직각충돌,안전운전불이행,건조,맑음,단일로 - 기타,승용,남,60세,상해없음,승용,남,69세,중상
2014060300100428,2014년 6월 3일 16시,화요일,경상북도 김천시 남산동,경상사고,0,0,1,0,차대사람 - 기타,안전운전불이행,건조,맑음,단일로 - 기타,승용,남,28세,상해없음,보행자,남,80세,경상
2014060300100465,2014년 6월 3일 17시,화요일,경상북도 포항시 북구 송라면,경상사고,0,0,1,0,차대차 - 기타,안전운전불이행,습기,비,단일로 - 기타,화물,남,63세,상해없음,승용,남,58세,경상
2014060300100466,2014년 6월 3일 17시,화요일,경상북도 안동시 광석동,경상사고,0,0,1,0,차대사람 - 기타,안전운전불이행,습기,비,교차로 - 교차로안,승용,남,70세,상해없음,보행자,여,23세,경상
2014060300100467,2014년 6월 3일 17시,화요일,경상북도 의성군 의성읍,중상사고,0,1,0,0,차대차 - 측면직각충돌,중앙선침범,습기,흐림,단일로 - 기타,화물,남,67세,상해없음,승용,남,32세,중상
2014060300100468,2014년 6월 3일 17시,화요일,경상북도 영주시 영주동,경상사고,0,0,1,0,차대차 - 기타,안전운전불이행,건조,맑음,단일로 - 기타,승용,남,63세,상해없음,자전거,여,72세,경상
2014060300100469,2014년 6월 3일 17시,화요일,경상북도 성주군 가천면,경상사고,0,0,1,0,차대차 - 정면충돌,중앙선침범,기타,비,단일로 - 기타,화물,남,53세,상해없음,승용,남,57세,경상
2014060300100470,2014년 6월 3일 17시,화요일,경상북도 포항시 남구 연일읍,경상사고,0,0,1,0,차대차 - 추돌 - 주정차중,안전운전불이행,습기,비,단일로 - 기타,승용,여,22세,상해없음,승용,남,29세,경상
2014060300100513,2014년 6월 3일 18시,화요일,경상북도 경주시 외동읍,경상사고,0,0,1,0,차대차 - 기타,중앙선침범,습기,비,단일로 - 기타,승용,남,32세,상해없음,승용,남,68세,경상
2014060300100514,2014년 6월 3일 18시,화요일,경상북도 예천군 풍양면,중상사고,0,1,0,0,차대사람 - 차도통행중,안전운전불이행,건조,맑음,교차로 - 교차로부근,화물,남,59세,상해없음,보행자,남,79세,중상
2014060300100535,2014년 6월 3일 19시,화요일,경상북도 김천시 부곡동,경상사고,0,0,1,0,차대차 - 측면직각충돌,안전운전불이행,습기,비,교차로 - 교차로부근,승용,남,50세,상해없음,이륜,남,17세,경상
2014060300100536,2014년 6월 3일 19시,화요일,경상북도 경산시 하양읍,중상사고,0,1,0,0,차대차 - 기타,교차로운행방법위반,습기,비,교차로 - 교차로안,화물,남,52세,상해없음,자전거,남,72세,중상
2014060300100537,2014년 6월 3일 19시,화요일,경상북도 경산시 중방동,경상사고,0,0,8,0,차대차 - 기타,중앙선침범,건조,맑음,교차로 - 교차로부근,승합,남,38세,경상,승합,남,37세,경상
2014060300100538,2014년 6월 3일 19시,화요일,경상북도 경산시 상방동,경상사고,0,0,1,0,차대차 - 기타,안전운전불이행,건조,맑음,교차로 - 교차로안,자전거,남,16세,경상,승용,남,63세,상해없음
2014060300100569,2014년 6월 3일 20시,화요일,경상북도 포항시 북구 장성동,경상사고,0,0,3,0,차대차 - 기타,차로위반,습기,비,단일로 - 기타,승용,여,24세,상해없음,승합,남,54세,경상
2014060300100570,2014년 6월 3일 20시,화요일,경상북도 안동시 남문동,경상사고,0,0,1,0,차대차 - 측면직각충돌,안전운전불이행,건조,맑음,교차로 - 교차로안,이륜,남,49세,상해없음,승용,남,31세,경상
2014060300100571,2014년 6월 3일 20시,화요일,경상북도 영천시 금호읍,사망사고,1,0,0,0,차대차 - 기타,안전운전불이행,습기,비,단일로 - 기타,자전거,여,51세,사망,승용,남,49세,상해없음
2014060300100614,2014년 6월 3일 21시,화요일,경상북도 포항시 북구 대신동,중상사고,0,1,0,0,차대차 - 기타,안전운전불이행,습기,비,교차로 - 교차로부근,승용,남,40세,상해없음,원동기,여,39세,중상
2014060300100615,2014년 6월 3일 21시,화요일,경상북도 의성군 봉양면,경상사고,0,0,2,0,차대차 - 측면직각충돌,신호위반,건조,맑음,교차로 - 교차로안,화물,남,62세,상해없음,승용,여,44세,경상
2014060300100654,2014년 6월 3일 22시,화요일,경상북도 경주시 성건동,경상사고,0,0,1,0,차대차 - 기타,안전운전불이행,건조,흐림,교차로 - 교차로안,승용,여,44세,상해없음,승용,남,47세,경상
2014060300100655,2014년 6월 3일 22시,화요일,경상북도 구미시 공단동,경상사고,0,0,1,0,차대차 - 기타,교차로운행방법위반,건조,맑음,교차로 - 교차로안,승용,여,23세,상해없음,승용,남,32세,경상
2014060300100656,2014년 6월 3일 22시,화요일,경상북도 상주시 외남면,경상사고,0,0,1,0,차대차 - 측면직각충돌,안전거리미확보,건조,맑음,단일로 - 기타,화물,남,72세,상해없음,승용,여,41세,경상
2014060300100694,2014년 6월 3일 23시,화요일,경상북도 경주시 외동읍,중상사고,0,3,0,0,차대차 - 측면직각충돌,중앙선침범,습기,비,단일로 - 기타,화물,남,44세,중상,승용,남,28세,중상
2014060400100016,2014년 6월 4일 00시,수요일,경상북도 경주시 황성동,중상사고,0,1,1,0,차대차 - 기타,안전운전불이행,습기,비,교차로 - 교차로안,승용,남,47세,상해없음,이륜,남,24세,경상
2014060400100017,2014년 6월 4일 00시,수요일,경상북도 구미시 봉곡동,경상사고,0,0,1,1,차대차 - 기타,교차로운행방법위반,건조,맑음,교차로 - 교차로안,승용,남,25세,부상신고,승용,남,55세,경상
2014060400100018,2014년 6월 4일 00시,수요일,경상북도 포항시 남구 송도동,경상사고,0,0,1,0,차대차 - 추돌 - 주정차중,안전운전불이행,습기,비,단일로 - 기타,화물,남,38세,상해없음,승용,남,58세,경상
2014060400100062,2014년 6월 4일 02시,수요일,경상북도 포항시 북구 우현동,중상사고,0,1,0,0,차대사람 - 기타,안전운전불이행,습기,비,교차로 - 교차로안,승용,여,43세,상해없음,보행자,남,74세,중상
2014060400100063,2014년 6월 4일 02시,수요일,경상북도 청송군 현서면,중상사고,0,1,0,0,차량단독 - 도로외이탈 - 기타,안전운전불이행,습기,비,단일로 - 기타,승용,남,60세,상해없음,,,,
2014060400100073,2014년 6월 4일 03시,수요일,경상북도 경산시 진량읍,중상사고,0,1,0,0,차대사람 - 기타,안전운전불이행,건조,맑음,단일로 - 기타,기타불명,기타불명,기타불명,기타불명,보행자,남,25세,중상
2014060400100101,2014년 6월 4일 05시,수요일,경상북도 상주시 이안면,중상사고,0,1,1,0,차대차 - 기타,안전운전불이행,건조,맑음,단일로 - 기타,화물,여,68세,상해없음,이륜,남,76세,경상
2014060400100112,2014년 6월 4일 06시,수요일,경상북도 경주시 현곡면,중상사고,0,1,1,0,차대차 - 정면충돌,중앙선침범,습기,흐림,단일로 - 기타,승용,남,47세,상해없음,승합,남,65세,경상
2014060400100113,2014년 6월 4일 06시,수요일,경상북도 경주시 탑동,경상사고,0,0,1,0,차대사람 - 기타,기타,건조,맑음,단일로 - 기타,승합,남,53세,기타불명,보행자,여,74세,경상
2014060400100130,2014년 6월 4일 07시,수요일,경상북도 안동시 안막동,중상사고,0,1,0,0,차대차 - 측면직각충돌,신호위반,건조,맑음,교차로 - 교차로안,승용,남,64세,상해없음,승용,여,56세,중상
2014060400100154,2014년 6월 4일 08시,수요일,경상북도 포항시 북구 대신동,경상사고,0,0,1,0,차대사람 - 기타,안전운전불이행,건조,맑음,교차로 - 교차로안,원동기,남,41세,상해없음,보행자,여,67세,경상
2014060400100155,2014년 6월 4일 08시,수요일,경상북도 구미시 공단동,중상사고,0,1,0,0,차대차 - 측면직각충돌,안전운전불이행,건조,맑음,교차로 - 교차로안,이륜,남,51세,중상,화물,남,31세,상해없음
2014060400100179,2014년 6월 4일 09시,수요일,경상북도 경주시 산내면,경상사고,0,0,1,0,차대차 - 기타,안전운전불이행,건조,맑음,교차로 - 교차로부근,화물,남,61세,상해없음,자전거,남,72세,경상
2014060400100180,2014년 6월 4일 09시,수요일,경상북도 안동시 평화동,경상사고,0,0,1,0,차대사람 - 기타,안전운전불이행,건조,맑음,단일로 - 기타,승용,남,69세,상해없음,보행자,여,57세,경상
2014060400100181,2014년 6월 4일 09시,수요일,경상북도 구미시 공단동,중상사고,0,1,6,0,차대차 - 측면직각충돌,교차로운행방법위반,건조,맑음,교차로 - 교차로안,승용,남,66세,기타불명,승합,남,41세,경상
2014060400100208,2014년 6월 4일 10시,수요일,경상북도 영주시 휴천동,중상사고,0,1,0,0,차대사람 - 횡단중,안전운전불이행,건조,맑음,교차로 - 교차로안,특수,남,58세,상해없음,보행자,남,80세,중상
2014060400100209,2014년 6월 4일 10시,수요일,경상북도 경산시 하양읍,경상사고,0,0,6,5,차대차 - 추돌 - 주정차중,안전거리미확보,건조,흐림,단일로 - 기타,건설기계,남,55세,상해없음,승합,남,51세,경상
2014060400100276,2014년 6월 4일 12시,수요일,경상북도 영덕군 지품면,중상사고,0,2,2,0,차대차 - 추돌 - 진행중,안전운전불이행,건조,맑음,단일로 - 기타,승용,남,24세,경상,화물,남,49세,중상
2014060400100277,2014년 6월 4일 12시,수요일,경상북도 청도군 청도읍,중상사고,0,1,0,0,차대사람 - 기타,안전운전불이행,건조,흐림,단일로 - 기타,승용,여,52세,상해없음,보행자,남,3세,중상
2014060400100306,2014년 6월 4일 13시,수요일,경상북도 상주시 화북면,중상사고,0,1,0,0,차대차 - 기타,교차로운행방법위반,건조,맑음,교차로 - 교차로안,승용,남,56세,상해없음,승용,남,27세,중상
2014060400100339,2014년 6월 4일 14시,수요일,경상북도 김천시 감문면,경상사고,0,0,1,0,차대사람 - 기타,안전운전불이행,건조,맑음,교차로 - 교차로부근,화물,남,56세,상해없음,보행자,남,74세,경상
2014060400100340,2014년 6월 4일 14시,수요일,경상북도 봉화군 상운면,사망사고,1,0,0,0,차대차 - 추돌 - 진행중,안전운전불이행,건조,맑음,단일로 - 기타,승용,남,33세,상해없음,농기계,남,83세,사망
2014060400100369,2014년 6월 4일 15시,수요일,경상북도 경주시 안강읍,경상사고,0,0,1,0,차대사람 - 기타,안전운전불이행,건조,맑음,단일로 - 기타,승용,남,50세,상해없음,보행자,남,60세,경상
2014060400100370,2014년 6월 4일 15시,수요일,경상북도 김천시 어모면,경상사고,0,0,2,0,차대차 - 측면직각충돌,교차로운행방법위반,건조,맑음,교차로 - 교차로안,화물,남,56세,상해없음,화물,남,49세,경상
2014060400100396,2014년 6월 4일 16시,수요일,경상북도 포항시 북구 우현동,중상사고,0,1,0,0,차대차 - 기타,교차로운행방법위반,건조,맑음,교차로 - 교차로부근,승용,여,39세,상해없음,자전거,남,13세,중상
2014060400100397,2014년 6월 4일 16시,수요일,경상북도 안동시 용상동,중상사고,0,1,1,0,차대차 - 추돌 - 주정차중,안전운전불이행,건조,맑음,단일로 - 기타,승용,남,41세,상해없음,승용,여,46세,중상
2014060400100398,2014년 6월 4일 16시,수요일,경상북도 포항시 남구 상도동,경상사고,0,0,2,0,차대차 - 기타,중앙선침범,건조,맑음,교차로 - 교차로부근,승용,여,65세,상해없음,승용,여,49세,경상
2014060400100443,2014년 6월 4일 17시,수요일,경상북도 경산시 옥산동,경상사고,0,0,1,0,차대차 - 기타,기타,건조,맑음,교차로 - 교차로부근,이륜,여,46세,상해없음,자전거,남,14세,경상
2014060400100444,2014년 6월 4일 17시,수요일,경상북도 구미시 송정동,경상사고,0,0,1,0,차대차 - 측면직각충돌,안전운전불이행,건조,맑음,단일로 - 기타,승용,남,31세,상해없음,자전거,남,59세,경상
2014060400100517,2014년 6월 4일 19시,수요일,경상북도 영주시 영주동,경상사고,0,0,1,0,차대차 - 기타,안전운전불이행,건조,맑음,단일로 - 기타,이륜,남,19세,경상,승용,남,36세,상해없음
2014060400100518,2014년 6월 4일 19시,수요일,경상북도 경산시 대동,중상사고,0,2,0,0,차대사람 - 기타,안전운전불이행,습기,비,단일로 - 기타,승용,여,25세,상해없음,보행자,여,24세,중상
2014060400100551,2014년 6월 4일 20시,수요일,경상북도 포항시 북구 여남동,경상사고,0,0,1,0,차대차 - 기타,중앙선침범,습기,비,단일로 - 기타,승용,남,59세,상해없음,승용,남,32세,상해없음
2014060400100552,2014년 6월 4일 20시,수요일,경상북도 경산시 하양읍,경상사고,0,0,2,0,차량단독 - 기타,안전운전불이행,건조,맑음,단일로 - 기타,승합,남,40세,상해없음,,,,
2014060400100553,2014년 6월 4일 20시,수요일,경상북도 구미시 임은동,경상사고,0,0,1,0,차대차 - 추돌 - 주정차중,안전운전불이행,건조,맑음,교차로 - 교차로부근,승용,남,51세,상해없음,승용,남,53세,경상
2014060400100593,2014년 6월 4일 21시,수요일,경상북도 칠곡군 지천면,중상사고,0,3,0,1,차대차 - 추돌 - 진행중,안전운전불이행,건조,맑음,단일로 - 기타,승용,남,35세,부상신고,화물,남,39세,중상
2014060400100654,2014년 6월 4일 23시,수요일,경상북도 영주시 하망동,경상사고,0,0,1,0,차대사람 - 기타,안전운전불이행,건조,맑음,교차로 - 교차로부근,승용,남,33세,상해없음,보행자,남,67세,경상
2014060400100655,2014년 6월 4일 23시,수요일,경상북도 칠곡군 약목면,중상사고,0,1,0,0,차량단독 - 전도전복,안전운전불이행,건조,맑음,단일로 - 기타,승용,남,18세,상해없음,,,,
2014060500100057,2014년 6월 5일 04시,목요일,경상북도 포항시 북구 장성동,경상사고,0,0,1,0,차대차 - 기타,신호위반,건조,맑음,교차로 - 교차로안,승용,남,32세,상해없음,승용,여,50세,상해없음
2014060500100058,2014년 6월 5일 04시,목요일,경상북도 구미시 송정동,경상사고,0,0,1,0,차대사람 - 기타,안전운전불이행,건조,맑음,단일로 - 기타,승용,남,21세,상해없음,보행자,남,20세,경상
2014060500100106,2014년 6월 5일 07시,목요일,경상북도 문경시 산양면,중상사고,0,3,1,0,차대차 - 기타,안전운전불이행,건조,맑음,단일로 - 기타,승용,여,63세,경상,화물,남,58세,상해없음
2014060500100132,2014년 6월 5일 08시,목요일,경상북도 경주시 보문동,경상사고,0,0,2,0,차량단독 - 기타,안전운전불이행,습기,비,단일로 - 기타,승용,여,47세,경상,,,,
2014060500100133,2014년 6월 5일 08시,목요일,경상북도 청송군 현동면,중상사고,0,2,0,0,차량단독 - 도로외이탈 - 기타,안전운전불이행,습기,비,단일로 - 기타,승용,남,64세,중상,,,,
2014060500100134,2014년 6월 5일 08시,목요일,경상북도 구미시 옥계동,경상사고,0,0,2,0,차대차 - 기타,안전거리미확보,건조,맑음,단일로 - 기타,건설기계,남,53세,상해없음,승용,여,48세,경상
2014060500100164,2014년 6월 5일 09시,목요일,경상북도 김천시 봉산면,중상사고,0,1,0,0,차대차 - 측면직각충돌,교차로운행방법위반,건조,맑음,교차로 - 교차로안,승용,남,59세,상해없음,이륜,남,73세,중상
2014060500100165,2014년 6월 5일 09시,목요일,경상북도 구미시 광평동,중상사고,0,1,0,0,차대차 - 기타,교차로운행방법위반,건조,맑음,교차로 - 교차로부근,승용,남,54세,상해없음,화물,남,46세,중상
2014060500100197,2014년 6월 5일 10시,목요일,경상북도 경주시 배반동,중상사고,0,1,0,0,차대차 - 기타,안전운전불이행,건조,맑음,단일로 - 기타,화물,남,63세,상해없음,화물,남,49세,중상
2014060500100198,2014년 6월 5일 10시,목요일,경상북도 포항시 북구 양덕동,중상사고,0,1,0,0,차대사람 - 기타,안전운전불이행,건조,흐림,교차로 - 교차로안,승용,남,45세,상해없음,보행자,남,59세,중상
2014060500100199,2014년 6월 5일 10시,목요일,경상북도 구미시 인의동,경상사고,0,0,1,0,차대차 - 기타,안전운전불이행,건조,맑음,단일로 - 기타,승용,여,41세,상해없음,자전거,여,67세,경상
2014060500100228,2014년 6월 5일 11시,목요일,경상북도 포항시 북구 신광면,중상사고,0,1,0,0,차량단독 - 공작물충돌,안전운전불이행,건조,맑음,단일로 - 기타,승용,남,53세,중상,,,,
2014060500100229,2014년 6월 5일 11시,목요일,경상북도 구미시 금전동,중상사고,0,1,1,0,차대차 - 기타,교차로운행방법위반,건조,맑음,교차로 - 교차로안,승용,여,37세,상해없음,승용,여,24세,경상
2014060500100251,2014년 6월 5일 12시,목요일,경상북도 영천시 자양면,중상사고,0,1,0,0,차대차 - 추돌 - 진행중,안전운전불이행,습기,비,단일로 - 기타,화물,남,65세,상해없음,농기계,남,76세,중상
2014060500100252,2014년 6월 5일 12시,목요일,경상북도 경산시 중방동,중상사고,0,1,0,0,차대사람 - 기타,기타,건조,맑음,단일로 - 횡단보도부근,승용,남,29세,기타불명,보행자,남,72세,중상