사고번호,사고일시,요일,시군구,사고내용,사망자수,중상자수,경상자수,부상신고자수,사고유형,법규위반,노면상태,기상상태,도로형태,가해운전자 차종,가해운전자 성별,가해운전자 연령,가해운전자 상해정도,피해운전자 차종,피해운전자 성별,피해운전자 연령,피해운전자 상해정도
2014061100100128,2014년 6월 11일 07시,수요일,경상북도 구미시 송정동,중상사고,0,1,0,0,차대차 - 기타,중앙선침범,건조,맑음,단일로 - 기타,승용,남,55세,상해없음,승용,남,52세,중상
2014061100100129,2014년 6월 11일 07시,수요일,경상북도 구미시 도량동,부상신고사고,0,0,0,1,차대차 - 기타,안전운전불이행,건조,맑음,교차로 - 교차로안,기타불명,기타불명,기타불명,기타불명,자전거,남,17세,부상신고
2014061100100157,2014년 6월 11일 08시,수요일,경상북도 포항시 북구 덕수동,경상사고,0,0,1,0,차대차 - 기타,안전운전불이행,건조,맑음,단일로 - 기타,승용,여,54세,상해없음,승용,남,55세,경상
2014061100100158,2014년 6월 11일 08시,수요일,경상북도 구미시 고아읍,경상사고,0,0,2,0,차대차 - 기타,안전거리미확보,건조,맑음,단일로 - 기타,승용,남,22세,상해없음,승용,여,55세,경상
2014061100100190,2014년 6월 11일 09시,수요일,경상북도 김천시 구성면,경상사고,0,0,1,0,차대차 - 측면직각충돌,안전운전불이행,건조,맑음,교차로 - 교차로안,이륜,남,74세,경상,화물,남,29세,상해없음
2014061100100191,2014년 6월 11일 09시,수요일,경상북도 상주시 내서면,사망사고,1,3,0,0,차대차 - 정면충돌,중앙선침범,건조,맑음,단일로 - 기타,승용,남,31세,상해없음,화물,남,58세,중상
2014061100100214,2014년 6월 11일 10시,수요일,경상북도 문경시 흥덕동,경상사고,0,0,1,0,차대차 - 측면직각충돌,교차로운행방법위반,건조,맑음,교차로 - 교차로안,승용,남,35세,상해없음,승용,여,48세,경상
2014061100100215,2014년 6월 11일 10시,수요일,경상북도 영양군 입암면,중상사고,0,1,0,0,차대차 - 측면직각충돌,안전운전불이행,건조,맑음,단일로 - 기타,승용,남,59세,상해없음,원동기,남,27세,중상
2014061100100238,2014년 6월 11일 11시,수요일,경상북도 경주시 서면,경상사고,0,0,1,0,차대차 - 측면직각충돌,중앙선침범,건조,맑음,단일로 - 기타,원동기,남,46세,경상,화물,남,36세,상해없음
2014061100100239,2014년 6월 11일 11시,수요일,경상북도 포항시 북구 창포동,경상사고,0,0,4,0,차대차 - 기타,안전운전불이행,건조,맑음,단일로 - 기타,건설기계,남,66세,상해없음,화물,남,34세,경상
2014061100100240,2014년 6월 11일 11시,수요일,경상북도 의성군 안계면,중상사고,0,1,0,0,차대차 - 측면직각충돌,안전운전불이행,건조,흐림,교차로 - 교차로안,원동기,남,79세,중상,건설기계,남,44세,상해없음
2014061100100267,2014년 6월 11일 12시,수요일,경상북도 경주시 천북면,중상사고,0,2,0,0,차대차 - 기타,안전운전불이행,건조,맑음,교차로 - 교차로안,화물,남,45세,상해없음,승용,남,27세,중상
2014061100100268,2014년 6월 11일 12시,수요일,경상북도 포항시 북구 죽도동,경상사고,0,0,1,0,차대차 - 측면직각충돌,신호위반,건조,흐림,교차로 - 교차로안,승용,여,40세,상해없음,승용,여,49세,경상
2014061100100269,2014년 6월 11일 12시,수요일,경상북도 안동시 옥동,경상사고,0,0,2,0,차대차 - 기타,신호위반,건조,맑음,교차로 - 교차로안,승용,남,26세,상해없음,승용,남,36세,경상
2014061100100270,2014년 6월 11일 12시,수요일,경상북도 영주시 풍기읍,경상사고,0,0,1,0,차대사람 - 기타,안전운전불이행,건조,흐림,단일로 - 기타,승용,남,50세,상해없음,보행자,여,73세,경상
2014061100100271,2014년 6월 11일 12시,수요일,경상북도 문경시 가은읍,경상사고,0,0,1,0,차량단독 - 전도전복,안전운전불이행,건조,맑음,단일로 - 기타,화물,남,45세,경상,,,,
2014061100100294,2014년 6월 11일 13시,수요일,경상북도 문경시 유곡동,경상사고,0,0,2,0,차대차 - 측면직각충돌,안전거리미확보,건조,맑음,단일로 - 기타,기타불명,기타불명,기타불명,기타불명,승용,남,27세,경상
2014061100100314,2014년 6월 11일 14시,수요일,경상북도 봉화군 춘양면,경상사고,0,0,1,0,차대사람 - 차도통행중,안전운전불이행,건조,맑음,단일로 - 기타,승용,여,60세,상해없음,보행자,여,61세,경상
2014061100100339,2014년 6월 11일 15시,수요일,경상북도 청송군 현서면,중상사고,0,1,0,0,차대사람 - 기타,안전운전불이행,건조,맑음,단일로 - 기타,특수,남,52세,상해없음,보행자,남,78세,중상
2014061100100340,2014년 6월 11일 15시,수요일,경상북도 포항시 남구 이동,경상사고,0,0,1,0,차대사람 - 횡단중,안전운전불이행,건조,맑음,단일로 - 기타,기타불명,기타불명,기타불명,기타불명,보행자,남,12세,경상
2014061100100384,2014년 6월 11일 16시,수요일,경상북도 문경시 영순면,중상사고,0,1,0,0,차대차 - 기타,안전운전불이행,건조,맑음,교차로 - 교차로부근,이륜,남,30세,중상,화물,남,58세,상해없음
2014061100100420,2014년 6월 11일 17시,수요일,경상북도 포항시 북구 장성동,경상사고,0,0,2,0,차대사람 - 기타,중앙선침범,건조,맑음,단일로 - 기타,승용,여,39세,상해없음,보행자,여,38세,경상
2014061100100421,2014년 6월 11일 17시,수요일,경상북도 안동시 태화동,경상사고,0,0,1,0,차대차 - 기타,안전운전불이행,건조,맑음,교차로 - 교차로부근,승용,남,24세,상해없음,이륜,남,64세,경상
2014061100100422,2014년 6월 11일 17시,수요일,경상북도 김천시 성내동,중상사고,0,1,0,0,차대사람 - 기타,보행자보호의무위반,건조,맑음,교차로 - 교차로부근,화물,남,61세,상해없음,보행자,여,71세,중상
2014061100100423,2014년 6월 11일 17시,수요일,경상북도 영천시 문내동,부상신고사고,0,0,0,1,차대사람 - 기타,안전운전불이행,건조,맑음,단일로 - 기타,승용,남,59세,상해없음,보행자,여,13세,부상신고
2014061100100424,2014년 6월 11일 17시,수요일,경상북도 포항시 남구 동해면,중상사고,0,1,0,0,차대차 - 측면직각충돌,안전운전불이행,건조,맑음,단일로 - 기타,화물,남,23세,상해없음,이륜,남,52세,중상
2014061100100451,2014년 6월 11일 18시,수요일,경상북도 영주시 장수면,중상사고,0,3,0,0,차대차 - 추돌 - 진행중,안전운전불이행,건조,맑음,단일로 - 기타,승합,남,60세,중상,승용,남,64세,중상
2014061100100452,2014년 6월 11일 18시,수요일,경상북도 구미시 황상동,중상사고,0,3,2,0,차대차 - 추돌 - 주정차중,안전운전불이행,건조,맑음,단일로 - 기타,승용,여,28세,상해없음,승용,남,27세,중상
2014061100100485,2014년 6월 11일 19시,수요일,경상북도 경산시 삼북동,중상사고,0,1,0,0,차대차 - 기타,차로위반,건조,맑음,단일로 - 기타,자전거,여,69세,중상,원동기,남,34세,상해없음
2014061100100486,2014년 6월 11일 19시,수요일,경상북도 포항시 남구 대잠동,경상사고,0,0,2,0,차대차 - 추돌 - 진행중,안전운전불이행,건조,맑음,교차로 - 교차로부근,승용,여,54세,상해없음,승용,여,55세,경상
2014061100100524,2014년 6월 11일 20시,수요일,경상북도 포항시 북구 흥해읍,중상사고,0,1,1,0,차대차 - 추돌 - 주정차중,안전운전불이행,건조,맑음,단일로 - 기타,승용,남,66세,상해없음,승용,남,35세,경상
2014061100100525,2014년 6월 11일 20시,수요일,경상북도 포항시 북구 용흥동,경상사고,0,0,2,0,차대차 - 기타,교차로운행방법위반,건조,맑음,교차로 - 교차로안,승용,남,33세,경상,승용,남,52세,경상
2014061100100554,2014년 6월 11일 21시,수요일,경상북도 경산시 진량읍,경상사고,0,0,2,0,차대차 - 기타,신호위반,건조,맑음,교차로 - 교차로안,이륜,남,17세,상해없음,승용,남,51세,경상
2014061100100555,2014년 6월 11일 21시,수요일,경상북도 청송군 현서면,중상사고,0,3,0,0,차대차 - 정면충돌,중앙선침범,건조,맑음,단일로 - 기타,화물,남,56세,중상,화물,남,53세,중상
2014061100100556,2014년 6월 11일 21시,수요일,경상북도 구미시 봉곡동,경상사고,0,0,1,0,차대차 - 측면직각충돌,안전운전불이행,건조,맑음,교차로 - 교차로안,승용,남,48세,상해없음,이륜,남,17세,경상
2014061100100600,2014년 6월 11일 22시,수요일,경상북도 포항시 북구 용흥동,경상사고,0,0,1,0,차대차 - 기타,중앙선침범,건조,맑음,단일로 - 기타,승용,남,38세,상해없음,원동기,남,16세,경상
2014061100100601,2014년 6월 11일 22시,수요일,경상북도 구미시 송정동,경상사고,0,0,4,0,차대차 - 측면직각충돌,신호위반,건조,맑음,교차로 - 교차로안,승용,남,57세,상해없음,승용,남,27세,경상
2014061200100039,2014년 6월 12일 01시,목요일,경상북도 구미시 광평동,중상사고,0,1,0,0,차량단독 - 공작물충돌,안전운전불이행,건조,맑음,교차로 - 교차로부근,승용,남,32세,중상,,,,
2014061200100102,2014년 6월 12일 07시,목요일,경상북도 안동시 옥동,경상사고,0,0,1,0,차대사람 - 횡단중,보행자보호의무위반,건조,맑음,교차로 - 교차로부근,승합,남,41세,상해없음,보행자,여,15세,경상
2014061200100103,2014년 6월 12일 07시,목요일,경상북도 청송군 파천면,중상사고,0,2,2,0,차대차 - 측면직각충돌,교차로운행방법위반,건조,맑음,교차로 - 교차로안,승용,남,73세,상해없음,승용,여,38세,중상
2014061200100125,2014년 6월 12일 08시,목요일,경상북도 안동시 목성동,경상사고,0,0,2,0,차대사람 - 횡단중,안전운전불이행,건조,흐림,교차로 - 교차로부근,승용,여,44세,상해없음,보행자,남,33세,경상
2014061200100126,2014년 6월 12일 08시,목요일,경상북도 영주시 풍기읍,중상사고,0,1,0,0,차대차 - 기타,안전운전불이행,건조,맑음,단일로 - 기타,승용,여,28세,상해없음,자전거,남,75세,중상
2014061200100127,2014년 6월 12일 08시,목요일,경상북도 영천시 금호읍,중상사고,0,2,1,0,차대차 - 정면충돌,중앙선침범,습기,비,단일로 - 기타,승용,남,23세,중상,승용,여,23세,중상
2014061200100163,2014년 6월 12일 09시,목요일,경상북도 경주시 보문동,중상사고,0,2,0,0,차대차 - 기타,중앙선침범,습기,비,단일로 - 기타,화물,남,59세,중상,승용,남,34세,중상
2014061200100164,2014년 6월 12일 09시,목요일,경상북도 경주시 인왕동,중상사고,0,2,1,0,차대차 - 기타,안전운전불이행,습기,비,기타 - 기타,승용,여,48세,중상,승용,여,38세,중상
2014061200100191,2014년 6월 12일 10시,목요일,경상북도 경주시 외동읍,경상사고,0,0,2,0,차대차 - 기타,안전운전불이행,습기,비,교차로 - 교차로부근,화물,남,50세,상해없음,승용,남,46세,경상
2014061200100192,2014년 6월 12일 10시,목요일,경상북도 영천시 신령면,중상사고,0,1,0,0,차대사람 - 기타,기타,습기,비,단일로 - 기타,화물,남,55세,상해없음,보행자,여,76세,중상
2014061200100193,2014년 6월 12일 10시,목요일,경상북도 경산시 진량읍,중상사고,0,1,0,1,차량단독 - 공작물충돌,안전운전불이행,건조,맑음,단일로 - 기타,승합,남,53세,상해없음,,,,
2014061200100247,2014년 6월 12일 12시,목요일,경상북도 경주시 강동면,경상사고,0,0,1,0,차대차 - 기타,중앙선침범,습기,비,단일로 - 기타,화물,여,47세,상해없음,승용,여,49세,경상
2014061200100248,2014년 6월 12일 12시,목요일,경상북도 경주시 서면,중상사고,0,1,1,0,차대차 - 기타,안전운전불이행,습기,비,교차로 - 교차로안,화물,남,26세,경상,승용,여,35세,중상
2014061200100249,2014년 6월 12일 12시,목요일,경상북도 칠곡군 석적읍,중상사고,0,1,0,0,차량단독 - 기타,안전운전불이행,건조,맑음,교차로 - 교차로안,자전거,남,53세,중상,,,,
2014061200100250,2014년 6월 12일 12시,목요일,경상북도 성주군 성주읍,중상사고,0,1,1,0,차대차 - 기타,직진우회전진행방해,건조,맑음,교차로 - 교차로안,화물,남,70세,중상,승용,여,63세,경상
2014061200100251,2014년 6월 12일 12시,목요일,경상북도 울진군 기성면,중상사고,0,1,1,0,차대차 - 기타,중앙선침범,건조,맑음,단일로 - 기타,승용,여,72세,중상,승용,남,31세,경상
2014061200100274,2014년 6월 12일 13시,목요일,경상북도 의성군 봉양면,부상신고사고,0,0,0,1,차대차 - 측면직각충돌,안전운전불이행,건조,맑음,단일로 - 기타,자전거,여,58세,부상신고,승용,남,26세,상해없음
2014061200100275,2014년 6월 12일 13시,목요일,경상북도 영천시 신령면,경상사고,0,0,1,0,차대차 - 기타,안전운전불이행,건조,맑음,교차로 - 교차로안,승용,남,41세,상해없음,승용,여,47세,경상
2014061200100276,2014년 6월 12일 13시,목요일,경상북도 예천군 예천읍,중상사고,0,1,0,0,차대사람 - 차도통행중,안전운전불이행,습기,비,단일로 - 기타,승용,남,69세,상해없음,보행자,여,64세,중상
2014061200100277,2014년 6월 12일 13시,목요일,경상북도 울릉군 울릉읍,경상사고,0,0,1,0,차량단독 - 전도전복,과속,습기,비,단일로 - 기타,승용,남,61세,상해없음,,,,
2014061200100311,2014년 6월 12일 14시,목요일,경상북도 경산시 진량읍,경상사고,0,0,1,0,차대차 - 추돌 - 주정차중,안전운전불이행,건조,맑음,단일로 - 기타,승용,남,47세,상해없음,승용,여,39세,경상
2014061200100334,2014년 6월 12일 15시,목요일,경상북도 예천군 예천읍,중상사고,0,1,0,0,차대사람 - 차도통행중,기타,건조,맑음,단일로 - 기타,승용,남,60세,상해없음,보행자,남,46세,중상
2014061200100362,2014년 6월 12일 16시,목요일,경상북도 포항시 북구 죽도동,경상사고,0,0,1,0,차대차 - 기타,차로위반,습기,비,단일로 - 기타,승용,여,60세,상해없음,원동기,남,21세,경상
2014061200100363,2014년 6월 12일 16시,목요일,경상북도 김천시 신음동,중상사고,0,1,0,0,차대차 - 측면직각충돌,안전운전불이행,습기,비,기타 - 기타,이륜,남,32세,중상,승용,남,61세,상해없음
2014061200100402,2014년 6월 12일 17시,목요일,경상북도 안동시 풍산읍,경상사고,0,0,1,0,차대차 - 측면직각충돌,직진우회전진행방해,건조,맑음,교차로 - 교차로안,승용,남,52세,상해없음,승용,남,53세,경상
2014061200100403,2014년 6월 12일 17시,목요일,경상북도 구미시 산동면,중상사고,0,1,0,0,차대차 - 기타,안전운전불이행,건조,기타,단일로 - 기타,승용,여,50세,상해없음,이륜,남,48세,중상
2014061200100404,2014년 6월 12일 17시,목요일,경상북도 구미시 공단동,경상사고,0,0,1,0,차대차 - 기타,안전운전불이행,건조,맑음,교차로 - 교차로안,승용,남,47세,상해없음,승용,여,55세,경상
2014061200100462,2014년 6월 12일 18시,목요일,경상북도 포항시 북구 용흥동,경상사고,0,0,1,0,차대차 - 기타,안전운전불이행,건조,맑음,단일로 - 기타,승용,남,51세,상해없음,화물,남,37세,경상
2014061200100463,2014년 6월 12일 18시,목요일,경상북도 안동시 길안면,경상사고,0,0,1,0,차량단독 - 도로외이탈 - 기타,안전운전불이행,건조,맑음,기타 - 기타,승용,남,22세,경상,,,,
2014061200100464,2014년 6월 12일 18시,목요일,경상북도 상주시 낙동면,중상사고,0,1,1,0,차량단독 - 공작물충돌,안전운전불이행,건조,맑음,단일로 - 기타,화물,남,55세,상해없음,,,,
2014061200100465,2014년 6월 12일 18시,목요일,경상북도 문경시 윤직동,경상사고,0,0,1,0,차대차 - 측면직각충돌,직진우회전진행방해,건조,맑음,교차로 - 교차로안,승용,남,31세,상해없음,승용,남,57세,경상
2014061200100466,2014년 6월 12일 18시,목요일,경상북도 김천시 아포읍,경상사고,0,0,2,0,차대차 - 추돌 - 진행중,안전거리미확보,건조,맑음,단일로 - 기타,승용,남,30세,경상,승합,남,50세,경상
2014061200100497,2014년 6월 12일 19시,목요일,경상북도 경주시 성건동,경상사고,0,0,1,0,차대차 - 기타,안전운전불이행,건조,맑음,단일로 - 기타,승용,남,34세,상해없음,자전거,남,11세,경상
2014061200100498,2014년 6월 12일 19시,목요일,경상북도 칠곡군 가산면,중상사고,0,2,1,0,차대차 - 기타,안전운전불이행,습기,비,교차로 - 교차로부근,승용,여,44세,상해없음,승용,남,53세,중상
2014061200100499,2014년 6월 12일 19시,목요일,경상북도 영천시 창구동,경상사고,0,0,1,0,차대차 - 측면직각충돌,직진우회전진행방해,건조,맑음,교차로 - 교차로안,승용,남,42세,상해없음,원동기,남,43세,경상
2014061200100500,2014년 6월 12일 19시,목요일,경상북도 고령군 고령읍,경상사고,0,0,1,0,차량단독 - 기타,안전운전불이행,습기,흐림,단일로 - 기타,이륜,남,22세,경상,,,,
2014061200100501,2014년 6월 12일 19시,목요일,경상북도 구미시 인의동,경상사고,0,0,1,0,차대차 - 기타,교차로운행방법위반,습기,비,교차로 - 교차로안,이륜,남,33세,경상,승용,남,44세,상해없음
2014061200100538,2014년 6월 12일 20시,목요일,경상북도 포항시 북구 죽도동,경상사고,0,0,1,0,차대차 - 기타,안전운전불이행,건조,맑음,단일로 - 기타,원동기,남,22세,상해없음,승용,여,29세,경상
2014061200100539,2014년 6월 12일 20시,목요일,경상북도 경산시 옥곡동,부상신고사고,0,0,0,1,차대차 - 기타,안전운전불이행,습기,비,교차로 - 교차로부근,자전거,남,14세,부상신고,승용,남,42세,상해없음
2014061200100540,2014년 6월 12일 20시,목요일,경상북도 구미시 봉곡동,경상사고,0,0,1,0,차대차 - 기타,교차로운행방법위반,습기,비,교차로 - 교차로안,승용,여,49세,상해없음,이륜,남,18세,경상
2014061200100541,2014년 6월 12일 20시,목요일,경상북도 포항시 남구 구룡포읍,중상사고,0,1,0,0,차대차 - 기타,안전운전불이행,건조,맑음,교차로 - 교차로안,화물,남,48세,상해없음,자전거,여,52세,중상
2014061200100562,2014년 6월 12일 21시,목요일,경상북도 안동시 옥동,중상사고,0,1,0,0,차대사람 - 횡단중,보행자보호의무위반,습기,비,교차로 - 교차로부근,승용,여,67세,상해없음,보행자,남,66세,중상
2014061200100563,2014년 6월 12일 21시,목요일,경상북도 김천시 성내동,경상사고,0,0,1,0,차대차 - 측면직각충돌,신호위반,건조,맑음,교차로 - 교차로안,승용,남,21세,상해없음,승용,남,53세,경상
2014061200100564,2014년 6월 12일 21시,목요일,경상북도 구미시 장천면,중상사고,0,1,0,0,차량단독 - 도로외이탈 - 기타,안전운전불이행,건조,맑음,단일로 - 기타,승용,여,49세,중상,,,,
2014061200100565,2014년 6월 12일 21시,목요일,경상북도 포항시 남구 연일읍,경상사고,0,0,1,0,차대차 - 기타,안전운전불이행,건조,맑음,단일로 - 기타,화물,남,54세,상해없음,승용,남,30세,경상
2014061200100594,2014년 6월 12일 22시,목요일,경상북도 경주시 외동읍,경상사고,0,0,1,0,차대차 - 추돌 - 주정차중,안전운전불이행,건조,맑음,단일로 - 기타,승용,남,29세,상해없음,승용,남,18세,경상
2014061200100595,2014년 6월 12일 22시,목요일,경상북도 칠곡군 석적읍,부상신고사고,0,0,0,2,차대차 - 기타,안전운전불이행,습기,흐림,교차로 - 교차로안,이륜,남,19세,부상신고,승용,남,43세,상해없음
2014061200100596,2014년 6월 12일 22시,목요일,경상북도 청송군 진보면,경상사고,0,0,1,0,차대차 - 기타,안전운전불이행,건조,맑음,교차로 - 교차로안,승용,남,74세,상해없음,승용,남,50세,상해없음
2014061200100597,2014년 6월 12일 22시,목요일,경상북도 구미시 원평동,중상사고,0,1,0,0,차대차 - 기타,안전운전불이행,습기,비,교차로 - 교차로부근,승용,남,33세,상해없음,승용,여,51세,중상
2014061200100617,2014년 6월 12일 23시,목요일,경상북도 김천시 아포읍,중상사고,0,1,0,1,차대차 - 측면직각충돌,중앙선침범,건조,흐림,단일로 - 기타,화물,남,53세,부상신고,승용,남,38세,중상
2014061300100022,2014년 6월 13일 00시,금요일,경상북도 안동시 광석동,경상사고,0,0,1,0,차대차 - 측면직각충돌,신호위반,건조,맑음,교차로 - 교차로안,화물,남,33세,상해없음,승용,남,50세,경상
2014061300100032,2014년 6월 13일 01시,금요일,경상북도 포항시 남구 청림동,경상사고,0,0,2,0,차대차 - 추돌 - 진행중,안전운전불이행,건조,맑음,교차로 - 교차로안,승용,남,60세,상해없음,승용,남,38세,경상
2014061300100083,2014년 6월 13일 06시,금요일,경상북도 포항시 남구 연일읍,경상사고,0,0,2,0,차대차 - 추돌 - 진행중,안전운전불이행,건조,맑음,교차로 - 교차로부근,승용,남,58세,상해없음,승용,남,34세,경상
2014061300100105,2014년 6월 13일 07시,금요일,경상북도 영주시 상망동,중상사고,0,1,4,0,차대차 - 기타,안전운전불이행,건조,맑음,단일로 - 기타,승용,남,57세,중상,승용,남,43세,경상
2014061300100106,2014년 6월 13일 07시,금요일,경상북도 영천시 북안면,중상사고,0,1,0,0,차대차 - 기타,안전운전불이행,건조,맑음,단일로 - 기타,승용,여,40세,상해없음,원동기,남,82세,중상
2014061300100132,2014년 6월 13일 08시,금요일,경상북도 안동시 풍천면,중상사고,0,1,0,0,차대차 - 기타,안전운전불이행,건조,맑음,단일로 - 기타,농기계,남,59세,상해없음,승용,남,54세,중상
2014061300100160,2014년 6월 13일 09시,금요일,경상북도 포항시 북구 덕수동,중상사고,0,1,2,0,차대차 - 기타,교차로운행방법위반,건조,맑음,교차로 - 교차로안,승용,남,65세,중상,화물,남,60세,경상
2014061300100161,2014년 6월 13일 09시,금요일,경상북도 상주시 남성동,중상사고,0,1,0,0,차대사람 - 횡단중,보행자보호의무위반,건조,흐림,교차로 - 교차로안,화물,남,53세,상해없음,보행자,여,76세,중상
2014061300100215,2014년 6월 13일 11시,금요일,경상북도 경주시 외동읍,중상사고,0,1,0,0,차대차 - 기타,안전운전불이행,건조,맑음,교차로 - 교차로안,화물,남,33세,상해없음,승용,남,39세,중상
2014061300100241,2014년 6월 13일 12시,금요일,경상북도 경주시 서면,중상사고,0,1,0,0,차대사람 - 기타,안전운전불이행,건조,맑음,단일로 - 기타,승용,남,32세,상해없음,보행자,여,58세,중상
2014061300100242,2014년 6월 13일 12시,금요일,경상북도 경주시 황성동,중상사고,0,1,0,0,차대차 - 기타,안전운전불이행,건조,맑음,단일로 - 기타,이륜,남,35세,중상,승용,남,58세,상해없음
2014061300100243,2014년 6월 13일 12시,금요일,경상북도 경산시 남산면,중상사고,0,1,3,0,차대차 - 기타,직진우회전진행방해,건조,맑음,교차로 - 교차로안,승용,남,67세,경상,승용,여,54세,중상
2014061300100269,2014년 6월 13일 13시,금요일,경상북도 김천시 지좌동,중상사고,0,1,0,0,차대사람 - 기타,안전운전불이행,건조,맑음,단일로 - 기타,화물,남,41세,상해없음,보행자,여,6세,중상
2014061300100270,2014년 6월 13일 13시,금요일,경상북도 영주시 장수면,중상사고,0,1,1,0,차대차 - 정면충돌,안전운전불이행,건조,맑음,교차로 - 교차로안,화물,남,59세,상해없음,승합,남,55세,경상
2014061300100271,2014년 6월 13일 13시,금요일,경상북도 포항시 남구 구룡포읍,경상사고,0,0,3,0,차대차 - 측면직각충돌,안전운전불이행,건조,맑음,단일로 - 기타,승용,남,32세,상해없음,승용,남,54세,경상
2014061300100296,2014년 6월 13일 14시,금요일,경상북도 경주시 황오동,중상사고,0,1,0,0,차대사람 - 기타,안전운전불이행,건조,맑음,단일로 - 기타,승용,여,45세,상해없음,보행자,남,6세,중상
2014061300100297,2014년 6월 13일 14시,금요일,경상북도 김천시 황금동,중상사고,0,1,0,0,차대사람 - 기타,안전운전불이행,건조,맑음,기타 - 기타,화물,남,46세,상해없음,보행자,여,79세,중상
2014061300100298,2014년 6월 13일 14시,금요일,경상북도 영천시 금호읍,경상사고,0,0,1,0,차대차 - 측면직각충돌,중앙선침범,건조,맑음,단일로 - 기타,승용,남,59세,상해없음,이륜,남,39세,경상
2014061300100299,2014년 6월 13일 14시,금요일,경상북도 영양군 청기면,경상사고,0,0,1,0,차대차 - 정면충돌,중앙선침범,건조,맑음,단일로 - 기타,승용,남,40세,상해없음,화물,남,39세,경상
2014061300100326,2014년 6월 13일 15시,금요일,경상북도 경산시 압량면,경상사고,0,0,1,0,차대차 - 기타,직진우회전진행방해,건조,맑음,교차로 - 교차로안,이륜,남,21세,경상,승용,남,26세,상해없음
2014061300100327,2014년 6월 13일 15시,금요일,경상북도 포항시 남구 대잠동,중상사고,0,1,0,0,차량단독 - 기타,기타,건조,맑음,단일로 - 기타,승합,남,59세,상해없음,,,,
2014061300100363,2014년 6월 13일 16시,금요일,경상북도 칠곡군 약목면,경상사고,0,0,4,0,차대차 - 기타,안전거리미확보,습기,흐림,단일로 - 기타,화물,남,54세,상해없음,승용,남,58세,경상
2014061300100364,2014년 6월 13일 16시,금요일,경상북도 영천시 채신동,경상사고,0,0,1,0,차대사람 - 기타,보행자보호의무위반,건조,맑음,교차로 - 교차로안,화물,남,54세,기타불명,보행자,남,41세,경상
2014061300100365,2014년 6월 13일 16시,금요일,경상북도 구미시 송정동,경상사고,0,0,3,0,차대차 - 기타,직진우회전진행방해,건조,맑음,교차로 - 교차로안,승용,남,64세,경상,농기계,남,78세,경상
2014061300100411,2014년 6월 13일 17시,금요일,경상북도 구미시 시미동,경상사고,0,0,1,0,차대차 - 기타,안전운전불이행,건조,맑음,교차로 - 교차로안,화물,남,34세,경상,승용,남,53세,상해없음
2014061300100498,2014년 6월 13일 19시,금요일,경상북도 경산시 백천동,경상사고,0,0,2,0,차대차 - 추돌 - 진행중,안전운전불이행,건조,맑음,단일로 - 기타,승용,여,51세,경상,승용,남,51세,경상
2014061300100527,2014년 6월 13일 20시,금요일,경상북도 경주시 남산동,경상사고,0,0,1,0,차대사람 - 기타,안전운전불이행,건조,맑음,단일로 - 기타,승용,여,59세,상해없음,보행자,남,27세,경상
2014061300100528,2014년 6월 13일 20시,금요일,경상북도 구미시 인의동,경상사고,0,0,1,0,차대차 - 추돌 - 진행중,안전운전불이행,건조,맑음,교차로 - 교차로부근,승용,남,33세,상해없음,승용,남,36세,경상
2014061300100529,2014년 6월 13일 20시,금요일,경상북도 포항시 남구 인덕동,경상사고,0,0,1,0,차대차 - 기타,안전운전불이행,건조,맑음,교차로 - 교차로부근,승용,남,36세,상해없음,화물,남,59세,상해없음
2014061300100626,2014년 6월 13일 23시,금요일,경상북도 포항시 북구 동빈2가,경상사고,0,0,3,0,차대차 - 추돌 - 주정차중,안전운전불이행,건조,맑음,단일로 - 기타,승용,남,56세,상해없음,승용,남,53세,경상
2014061300100627,2014년 6월 13일 23시,금요일,경상북도 문경시 문경읍,경상사고,0,0,2,0,차대차 - 기타,안전운전불이행,건조,맑음,단일로 - 터널,승합,남,54세,상해없음,화물,남,39세,경상
2014061400100018,2014년 6월 14일 00시,토요일,경상북도 경주시 성건동,경상사고,0,0,1,0,차대차 - 기타,안전운전불이행,건조,맑음,단일로 - 기타,승용,남,38세,상해없음,승용,남,55세,경상
2014061400100019,2014년 6월 14일 00시,토요일,경상북도 김천시 감호동,중상사고,0,1,0,0,차대사람 - 기타,안전운전불이행,건조,맑음,단일로 - 기타,승용,남,22세,상해없음,보행자,남,69세,중상
2014061400100047,2014년 6월 14일 01시,토요일,경상북도 포항시 북구 동빈1가,중상사고,0,1,0,0,차대차 - 기타,중앙선침범,건조,흐림,단일로 - 기타,승용,남,27세,상해없음,승용,여,56세,중상
2014061400100048,2014년 6월 14일 01시,토요일,경상북도 영주시 문정동,경상사고,0,0,1,0,차량단독 - 공작물충돌,안전운전불이행,건조,맑음,단일로 - 기타,승용,남,28세,경상,,,,
2014061400100049,2014년 6월 14일 01시,토요일,경상북도 포항시 남구 대잠동,중상사고,0,1,2,0,차대차 - 기타,신호위반,건조,맑음,교차로 - 교차로안,승용,여,26세,경상,승용,남,31세,중상
2014061400100094,2014년 6월 14일 03시,토요일,경상북도 경주시 석장동,경상사고,0,0,1,0,차대차 - 기타,안전운전불이행,건조,맑음,교차로 - 교차로부근,승용,여,37세,상해없음,승용,남,24세,경상