사고번호,사고일시,요일,시군구,사고내용,사망자수,중상자수,경상자수,부상신고자수,사고유형,법규위반,노면상태,기상상태,도로형태,가해운전자 차종,가해운전자 성별,가해운전자 연령,가해운전자 상해정도,피해운전자 차종,피해운전자 성별,피해운전자 연령,피해운전자 상해정도
2014061400100095,2014년 6월 14일 03시,토요일,경상북도 경주시 황성동,경상사고,0,0,1,0,차대차 - 기타,안전운전불이행,건조,맑음,단일로 - 기타,승용,여,39세,상해없음,승용,남,46세,경상
2014061400100096,2014년 6월 14일 03시,토요일,경상북도 고령군 다산면,경상사고,0,0,3,1,차대차 - 추돌 - 주정차중,안전운전불이행,건조,맑음,단일로 - 기타,화물,남,39세,상해없음,승용,남,46세,경상
2014061400100120,2014년 6월 14일 05시,토요일,경상북도 포항시 북구 죽도동,경상사고,0,0,2,0,차대차 - 기타,차로위반,건조,맑음,단일로 - 기타,승용,남,24세,상해없음,승용,남,51세,경상
2014061400100151,2014년 6월 14일 07시,토요일,경상북도 구미시 사곡동,중상사고,0,1,0,0,차대차 - 측면직각충돌,안전거리미확보,건조,맑음,단일로 - 기타,화물,남,42세,상해없음,화물,남,47세,중상
2014061400100165,2014년 6월 14일 08시,토요일,경상북도 구미시 사곡동,중상사고,0,1,0,0,차대차 - 측면직각충돌,교차로운행방법위반,건조,맑음,교차로 - 교차로안,화물,남,57세,기타불명,원동기,여,61세,중상
2014061400100227,2014년 6월 14일 10시,토요일,경상북도 포항시 남구 오천읍,경상사고,0,0,1,0,차대차 - 기타,차로위반,건조,맑음,교차로 - 교차로부근,승용,남,62세,상해없음,승용,여,38세,경상
2014061400100228,2014년 6월 14일 10시,토요일,경상북도 포항시 남구 송정동,경상사고,0,0,5,0,차대차 - 추돌 - 진행중,안전운전불이행,건조,맑음,단일로 - 기타,화물,남,62세,경상,화물,남,41세,경상
2014061400100270,2014년 6월 14일 11시,토요일,경상북도 고령군 다산면,경상사고,0,0,2,0,차대차 - 측면직각충돌,교차로운행방법위반,건조,맑음,교차로 - 교차로안,화물,여,44세,경상,건설기계,남,59세,경상
2014061400100308,2014년 6월 14일 12시,토요일,경상북도 김천시 대광동,경상사고,0,0,8,0,차대차 - 측면직각충돌,교차로운행방법위반,건조,맑음,교차로 - 교차로안,승용,남,32세,상해없음,승용,남,48세,경상
2014061400100309,2014년 6월 14일 12시,토요일,경상북도 영천시 금호읍,경상사고,0,0,2,0,차대사람 - 횡단중,안전운전불이행,건조,맑음,단일로 - 기타,원동기,남,40세,경상,보행자,남,23세,경상
2014061400100310,2014년 6월 14일 12시,토요일,경상북도 청도군 각남면,경상사고,0,0,1,0,차대차 - 기타,안전운전불이행,건조,맑음,단일로 - 기타,원동기,남,61세,경상,승용,남,31세,상해없음
2014061400100343,2014년 6월 14일 13시,토요일,경상북도 경주시 안강읍,경상사고,0,0,1,0,차대사람 - 기타,안전운전불이행,건조,맑음,단일로 - 기타,승용,남,57세,상해없음,보행자,남,54세,경상
2014061400100344,2014년 6월 14일 13시,토요일,경상북도 칠곡군 석적읍,경상사고,0,0,1,1,차대차 - 추돌 - 진행중,안전운전불이행,건조,맑음,교차로 - 교차로부근,승용,남,29세,부상신고,화물,남,27세,경상
2014061400100345,2014년 6월 14일 13시,토요일,경상북도 구미시 도량동,경상사고,0,0,1,0,차대차 - 기타,안전운전불이행,건조,맑음,단일로 - 기타,승용,남,54세,상해없음,승용,남,57세,경상
2014061400100383,2014년 6월 14일 14시,토요일,경상북도 경주시 천군동,경상사고,0,0,1,0,차대차 - 기타,안전운전불이행,건조,맑음,단일로 - 기타,승용,남,69세,상해없음,승용,남,20세,경상
2014061400100384,2014년 6월 14일 14시,토요일,경상북도 포항시 북구 대신동,부상신고사고,0,0,0,2,차대차 - 기타,안전운전불이행,건조,맑음,단일로 - 기타,승용,여,50세,부상신고,승용,남,65세,부상신고
2014061400100385,2014년 6월 14일 14시,토요일,경상북도 김천시 성내동,중상사고,0,1,0,0,차대사람 - 기타,보행자보호의무위반,건조,맑음,단일로 - 횡단보도상,승용,남,63세,상해없음,보행자,여,65세,중상
2014061400100386,2014년 6월 14일 14시,토요일,경상북도 칠곡군 왜관읍,경상사고,0,0,1,0,차대차 - 측면직각충돌,직진우회전진행방해,건조,맑음,교차로 - 교차로안,승용,여,64세,상해없음,승합,남,48세,경상
2014061400100387,2014년 6월 14일 14시,토요일,경상북도 영천시 완산동,경상사고,0,0,1,0,차대사람 - 기타,안전운전불이행,건조,맑음,단일로 - 기타,승용,여,39세,상해없음,보행자,여,19세,경상
2014061400100388,2014년 6월 14일 14시,토요일,경상북도 구미시 인의동,경상사고,0,0,1,0,차대차 - 측면직각충돌,교차로운행방법위반,건조,맑음,교차로 - 교차로안,승용,남,36세,상해없음,승용,여,52세,경상
2014061400100389,2014년 6월 14일 14시,토요일,경상북도 구미시 인의동,중상사고,0,1,0,0,차대사람 - 기타,안전운전불이행,건조,맑음,단일로 - 기타,승합,남,47세,상해없음,보행자,남,26세,중상
2014061400100431,2014년 6월 14일 15시,토요일,경상북도 영주시 상망동,중상사고,0,1,0,0,차대차 - 측면직각충돌,안전운전불이행,건조,맑음,교차로 - 교차로안,승용,남,71세,상해없음,자전거,남,81세,중상
2014061400100432,2014년 6월 14일 15시,토요일,경상북도 영천시 금호읍,중상사고,0,1,0,0,차대차 - 기타,중앙선침범,건조,맑음,단일로 - 기타,자전거,여,70세,중상,승용,남,65세,상해없음
2014061400100433,2014년 6월 14일 15시,토요일,경상북도 영천시 고경면,경상사고,0,0,1,0,차대차 - 측면직각충돌,안전운전불이행,건조,맑음,단일로 - 기타,원동기,남,71세,경상,승용,여,47세,상해없음
2014061400100434,2014년 6월 14일 15시,토요일,경상북도 구미시 장천면,사망사고,1,0,0,0,차량단독 - 전도전복,안전운전불이행,건조,맑음,단일로 - 기타,이륜,남,74세,사망,,,,
2014061400100469,2014년 6월 14일 16시,토요일,경상북도 안동시 풍산읍,중상사고,0,1,0,0,차대차 - 측면직각충돌,안전운전불이행,건조,맑음,단일로 - 기타,화물,남,71세,상해없음,승용,남,62세,상해없음
2014061400100470,2014년 6월 14일 16시,토요일,경상북도 의성군 안계면,경상사고,0,0,1,0,차대차 - 기타,중앙선침범,건조,맑음,단일로 - 기타,화물,남,65세,상해없음,승용,남,47세,경상
2014061400100471,2014년 6월 14일 16시,토요일,경상북도 경산시 계양동,경상사고,0,0,2,0,차대차 - 기타,안전운전불이행,건조,맑음,교차로 - 교차로부근,승용,남,32세,상해없음,승용,여,29세,경상
2014061400100472,2014년 6월 14일 16시,토요일,경상북도 군위군 효령면,중상사고,0,1,0,0,차대차 - 추돌 - 진행중,안전운전불이행,건조,맑음,단일로 - 기타,승용,남,47세,상해없음,자전거,여,74세,중상
2014061400100473,2014년 6월 14일 16시,토요일,경상북도 구미시 광평동,중상사고,0,2,1,0,차대차 - 측면직각충돌,안전운전불이행,건조,맑음,단일로 - 기타,화물,남,55세,상해없음,승용,남,32세,경상
2014061400100517,2014년 6월 14일 17시,토요일,경상북도 문경시 가은읍,경상사고,0,0,2,0,차대차 - 추돌 - 주정차중,안전운전불이행,건조,맑음,단일로 - 기타,승용,남,40세,상해없음,화물,남,58세,경상
2014061400100518,2014년 6월 14일 17시,토요일,경상북도 포항시 남구 오천읍,경상사고,0,0,1,0,차대차 - 기타,안전운전불이행,건조,맑음,교차로 - 교차로부근,자전거,남,14세,경상,승용,여,33세,상해없음
2014061400100519,2014년 6월 14일 17시,토요일,경상북도 포항시 남구 송도동,경상사고,0,0,1,0,차량단독 - 기타,안전운전불이행,건조,맑음,교차로 - 교차로부근,이륜,남,75세,경상,,,,
2014061400100557,2014년 6월 14일 18시,토요일,경상북도 경산시 압량면,경상사고,0,0,2,0,차대차 - 기타,안전운전불이행,건조,맑음,교차로 - 교차로부근,승합,남,58세,상해없음,승용,남,19세,경상
2014061400100558,2014년 6월 14일 18시,토요일,경상북도 구미시 구평동,경상사고,0,0,1,0,차대차 - 정면충돌,중앙선침범,건조,맑음,단일로 - 기타,승용,남,63세,기타불명,이륜,남,20세,경상
2014061400100601,2014년 6월 14일 19시,토요일,경상북도 경주시 천군동,중상사고,0,2,0,0,차대차 - 기타,안전운전불이행,건조,맑음,단일로 - 기타,이륜,여,28세,중상,이륜,여,28세,중상
2014061400100602,2014년 6월 14일 19시,토요일,경상북도 안동시 임동면,사망사고,1,0,0,0,차량단독 - 공작물충돌,안전운전불이행,건조,맑음,교차로 - 교차로부근,농기계,남,82세,사망,,,,
2014061400100603,2014년 6월 14일 19시,토요일,경상북도 문경시 모전동,중상사고,0,1,0,0,차대사람 - 횡단중,보행자보호의무위반,건조,맑음,단일로 - 기타,승합,남,56세,상해없음,보행자,남,23세,중상
2014061400100636,2014년 6월 14일 20시,토요일,경상북도 경주시 동천동,경상사고,0,0,1,1,차대차 - 기타,안전운전불이행,건조,맑음,교차로 - 교차로안,승용,남,48세,상해없음,승용,남,48세,경상
2014061400100668,2014년 6월 14일 21시,토요일,경상북도 구미시 원평동,경상사고,0,0,1,0,차대사람 - 횡단중,안전운전불이행,건조,맑음,교차로 - 교차로안,승용,남,58세,상해없음,보행자,여,18세,경상
2014061400100707,2014년 6월 14일 22시,토요일,경상북도 경주시 배반동,부상신고사고,0,0,0,1,차량단독 - 전도전복,안전운전불이행,건조,맑음,단일로 - 기타,이륜,남,26세,상해없음,,,,
2014061400100708,2014년 6월 14일 22시,토요일,경상북도 안동시 임하면,경상사고,0,0,1,0,차대차 - 측면직각충돌,직진우회전진행방해,건조,맑음,교차로 - 교차로안,이륜,남,32세,경상,화물,남,45세,상해없음
2014061400100709,2014년 6월 14일 22시,토요일,경상북도 구미시 오태동,경상사고,0,0,1,0,차대차 - 추돌 - 진행중,안전운전불이행,건조,맑음,단일로 - 기타,승용,여,40세,상해없음,원동기,남,17세,경상
2014061400100737,2014년 6월 14일 23시,토요일,경상북도 경산시 진량읍,경상사고,0,0,3,0,차대차 - 기타,안전운전불이행,건조,맑음,단일로 - 기타,이륜,남,17세,경상,이륜,남,17세,경상
2014061500100065,2014년 6월 15일 03시,일요일,경상북도 포항시 북구 죽도동,경상사고,0,0,1,0,차대차 - 기타,교차로운행방법위반,건조,맑음,교차로 - 교차로안,승용,남,20세,상해없음,원동기,남,49세,경상
2014061500100066,2014년 6월 15일 03시,일요일,경상북도 고령군 다산면,경상사고,0,0,2,0,차량단독 - 공작물충돌,안전운전불이행,건조,맑음,단일로 - 기타,승용,남,18세,상해없음,,,,
2014061500100091,2014년 6월 15일 05시,일요일,경상북도 의성군 점곡면,중상사고,0,1,0,0,차대차 - 측면직각충돌,안전운전불이행,건조,맑음,단일로 - 기타,승용,남,63세,상해없음,승용,남,55세,중상
2014061500100106,2014년 6월 15일 06시,일요일,경상북도 예천군 풍양면,중상사고,0,3,2,0,차대차 - 측면직각충돌,안전운전불이행,건조,맑음,교차로 - 교차로안,화물,남,64세,상해없음,승용,남,36세,경상
2014061500100107,2014년 6월 15일 06시,일요일,경상북도 영양군 석보면,중상사고,0,1,0,0,차대차 - 기타,안전운전불이행,건조,맑음,단일로 - 기타,화물,남,47세,상해없음,농기계,남,56세,중상
2014061500100192,2014년 6월 15일 11시,일요일,경상북도 구미시 진평동,경상사고,0,0,1,0,차대차 - 기타,안전운전불이행,건조,맑음,단일로 - 횡단보도상,승용,여,34세,상해없음,자전거,남,29세,경상
2014061500100211,2014년 6월 15일 12시,일요일,경상북도 포항시 북구 용흥동,중상사고,0,1,0,0,차대차 - 기타,안전운전불이행,건조,맑음,단일로 - 기타,승용,남,31세,상해없음,승용,여,41세,중상
2014061500100212,2014년 6월 15일 12시,일요일,경상북도 군위군 효령면,중상사고,0,1,0,0,차대차 - 추돌 - 진행중,안전운전불이행,건조,맑음,단일로 - 기타,승용,남,66세,상해없음,자전거,여,50세,중상
2014061500100213,2014년 6월 15일 12시,일요일,경상북도 구미시 오태동,중상사고,0,1,0,0,차대사람 - 기타,안전운전불이행,건조,맑음,교차로 - 교차로부근,승용,남,44세,상해없음,보행자,여,56세,중상
2014061500100234,2014년 6월 15일 13시,일요일,경상북도 경주시 건천읍,경상사고,0,0,2,0,차대차 - 기타,안전운전불이행,건조,맑음,교차로 - 교차로안,승용,남,34세,상해없음,승용,남,38세,경상
2014061500100235,2014년 6월 15일 13시,일요일,경상북도 영덕군 강구면,경상사고,0,0,3,0,차대차 - 추돌 - 주정차중,안전운전불이행,건조,맑음,단일로 - 기타,승용,남,56세,상해없음,승용,남,32세,경상
2014061500100275,2014년 6월 15일 14시,일요일,경상북도 경산시 압량면,중상사고,0,2,1,0,차대차 - 기타,신호위반,건조,맑음,교차로 - 교차로안,승용,여,56세,상해없음,승용,남,70세,상해없음
2014061500100276,2014년 6월 15일 14시,일요일,경상북도 경산시 조영동,중상사고,0,1,2,0,차대차 - 기타,신호위반,건조,맑음,교차로 - 교차로안,승용,여,62세,기타불명,승합,남,58세,상해없음
2014061500100277,2014년 6월 15일 14시,일요일,경상북도 구미시 고아읍,중상사고,0,1,1,0,차대차 - 기타,안전운전불이행,건조,맑음,단일로 - 기타,승용,남,57세,상해없음,이륜,남,19세,중상
2014061500100302,2014년 6월 15일 15시,일요일,경상북도 김천시 모암동,경상사고,0,0,1,0,차대차 - 측면직각충돌,안전운전불이행,건조,맑음,교차로 - 교차로부근,이륜,남,59세,상해없음,승용,남,24세,상해없음
2014061500100303,2014년 6월 15일 15시,일요일,경상북도 포항시 남구 대도동,중상사고,0,1,0,0,차대차 - 기타,안전운전불이행,건조,맑음,단일로 - 기타,자전거,여,64세,중상,승용,남,40세,상해없음
2014061500100337,2014년 6월 15일 16시,일요일,경상북도 경주시 천군동,경상사고,0,0,2,0,차대차 - 추돌 - 진행중,안전운전불이행,건조,맑음,단일로 - 기타,승용,남,59세,상해없음,승용,남,19세,경상
2014061500100338,2014년 6월 15일 16시,일요일,경상북도 포항시 남구 오천읍,경상사고,0,0,2,0,차대차 - 추돌 - 진행중,안전거리미확보,건조,맑음,단일로 - 기타,승용,남,44세,상해없음,승용,남,30세,경상
2014061500100369,2014년 6월 15일 17시,일요일,경상북도 안동시 옥야동,경상사고,0,0,1,0,차대차 - 기타,안전운전불이행,건조,맑음,기타 - 기타,승용,남,65세,상해없음,승용,여,27세,경상
2014061500100370,2014년 6월 15일 17시,일요일,경상북도 상주시 남성동,경상사고,0,0,1,0,차대차 - 추돌 - 진행중,안전운전불이행,건조,맑음,단일로 - 기타,승용,여,51세,상해없음,이륜,남,81세,경상
2014061500100371,2014년 6월 15일 17시,일요일,경상북도 문경시 동로면,중상사고,0,2,0,0,차대차 - 기타,안전운전불이행,건조,맑음,교차로 - 교차로안,화물,여,46세,상해없음,승용,남,37세,중상
2014061500100372,2014년 6월 15일 17시,일요일,경상북도 문경시 흥덕동,경상사고,0,0,1,0,차대차 - 측면직각충돌,직진우회전진행방해,건조,맑음,교차로 - 교차로안,원동기,남,17세,경상,화물,남,53세,상해없음
2014061500100373,2014년 6월 15일 17시,일요일,경상북도 포항시 남구 동해면,중상사고,0,1,1,0,차량단독 - 기타,안전운전불이행,건조,맑음,단일로 - 기타,승용,여,46세,경상,,,,
2014061500100402,2014년 6월 15일 18시,일요일,경상북도 상주시 화북면,중상사고,0,1,0,0,차대차 - 기타,중앙선침범,건조,맑음,단일로 - 기타,승합,남,49세,상해없음,이륜,남,40세,중상
2014061500100403,2014년 6월 15일 18시,일요일,경상북도 의성군 봉양면,중상사고,0,1,0,0,차대차 - 측면직각충돌,교차로운행방법위반,건조,맑음,교차로 - 교차로안,승용,남,40세,상해없음,원동기,여,59세,중상
2014061500100404,2014년 6월 15일 18시,일요일,경상북도 구미시 진평동,경상사고,0,0,2,0,차대차 - 기타,교차로운행방법위반,건조,맑음,교차로 - 교차로안,승용,남,42세,상해없음,승용,남,26세,상해없음
2014061500100405,2014년 6월 15일 18시,일요일,경상북도 포항시 남구 송도동,경상사고,0,0,1,0,차대차 - 기타,중앙선침범,건조,맑음,단일로 - 기타,승용,여,27세,상해없음,승용,남,58세,경상
2014061500100433,2014년 6월 15일 19시,일요일,경상북도 청도군 청도읍,경상사고,0,0,1,0,차대차 - 기타,안전운전불이행,건조,맑음,단일로 - 기타,자전거,남,11세,경상,화물,남,57세,기타불명
2014061500100434,2014년 6월 15일 19시,일요일,경상북도 포항시 남구 오천읍,경상사고,0,0,1,0,차대차 - 기타,중앙선침범,건조,맑음,교차로 - 교차로부근,승용,여,37세,상해없음,자전거,남,8세,경상
2014061500100465,2014년 6월 15일 20시,일요일,경상북도 경산시 하양읍,경상사고,0,0,1,0,차대차 - 추돌 - 진행중,안전운전불이행,건조,맑음,단일로 - 기타,승용,여,27세,기타불명,원동기,남,56세,경상
2014061500100513,2014년 6월 15일 22시,일요일,경상북도 영천시 금호읍,경상사고,0,0,2,0,차대차 - 기타,안전거리미확보,건조,맑음,단일로 - 기타,승용,여,29세,상해없음,승용,남,26세,경상
2014061500100514,2014년 6월 15일 22시,일요일,경상북도 구미시 신평동,경상사고,0,0,1,0,차대차 - 기타,신호위반,건조,맑음,교차로 - 교차로안,승용,남,49세,상해없음,승용,남,48세,경상
2014061500100529,2014년 6월 15일 23시,일요일,경상북도 구미시 송정동,중상사고,0,1,0,0,차대사람 - 기타,안전운전불이행,건조,맑음,단일로 - 횡단보도상,승용,여,48세,상해없음,보행자,남,53세,중상
2014061600100022,2014년 6월 16일 01시,월요일,경상북도 포항시 북구 죽도동,경상사고,0,0,2,0,차대차 - 기타,직진우회전진행방해,건조,맑음,교차로 - 교차로안,승용,남,35세,경상,승용,남,55세,경상
2014061600100023,2014년 6월 16일 01시,월요일,경상북도 성주군 성주읍,경상사고,0,0,1,0,차량단독 - 공작물충돌,안전운전불이행,건조,맑음,단일로 - 교량,승용,남,38세,경상,,,,
2014061600100024,2014년 6월 16일 01시,월요일,경상북도 포항시 남구 송내동,사망사고,1,1,0,0,차량단독 - 기타,안전운전불이행,건조,맑음,교차로 - 교차로안,원동기,남,23세,사망,,,,
2014061600100033,2014년 6월 16일 03시,월요일,경상북도 포항시 남구 대도동,중상사고,0,1,0,0,차대차 - 기타,신호위반,건조,맑음,교차로 - 교차로안,승용,남,27세,상해없음,승용,여,45세,중상
2014061600100054,2014년 6월 16일 06시,월요일,경상북도 포항시 남구 오천읍,경상사고,0,0,1,0,차대차 - 기타,안전운전불이행,건조,맑음,교차로 - 교차로안,승용,남,52세,상해없음,승용,여,54세,경상
2014061600100078,2014년 6월 16일 07시,월요일,경상북도 경주시 성건동,경상사고,0,0,3,0,차대차 - 기타,안전운전불이행,건조,맑음,교차로 - 교차로안,승용,남,39세,상해없음,승용,남,53세,경상
2014061600100079,2014년 6월 16일 07시,월요일,경상북도 안동시 임동면,중상사고,0,1,0,0,차대차 - 기타,중앙선침범,건조,맑음,기타 - 기타,승용,여,24세,상해없음,화물,남,29세,중상
2014061600100151,2014년 6월 16일 09시,월요일,경상북도 영천시 성내동,중상사고,0,1,0,0,차대사람 - 횡단중,보행자보호의무위반,건조,맑음,단일로 - 횡단보도상,승용,여,34세,상해없음,보행자,여,72세,중상
2014061600100152,2014년 6월 16일 09시,월요일,경상북도 청도군 이서면,중상사고,0,1,0,0,차대차 - 기타,직진우회전진행방해,건조,맑음,교차로 - 교차로안,승용,남,62세,기타불명,승용,남,80세,중상
2014061600100153,2014년 6월 16일 09시,월요일,경상북도 성주군 성주읍,중상사고,0,1,0,0,차대차 - 기타,불법유턴,건조,맑음,기타 - 기타,이륜,여,63세,중상,화물,남,55세,상해없음
2014061600100183,2014년 6월 16일 10시,월요일,경상북도 의성군 단북면,중상사고,0,1,0,0,차량단독 - 기타,안전운전불이행,건조,맑음,단일로 - 기타,원동기,남,86세,중상,,,,
2014061600100184,2014년 6월 16일 10시,월요일,경상북도 경산시 하양읍,중상사고,0,1,0,0,차대차 - 기타,안전운전불이행,건조,맑음,단일로 - 기타,승용,여,30세,상해없음,승용,남,54세,중상
2014061600100185,2014년 6월 16일 10시,월요일,경상북도 구미시 원평동,경상사고,0,0,1,0,차대차 - 기타,안전운전불이행,건조,맑음,기타 - 기타,화물,남,63세,상해없음,자전거,남,60세,경상
2014061600100210,2014년 6월 16일 11시,월요일,경상북도 포항시 북구 용흥동,경상사고,0,0,1,1,차대차 - 기타,신호위반,건조,맑음,교차로 - 교차로안,승용,여,58세,부상신고,승용,남,51세,경상
2014061600100211,2014년 6월 16일 11시,월요일,경상북도 김천시 율곡동,경상사고,0,0,3,0,차대차 - 측면직각충돌,직진우회전진행방해,건조,맑음,교차로 - 교차로안,승합,남,23세,상해없음,승용,남,50세,경상
2014061600100212,2014년 6월 16일 11시,월요일,경상북도 문경시 농암면,사망사고,1,0,0,0,차량단독 - 전도전복,안전운전불이행,건조,맑음,단일로 - 기타,농기계,남,72세,사망,,,,
2014061600100213,2014년 6월 16일 11시,월요일,경상북도 포항시 남구 대도동,경상사고,0,0,1,0,차대차 - 기타,신호위반,건조,맑음,교차로 - 교차로안,화물,여,44세,상해없음,이륜,남,77세,경상
2014061600100259,2014년 6월 16일 13시,월요일,경상북도 경주시 강동면,경상사고,0,0,2,0,차대차 - 기타,중앙선침범,건조,맑음,단일로 - 기타,승용,남,56세,기타불명,승용,여,59세,경상
2014061600100260,2014년 6월 16일 13시,월요일,경상북도 영주시 영주동,경상사고,0,0,2,0,차대차 - 측면직각충돌,직진우회전진행방해,건조,맑음,교차로 - 교차로안,화물,남,51세,상해없음,화물,남,35세,경상
2014061600100261,2014년 6월 16일 13시,월요일,경상북도 영천시 청통면,경상사고,0,0,2,0,차대차 - 기타,안전운전불이행,건조,맑음,교차로 - 교차로안,화물,남,49세,상해없음,승용,남,65세,경상
2014061600100262,2014년 6월 16일 13시,월요일,경상북도 구미시 신평동,경상사고,0,0,1,0,차대차 - 측면직각충돌,안전운전불이행,건조,맑음,단일로 - 기타,승용,남,34세,상해없음,승용,여,61세,경상
2014061600100296,2014년 6월 16일 14시,월요일,경상북도 의성군 다인면,중상사고,0,2,1,0,차대차 - 측면직각충돌,신호위반,건조,맑음,교차로 - 교차로안,건설기계,남,57세,중상,승용,남,47세,경상
2014061600100297,2014년 6월 16일 14시,월요일,경상북도 의성군 점곡면,중상사고,0,1,0,0,차대차 - 측면직각충돌,안전운전불이행,건조,맑음,단일로 - 기타,승용,남,40세,상해없음,농기계,남,69세,중상
2014061600100298,2014년 6월 16일 14시,월요일,경상북도 영주시 장수면,중상사고,0,1,1,0,차대차 - 측면직각충돌,안전운전불이행,건조,맑음,교차로 - 교차로안,화물,남,24세,상해없음,화물,남,71세,경상
2014061600100336,2014년 6월 16일 15시,월요일,경상북도 칠곡군 약목면,중상사고,0,2,0,0,차대차 - 기타,교차로운행방법위반,건조,맑음,교차로 - 교차로안,특수,남,42세,상해없음,승용,남,49세,중상
2014061600100337,2014년 6월 16일 15시,월요일,경상북도 영천시 문외동,경상사고,0,0,1,0,차량단독 - 기타,안전운전불이행,건조,맑음,교차로 - 교차로부근,자전거,남,8세,경상,,,,
2014061600100338,2014년 6월 16일 15시,월요일,경상북도 봉화군 봉화읍,중상사고,0,1,0,0,차대차 - 정면충돌,안전운전불이행,건조,맑음,단일로 - 기타,원동기,남,38세,중상,승용,여,58세,상해없음
2014061600100339,2014년 6월 16일 15시,월요일,경상북도 군위군 소보면,중상사고,0,1,0,0,차대차 - 기타,중앙선침범,건조,맑음,단일로 - 기타,승용,남,67세,상해없음,화물,남,71세,중상
2014061600100366,2014년 6월 16일 16시,월요일,경상북도 포항시 북구 장성동,경상사고,0,0,2,0,차대차 - 기타,직진우회전진행방해,건조,맑음,교차로 - 교차로안,승용,남,22세,상해없음,승용,여,43세,경상
2014061600100367,2014년 6월 16일 16시,월요일,경상북도 경산시 진량읍,사망사고,1,0,0,0,차대차 - 기타,교차로운행방법위반,건조,맑음,교차로 - 교차로안,원동기,남,60세,사망,화물,남,63세,상해없음
2014061600100368,2014년 6월 16일 16시,월요일,경상북도 경산시 하양읍,경상사고,0,0,1,0,차대사람 - 기타,안전운전불이행,건조,맑음,단일로 - 기타,기타불명,기타불명,기타불명,기타불명,보행자,여,11세,경상
2014061600100403,2014년 6월 16일 17시,월요일,경상북도 경주시 황오동,경상사고,0,0,1,0,차대사람 - 기타,안전운전불이행,건조,맑음,단일로 - 기타,승용,남,59세,상해없음,보행자,여,52세,경상
2014061600100404,2014년 6월 16일 17시,월요일,경상북도 영천시 화남면,중상사고,0,1,0,0,차대차 - 정면충돌,중앙선침범,건조,맑음,단일로 - 기타,승용,남,51세,상해없음,승용,여,49세,중상
2014061600100405,2014년 6월 16일 17시,월요일,경상북도 고령군 다산면,경상사고,0,0,1,0,차대차 - 측면직각충돌,교차로운행방법위반,건조,맑음,교차로 - 교차로안,화물,남,53세,상해없음,승용,여,42세,경상
2014061600100441,2014년 6월 16일 18시,월요일,경상북도 경주시 건천읍,경상사고,0,0,1,0,차대차 - 기타,안전운전불이행,건조,맑음,교차로 - 교차로안,승용,여,36세,상해없음,이륜,여,61세,경상
2014061600100472,2014년 6월 16일 19시,월요일,경상북도 안동시 서후면,중상사고,0,1,0,0,차대차 - 기타,안전운전불이행,건조,맑음,단일로 - 기타,화물,남,50세,상해없음,승용,남,50세,중상
2014061600100473,2014년 6월 16일 19시,월요일,경상북도 상주시 무양동,경상사고,0,0,1,0,차대사람 - 기타,안전운전불이행,건조,맑음,단일로 - 기타,화물,남,61세,상해없음,보행자,여,51세,경상
2014061600100474,2014년 6월 16일 19시,월요일,경상북도 구미시 옥계동,경상사고,0,0,1,0,차대사람 - 기타,안전운전불이행,건조,맑음,교차로 - 교차로부근,승용,남,57세,상해없음,보행자,남,8세,경상
2014061600100475,2014년 6월 16일 19시,월요일,경상북도 구미시 형곡동,경상사고,0,0,1,0,차대사람 - 기타,안전운전불이행,건조,맑음,교차로 - 교차로부근,승합,남,54세,상해없음,보행자,여,15세,경상
2014061600100499,2014년 6월 16일 20시,월요일,경상북도 문경시 모전동,중상사고,0,1,0,0,차대차 - 기타,신호위반,건조,맑음,교차로 - 교차로안,승용,여,49세,상해없음,승용,여,66세,중상
2014061600100501,2014년 6월 16일 20시,월요일,경상북도 구미시 송정동,중상사고,0,1,0,0,차대차 - 측면직각충돌,신호위반,건조,맑음,교차로 - 교차로부근,승용,남,54세,상해없음,자전거,남,29세,중상
2014061600100568,2014년 6월 16일 22시,월요일,경상북도 경주시 천북면,경상사고,0,0,1,0,차대차 - 추돌 - 주정차중,안전운전불이행,건조,맑음,교차로 - 교차로부근,승용,남,23세,상해없음,승용,여,30세,경상
2014061600100569,2014년 6월 16일 22시,월요일,경상북도 성주군 성주읍,경상사고,0,0,1,0,차대차 - 기타,안전운전불이행,건조,맑음,기타 - 기타,승용,기타불명,기타불명,기타불명,자전거,여,56세,경상
2014061600100570,2014년 6월 16일 22시,월요일,경상북도 청송군 진보면,경상사고,0,0,2,0,차대사람 - 기타,안전운전불이행,건조,맑음,교차로 - 교차로부근,승용,남,57세,상해없음,보행자,남,52세,경상
2014061600100599,2014년 6월 16일 23시,월요일,경상북도 구미시 진평동,경상사고,0,0,1,0,차대사람 - 기타,보행자보호의무위반,건조,맑음,교차로 - 교차로안,승용,남,37세,상해없음,보행자,여,22세,경상
2014061700100030,2014년 6월 17일 01시,화요일,경상북도 김천시 남산동,중상사고,0,1,0,0,차대사람 - 기타,안전운전불이행,건조,맑음,단일로 - 기타,승용,남,27세,상해없음,보행자,남,46세,중상
2014061700100097,2014년 6월 17일 07시,화요일,경상북도 의성군 의성읍,중상사고,0,1,0,0,차대차 - 측면직각충돌,직진우회전진행방해,건조,맑음,교차로 - 교차로안,원동기,남,80세,중상,승용,남,60세,상해없음