사고번호,사고일시,요일,시군구,사고내용,사망자수,중상자수,경상자수,부상신고자수,사고유형,법규위반,노면상태,기상상태,도로형태,가해운전자 차종,가해운전자 성별,가해운전자 연령,가해운전자 상해정도,피해운전자 차종,피해운전자 성별,피해운전자 연령,피해운전자 상해정도
2014061700100098,2014년 6월 17일 07시,화요일,경상북도 경산시 하양읍,경상사고,0,0,1,0,차대차 - 기타,안전운전불이행,건조,맑음,단일로 - 기타,화물,남,59세,상해없음,승용,여,22세,경상
2014061700100199,2014년 6월 17일 10시,화요일,경상북도 경주시 외동읍,중상사고,0,1,0,0,차대차 - 기타,신호위반,건조,맑음,교차로 - 교차로안,화물,남,65세,상해없음,화물,남,54세,중상
2014061700100200,2014년 6월 17일 10시,화요일,경상북도 영주시 조암동,중상사고,0,1,0,0,차대차 - 기타,안전운전불이행,건조,맑음,단일로 - 기타,화물,남,51세,상해없음,기타불명,남,71세,중상
2014061700100201,2014년 6월 17일 10시,화요일,경상북도 포항시 남구 송도동,경상사고,0,0,1,0,차대차 - 추돌 - 주정차중,안전운전불이행,건조,맑음,단일로 - 기타,이륜,여,72세,경상,승용,여,52세,상해없음
2014061700100232,2014년 6월 17일 11시,화요일,경상북도 성주군 성주읍,경상사고,0,0,1,0,차대사람 - 길가장자리구역통행중,안전운전불이행,건조,맑음,단일로 - 기타,승용,여,59세,상해없음,보행자,남,62세,경상
2014061700100233,2014년 6월 17일 11시,화요일,경상북도 구미시 임수동,경상사고,0,0,1,0,차대차 - 기타,안전운전불이행,건조,맑음,기타 - 기타,화물,남,37세,상해없음,승용,남,29세,경상
2014061700100234,2014년 6월 17일 11시,화요일,경상북도 구미시 봉곡동,경상사고,0,0,1,0,차대차 - 기타,안전운전불이행,건조,기타,교차로 - 교차로부근,승용,남,53세,상해없음,승용,여,24세,경상
2014061700100235,2014년 6월 17일 11시,화요일,경상북도 구미시 원평동,경상사고,0,0,1,0,차대차 - 기타,신호위반,건조,맑음,교차로 - 교차로안,승합,남,52세,상해없음,자전거,여,16세,경상
2014061700100261,2014년 6월 17일 12시,화요일,경상북도 경주시 석장동,중상사고,0,1,0,1,차대차 - 기타,안전운전불이행,건조,맑음,교차로 - 교차로안,승용,여,39세,부상신고,승용,남,52세,중상
2014061700100262,2014년 6월 17일 12시,화요일,경상북도 경주시 양남면,경상사고,0,0,1,0,차대차 - 기타,안전운전불이행,건조,맑음,단일로 - 기타,화물,남,55세,상해없음,화물,남,44세,경상
2014061700100263,2014년 6월 17일 12시,화요일,경상북도 칠곡군 왜관읍,경상사고,0,0,1,0,차대차 - 기타,직진우회전진행방해,건조,맑음,교차로 - 교차로안,이륜,남,31세,경상,승용,남,49세,상해없음
2014061700100264,2014년 6월 17일 12시,화요일,경상북도 포항시 남구 대잠동,중상사고,0,1,0,0,차량단독 - 공작물충돌,안전운전불이행,건조,맑음,단일로 - 기타,승용,여,52세,중상,,,,
2014061700100290,2014년 6월 17일 13시,화요일,경상북도 포항시 북구 우현동,경상사고,0,0,4,0,차대차 - 추돌 - 주정차중,안전운전불이행,건조,흐림,교차로 - 교차로부근,화물,남,52세,상해없음,승용,여,34세,경상
2014061700100291,2014년 6월 17일 13시,화요일,경상북도 영천시 화북면,경상사고,0,0,2,0,차량단독 - 공작물충돌,안전운전불이행,건조,맑음,단일로 - 기타,승용,남,55세,경상,,,,
2014061700100324,2014년 6월 17일 14시,화요일,경상북도 구미시 인의동,경상사고,0,0,1,0,차량단독 - 공작물충돌,안전운전불이행,건조,맑음,교차로 - 교차로부근,승합,남,60세,경상,,,,
2014061700100355,2014년 6월 17일 15시,화요일,경상북도 포항시 북구 장성동,중상사고,0,1,0,0,차대사람 - 횡단중,안전운전불이행,건조,맑음,단일로 - 기타,승용,남,43세,상해없음,보행자,여,8세,중상
2014061700100356,2014년 6월 17일 15시,화요일,경상북도 김천시 감문면,중상사고,0,3,0,0,차대차 - 측면직각충돌,안전운전불이행,건조,맑음,단일로 - 기타,승용,여,59세,중상,승용,여,49세,중상
2014061700100357,2014년 6월 17일 15시,화요일,경상북도 포항시 남구 장흥동,중상사고,0,1,0,0,차량단독 - 공작물충돌,안전운전불이행,건조,맑음,단일로 - 기타,승용,여,28세,중상,,,,
2014061700100381,2014년 6월 17일 16시,화요일,경상북도 경주시 양남면,중상사고,0,1,2,0,차대차 - 기타,안전운전불이행,건조,맑음,교차로 - 교차로안,승용,남,45세,상해없음,승용,남,28세,중상
2014061700100382,2014년 6월 17일 16시,화요일,경상북도 포항시 남구 오천읍,경상사고,0,0,1,0,차대사람 - 기타,안전운전불이행,건조,맑음,단일로 - 기타,승용,남,29세,상해없음,보행자,여,65세,경상
2014061700100453,2014년 6월 17일 18시,화요일,경상북도 영천시 망정동,경상사고,0,0,1,0,차대차 - 측면직각충돌,안전운전불이행,건조,맑음,단일로 - 기타,승용,남,55세,상해없음,승용,여,43세,경상
2014061700100519,2014년 6월 17일 20시,화요일,경상북도 경주시 황오동,경상사고,0,0,1,1,차대차 - 기타,안전운전불이행,건조,맑음,교차로 - 교차로안,승용,여,37세,부상신고,승용,남,19세,경상
2014061700100520,2014년 6월 17일 20시,화요일,경상북도 포항시 북구 죽도동,경상사고,0,0,2,0,차대차 - 기타,안전운전불이행,건조,맑음,교차로 - 교차로부근,기타불명,기타불명,기타불명,기타불명,승용,여,32세,경상
2014061700100522,2014년 6월 17일 20시,화요일,경상북도 영주시 가흥동,중상사고,0,1,2,0,차대차 - 측면직각충돌,안전운전불이행,건조,맑음,교차로 - 교차로안,화물,남,32세,경상,승용,남,62세,중상
2014061700100556,2014년 6월 17일 21시,화요일,경상북도 포항시 북구 죽도동,중상사고,0,1,0,0,차대차 - 기타,중앙선침범,건조,맑음,단일로 - 기타,승용,남,31세,상해없음,원동기,남,24세,중상
2014061700100557,2014년 6월 17일 21시,화요일,경상북도 안동시 태화동,중상사고,0,1,2,0,차대차 - 기타,교차로운행방법위반,건조,맑음,교차로 - 교차로안,승용,남,54세,상해없음,화물,남,45세,경상
2014061700100558,2014년 6월 17일 21시,화요일,경상북도 영천시 금호읍,중상사고,0,1,0,0,차대사람 - 기타,보행자보호의무위반,건조,맑음,교차로 - 교차로부근,승용,여,43세,상해없음,보행자,남,58세,중상
2014061700100586,2014년 6월 17일 22시,화요일,경상북도 구미시 고아읍,경상사고,0,0,1,0,차대차 - 기타,안전운전불이행,건조,맑음,기타 - 기타,승용,남,58세,상해없음,자전거,남,13세,경상
2014061700100587,2014년 6월 17일 22시,화요일,경상북도 구미시 비산동,중상사고,0,1,0,0,차대사람 - 기타,안전운전불이행,건조,맑음,단일로 - 기타,승용,남,49세,상해없음,보행자,남,27세,중상
2014061700100613,2014년 6월 17일 23시,화요일,경상북도 구미시 오태동,부상신고사고,0,0,0,1,차대차 - 기타,신호위반,건조,맑음,교차로 - 교차로안,이륜,남,22세,부상신고,승용,남,42세,상해없음
2014061800100023,2014년 6월 18일 01시,수요일,경상북도 구미시 옥계동,부상신고사고,0,0,0,1,차대차 - 기타,안전운전불이행,건조,맑음,단일로 - 기타,승용,여,26세,부상신고,화물,남,36세,기타불명
2014061800100053,2014년 6월 18일 04시,수요일,경상북도 경주시 동천동,경상사고,0,0,1,0,차대차 - 기타,안전운전불이행,건조,맑음,교차로 - 교차로안,승용,남,23세,상해없음,승용,남,44세,경상
2014061800100054,2014년 6월 18일 04시,수요일,경상북도 안동시 송현동,중상사고,0,1,0,0,차대사람 - 기타,안전운전불이행,건조,맑음,교차로 - 교차로안,화물,남,70세,상해없음,보행자,남,65세,중상
2014061800100055,2014년 6월 18일 04시,수요일,경상북도 경산시 자인면,중상사고,0,1,0,0,차대사람 - 기타,보행자보호의무위반,건조,맑음,단일로 - 횡단보도상,승용,남,55세,상해없음,보행자,여,65세,중상
2014061800100071,2014년 6월 18일 06시,수요일,경상북도 봉화군 명호면,중상사고,0,1,0,0,차량단독 - 전도전복,안전운전불이행,건조,맑음,단일로 - 기타,자전거,남,60세,중상,,,,
2014061800100072,2014년 6월 18일 06시,수요일,경상북도 고령군 덕곡면,경상사고,0,0,1,0,차대차 - 측면직각충돌,안전운전불이행,건조,맑음,교차로 - 교차로안,승용,여,47세,상해없음,이륜,남,82세,경상
2014061800100073,2014년 6월 18일 06시,수요일,경상북도 구미시 원평동,경상사고,0,0,1,0,차대차 - 기타,안전운전불이행,건조,맑음,교차로 - 교차로부근,승합,남,53세,상해없음,화물,남,45세,경상
2014061800100094,2014년 6월 18일 07시,수요일,경상북도 김천시 농소면,경상사고,0,0,1,0,차대차 - 측면직각충돌,교차로운행방법위반,건조,맑음,교차로 - 교차로안,화물,남,40세,상해없음,승용,여,33세,경상
2014061800100095,2014년 6월 18일 07시,수요일,경상북도 영천시 고경면,경상사고,0,0,1,0,차대차 - 추돌 - 진행중,안전운전불이행,건조,맑음,단일로 - 기타,승용,남,49세,상해없음,승용,남,66세,경상
2014061800100096,2014년 6월 18일 07시,수요일,경상북도 봉화군 봉화읍,중상사고,0,1,0,0,차량단독 - 전도전복,안전운전불이행,건조,맑음,단일로 - 기타,이륜,남,75세,중상,,,,
2014061800100129,2014년 6월 18일 08시,수요일,경상북도 경주시 천북면,경상사고,0,0,1,0,차대차 - 기타,중앙선침범,건조,맑음,단일로 - 기타,승용,여,30세,상해없음,승용,남,39세,경상
2014061800100130,2014년 6월 18일 08시,수요일,경상북도 영주시 휴천동,경상사고,0,0,1,0,차대차 - 기타,안전운전불이행,건조,맑음,교차로 - 교차로안,자전거,남,14세,경상,승용,남,71세,상해없음
2014061800100131,2014년 6월 18일 08시,수요일,경상북도 포항시 남구 연일읍,경상사고,0,0,1,0,차대차 - 추돌 - 진행중,기타,건조,맑음,교차로 - 교차로안,승용,남,68세,경상,승용,여,40세,상해없음
2014061800100171,2014년 6월 18일 09시,수요일,경상북도 경주시 천북면,중상사고,0,1,0,0,차대차 - 기타,안전운전불이행,건조,맑음,교차로 - 교차로부근,승용,남,35세,상해없음,승용,남,25세,중상
2014061800100172,2014년 6월 18일 09시,수요일,경상북도 포항시 북구 죽도동,경상사고,0,0,1,0,차대사람 - 횡단중,안전운전불이행,건조,맑음,단일로 - 기타,승용,남,63세,상해없음,보행자,여,25세,경상
2014061800100173,2014년 6월 18일 09시,수요일,경상북도 상주시 화남면,중상사고,0,1,0,0,차량단독 - 공작물충돌,안전운전불이행,건조,맑음,단일로 - 기타,승용,남,58세,상해없음,,,,
2014061800100174,2014년 6월 18일 09시,수요일,경상북도 상주시 신봉동,사망사고,1,0,0,0,차대차 - 측면직각충돌,안전운전불이행,건조,맑음,단일로 - 기타,승용,여,47세,상해없음,원동기,남,61세,사망
2014061800100175,2014년 6월 18일 09시,수요일,경상북도 영천시 오수동,중상사고,0,1,0,0,차대차 - 기타,안전운전불이행,건조,맑음,교차로 - 교차로부근,화물,남,45세,상해없음,승용,남,31세,중상
2014061800100229,2014년 6월 18일 11시,수요일,경상북도 예천군 예천읍,중상사고,0,1,0,0,차대사람 - 보도통행중,기타,건조,맑음,교차로 - 교차로부근,승용,여,21세,상해없음,보행자,여,81세,중상
2014061800100230,2014년 6월 18일 11시,수요일,경상북도 구미시 사곡동,중상사고,0,1,0,0,차대차 - 기타,교차로운행방법위반,건조,맑음,교차로 - 교차로안,화물,남,48세,상해없음,자전거,여,21세,중상
2014061800100231,2014년 6월 18일 11시,수요일,경상북도 포항시 남구 구룡포읍,중상사고,0,1,3,0,차대차 - 추돌 - 진행중,안전운전불이행,건조,맑음,교차로 - 교차로부근,화물,남,59세,중상,승합,남,61세,경상
2014061800100232,2014년 6월 18일 11시,수요일,경상북도 포항시 남구 괴동동,경상사고,0,0,1,0,차대차 - 기타,안전운전불이행,건조,맑음,교차로 - 교차로안,승용,여,61세,상해없음,이륜,남,44세,경상
2014061800100263,2014년 6월 18일 12시,수요일,경상북도 포항시 북구 대흥동,경상사고,0,0,1,1,차대차 - 기타,안전운전불이행,건조,맑음,단일로 - 기타,승용,남,30세,부상신고,승용,남,69세,경상
2014061800100264,2014년 6월 18일 12시,수요일,경상북도 문경시 모전동,중상사고,0,1,1,0,차대차 - 측면직각충돌,안전운전불이행,건조,맑음,단일로 - 기타,승용,여,43세,상해없음,원동기,남,69세,중상
2014061800100265,2014년 6월 18일 12시,수요일,경상북도 울진군 북면,경상사고,0,0,1,0,차대차 - 기타,안전운전불이행,건조,맑음,단일로 - 기타,승용,여,55세,경상,승용,남,53세,상해없음
2014061800100266,2014년 6월 18일 12시,수요일,경상북도 구미시 산동면,중상사고,0,2,0,0,차대차 - 기타,안전운전불이행,건조,맑음,교차로 - 교차로부근,승용,남,37세,상해없음,화물,남,31세,중상
2014061800100294,2014년 6월 18일 13시,수요일,경상북도 의성군 옥산면,경상사고,0,0,1,0,차량단독 - 도로외이탈 - 추락,안전운전불이행,건조,맑음,단일로 - 기타,원동기,남,62세,경상,,,,
2014061800100295,2014년 6월 18일 13시,수요일,경상북도 경산시 하양읍,경상사고,0,0,2,0,차대차 - 기타,안전운전불이행,건조,맑음,단일로 - 기타,승용,남,24세,기타불명,승용,남,45세,경상
2014061800100296,2014년 6월 18일 13시,수요일,경상북도 구미시 상모동,경상사고,0,0,1,0,차대사람 - 기타,보행자보호의무위반,건조,맑음,교차로 - 교차로안,승용,남,46세,상해없음,보행자,남,8세,경상
2014061800100326,2014년 6월 18일 14시,수요일,경상북도 포항시 북구 여남동,경상사고,0,0,2,0,차대차 - 기타,교차로운행방법위반,건조,맑음,교차로 - 교차로안,건설기계,남,59세,상해없음,승용,남,37세,경상
2014061800100327,2014년 6월 18일 14시,수요일,경상북도 안동시 길안면,중상사고,0,1,0,0,차량단독 - 도로외이탈 - 기타,안전운전불이행,건조,맑음,단일로 - 기타,화물,남,62세,중상,,,,
2014061800100328,2014년 6월 18일 14시,수요일,경상북도 예천군 지보면,사망사고,1,0,0,0,차대차 - 추돌 - 진행중,안전운전불이행,건조,맑음,단일로 - 기타,승합,남,80세,상해없음,농기계,남,81세,사망
2014061800100365,2014년 6월 18일 15시,수요일,경상북도 경산시 용성면,부상신고사고,0,0,0,1,차량단독 - 기타,안전운전불이행,건조,맑음,기타 - 기타,화물,남,56세,상해없음,,,,
2014061800100409,2014년 6월 18일 16시,수요일,경상북도 경주시 천군동,경상사고,0,0,3,0,차대차 - 정면충돌,중앙선침범,건조,맑음,단일로 - 기타,승용,여,55세,경상,승용,남,58세,경상
2014061800100410,2014년 6월 18일 16시,수요일,경상북도 문경시 모전동,경상사고,0,0,1,0,차대차 - 측면직각충돌,안전운전불이행,건조,맑음,단일로 - 기타,승용,남,40세,상해없음,자전거,남,10세,경상
2014061800100411,2014년 6월 18일 16시,수요일,경상북도 청도군 금천면,중상사고,0,2,0,0,차대차 - 기타,중앙선침범,건조,맑음,단일로 - 기타,승용,여,46세,중상,승용,여,42세,중상
2014061800100412,2014년 6월 18일 16시,수요일,경상북도 구미시 형곡동,경상사고,0,0,1,0,차대차 - 기타,안전운전불이행,건조,맑음,교차로 - 교차로안,승합,남,17세,상해없음,승용,여,44세,경상
2014061800100448,2014년 6월 18일 17시,수요일,경상북도 경산시 대평동,경상사고,0,0,1,0,차대사람 - 기타,보행자보호의무위반,건조,맑음,단일로 - 기타,기타불명,기타불명,기타불명,기타불명,보행자,남,67세,경상
2014061800100449,2014년 6월 18일 17시,수요일,경상북도 구미시 고아읍,중상사고,0,1,0,0,차대차 - 기타,안전운전불이행,건조,맑음,단일로 - 기타,화물,남,57세,상해없음,이륜,남,46세,중상
2014061800100450,2014년 6월 18일 17시,수요일,경상북도 구미시 옥계동,중상사고,0,1,0,0,차대차 - 기타,신호위반,건조,맑음,단일로 - 횡단보도상,이륜,남,18세,상해없음,자전거,남,40세,중상
2014061800100451,2014년 6월 18일 17시,수요일,경상북도 구미시 임수동,경상사고,0,0,3,0,차대차 - 기타,신호위반,건조,맑음,교차로 - 교차로안,승용,여,24세,상해없음,화물,남,41세,경상
2014061800100452,2014년 6월 18일 17시,수요일,경상북도 포항시 남구 이동,경상사고,0,0,1,0,차대차 - 기타,안전운전불이행,건조,맑음,교차로 - 교차로부근,승용,여,23세,상해없음,승용,여,32세,경상
2014061800100453,2014년 6월 18일 17시,수요일,경상북도 김천시 남면,경상사고,0,0,2,0,차대차 - 추돌 - 진행중,안전운전불이행,건조,흐림,단일로 - 기타,승합,남,36세,상해없음,승용,여,55세,경상
2014061800100495,2014년 6월 18일 18시,수요일,경상북도 구미시 구평동,경상사고,0,0,1,0,차대차 - 기타,안전운전불이행,건조,맑음,단일로 - 기타,승용,여,56세,상해없음,자전거,여,11세,경상
2014061800100496,2014년 6월 18일 18시,수요일,경상북도 포항시 남구 오천읍,경상사고,0,0,1,0,차대차 - 추돌 - 진행중,중앙선침범,건조,맑음,단일로 - 기타,승용,남,53세,상해없음,이륜,남,35세,경상
2014061800100529,2014년 6월 18일 19시,수요일,경상북도 경산시 압량면,경상사고,0,0,1,0,차대차 - 기타,신호위반,건조,맑음,교차로 - 교차로안,승용,남,37세,상해없음,승용,남,62세,경상
2014061800100530,2014년 6월 18일 19시,수요일,경상북도 구미시 임은동,중상사고,0,1,0,0,차대차 - 기타,직진우회전진행방해,건조,맑음,교차로 - 교차로안,승용,남,45세,상해없음,승용,남,25세,중상
2014061800100598,2014년 6월 18일 21시,수요일,경상북도 경산시 중방동,중상사고,0,1,0,0,차대차 - 기타,안전운전불이행,건조,맑음,교차로 - 교차로안,승용,여,61세,상해없음,이륜,남,38세,중상
2014061800100599,2014년 6월 18일 21시,수요일,경상북도 구미시 진평동,경상사고,0,0,2,0,차대차 - 기타,안전운전불이행,건조,맑음,교차로 - 교차로부근,승용,남,30세,상해없음,승합,남,54세,경상
2014061800100635,2014년 6월 18일 22시,수요일,경상북도 안동시 용상동,경상사고,0,0,1,0,차대차 - 기타,중앙선침범,건조,맑음,교차로 - 교차로안,자전거,여,37세,경상,승용,여,48세,상해없음
2014061800100659,2014년 6월 18일 23시,수요일,경상북도 구미시 옥계동,경상사고,0,0,2,0,차대차 - 기타,중앙선침범,건조,맑음,단일로 - 기타,승용,남,31세,경상,승용,남,33세,경상
2014061900100018,2014년 6월 19일 00시,목요일,경상북도 칠곡군 왜관읍,사망사고,1,0,0,0,차대사람 - 기타,안전운전불이행,건조,맑음,교차로 - 교차로부근,승용,남,44세,상해없음,보행자,여,69세,사망
2014061900100029,2014년 6월 19일 01시,목요일,경상북도 포항시 북구 두호동,중상사고,0,2,1,0,차대차 - 기타,안전운전불이행,건조,맑음,단일로 - 기타,승용,남,27세,상해없음,승용,남,56세,경상
2014061900100030,2014년 6월 19일 01시,목요일,경상북도 경산시 대동,사망사고,1,0,0,0,차대사람 - 기타,신호위반,건조,맑음,단일로 - 횡단보도상,승용,남,21세,상해없음,보행자,여,19세,사망
2014061900100041,2014년 6월 19일 02시,목요일,경상북도 경산시 진량읍,경상사고,0,0,3,1,차대차 - 기타,안전운전불이행,건조,맑음,단일로 - 기타,화물,남,53세,경상,승용,남,54세,상해없음
2014061900100069,2014년 6월 19일 05시,목요일,경상북도 칠곡군 석적읍,경상사고,0,0,1,0,차대차 - 기타,신호위반,건조,맑음,교차로 - 교차로안,승용,남,39세,상해없음,승용,남,29세,경상
2014061900100070,2014년 6월 19일 05시,목요일,경상북도 구미시 오태동,중상사고,0,1,0,0,차대사람 - 기타,안전운전불이행,건조,맑음,기타 - 기타,특수,남,39세,상해없음,보행자,남,61세,중상
2014061900100108,2014년 6월 19일 07시,목요일,경상북도 성주군 성주읍,경상사고,0,0,1,0,차대차 - 기타,안전운전불이행,건조,맑음,기타 - 기타,화물,남,51세,상해없음,자전거,남,22세,경상
2014061900100109,2014년 6월 19일 07시,목요일,경상북도 구미시 고아읍,중상사고,0,1,0,0,차대차 - 기타,중앙선침범,건조,맑음,단일로 - 기타,승용,남,26세,상해없음,승용,여,39세,중상
2014061900100144,2014년 6월 19일 08시,목요일,경상북도 안동시 태화동,경상사고,0,0,1,0,차대차 - 기타,교차로운행방법위반,건조,맑음,교차로 - 교차로안,승용,남,61세,상해없음,승용,여,37세,경상
2014061900100145,2014년 6월 19일 08시,목요일,경상북도 칠곡군 왜관읍,중상사고,0,1,0,0,차대차 - 기타,안전운전불이행,건조,맑음,단일로 - 기타,승용,여,28세,상해없음,자전거,남,75세,중상
2014061900100146,2014년 6월 19일 08시,목요일,경상북도 칠곡군 동명면,경상사고,0,0,1,0,차대사람 - 차도통행중,안전운전불이행,건조,맑음,단일로 - 기타,승용,여,49세,상해없음,보행자,남,17세,경상
2014061900100179,2014년 6월 19일 09시,목요일,경상북도 안동시 길안면,중상사고,0,1,1,0,차대차 - 기타,교차로운행방법위반,건조,맑음,교차로 - 교차로부근,원동기,남,63세,경상,승용,남,52세,상해없음
2014061900100180,2014년 6월 19일 09시,목요일,경상북도 문경시 산양면,경상사고,0,0,1,0,차대차 - 측면직각충돌,안전운전불이행,건조,맑음,교차로 - 교차로안,화물,남,52세,상해없음,화물,남,32세,경상
2014061900100181,2014년 6월 19일 09시,목요일,경상북도 구미시 임수동,경상사고,0,0,2,0,차대차 - 기타,안전운전불이행,건조,맑음,교차로 - 교차로부근,승용,남,34세,상해없음,승용,여,35세,경상
2014061900100204,2014년 6월 19일 10시,목요일,경상북도 상주시 남성동,경상사고,0,0,1,0,차대차 - 기타,안전운전불이행,건조,맑음,단일로 - 기타,승용,남,58세,상해없음,이륜,남,53세,경상
2014061900100205,2014년 6월 19일 10시,목요일,경상북도 구미시 공단동,경상사고,0,0,1,0,차대차 - 기타,안전운전불이행,건조,맑음,교차로 - 교차로안,승용,여,39세,상해없음,승용,남,46세,경상
2014061900100236,2014년 6월 19일 11시,목요일,경상북도 상주시 외남면,중상사고,0,1,0,0,차대차 - 기타,안전운전불이행,건조,맑음,단일로 - 기타,원동기,여,65세,중상,화물,남,66세,상해없음
2014061900100237,2014년 6월 19일 11시,목요일,경상북도 상주시 모서면,중상사고,0,1,0,0,차대차 - 기타,안전운전불이행,건조,맑음,단일로 - 기타,승합,남,43세,상해없음,이륜,남,57세,중상
2014061900100238,2014년 6월 19일 11시,목요일,경상북도 예천군 감천면,경상사고,0,0,2,0,차대차 - 측면직각충돌,안전운전불이행,건조,맑음,단일로 - 기타,화물,남,52세,상해없음,화물,남,40세,상해없음
2014061900100256,2014년 6월 19일 12시,목요일,경상북도 구미시 고아읍,경상사고,0,0,5,0,차대차 - 기타,안전운전불이행,건조,맑음,단일로 - 기타,화물,남,58세,상해없음,승용,남,40세,경상
2014061900100275,2014년 6월 19일 13시,목요일,경상북도 경주시 배반동,경상사고,0,0,1,0,차대차 - 추돌 - 주정차중,안전운전불이행,건조,맑음,교차로 - 교차로부근,화물,남,60세,상해없음,화물,남,48세,경상
2014061900100306,2014년 6월 19일 14시,목요일,경상북도 영덕군 영덕읍,중상사고,0,1,0,0,차대차 - 기타,안전운전불이행,건조,맑음,단일로 - 기타,화물,남,47세,상해없음,이륜,남,85세,중상
2014061900100307,2014년 6월 19일 14시,목요일,경상북도 포항시 남구 오천읍,경상사고,0,0,1,0,차량단독 - 공작물충돌,안전운전불이행,건조,맑음,단일로 - 기타,화물,남,39세,경상,,,,
2014061900100308,2014년 6월 19일 14시,목요일,경상북도 포항시 남구 장기면,경상사고,0,0,1,0,차대사람 - 기타,안전운전불이행,건조,맑음,단일로 - 기타,승용,남,59세,상해없음,보행자,남,35세,경상
2014061900100337,2014년 6월 19일 15시,목요일,경상북도 포항시 북구 흥해읍,경상사고,0,0,1,0,차대차 - 기타,안전운전불이행,건조,맑음,단일로 - 기타,승용,남,50세,상해없음,자전거,남,10세,경상
2014061900100338,2014년 6월 19일 15시,목요일,경상북도 안동시 서후면,사망사고,1,0,1,0,차대차 - 추돌 - 주정차중,안전운전불이행,건조,맑음,단일로 - 기타,승용,여,60세,사망,화물,남,34세,경상
2014061900100339,2014년 6월 19일 15시,목요일,경상북도 상주시 남성동,중상사고,0,1,0,0,차대차 - 기타,안전운전불이행,건조,맑음,단일로 - 기타,승용,여,45세,상해없음,자전거,여,78세,중상
2014061900100340,2014년 6월 19일 15시,목요일,경상북도 구미시 형곡동,중상사고,0,1,0,0,차대차 - 기타,교차로운행방법위반,건조,맑음,교차로 - 교차로안,승용,여,52세,상해없음,승용,남,42세,중상
2014061900100378,2014년 6월 19일 16시,목요일,경상북도 구미시 시미동,중상사고,0,1,0,0,차대차 - 기타,안전운전불이행,건조,맑음,단일로 - 기타,승용,남,24세,상해없음,승용,남,58세,중상
2014061900100422,2014년 6월 19일 17시,목요일,경상북도 경주시 황남동,부상신고사고,0,0,0,1,차대사람 - 보도통행중,기타,건조,맑음,기타 - 기타,이륜,남,67세,상해없음,보행자,남,1세,부상신고
2014061900100423,2014년 6월 19일 17시,목요일,경상북도 경주시 진현동,중상사고,0,1,1,0,차대차 - 기타,중앙선침범,건조,맑음,기타 - 기타,화물,남,32세,상해없음,승용,남,70세,경상
2014061900100424,2014년 6월 19일 17시,목요일,경상북도 김천시 개령면,중상사고,0,1,0,0,차대차 - 측면직각충돌,안전운전불이행,건조,맑음,기타 - 기타,이륜,여,61세,중상,건설기계,남,41세,상해없음
2014061900100425,2014년 6월 19일 17시,목요일,경상북도 경산시 중방동,경상사고,0,0,1,0,차대차 - 기타,안전거리미확보,건조,맑음,교차로 - 교차로부근,승용,남,32세,상해없음,승용,여,31세,경상
2014061900100470,2014년 6월 19일 18시,목요일,경상북도 경산시 백천동,경상사고,0,0,1,0,차대차 - 기타,안전운전불이행,건조,맑음,교차로 - 교차로안,승용,여,49세,상해없음,승용,여,48세,상해없음
2014061900100507,2014년 6월 19일 19시,목요일,경상북도 경주시 충효동,경상사고,0,0,2,0,차량단독 - 기타,안전운전불이행,건조,맑음,기타 - 기타,승용,여,48세,경상,,,,
2014061900100508,2014년 6월 19일 19시,목요일,경상북도 경주시 안강읍,사망사고,1,0,0,0,차대차 - 기타,안전운전불이행,건조,맑음,교차로 - 교차로부근,화물,남,58세,상해없음,자전거,남,21세,사망
2014061900100553,2014년 6월 19일 20시,목요일,경상북도 포항시 북구 양덕동,경상사고,0,0,1,0,차대차 - 기타,안전운전불이행,건조,맑음,단일로 - 기타,원동기,남,19세,경상,승용,여,29세,상해없음
2014061900100554,2014년 6월 19일 20시,목요일,경상북도 구미시 봉곡동,경상사고,0,0,1,0,차대차 - 기타,안전운전불이행,건조,맑음,단일로 - 기타,이륜,남,16세,경상,승용,여,36세,상해없음
2014061900100581,2014년 6월 19일 21시,목요일,경상북도 포항시 북구 죽도동,경상사고,0,0,1,0,차대사람 - 기타,안전운전불이행,건조,맑음,단일로 - 기타,승용,남,14세,상해없음,보행자,남,39세,경상
2014061900100582,2014년 6월 19일 21시,목요일,경상북도 포항시 남구 효자동,경상사고,0,0,1,0,차대차 - 기타,안전운전불이행,건조,맑음,교차로 - 교차로부근,승용,남,23세,상해없음,자전거,남,33세,경상
2014061900100617,2014년 6월 19일 22시,목요일,경상북도 포항시 북구 창포동,경상사고,0,0,1,0,차대차 - 기타,안전거리미확보,건조,맑음,단일로 - 기타,승합,남,49세,상해없음,승용,여,59세,경상
2014061900100618,2014년 6월 19일 22시,목요일,경상북도 포항시 북구 용흥동,중상사고,0,1,0,0,차대사람 - 기타,안전운전불이행,건조,맑음,단일로 - 기타,승용,남,52세,상해없음,보행자,남,40세,중상
2014061900100619,2014년 6월 19일 22시,목요일,경상북도 경산시 사정동,경상사고,0,0,1,0,차대차 - 기타,안전거리미확보,건조,맑음,단일로 - 기타,승용,남,57세,상해없음,승용,남,47세,상해없음