사고번호,사고일시,요일,시군구,사고내용,사망자수,중상자수,경상자수,부상신고자수,사고유형,법규위반,노면상태,기상상태,도로형태,가해운전자 차종,가해운전자 성별,가해운전자 연령,가해운전자 상해정도,피해운전자 차종,피해운전자 성별,피해운전자 연령,피해운전자 상해정도
2014061900100620,2014년 6월 19일 22시,목요일,경상북도 영양군 입암면,경상사고,0,0,1,0,차량단독 - 공작물충돌,안전운전불이행,건조,맑음,단일로 - 기타,원동기,남,27세,경상,,,,
2014062000100016,2014년 6월 20일 00시,금요일,경상북도 경주시 황오동,경상사고,0,0,2,0,차대차 - 기타,안전운전불이행,건조,맑음,단일로 - 기타,승용,여,36세,상해없음,원동기,남,16세,경상
2014062000100017,2014년 6월 20일 00시,금요일,경상북도 구미시 공단동,경상사고,0,0,1,0,차대차 - 기타,차로위반,건조,맑음,단일로 - 기타,승용,남,19세,상해없음,승용,남,35세,상해없음
2014062000100033,2014년 6월 20일 01시,금요일,경상북도 예천군 예천읍,부상신고사고,0,0,0,1,차량단독 - 전도전복,안전운전불이행,건조,맑음,단일로 - 기타,이륜,남,18세,부상신고,,,,
2014062000100068,2014년 6월 20일 04시,금요일,경상북도 포항시 북구 우현동,경상사고,0,0,1,0,차대차 - 기타,안전운전불이행,건조,맑음,교차로 - 교차로안,화물,남,35세,상해없음,승용,여,66세,경상
2014062000100087,2014년 6월 20일 06시,금요일,경상북도 영주시 평은면,중상사고,0,1,0,0,차대차 - 기타,안전운전불이행,건조,맑음,단일로 - 기타,화물,남,53세,상해없음,기타불명,여,61세,중상
2014062000100110,2014년 6월 20일 07시,금요일,경상북도 경주시 충효동,경상사고,0,0,1,0,차대차 - 기타,안전운전불이행,건조,맑음,단일로 - 기타,건설기계,남,60세,상해없음,승용,여,53세,경상
2014062000100144,2014년 6월 20일 08시,금요일,경상북도 경주시 양남면,경상사고,0,0,1,0,차대차 - 기타,안전운전불이행,건조,맑음,교차로 - 교차로안,승용,여,56세,상해없음,승용,남,28세,경상
2014062000100194,2014년 6월 20일 10시,금요일,경상북도 영주시 영주동,중상사고,0,1,0,0,차대차 - 기타,안전운전불이행,건조,맑음,교차로 - 교차로부근,화물,남,43세,상해없음,자전거,남,79세,중상
2014062000100195,2014년 6월 20일 10시,금요일,경상북도 청송군 진보면,중상사고,0,1,0,0,차대차 - 기타,기타,건조,맑음,단일로 - 기타,원동기,남,55세,중상,화물,남,71세,상해없음
2014062000100196,2014년 6월 20일 10시,금요일,경상북도 포항시 남구 오천읍,경상사고,0,0,1,0,차대차 - 기타,안전운전불이행,건조,맑음,단일로 - 기타,승용,여,59세,상해없음,자전거,여,51세,경상
2014062000100223,2014년 6월 20일 11시,금요일,경상북도 경주시 서부동,부상신고사고,0,0,0,1,차대사람 - 기타,안전운전불이행,건조,맑음,단일로 - 기타,기타불명,기타불명,기타불명,기타불명,보행자,남,53세,부상신고
2014062000100224,2014년 6월 20일 11시,금요일,경상북도 포항시 북구 죽도동,경상사고,0,0,1,0,차대차 - 기타,신호위반,건조,맑음,단일로 - 기타,자전거,여,70세,경상,화물,남,38세,상해없음
2014062000100253,2014년 6월 20일 12시,금요일,경상북도 포항시 남구 장기면,경상사고,0,0,1,0,차대차 - 기타,신호위반,건조,맑음,교차로 - 교차로안,승용,남,35세,상해없음,이륜,남,67세,경상
2014062000100286,2014년 6월 20일 13시,금요일,경상북도 청도군 청도읍,중상사고,0,1,0,0,차대차 - 기타,안전운전불이행,건조,맑음,단일로 - 교량,화물,남,52세,상해없음,원동기,여,74세,중상
2014062000100311,2014년 6월 20일 14시,금요일,경상북도 포항시 북구 중앙동,경상사고,0,0,1,0,차대사람 - 기타,안전운전불이행,건조,맑음,단일로 - 횡단보도상,승용,남,60세,상해없음,보행자,남,59세,경상
2014062000100312,2014년 6월 20일 14시,금요일,경상북도 의성군 의성읍,경상사고,0,0,1,0,차대차 - 추돌 - 진행중,안전운전불이행,건조,맑음,단일로 - 기타,화물,남,28세,상해없음,농기계,남,50세,경상
2014062000100313,2014년 6월 20일 14시,금요일,경상북도 성주군 수륜면,경상사고,0,0,1,0,차량단독 - 공작물충돌,안전운전불이행,기타,맑음,단일로 - 기타,화물,남,49세,경상,,,,
2014062000100351,2014년 6월 20일 15시,금요일,경상북도 영주시 영주동,경상사고,0,0,1,0,차대차 - 측면직각충돌,안전운전불이행,건조,맑음,단일로 - 기타,승용,남,19세,상해없음,승합,남,46세,경상
2014062000100352,2014년 6월 20일 15시,금요일,경상북도 경산시 진량읍,중상사고,0,1,0,0,차대차 - 기타,안전운전불이행,건조,맑음,단일로 - 기타,화물,남,23세,기타불명,이륜,남,49세,중상
2014062000100353,2014년 6월 20일 15시,금요일,경상북도 영천시 청통면,중상사고,0,1,1,0,차대차 - 측면직각충돌,안전거리미확보,건조,흐림,단일로 - 기타,특수,남,46세,경상,화물,남,53세,중상
2014062000100392,2014년 6월 20일 16시,금요일,경상북도 칠곡군 왜관읍,경상사고,0,0,2,0,차대차 - 측면직각충돌,교차로운행방법위반,건조,맑음,교차로 - 교차로부근,화물,남,44세,상해없음,승용,여,40세,경상
2014062000100393,2014년 6월 20일 16시,금요일,경상북도 성주군 선남면,중상사고,0,1,1,0,차대차 - 추돌 - 진행중,안전운전불이행,건조,맑음,기타 - 기타,건설기계,남,54세,상해없음,승용,여,37세,경상
2014062000100394,2014년 6월 20일 16시,금요일,경상북도 울진군 후포면,경상사고,0,0,2,1,차대차 - 기타,직진우회전진행방해,건조,맑음,교차로 - 교차로안,승용,여,39세,부상신고,승용,여,40세,경상
2014062000100433,2014년 6월 20일 17시,금요일,경상북도 안동시 신안동,경상사고,0,0,1,0,차대차 - 측면직각충돌,안전거리미확보,건조,흐림,단일로 - 기타,이륜,남,39세,경상,승용,여,53세,상해없음
2014062000100434,2014년 6월 20일 17시,금요일,경상북도 봉화군 봉성면,부상신고사고,0,0,0,1,차대차 - 기타,중앙선침범,건조,맑음,단일로 - 기타,자전거,여,72세,부상신고,화물,남,49세,상해없음
2014062000100482,2014년 6월 20일 18시,금요일,경상북도 경주시 천북면,경상사고,0,0,1,1,차대차 - 기타,안전운전불이행,건조,맑음,단일로 - 기타,승용,여,26세,부상신고,승용,남,37세,경상
2014062000100483,2014년 6월 20일 18시,금요일,경상북도 포항시 북구 두호동,경상사고,0,0,1,0,차대차 - 기타,안전거리미확보,건조,맑음,단일로 - 기타,승용,남,58세,상해없음,승용,여,25세,경상
2014062000100484,2014년 6월 20일 18시,금요일,경상북도 경산시 삼북동,경상사고,0,0,3,0,차대차 - 기타,안전거리미확보,건조,맑음,단일로 - 기타,승합,남,42세,상해없음,승용,남,55세,경상
2014062000100485,2014년 6월 20일 18시,금요일,경상북도 고령군 고령읍,중상사고,0,1,0,0,차대차 - 추돌 - 진행중,안전운전불이행,건조,맑음,단일로 - 기타,승합,남,59세,상해없음,승용,남,26세,중상
2014062000100486,2014년 6월 20일 18시,금요일,경상북도 구미시 옥계동,부상신고사고,0,0,0,1,차대차 - 기타,안전운전불이행,건조,맑음,단일로 - 기타,화물,남,54세,상해없음,자전거,남,5세,부상신고
2014062000100487,2014년 6월 20일 18시,금요일,경상북도 구미시 사곡동,경상사고,0,0,1,0,차대사람 - 기타,안전운전불이행,습기,비,기타 - 기타,승용,여,21세,상해없음,보행자,남,7세,경상
2014062000100527,2014년 6월 20일 19시,금요일,경상북도 구미시 오태동,경상사고,0,0,1,0,차대차 - 측면직각충돌,중앙선침범,건조,흐림,교차로 - 교차로부근,승용,남,64세,상해없음,이륜,여,62세,경상
2014062000100528,2014년 6월 20일 19시,금요일,경상북도 포항시 남구 괴동동,경상사고,0,0,1,0,차대차 - 기타,안전운전불이행,건조,맑음,교차로 - 교차로안,화물,남,64세,경상,승용,남,29세,상해없음
2014062000100564,2014년 6월 20일 20시,금요일,경상북도 경주시 성건동,중상사고,0,1,0,0,차대차 - 기타,안전운전불이행,건조,맑음,단일로 - 기타,승용,남,48세,상해없음,자전거,여,47세,중상
2014062000100613,2014년 6월 20일 21시,금요일,경상북도 경주시 황성동,중상사고,0,1,0,0,차대사람 - 차도통행중,안전운전불이행,건조,맑음,교차로 - 교차로부근,승용,남,76세,상해없음,보행자,남,56세,중상
2014062000100614,2014년 6월 20일 21시,금요일,경상북도 영천시 망정동,경상사고,0,0,2,0,차대차 - 기타,안전운전불이행,건조,맑음,단일로 - 기타,승용,여,29세,상해없음,승용,여,50세,경상
2014062000100655,2014년 6월 20일 22시,금요일,경상북도 구미시 구평동,중상사고,0,1,0,0,차대사람 - 기타,보행자보호의무위반,건조,맑음,단일로 - 횡단보도상,승용,남,28세,상해없음,보행자,여,60세,중상
2014062000100703,2014년 6월 20일 23시,금요일,경상북도 구미시 도량동,경상사고,0,0,2,0,차대차 - 기타,안전거리미확보,습기,비,교차로 - 교차로안,승용,남,28세,상해없음,승용,남,33세,경상
2014062000100704,2014년 6월 20일 23시,금요일,경상북도 구미시 시미동,중상사고,0,1,0,0,차대차 - 추돌 - 진행중,안전운전불이행,건조,맑음,단일로 - 기타,승용,남,26세,상해없음,승용,남,28세,중상
2014062100100027,2014년 6월 21일 00시,토요일,경상북도 경주시 황오동,중상사고,0,1,0,0,차대사람 - 기타,안전운전불이행,습기,비,교차로 - 교차로부근,화물,남,65세,상해없음,보행자,남,70세,중상
2014062100100061,2014년 6월 21일 01시,토요일,경상북도 포항시 남구 연일읍,경상사고,0,0,1,0,차대차 - 기타,신호위반,습기,비,교차로 - 교차로안,승용,남,28세,상해없음,승용,남,39세,경상
2014062100100145,2014년 6월 21일 05시,토요일,경상북도 경주시 동천동,경상사고,0,0,1,0,차대차 - 기타,안전운전불이행,건조,맑음,교차로 - 교차로안,승용,남,58세,상해없음,승용,남,55세,상해없음
2014062100100158,2014년 6월 21일 06시,토요일,경상북도 포항시 남구 효자동,경상사고,0,0,1,0,차대차 - 추돌 - 진행중,안전운전불이행,건조,맑음,단일로 - 기타,승용,여,52세,상해없음,승용,남,42세,경상
2014062100100171,2014년 6월 21일 07시,토요일,경상북도 구미시 도량동,경상사고,0,0,1,0,차대차 - 추돌 - 주정차중,안전운전불이행,건조,맑음,기타 - 기타,화물,남,34세,상해없음,승용,남,29세,상해없음
2014062100100185,2014년 6월 21일 08시,토요일,경상북도 포항시 남구 오천읍,경상사고,0,0,2,0,차대차 - 기타,직진우회전진행방해,습기,맑음,교차로 - 교차로안,승용,여,20세,경상,승용,여,52세,경상
2014062100100213,2014년 6월 21일 09시,토요일,경상북도 경주시 현곡면,부상신고사고,0,0,0,1,차량단독 - 전도전복,안전운전불이행,습기,흐림,단일로 - 기타,승용,여,30세,부상신고,,,,
2014062100100214,2014년 6월 21일 09시,토요일,경상북도 경산시 진량읍,경상사고,0,0,1,0,차대차 - 기타,안전거리미확보,건조,흐림,교차로 - 교차로부근,화물,남,49세,상해없음,승용,여,60세,경상
2014062100100240,2014년 6월 21일 10시,토요일,경상북도 포항시 북구 장성동,경상사고,0,0,4,0,차대차 - 기타,불법유턴,건조,흐림,단일로 - 횡단보도부근,승용,여,49세,경상,승용,남,23세,경상
2014062100100273,2014년 6월 21일 11시,토요일,경상북도 포항시 북구 득량동,경상사고,0,0,2,0,차대차 - 기타,교차로운행방법위반,건조,맑음,교차로 - 교차로부근,승용,남,62세,상해없음,승용,남,37세,경상
2014062100100274,2014년 6월 21일 11시,토요일,경상북도 안동시 송현동,경상사고,0,0,2,0,차대차 - 추돌 - 주정차중,안전운전불이행,건조,맑음,단일로 - 기타,승용,남,57세,상해없음,승용,여,53세,경상
2014062100100275,2014년 6월 21일 11시,토요일,경상북도 영천시 완산동,중상사고,0,1,0,0,차대사람 - 횡단중,안전운전불이행,건조,맑음,교차로 - 교차로부근,승용,남,29세,상해없음,보행자,남,82세,중상
2014062100100276,2014년 6월 21일 11시,토요일,경상북도 문경시 산북면,경상사고,0,0,1,0,차대차 - 기타,중앙선침범,건조,맑음,기타 - 기타,이륜,남,58세,경상,승용,여,32세,상해없음
2014062100100298,2014년 6월 21일 12시,토요일,경상북도 포항시 북구 죽도동,경상사고,0,0,1,0,차대사람 - 횡단중,안전운전불이행,습기,비,교차로 - 교차로부근,승용,여,46세,상해없음,보행자,남,25세,경상
2014062100100299,2014년 6월 21일 12시,토요일,경상북도 영양군 영양읍,중상사고,0,1,0,0,차대차 - 측면직각충돌,안전운전불이행,건조,맑음,단일로 - 기타,농기계,남,75세,중상,승용,남,41세,기타불명
2014062100100324,2014년 6월 21일 13시,토요일,경상북도 구미시 신평동,중상사고,0,1,0,0,차대사람 - 기타,안전운전불이행,건조,맑음,단일로 - 기타,승용,여,43세,상해없음,보행자,남,32세,중상
2014062100100353,2014년 6월 21일 14시,토요일,경상북도 경주시 용강동,경상사고,0,0,2,0,차대차 - 기타,안전운전불이행,건조,맑음,교차로 - 교차로안,승용,남,47세,상해없음,승용,남,54세,상해없음
2014062100100354,2014년 6월 21일 14시,토요일,경상북도 경산시 백천동,부상신고사고,0,0,0,1,차대차 - 기타,안전운전불이행,건조,맑음,단일로 - 기타,자전거,남,10세,부상신고,승용,남,74세,상해없음
2014062100100355,2014년 6월 21일 14시,토요일,경상북도 구미시 상모동,경상사고,0,0,1,0,차대사람 - 기타,안전운전불이행,건조,맑음,기타 - 기타,승용,남,44세,상해없음,보행자,남,11세,경상
2014062100100388,2014년 6월 21일 15시,토요일,경상북도 상주시 가장동,경상사고,0,0,3,0,차대차 - 추돌 - 진행중,안전운전불이행,건조,흐림,교차로 - 교차로부근,승용,남,30세,상해없음,승용,남,52세,경상
2014062100100389,2014년 6월 21일 15시,토요일,경상북도 영주시 문수면,경상사고,0,0,1,0,차량단독 - 공작물충돌,안전운전불이행,건조,맑음,단일로 - 기타,승용,남,49세,상해없음,,,,
2014062100100390,2014년 6월 21일 15시,토요일,경상북도 경산시 하양읍,중상사고,0,2,0,0,차대차 - 기타,안전운전불이행,건조,맑음,단일로 - 기타,승용,남,73세,중상,승용,여,31세,상해없음
2014062100100391,2014년 6월 21일 15시,토요일,경상북도 울진군 죽변면,경상사고,0,0,1,0,차대차 - 추돌 - 주정차중,안전운전불이행,건조,맑음,단일로 - 기타,승용,여,57세,경상,승용,여,47세,상해없음
2014062100100422,2014년 6월 21일 16시,토요일,경상북도 포항시 북구 죽도동,경상사고,0,0,1,0,차대차 - 기타,안전운전불이행,건조,맑음,단일로 - 기타,승합,남,41세,상해없음,원동기,남,17세,경상
2014062100100463,2014년 6월 21일 17시,토요일,경상북도 포항시 북구 동빈2가,경상사고,0,0,4,0,차대차 - 기타,안전운전불이행,건조,흐림,교차로 - 교차로안,승용,남,54세,경상,승합,남,58세,경상
2014062100100497,2014년 6월 21일 18시,토요일,경상북도 경주시 황남동,경상사고,0,0,1,0,차대차 - 추돌 - 주정차중,안전운전불이행,습기,비,교차로 - 교차로부근,승용,남,49세,상해없음,승용,남,57세,경상
2014062100100498,2014년 6월 21일 18시,토요일,경상북도 포항시 남구 대도동,경상사고,0,0,1,0,차대차 - 기타,안전운전불이행,습기,비,교차로 - 교차로안,승용,남,60세,상해없음,자전거,남,27세,경상
2014062100100531,2014년 6월 21일 19시,토요일,경상북도 칠곡군 석적읍,경상사고,0,0,1,0,차대차 - 측면직각충돌,신호위반,건조,맑음,교차로 - 교차로안,승용,남,51세,상해없음,승용,여,29세,경상
2014062100100532,2014년 6월 21일 19시,토요일,경상북도 포항시 남구 장기면,부상신고사고,0,0,0,1,차대차 - 정면충돌,안전운전불이행,습기,비,단일로 - 기타,승용,남,51세,상해없음,승용,남,49세,부상신고
2014062100100533,2014년 6월 21일 19시,토요일,경상북도 군위군 군위읍,중상사고,0,1,0,0,차대차 - 측면직각충돌,안전운전불이행,건조,맑음,단일로 - 기타,화물,남,50세,상해없음,승용,여,30세,중상
2014062100100561,2014년 6월 21일 20시,토요일,경상북도 경주시 황성동,중상사고,0,1,0,0,차대사람 - 횡단중,안전운전불이행,건조,맑음,교차로 - 교차로안,승용,남,53세,상해없음,보행자,여,16세,중상
2014062100100562,2014년 6월 21일 20시,토요일,경상북도 포항시 북구 용흥동,부상신고사고,0,0,0,1,차대차 - 기타,신호위반,습기,비,교차로 - 교차로안,원동기,남,18세,부상신고,승용,남,58세,상해없음
2014062100100563,2014년 6월 21일 20시,토요일,경상북도 상주시 함창읍,중상사고,0,2,0,0,차대차 - 기타,교차로운행방법위반,건조,맑음,교차로 - 교차로안,이륜,남,38세,중상,승용,여,51세,중상
2014062100100564,2014년 6월 21일 20시,토요일,경상북도 구미시 고아읍,부상신고사고,0,0,0,1,차대차 - 측면직각충돌,안전운전불이행,건조,맑음,단일로 - 기타,승용,남,26세,상해없음,이륜,남,21세,부상신고
2014062100100618,2014년 6월 21일 21시,토요일,경상북도 경주시 동천동,경상사고,0,0,1,0,차대사람 - 횡단중,안전운전불이행,습기,비,단일로 - 교량,승용,남,66세,상해없음,보행자,남,63세,경상
2014062100100619,2014년 6월 21일 21시,토요일,경상북도 경주시 황남동,중상사고,0,1,0,0,차대사람 - 기타,신호위반,습기,비,단일로 - 횡단보도상,승용,남,28세,상해없음,보행자,여,46세,중상
2014062100100620,2014년 6월 21일 21시,토요일,경상북도 경산시 평산동,경상사고,0,0,1,0,차대차 - 기타,안전운전불이행,건조,맑음,단일로 - 기타,이륜,남,18세,경상,승용,여,61세,상해없음
2014062100100621,2014년 6월 21일 21시,토요일,경상북도 청송군 현서면,중상사고,0,1,5,0,차대차 - 정면충돌,중앙선침범,건조,맑음,단일로 - 기타,승용,남,41세,중상,승합,남,49세,경상
2014062100100622,2014년 6월 21일 21시,토요일,경상북도 포항시 남구 지곡동,중상사고,0,1,0,0,차대차 - 기타,안전운전불이행,습기,비,단일로 - 기타,승용,남,50세,상해없음,이륜,남,34세,중상
2014062100100656,2014년 6월 21일 22시,토요일,경상북도 경산시 진량읍,부상신고사고,0,0,0,1,차량단독 - 공작물충돌,안전운전불이행,습기,비,교차로 - 교차로부근,승용,남,29세,부상신고,,,,
2014062100100691,2014년 6월 21일 23시,토요일,경상북도 구미시 진평동,경상사고,0,0,1,0,차대차 - 기타,안전운전불이행,건조,맑음,단일로 - 기타,승용,남,27세,상해없음,이륜,남,24세,경상
2014062100100692,2014년 6월 21일 23시,토요일,경상북도 포항시 남구 상도동,경상사고,0,0,1,0,차대사람 - 기타,안전운전불이행,습기,비,단일로 - 기타,승용,남,55세,상해없음,보행자,남,14세,경상
2014062100100693,2014년 6월 21일 23시,토요일,경상북도 포항시 남구 대잠동,중상사고,0,1,0,0,차대차 - 기타,안전운전불이행,건조,맑음,단일로 - 기타,승용,남,51세,상해없음,이륜,남,34세,중상
2014062200100014,2014년 6월 22일 00시,일요일,경상북도 포항시 북구 우현동,경상사고,0,0,1,0,차량단독 - 공작물충돌,안전운전불이행,습기,비,교차로 - 교차로안,승용,남,57세,상해없음,,,,
2014062200100015,2014년 6월 22일 00시,일요일,경상북도 경산시 대동,중상사고,0,1,0,0,차대사람 - 기타,안전운전불이행,건조,맑음,단일로 - 기타,승용,남,23세,상해없음,보행자,남,25세,중상
2014062200100016,2014년 6월 22일 00시,일요일,경상북도 구미시 구포동,경상사고,0,0,1,0,차대차 - 정면충돌,중앙선침범,건조,맑음,교차로 - 교차로부근,승용,여,49세,상해없음,승용,여,28세,경상
2014062200100034,2014년 6월 22일 01시,일요일,경상북도 영천시 오수동,중상사고,0,1,0,0,차량단독 - 전도전복,안전운전불이행,습기,비,단일로 - 기타,승용,남,55세,중상,,,,
2014062200100035,2014년 6월 22일 01시,일요일,경상북도 포항시 남구 연일읍,중상사고,0,1,0,0,차대차 - 추돌 - 진행중,안전운전불이행,습기,비,단일로 - 기타,승용,남,36세,중상,특수,남,42세,상해없음
2014062200100036,2014년 6월 22일 01시,일요일,경상북도 포항시 남구 구룡포읍,부상신고사고,0,0,0,3,차대차 - 추돌 - 주정차중,안전운전불이행,습기,비,단일로 - 기타,승합,남,43세,상해없음,화물,여,43세,기타불명
2014062200100054,2014년 6월 22일 02시,일요일,경상북도 포항시 북구 두호동,경상사고,0,0,2,0,차대차 - 기타,안전운전불이행,건조,맑음,교차로 - 교차로안,승용,여,53세,상해없음,승용,남,20세,상해없음
2014062200100055,2014년 6월 22일 02시,일요일,경상북도 김천시 평화동,경상사고,0,0,1,0,차대차 - 측면직각충돌,안전운전불이행,건조,맑음,단일로 - 기타,승용,남,35세,상해없음,승용,남,53세,경상
2014062200100093,2014년 6월 22일 05시,일요일,경상북도 경주시 효현동,경상사고,0,0,1,0,차대차 - 추돌 - 주정차중,안전운전불이행,건조,맑음,교차로 - 교차로부근,승용,남,48세,상해없음,승용,여,53세,경상
2014062200100094,2014년 6월 22일 05시,일요일,경상북도 경주시 조양동,중상사고,0,1,0,0,차대차 - 기타,안전운전불이행,건조,흐림,교차로 - 교차로부근,화물,남,51세,상해없음,승용,여,55세,중상
2014062200100114,2014년 6월 22일 07시,일요일,경상북도 안동시 길안면,중상사고,0,1,1,0,차대차 - 정면충돌,중앙선침범,건조,맑음,단일로 - 교량,화물,남,60세,상해없음,화물,남,36세,중상
2014062200100115,2014년 6월 22일 07시,일요일,경상북도 문경시 영신동,중상사고,0,1,0,0,차대차 - 기타,안전운전불이행,건조,맑음,단일로 - 기타,승용,여,57세,상해없음,자전거,여,54세,중상
2014062200100127,2014년 6월 22일 08시,일요일,경상북도 포항시 북구 대흥동,경상사고,0,0,2,0,차대차 - 기타,중앙선침범,건조,흐림,단일로 - 기타,승용,여,59세,상해없음,승용,여,49세,경상
2014062200100128,2014년 6월 22일 08시,일요일,경상북도 청송군 파천면,중상사고,0,1,0,0,차대사람 - 기타,안전운전불이행,건조,맑음,단일로 - 기타,화물,남,33세,상해없음,보행자,남,50세,중상
2014062200100159,2014년 6월 22일 10시,일요일,경상북도 성주군 벽진면,경상사고,0,0,2,0,차대차 - 기타,직진우회전진행방해,건조,맑음,교차로 - 교차로안,승용,여,56세,경상,이륜,남,69세,상해없음
2014062200100178,2014년 6월 22일 11시,일요일,경상북도 경산시 옥산동,경상사고,0,0,1,0,차대차 - 측면직각충돌,교차로운행방법위반,건조,맑음,교차로 - 교차로안,승용,남,45세,상해없음,승용,남,35세,경상
2014062200100205,2014년 6월 22일 12시,일요일,경상북도 구미시 오태동,중상사고,0,1,1,0,차대차 - 기타,안전운전불이행,건조,맑음,단일로 - 기타,승용,남,45세,상해없음,승용,남,56세,중상
2014062200100206,2014년 6월 22일 12시,일요일,경상북도 구미시 공단동,경상사고,0,0,2,0,차대차 - 측면직각충돌,신호위반,건조,맑음,교차로 - 교차로안,승용,여,45세,상해없음,화물,남,47세,경상
2014062200100228,2014년 6월 22일 13시,일요일,경상북도 포항시 북구 송라면,사망사고,1,0,0,0,차대사람 - 기타,기타,건조,맑음,단일로 - 기타,건설기계,남,52세,상해없음,보행자,여,55세,사망
2014062200100229,2014년 6월 22일 13시,일요일,경상북도 구미시 선산읍,부상신고사고,0,0,0,1,차대차 - 기타,안전운전불이행,건조,맑음,단일로 - 기타,승용,여,60세,상해없음,승용,여,27세,부상신고
2014062200100254,2014년 6월 22일 14시,일요일,경상북도 의성군 단촌면,중상사고,0,1,0,0,차량단독 - 도로외이탈 - 추락,안전운전불이행,건조,맑음,단일로 - 기타,농기계,남,72세,중상,,,,
2014062200100255,2014년 6월 22일 14시,일요일,경상북도 포항시 남구 연일읍,경상사고,0,0,1,0,차대차 - 측면직각충돌,직진우회전진행방해,건조,맑음,교차로 - 교차로안,승용,여,34세,상해없음,자전거,남,16세,경상
2014062200100256,2014년 6월 22일 14시,일요일,경상북도 포항시 남구 송도동,경상사고,0,0,1,0,차대사람 - 기타,안전운전불이행,건조,맑음,교차로 - 교차로부근,승합,남,43세,상해없음,보행자,남,52세,경상
2014062200100281,2014년 6월 22일 15시,일요일,경상북도 칠곡군 북삼읍,중상사고,0,1,0,0,차대사람 - 기타,안전운전불이행,건조,맑음,단일로 - 기타,승용,남,52세,상해없음,보행자,남,57세,중상
2014062200100282,2014년 6월 22일 15시,일요일,경상북도 구미시 원평동,중상사고,0,2,0,0,차대차 - 측면직각충돌,교차로운행방법위반,건조,맑음,교차로 - 교차로안,승용,여,52세,상해없음,이륜,남,59세,중상
2014062200100318,2014년 6월 22일 16시,일요일,경상북도 포항시 북구 흥해읍,경상사고,0,0,2,0,차대차 - 기타,안전운전불이행,건조,맑음,단일로 - 기타,승용,남,48세,상해없음,승용,남,32세,경상
2014062200100319,2014년 6월 22일 16시,일요일,경상북도 안동시 당북동,경상사고,0,0,1,0,차대차 - 기타,안전운전불이행,건조,맑음,단일로 - 기타,화물,남,31세,상해없음,자전거,남,13세,경상
2014062200100320,2014년 6월 22일 16시,일요일,경상북도 영주시 휴천동,경상사고,0,0,1,0,차대차 - 측면직각충돌,안전운전불이행,건조,맑음,교차로 - 교차로안,승용,남,45세,상해없음,자전거,남,12세,경상
2014062200100354,2014년 6월 22일 17시,일요일,경상북도 상주시 화남면,사망사고,1,0,0,0,차량단독 - 도로외이탈 - 추락,안전운전불이행,건조,흐림,단일로 - 기타,승용,남,46세,사망,,,,
2014062200100355,2014년 6월 22일 17시,일요일,경상북도 포항시 남구 인덕동,경상사고,0,0,2,0,차대차 - 기타,안전운전불이행,건조,맑음,교차로 - 교차로안,승용,여,58세,상해없음,승용,남,36세,경상
2014062200100385,2014년 6월 22일 18시,일요일,경상북도 경주시 황오동,경상사고,0,0,1,0,차대사람 - 기타,안전운전불이행,건조,흐림,기타 - 기타,기타불명,기타불명,기타불명,기타불명,보행자,남,36세,경상
2014062200100431,2014년 6월 22일 20시,일요일,경상북도 경주시 강동면,중상사고,0,1,0,0,차대차 - 추돌 - 진행중,안전운전불이행,건조,흐림,단일로 - 기타,승용,남,38세,상해없음,승용,여,28세,중상
2014062200100432,2014년 6월 22일 20시,일요일,경상북도 김천시 황금동,경상사고,0,0,1,0,차대차 - 측면직각충돌,안전운전불이행,습기,비,단일로 - 기타,승용,남,29세,상해없음,자전거,남,64세,경상
2014062200100433,2014년 6월 22일 20시,일요일,경상북도 구미시 도량동,중상사고,0,1,0,0,차대차 - 측면직각충돌,신호위반,습기,비,교차로 - 교차로안,승용,여,57세,상해없음,승용,남,47세,중상
2014062200100434,2014년 6월 22일 20시,일요일,경상북도 포항시 남구 이동,경상사고,0,0,1,0,차대사람 - 횡단중,안전운전불이행,건조,맑음,단일로 - 기타,승용,남,55세,상해없음,보행자,남,18세,경상
2014062200100466,2014년 6월 22일 21시,일요일,경상북도 안동시 운흥동,중상사고,0,1,0,0,차대사람 - 횡단중,신호위반,습기,비,교차로 - 교차로안,승용,남,50세,상해없음,보행자,남,71세,중상
2014062200100467,2014년 6월 22일 21시,일요일,경상북도 성주군 벽진면,경상사고,0,0,1,0,차대차 - 추돌 - 주정차중,안전운전불이행,건조,흐림,단일로 - 기타,화물,남,38세,경상,화물,남,53세,상해없음
2014062200100468,2014년 6월 22일 21시,일요일,경상북도 구미시 구평동,경상사고,0,0,1,0,차대차 - 측면직각충돌,중앙선침범,습기,비,단일로 - 기타,승용,남,32세,상해없음,승용,남,29세,경상
2014062200100469,2014년 6월 22일 21시,일요일,경상북도 경산시 와촌면,경상사고,0,0,1,0,차대차 - 추돌 - 주정차중,안전운전불이행,건조,맑음,단일로 - 기타,승용,남,34세,경상,화물,남,56세,상해없음
2014062200100502,2014년 6월 22일 23시,일요일,경상북도 경산시 진량읍,경상사고,0,0,1,0,차대차 - 기타,안전운전불이행,건조,맑음,단일로 - 기타,승용,남,26세,상해없음,승용,남,41세,경상
2014062300100010,2014년 6월 23일 00시,월요일,경상북도 상주시 서성동,중상사고,0,1,0,0,차대차 - 측면직각충돌,교차로운행방법위반,습기,비,교차로 - 교차로안,승용,남,53세,상해없음,승용,여,47세,중상