사고번호,사고일시,요일,시군구,사고내용,사망자수,중상자수,경상자수,부상신고자수,사고유형,법규위반,노면상태,기상상태,도로형태,가해운전자 차종,가해운전자 성별,가해운전자 연령,가해운전자 상해정도,피해운전자 차종,피해운전자 성별,피해운전자 연령,피해운전자 상해정도
2014062300100039,2014년 6월 23일 02시,월요일,경상북도 경주시 외동읍,경상사고,0,0,2,0,차대차 - 기타,안전운전불이행,습기,비,기타 - 기타,승용,기타불명,기타불명,기타불명,화물,남,31세,경상
2014062300100060,2014년 6월 23일 05시,월요일,경상북도 김천시 모암동,중상사고,0,1,2,0,차대차 - 측면직각충돌,중앙선침범,습기,흐림,단일로 - 기타,화물,남,52세,상해없음,승합,여,66세,중상
2014062300100071,2014년 6월 23일 06시,월요일,경상북도 경주시 배반동,경상사고,0,0,2,0,차대차 - 기타,안전운전불이행,건조,맑음,교차로 - 교차로부근,승용,남,26세,상해없음,승용,남,55세,경상
2014062300100072,2014년 6월 23일 06시,월요일,경상북도 경산시 압량면,경상사고,0,0,1,0,차대차 - 기타,안전거리미확보,건조,맑음,단일로 - 기타,승용,남,53세,상해없음,승용,남,40세,경상
2014062300100073,2014년 6월 23일 06시,월요일,경상북도 포항시 남구 오천읍,중상사고,0,2,2,0,차대차 - 추돌 - 주정차중,안전운전불이행,건조,맑음,단일로 - 기타,승용,여,22세,중상,승합,남,45세,기타불명
2014062300100094,2014년 6월 23일 07시,월요일,경상북도 포항시 북구 용흥동,경상사고,0,0,5,0,차대차 - 기타,안전거리미확보,건조,맑음,단일로 - 기타,승용,남,33세,상해없음,승용,남,47세,경상
2014062300100095,2014년 6월 23일 07시,월요일,경상북도 칠곡군 석적읍,경상사고,0,0,2,0,차대차 - 측면직각충돌,교차로운행방법위반,건조,맑음,교차로 - 교차로안,승용,남,43세,상해없음,승합,남,45세,경상
2014062300100096,2014년 6월 23일 07시,월요일,경상북도 구미시 옥계동,경상사고,0,0,1,0,차대사람 - 기타,보행자보호의무위반,건조,맑음,단일로 - 횡단보도상,화물,남,46세,상해없음,보행자,여,16세,경상
2014062300100124,2014년 6월 23일 08시,월요일,경상북도 포항시 북구 덕산동,경상사고,0,0,2,0,차대차 - 기타,안전거리미확보,건조,맑음,단일로 - 기타,승용,남,41세,상해없음,승용,여,33세,경상
2014062300100125,2014년 6월 23일 08시,월요일,경상북도 영주시 하망동,중상사고,0,1,2,0,차대차 - 측면직각충돌,안전운전불이행,습기,흐림,교차로 - 교차로안,승용,남,75세,경상,화물,남,50세,중상
2014062300100126,2014년 6월 23일 08시,월요일,경상북도 영천시 화남면,경상사고,0,0,1,0,차대차 - 기타,안전운전불이행,건조,맑음,교차로 - 교차로안,화물,남,63세,경상,승합,남,59세,상해없음
2014062300100127,2014년 6월 23일 08시,월요일,경상북도 영천시 화남면,경상사고,0,0,1,0,차대차 - 기타,기타,건조,맑음,교차로 - 교차로안,승용,남,48세,상해없음,승용,여,37세,경상
2014062300100155,2014년 6월 23일 09시,월요일,경상북도 포항시 남구 청림동,경상사고,0,0,2,0,차대차 - 기타,교차로운행방법위반,건조,맑음,교차로 - 교차로부근,승용,남,48세,상해없음,화물,남,19세,경상
2014062300100180,2014년 6월 23일 10시,월요일,경상북도 경주시 성동동,중상사고,0,1,0,0,차대차 - 기타,신호위반,건조,맑음,교차로 - 교차로부근,원동기,여,35세,상해없음,자전거,남,86세,중상
2014062300100181,2014년 6월 23일 10시,월요일,경상북도 경주시 강동면,경상사고,0,0,3,0,차대차 - 기타,안전운전불이행,건조,맑음,단일로 - 기타,화물,남,54세,상해없음,승용,남,22세,경상
2014062300100182,2014년 6월 23일 10시,월요일,경상북도 포항시 북구 죽도동,경상사고,0,0,1,0,차대차 - 기타,안전운전불이행,건조,맑음,단일로 - 기타,승용,여,39세,상해없음,자전거,남,37세,경상
2014062300100183,2014년 6월 23일 10시,월요일,경상북도 구미시 진평동,경상사고,0,0,1,1,차대차 - 기타,교차로운행방법위반,건조,맑음,교차로 - 교차로안,승용,여,36세,부상신고,승용,여,44세,경상
2014062300100217,2014년 6월 23일 11시,월요일,경상북도 포항시 북구 흥해읍,중상사고,0,2,2,0,차대차 - 기타,안전거리미확보,건조,맑음,교차로 - 교차로안,승용,여,55세,상해없음,승용,남,41세,중상
2014062300100218,2014년 6월 23일 11시,월요일,경상북도 포항시 남구 상도동,중상사고,0,1,1,0,차대차 - 기타,차로위반,건조,맑음,기타 - 기타,승용,여,48세,경상,승용,여,42세,중상
2014062300100229,2014년 6월 23일 12시,월요일,경상북도 경산시 압량면,경상사고,0,0,2,0,차대차 - 기타,직진우회전진행방해,건조,흐림,교차로 - 교차로안,승용,남,56세,상해없음,승용,남,24세,경상
2014062300100256,2014년 6월 23일 13시,월요일,경상북도 경주시 성건동,중상사고,0,1,0,0,차대차 - 기타,중앙선침범,건조,맑음,단일로 - 기타,승용,여,50세,상해없음,이륜,남,79세,중상
2014062300100257,2014년 6월 23일 13시,월요일,경상북도 경주시 안강읍,경상사고,0,0,2,0,차대차 - 기타,안전운전불이행,건조,맑음,교차로 - 교차로안,승용,여,60세,경상,승용,여,41세,경상
2014062300100258,2014년 6월 23일 13시,월요일,경상북도 의성군 옥산면,경상사고,0,0,1,0,차량단독 - 도로외이탈 - 추락,안전운전불이행,건조,맑음,단일로 - 기타,원동기,남,71세,경상,,,,
2014062300100259,2014년 6월 23일 13시,월요일,경상북도 영천시 북안면,부상신고사고,0,0,0,1,차대차 - 추돌 - 주정차중,안전운전불이행,건조,맑음,단일로 - 기타,특수,남,45세,부상신고,특수,남,47세,상해없음
2014062300100287,2014년 6월 23일 14시,월요일,경상북도 포항시 남구 연일읍,경상사고,0,0,1,0,차대차 - 정면충돌,직진우회전진행방해,건조,맑음,교차로 - 교차로안,이륜,여,36세,경상,승합,남,31세,상해없음
2014062300100324,2014년 6월 23일 15시,월요일,경상북도 김천시 남산동,중상사고,0,1,1,0,차대차 - 측면직각충돌,안전운전불이행,건조,맑음,교차로 - 교차로안,이륜,남,67세,중상,화물,남,71세,경상
2014062300100325,2014년 6월 23일 15시,월요일,경상북도 포항시 남구 오천읍,중상사고,0,1,1,0,차대차 - 측면직각충돌,안전운전불이행,건조,맑음,단일로 - 기타,특수,남,54세,상해없음,승용,여,55세,중상
2014062300100359,2014년 6월 23일 16시,월요일,경상북도 경주시 강동면,중상사고,0,1,0,0,차대차 - 기타,안전거리미확보,건조,맑음,단일로 - 기타,승용,남,75세,기타불명,승용,여,40세,중상
2014062300100405,2014년 6월 23일 17시,월요일,경상북도 영주시 가흥동,중상사고,0,1,0,0,차대사람 - 기타,보행자보호의무위반,건조,맑음,교차로 - 교차로부근,승용,여,52세,상해없음,보행자,여,17세,중상
2014062300100406,2014년 6월 23일 17시,월요일,경상북도 포항시 남구 오천읍,경상사고,0,0,1,0,차대사람 - 기타,보행자보호의무위반,건조,맑음,교차로 - 교차로부근,승용,여,33세,상해없음,보행자,여,11세,경상
2014062300100445,2014년 6월 23일 18시,월요일,경상북도 문경시 점촌동,경상사고,0,0,1,0,차대차 - 기타,안전운전불이행,습기,비,교차로 - 교차로부근,승용,여,52세,상해없음,자전거,남,68세,경상
2014062300100446,2014년 6월 23일 18시,월요일,경상북도 구미시 고아읍,중상사고,0,1,0,0,차대차 - 추돌 - 진행중,교차로운행방법위반,건조,흐림,교차로 - 교차로안,승용,여,34세,상해없음,이륜,남,54세,중상
2014062300100478,2014년 6월 23일 19시,월요일,경상북도 칠곡군 왜관읍,경상사고,0,0,2,0,차대사람 - 횡단중,신호위반,습기,비,단일로 - 횡단보도상,화물,남,49세,상해없음,보행자,여,74세,경상
2014062300100479,2014년 6월 23일 19시,월요일,경상북도 문경시 점촌동,경상사고,0,0,1,0,차대사람 - 차도통행중,안전운전불이행,습기,비,교차로 - 교차로안,화물,남,54세,상해없음,보행자,남,46세,경상
2014062300100480,2014년 6월 23일 19시,월요일,경상북도 경산시 옥산동,중상사고,0,1,0,0,차대사람 - 기타,보행자보호의무위반,건조,흐림,단일로 - 기타,승용,남,58세,상해없음,보행자,여,67세,중상
2014062300100514,2014년 6월 23일 20시,월요일,경상북도 경산시 옥산동,경상사고,0,0,1,0,차대차 - 기타,안전운전불이행,습기,비,단일로 - 기타,승용,남,48세,상해없음,승용,여,54세,경상
2014062300100515,2014년 6월 23일 20시,월요일,경상북도 경산시 진량읍,경상사고,0,0,2,0,차대차 - 기타,안전거리미확보,습기,비,교차로 - 교차로부근,승용,남,34세,상해없음,승용,남,34세,상해없음
2014062300100555,2014년 6월 23일 21시,월요일,경상북도 포항시 북구 장성동,중상사고,0,1,0,0,차대차 - 기타,안전운전불이행,습기,비,단일로 - 기타,승용,남,32세,상해없음,원동기,남,19세,중상
2014062300100556,2014년 6월 23일 21시,월요일,경상북도 상주시 만산동,경상사고,0,0,3,0,차대차 - 기타,안전거리미확보,습기,비,교차로 - 교차로부근,화물,남,45세,상해없음,승합,남,46세,경상
2014062300100579,2014년 6월 23일 22시,월요일,경상북도 구미시 신동,중상사고,0,1,0,0,차대차 - 추돌 - 주정차중,안전운전불이행,건조,맑음,단일로 - 기타,승용,남,35세,중상,승용,남,32세,기타불명
2014062300100580,2014년 6월 23일 22시,월요일,경상북도 포항시 남구 연일읍,중상사고,0,1,1,0,차대사람 - 보도통행중,보행자보호의무위반,습기,비,단일로 - 횡단보도상,이륜,남,18세,경상,보행자,남,39세,중상
2014062300100602,2014년 6월 23일 23시,월요일,경상북도 영덕군 남정면,중상사고,0,1,0,0,차량단독 - 공작물충돌,안전운전불이행,습기,흐림,교차로 - 교차로안,승용,여,50세,중상,,,,
2014062300100603,2014년 6월 23일 23시,월요일,경상북도 포항시 남구 해도동,경상사고,0,0,1,0,차대차 - 기타,안전운전불이행,습기,비,단일로 - 기타,이륜,남,16세,경상,승용,남,68세,상해없음
2014062400100018,2014년 6월 24일 00시,화요일,경상북도 포항시 북구 대흥동,경상사고,0,0,1,0,차대사람 - 기타,안전운전불이행,건조,맑음,기타 - 기타,승용,남,65세,상해없음,보행자,남,35세,경상
2014062400100019,2014년 6월 24일 00시,화요일,경상북도 칠곡군 석적읍,부상신고사고,0,0,0,1,차대차 - 기타,안전운전불이행,습기,비,교차로 - 교차로부근,이륜,남,34세,부상신고,승용,남,43세,상해없음
2014062400100020,2014년 6월 24일 00시,화요일,경상북도 구미시 옥계동,중상사고,0,1,0,0,차대차 - 기타,안전운전불이행,건조,맑음,교차로 - 교차로안,승용,남,33세,상해없음,자전거,남,24세,중상
2014062400100038,2014년 6월 24일 02시,화요일,경상북도 안동시 길안면,중상사고,0,1,0,0,차대사람 - 기타,안전운전불이행,습기,비,단일로 - 기타,화물,남,49세,상해없음,보행자,여,52세,중상
2014062400100093,2014년 6월 24일 07시,화요일,경상북도 경산시 압량면,중상사고,0,1,0,0,차대차 - 기타,교차로운행방법위반,건조,맑음,교차로 - 교차로안,승용,남,34세,상해없음,원동기,남,80세,중상
2014062400100094,2014년 6월 24일 07시,화요일,경상북도 칠곡군 지천면,경상사고,0,0,2,0,차대차 - 추돌 - 진행중,안전운전불이행,건조,흐림,단일로 - 기타,승용,여,51세,경상,승용,남,27세,경상
2014062400100120,2014년 6월 24일 08시,화요일,경상북도 경주시 황오동,경상사고,0,0,1,0,차대차 - 추돌 - 주정차중,안전운전불이행,건조,맑음,교차로 - 교차로부근,승합,남,48세,상해없음,자전거,남,14세,경상
2014062400100121,2014년 6월 24일 08시,화요일,경상북도 영천시 임고면,중상사고,0,1,0,0,차대차 - 정면충돌,안전운전불이행,건조,맑음,교차로 - 교차로부근,화물,남,64세,상해없음,자전거,여,13세,중상
2014062400100122,2014년 6월 24일 08시,화요일,경상북도 구미시 송정동,중상사고,0,2,0,0,차대차 - 기타,중앙선침범,건조,맑음,단일로 - 기타,승용,여,26세,상해없음,승용,여,56세,중상
2014062400100170,2014년 6월 24일 10시,화요일,경상북도 칠곡군 석적읍,중상사고,0,1,0,0,차대차 - 기타,교차로운행방법위반,건조,맑음,교차로 - 교차로안,승용,남,31세,상해없음,이륜,남,40세,중상
2014062400100171,2014년 6월 24일 10시,화요일,경상북도 경산시 중방동,경상사고,0,0,1,0,차대차 - 기타,안전운전불이행,건조,맑음,교차로 - 교차로안,자전거,여,46세,경상,승용,남,69세,상해없음
2014062400100172,2014년 6월 24일 10시,화요일,경상북도 구미시 옥계동,중상사고,0,1,0,0,차대차 - 기타,안전운전불이행,건조,맑음,교차로 - 교차로부근,승용,남,53세,상해없음,자전거,여,71세,중상
2014062400100198,2014년 6월 24일 11시,화요일,경상북도 안동시 정하동,중상사고,0,2,0,0,차대차 - 기타,안전운전불이행,건조,맑음,교차로 - 교차로부근,건설기계,남,34세,상해없음,승용,여,63세,중상
2014062400100199,2014년 6월 24일 11시,화요일,경상북도 구미시 형곡동,경상사고,0,0,2,0,차대차 - 기타,안전운전불이행,건조,맑음,단일로 - 기타,승용,여,52세,상해없음,승용,남,44세,경상
2014062400100200,2014년 6월 24일 11시,화요일,경상북도 포항시 남구 장기면,중상사고,0,4,2,0,차대차 - 기타,안전운전불이행,건조,맑음,단일로 - 기타,승용,남,23세,중상,승용,남,41세,경상
2014062400100229,2014년 6월 24일 12시,화요일,경상북도 의성군 신평면,중상사고,0,1,1,0,차대차 - 정면충돌,안전운전불이행,건조,맑음,단일로 - 기타,승용,여,55세,경상,화물,남,69세,중상
2014062400100230,2014년 6월 24일 12시,화요일,경상북도 고령군 쌍림면,경상사고,0,0,3,1,차대차 - 측면직각충돌,교차로운행방법위반,건조,맑음,단일로 - 기타,승용,여,36세,상해없음,화물,남,41세,경상
2014062400100259,2014년 6월 24일 13시,화요일,경상북도 구미시 황상동,중상사고,0,1,0,0,차대사람 - 기타,안전운전불이행,건조,흐림,단일로 - 기타,화물,남,44세,상해없음,보행자,남,6세,중상
2014062400100287,2014년 6월 24일 14시,화요일,경상북도 경주시 외동읍,경상사고,0,0,1,0,차대차 - 기타,안전운전불이행,건조,맑음,단일로 - 기타,원동기,남,69세,경상,승용,남,39세,상해없음
2014062400100288,2014년 6월 24일 14시,화요일,경상북도 군위군 부계면,중상사고,0,1,0,0,차대차 - 기타,교차로운행방법위반,건조,맑음,교차로 - 교차로안,화물,남,39세,상해없음,원동기,남,76세,중상
2014062400100289,2014년 6월 24일 14시,화요일,경상북도 군위군 우보면,사망사고,1,0,0,0,차량단독 - 기타,안전운전불이행,건조,맑음,단일로 - 기타,화물,남,73세,사망,,,,
2014062400100290,2014년 6월 24일 14시,화요일,경상북도 포항시 남구 대도동,중상사고,0,1,0,0,차대사람 - 기타,안전운전불이행,건조,맑음,단일로 - 기타,기타불명,기타불명,기타불명,기타불명,보행자,여,7세,중상
2014062400100329,2014년 6월 24일 15시,화요일,경상북도 경주시 배반동,부상신고사고,0,0,0,4,차대차 - 기타,안전운전불이행,건조,맑음,교차로 - 교차로부근,화물,남,52세,상해없음,승용,남,22세,부상신고
2014062400100330,2014년 6월 24일 15시,화요일,경상북도 경주시 서면,중상사고,0,1,0,0,차대차 - 기타,안전운전불이행,건조,맑음,단일로 - 기타,화물,남,31세,상해없음,화물,남,55세,중상
2014062400100404,2014년 6월 24일 17시,화요일,경상북도 김천시 남산동,경상사고,0,0,1,0,차대사람 - 기타,신호위반,건조,맑음,단일로 - 횡단보도상,화물,남,56세,상해없음,보행자,여,15세,경상
2014062400100405,2014년 6월 24일 17시,화요일,경상북도 청송군 진보면,중상사고,0,1,0,0,차대사람 - 기타,불법유턴,건조,맑음,단일로 - 기타,화물,남,35세,상해없음,보행자,여,67세,중상
2014062400100406,2014년 6월 24일 17시,화요일,경상북도 구미시 형곡동,경상사고,0,0,1,0,차대사람 - 기타,안전운전불이행,건조,맑음,교차로 - 교차로안,승용,여,40세,기타불명,보행자,여,37세,경상
2014062400100437,2014년 6월 24일 18시,화요일,경상북도 포항시 북구 용흥동,경상사고,0,0,1,0,차대사람 - 횡단중,안전운전불이행,건조,맑음,교차로 - 교차로부근,기타불명,기타불명,기타불명,기타불명,보행자,여,15세,경상
2014062400100438,2014년 6월 24일 18시,화요일,경상북도 경산시 옥곡동,경상사고,0,0,1,0,차대사람 - 기타,안전운전불이행,건조,맑음,단일로 - 기타,승합,남,49세,기타불명,보행자,여,37세,경상
2014062400100439,2014년 6월 24일 18시,화요일,경상북도 구미시 신평동,경상사고,0,0,1,0,차대차 - 측면직각충돌,안전운전불이행,건조,맑음,교차로 - 교차로안,승용,여,63세,상해없음,승용,남,52세,경상
2014062400100464,2014년 6월 24일 19시,화요일,경상북도 영주시 하망동,경상사고,0,0,1,0,차대사람 - 횡단중,안전운전불이행,건조,맑음,단일로 - 기타,승용,남,61세,상해없음,보행자,여,70세,경상
2014062400100497,2014년 6월 24일 20시,화요일,경상북도 포항시 북구 창포동,중상사고,0,1,0,0,차대차 - 기타,안전운전불이행,건조,맑음,단일로 - 기타,승용,남,50세,상해없음,승용,남,53세,중상
2014062400100498,2014년 6월 24일 20시,화요일,경상북도 구미시 진평동,경상사고,0,0,2,0,차대사람 - 기타,중앙선침범,건조,맑음,교차로 - 교차로부근,승용,여,39세,상해없음,보행자,여,27세,경상
2014062400100563,2014년 6월 24일 22시,화요일,경상북도 경산시 삼북동,경상사고,0,0,1,0,차대차 - 기타,안전운전불이행,건조,맑음,단일로 - 기타,승용,남,49세,상해없음,자전거,남,58세,경상
2014062400100589,2014년 6월 24일 23시,화요일,경상북도 울진군 죽변면,중상사고,0,1,0,0,차량단독 - 전도전복,안전운전불이행,건조,맑음,단일로 - 기타,승용,남,43세,상해없음,,,,
2014062400100590,2014년 6월 24일 23시,화요일,경상북도 포항시 남구 연일읍,경상사고,0,0,1,0,차대차 - 측면직각충돌,안전운전불이행,건조,맑음,단일로 - 기타,승용,남,29세,상해없음,승용,여,49세,경상
2014062500100060,2014년 6월 25일 04시,수요일,경상북도 경산시 옥산동,경상사고,0,0,1,0,차대차 - 측면직각충돌,안전운전불이행,습기,비,교차로 - 교차로안,원동기,남,19세,경상,승용,여,33세,상해없음
2014062500100067,2014년 6월 25일 05시,수요일,경상북도 경주시 외동읍,경상사고,0,0,1,0,차대차 - 기타,중앙선침범,건조,맑음,단일로 - 기타,화물,남,48세,상해없음,화물,남,63세,상해없음
2014062500100068,2014년 6월 25일 05시,수요일,경상북도 김천시 남면,경상사고,0,0,1,0,차량단독 - 기타,안전운전불이행,건조,맑음,단일로 - 기타,승용,남,22세,경상,,,,
2014062500100098,2014년 6월 25일 07시,수요일,경상북도 영천시 망정동,경상사고,0,0,3,0,차대차 - 정면충돌,신호위반,건조,맑음,교차로 - 교차로안,승용,여,47세,경상,승용,남,48세,경상
2014062500100142,2014년 6월 25일 08시,수요일,경상북도 경주시 외동읍,경상사고,0,0,1,0,차대차 - 기타,안전거리미확보,건조,맑음,단일로 - 기타,승용,여,32세,상해없음,승용,여,28세,경상
2014062500100143,2014년 6월 25일 08시,수요일,경상북도 고령군 쌍림면,경상사고,0,0,1,0,차대차 - 추돌 - 진행중,교차로운행방법위반,건조,맑음,교차로 - 교차로부근,화물,남,27세,상해없음,농기계,남,86세,경상
2014062500100163,2014년 6월 25일 09시,수요일,경상북도 성주군 성주읍,사망사고,1,0,0,0,차대차 - 기타,직진우회전진행방해,건조,맑음,교차로 - 교차로안,이륜,여,68세,사망,승용,남,52세,상해없음
2014062500100164,2014년 6월 25일 09시,수요일,경상북도 성주군 선남면,경상사고,0,0,3,0,차대차 - 추돌 - 진행중,안전운전불이행,기타,맑음,교차로 - 교차로부근,승용,여,39세,경상,화물,남,32세,경상
2014062500100165,2014년 6월 25일 09시,수요일,경상북도 구미시 광평동,중상사고,0,1,0,0,차대차 - 기타,안전운전불이행,건조,맑음,교차로 - 교차로안,화물,남,43세,상해없음,자전거,남,40세,중상
2014062500100194,2014년 6월 25일 10시,수요일,경상북도 포항시 북구 덕산동,경상사고,0,0,2,0,차대차 - 기타,안전거리미확보,건조,맑음,교차로 - 교차로안,원동기,남,42세,경상,승용,여,56세,경상
2014062500100195,2014년 6월 25일 10시,수요일,경상북도 영주시 부석면,경상사고,0,0,1,0,차대차 - 측면직각충돌,안전운전불이행,건조,맑음,교차로 - 교차로안,화물,남,46세,상해없음,이륜,남,45세,경상
2014062500100256,2014년 6월 25일 12시,수요일,경상북도 포항시 북구 용흥동,중상사고,0,2,0,0,차량단독 - 공작물충돌,안전운전불이행,건조,맑음,단일로 - 기타,원동기,남,17세,상해없음,,,,
2014062500100257,2014년 6월 25일 12시,수요일,경상북도 포항시 북구 덕산동,중상사고,0,1,3,0,차대차 - 기타,안전운전불이행,건조,맑음,교차로 - 교차로안,승합,남,44세,상해없음,기타불명,기타불명,기타불명,기타불명
2014062500100258,2014년 6월 25일 12시,수요일,경상북도 안동시 당북동,중상사고,0,1,2,1,차대차 - 기타,신호위반,건조,맑음,교차로 - 교차로안,화물,남,40세,상해없음,승용,남,58세,경상
2014062500100259,2014년 6월 25일 12시,수요일,경상북도 안동시 송천동,경상사고,0,0,1,0,차대차 - 기타,안전거리미확보,건조,맑음,단일로 - 기타,화물,남,56세,상해없음,승용,남,36세,경상
2014062500100290,2014년 6월 25일 13시,수요일,경상북도 문경시 흥덕동,부상신고사고,0,0,0,1,차대차 - 기타,안전운전불이행,건조,맑음,교차로 - 교차로부근,화물,여,60세,상해없음,원동기,남,74세,부상신고
2014062500100291,2014년 6월 25일 13시,수요일,경상북도 포항시 남구 장기면,경상사고,0,0,1,0,차대사람 - 횡단중,안전운전불이행,건조,맑음,교차로 - 교차로안,화물,남,44세,상해없음,보행자,여,76세,경상
2014062500100320,2014년 6월 25일 14시,수요일,경상북도 포항시 북구 흥해읍,중상사고,0,1,0,0,차대사람 - 기타,안전운전불이행,건조,맑음,단일로 - 횡단보도상,승용,여,42세,상해없음,보행자,여,62세,중상
2014062500100321,2014년 6월 25일 14시,수요일,경상북도 군위군 군위읍,중상사고,0,3,1,0,차대차 - 측면직각충돌,직진우회전진행방해,건조,맑음,교차로 - 교차로안,승용,여,57세,경상,승용,여,49세,중상
2014062500100417,2014년 6월 25일 17시,수요일,경상북도 경주시 도지동,중상사고,0,1,0,0,차대차 - 기타,안전운전불이행,건조,맑음,단일로 - 기타,승용,남,30세,중상,승용,남,33세,상해없음
2014062500100418,2014년 6월 25일 17시,수요일,경상북도 포항시 북구 항구동,중상사고,0,1,0,0,차대차 - 기타,중앙선침범,건조,맑음,단일로 - 기타,승용,남,29세,상해없음,원동기,남,39세,중상
2014062500100419,2014년 6월 25일 17시,수요일,경상북도 김천시 황금동,경상사고,0,0,1,0,차대차 - 측면직각충돌,교차로운행방법위반,건조,맑음,교차로 - 교차로안,건설기계,남,47세,상해없음,화물,남,53세,경상
2014062500100420,2014년 6월 25일 17시,수요일,경상북도 영천시 금노동,중상사고,0,1,0,0,차대차 - 기타,안전운전불이행,건조,맑음,단일로 - 기타,승합,여,50세,상해없음,원동기,남,64세,중상
2014062500100453,2014년 6월 25일 18시,수요일,경상북도 의성군 금성면,경상사고,0,0,1,0,차대차 - 측면직각충돌,안전운전불이행,건조,맑음,단일로 - 기타,원동기,남,56세,경상,화물,남,66세,상해없음
2014062500100454,2014년 6월 25일 18시,수요일,경상북도 성주군 수륜면,경상사고,0,0,2,0,차량단독 - 공작물충돌,안전운전불이행,건조,맑음,단일로 - 기타,이륜,남,75세,경상,,,,
2014062500100455,2014년 6월 25일 18시,수요일,경상북도 구미시 원평동,경상사고,0,0,1,0,차대차 - 기타,안전운전불이행,건조,맑음,교차로 - 교차로안,자전거,남,19세,경상,승용,남,61세,상해없음
2014062500100456,2014년 6월 25일 18시,수요일,경상북도 구미시 진평동,경상사고,0,0,1,0,차대차 - 기타,안전운전불이행,건조,흐림,단일로 - 기타,건설기계,남,33세,상해없음,승용,남,35세,경상
2014062500100492,2014년 6월 25일 19시,수요일,경상북도 칠곡군 왜관읍,경상사고,0,0,1,0,차대차 - 기타,중앙선침범,건조,맑음,단일로 - 기타,이륜,남,31세,경상,승용,남,52세,상해없음
2014062500100493,2014년 6월 25일 19시,수요일,경상북도 구미시 구평동,경상사고,0,0,1,0,차대차 - 기타,신호위반,건조,맑음,교차로 - 교차로안,이륜,남,53세,경상,승용,남,32세,상해없음
2014062500100494,2014년 6월 25일 19시,수요일,경상북도 구미시 인의동,경상사고,0,0,1,0,차대차 - 기타,안전거리미확보,건조,맑음,교차로 - 교차로부근,승용,남,20세,상해없음,이륜,남,16세,경상
2014062500100495,2014년 6월 25일 19시,수요일,경상북도 구미시 형곡동,중상사고,0,1,0,0,차대차 - 기타,안전운전불이행,건조,맑음,교차로 - 교차로부근,자전거,여,73세,중상,승합,남,42세,상해없음
2014062500100524,2014년 6월 25일 20시,수요일,경상북도 칠곡군 왜관읍,중상사고,0,3,0,0,차대차 - 측면직각충돌,교차로운행방법위반,건조,맑음,교차로 - 교차로안,승합,남,53세,상해없음,승용,남,52세,중상
2014062500100525,2014년 6월 25일 20시,수요일,경상북도 경산시 남산면,중상사고,0,1,0,0,차대차 - 기타,안전운전불이행,건조,맑음,단일로 - 기타,기타불명,기타불명,기타불명,기타불명,승용,남,58세,상해없음
2014062500100565,2014년 6월 25일 21시,수요일,경상북도 구미시 진평동,중상사고,0,1,0,0,차대차 - 기타,교차로운행방법위반,건조,맑음,교차로 - 교차로안,승용,남,24세,상해없음,자전거,여,22세,중상
2014062500100566,2014년 6월 25일 21시,수요일,경상북도 구미시 인의동,경상사고,0,0,2,0,차대차 - 측면직각충돌,교차로운행방법위반,건조,흐림,교차로 - 교차로부근,승용,남,56세,상해없음,승용,남,34세,경상
2014062500100567,2014년 6월 25일 21시,수요일,경상북도 포항시 남구 연일읍,경상사고,0,0,2,0,차대차 - 정면충돌,안전운전불이행,건조,맑음,교차로 - 교차로부근,화물,남,38세,상해없음,승용,여,38세,경상
2014062500100595,2014년 6월 25일 22시,수요일,경상북도 포항시 북구 용흥동,경상사고,0,0,1,0,차대차 - 측면직각충돌,안전운전불이행,건조,맑음,교차로 - 교차로안,승용,남,51세,상해없음,자전거,남,19세,경상
2014062500100597,2014년 6월 25일 22시,수요일,경상북도 영덕군 영덕읍,중상사고,0,1,0,0,차대차 - 추돌 - 진행중,안전운전불이행,건조,맑음,단일로 - 기타,승용,남,50세,중상,화물,남,48세,상해없음
2014062500100625,2014년 6월 25일 23시,수요일,경상북도 영양군 영양읍,사망사고,1,0,0,0,차대사람 - 횡단중,안전운전불이행,건조,맑음,단일로 - 기타,승용,여,45세,상해없음,보행자,남,65세,사망
2014062500100626,2014년 6월 25일 23시,수요일,경상북도 구미시 진평동,중상사고,0,1,3,0,차대차 - 기타,안전운전불이행,건조,맑음,단일로 - 기타,승용,여,32세,상해없음,승용,남,54세,경상
2014062600100029,2014년 6월 26일 01시,목요일,경상북도 안동시 당북동,경상사고,0,0,1,0,차대사람 - 길가장자리구역통행중,안전운전불이행,건조,맑음,교차로 - 교차로부근,승용,남,28세,상해없음,보행자,남,54세,경상
2014062600100038,2014년 6월 26일 02시,목요일,경상북도 경주시 내남면,사망사고,1,0,0,0,차대차 - 추돌 - 진행중,안전운전불이행,건조,맑음,단일로 - 기타,승용,남,36세,사망,화물,남,56세,상해없음
2014062600100063,2014년 6월 26일 05시,목요일,경상북도 안동시 당북동,중상사고,0,2,1,0,차대차 - 기타,직진우회전진행방해,건조,맑음,교차로 - 교차로안,화물,남,59세,중상,화물,남,77세,중상
2014062600100069,2014년 6월 26일 06시,목요일,경상북도 상주시 공검면,사망사고,1,0,1,0,차대차 - 추돌 - 진행중,안전운전불이행,건조,맑음,단일로 - 터널,화물,남,63세,사망,화물,남,54세,경상