사고번호,사고일시,요일,시군구,사고내용,사망자수,중상자수,경상자수,부상신고자수,사고유형,법규위반,노면상태,기상상태,도로형태,가해운전자 차종,가해운전자 성별,가해운전자 연령,가해운전자 상해정도,피해운전자 차종,피해운전자 성별,피해운전자 연령,피해운전자 상해정도
2014062800100603,2014년 6월 28일 22시,토요일,경상북도 경주시 동천동,경상사고,0,0,2,0,차대차 - 추돌 - 진행중,안전운전불이행,건조,맑음,교차로 - 교차로부근,승용,남,48세,상해없음,승용,여,34세,경상
2014062800100604,2014년 6월 28일 22시,토요일,경상북도 의성군 의성읍,경상사고,0,0,1,0,차대차 - 측면직각충돌,안전운전불이행,건조,맑음,단일로 - 기타,원동기,남,57세,경상,승용,남,54세,상해없음
2014062800100605,2014년 6월 28일 22시,토요일,경상북도 칠곡군 북삼읍,중상사고,0,1,1,0,차대차 - 측면직각충돌,신호위반,건조,맑음,교차로 - 교차로부근,승용,남,31세,경상,승용,여,32세,중상
2014062800100636,2014년 6월 28일 23시,토요일,경상북도 구미시 원평동,경상사고,0,0,3,0,차대차 - 기타,안전운전불이행,건조,맑음,단일로 - 기타,승용,남,19세,상해없음,승용,남,23세,경상
2014062900100018,2014년 6월 29일 00시,일요일,경상북도 경주시 동천동,경상사고,0,0,1,0,차대사람 - 기타,안전운전불이행,건조,맑음,단일로 - 기타,승용,남,59세,상해없음,보행자,남,38세,경상
2014062900100019,2014년 6월 29일 00시,일요일,경상북도 안동시 당북동,중상사고,0,2,0,0,차대차 - 기타,교차로운행방법위반,건조,맑음,교차로 - 교차로안,승용,남,51세,상해없음,화물,남,67세,중상
2014062900100020,2014년 6월 29일 00시,일요일,경상북도 경산시 백천동,경상사고,0,0,1,0,차대차 - 기타,신호위반,건조,맑음,교차로 - 교차로안,승용,여,45세,상해없음,승용,남,24세,경상
2014062900100067,2014년 6월 29일 02시,일요일,경상북도 영천시 금호읍,경상사고,0,0,2,0,차대차 - 추돌 - 진행중,안전운전불이행,건조,맑음,교차로 - 교차로부근,승용,여,47세,상해없음,승용,남,39세,경상
2014062900100104,2014년 6월 29일 05시,일요일,경상북도 영주시 영주동,중상사고,0,1,2,0,차대차 - 기타,안전운전불이행,건조,맑음,교차로 - 교차로안,화물,남,59세,경상,화물,남,43세,중상
2014062900100105,2014년 6월 29일 05시,일요일,경상북도 구미시 원평동,경상사고,0,0,2,0,차대차 - 측면직각충돌,안전운전불이행,건조,맑음,단일로 - 기타,승용,남,32세,상해없음,승용,남,69세,경상
2014062900100125,2014년 6월 29일 07시,일요일,경상북도 영천시 청통면,중상사고,0,1,0,0,차대사람 - 기타,안전운전불이행,건조,맑음,교차로 - 교차로부근,승합,남,49세,상해없음,보행자,여,69세,중상
2014062900100146,2014년 6월 29일 08시,일요일,경상북도 경산시 용성면,중상사고,0,1,0,0,차대차 - 기타,안전운전불이행,건조,맑음,교차로 - 교차로안,승용,여,52세,상해없음,원동기,남,53세,중상
2014062900100147,2014년 6월 29일 08시,일요일,경상북도 영덕군 영덕읍,경상사고,0,0,1,0,차대차 - 추돌 - 진행중,차로위반,건조,맑음,단일로 - 기타,승용,남,54세,상해없음,승용,남,33세,상해없음
2014062900100167,2014년 6월 29일 09시,일요일,경상북도 군위군 우보면,중상사고,0,1,0,0,차대차 - 기타,안전운전불이행,건조,맑음,단일로 - 기타,승용,여,66세,상해없음,원동기,남,78세,중상
2014062900100209,2014년 6월 29일 11시,일요일,경상북도 경주시 천군동,경상사고,0,0,1,0,차량단독 - 전도전복,안전운전불이행,건조,맑음,단일로 - 기타,이륜,남,23세,상해없음,,,,
2014062900100210,2014년 6월 29일 11시,일요일,경상북도 상주시 화서면,중상사고,0,1,0,0,차대차 - 기타,안전운전불이행,건조,맑음,교차로 - 교차로안,기타불명,기타불명,기타불명,기타불명,원동기,여,81세,중상
2014062900100226,2014년 6월 29일 12시,일요일,경상북도 문경시 가은읍,중상사고,0,1,1,0,차대차 - 기타,안전운전불이행,건조,맑음,단일로 - 기타,승용,여,66세,경상,건설기계,남,46세,상해없음
2014062900100227,2014년 6월 29일 12시,일요일,경상북도 경산시 남산면,경상사고,0,0,1,0,차대차 - 기타,안전운전불이행,건조,맑음,교차로 - 교차로안,화물,여,45세,상해없음,농기계,남,60세,경상
2014062900100228,2014년 6월 29일 12시,일요일,경상북도 경산시 하양읍,경상사고,0,0,3,0,차대차 - 기타,안전운전불이행,건조,맑음,교차로 - 교차로안,승용,여,43세,상해없음,승용,남,35세,경상
2014062900100251,2014년 6월 29일 13시,일요일,경상북도 경주시 감포읍,부상신고사고,0,0,0,1,차량단독 - 전도전복,안전운전불이행,건조,맑음,단일로 - 기타,이륜,남,77세,부상신고,,,,
2014062900100252,2014년 6월 29일 13시,일요일,경상북도 안동시 태화동,경상사고,0,0,8,0,차대차 - 기타,안전거리미확보,건조,맑음,단일로 - 기타,승용,여,30세,상해없음,승용,여,40세,경상
2014062900100253,2014년 6월 29일 13시,일요일,경상북도 구미시 봉곡동,경상사고,0,0,1,0,차대차 - 기타,안전운전불이행,건조,맑음,단일로 - 기타,이륜,남,54세,경상,승용,여,48세,상해없음
2014062900100254,2014년 6월 29일 13시,일요일,경상북도 영천시 매산동,사망사고,1,0,0,0,차대사람 - 길가장자리구역통행중,안전운전불이행,건조,맑음,단일로 - 기타,화물,남,47세,상해없음,보행자,남,72세,사망
2014062900100284,2014년 6월 29일 14시,일요일,경상북도 안동시 길안면,중상사고,0,1,1,0,차대차 - 정면충돌,안전운전불이행,건조,맑음,단일로 - 기타,화물,남,37세,상해없음,승용,남,63세,경상
2014062900100285,2014년 6월 29일 14시,일요일,경상북도 구미시 인의동,경상사고,0,0,1,0,차대차 - 정면충돌,중앙선침범,건조,맑음,교차로 - 교차로부근,이륜,남,57세,상해없음,이륜,남,19세,경상
2014062900100316,2014년 6월 29일 15시,일요일,경상북도 경주시 인왕동,중상사고,0,1,0,0,차대차 - 기타,안전운전불이행,건조,맑음,단일로 - 기타,이륜,남,35세,상해없음,이륜,남,34세,중상
2014062900100317,2014년 6월 29일 15시,일요일,경상북도 포항시 북구 죽도동,중상사고,0,1,0,0,차량단독 - 전도전복,안전운전불이행,건조,맑음,단일로 - 기타,원동기,남,14세,중상,,,,
2014062900100318,2014년 6월 29일 15시,일요일,경상북도 칠곡군 동명면,중상사고,0,1,0,0,차대차 - 기타,중앙선침범,건조,맑음,단일로 - 기타,자전거,남,56세,중상,승용,남,37세,상해없음
2014062900100319,2014년 6월 29일 15시,일요일,경상북도 경산시 진량읍,부상신고사고,0,0,0,1,차대차 - 기타,안전운전불이행,건조,맑음,교차로 - 교차로안,기타불명,기타불명,기타불명,기타불명,자전거,남,43세,부상신고
2014062900100352,2014년 6월 29일 16시,일요일,경상북도 영양군 일월면,중상사고,0,1,0,0,차대차 - 측면직각충돌,중앙선침범,건조,맑음,단일로 - 기타,승용,남,28세,상해없음,승용,남,42세,중상
2014062900100353,2014년 6월 29일 16시,일요일,경상북도 구미시 무을면,부상신고사고,0,0,0,1,차대차 - 기타,안전거리미확보,건조,맑음,기타 - 기타,이륜,남,78세,부상신고,승용,남,36세,상해없음
2014062900100389,2014년 6월 29일 17시,일요일,경상북도 포항시 북구 대신동,경상사고,0,0,1,0,차대차 - 기타,신호위반,건조,맑음,교차로 - 교차로안,승용,남,22세,상해없음,승용,남,68세,경상
2014062900100390,2014년 6월 29일 17시,일요일,경상북도 경산시 하양읍,사망사고,1,0,4,0,차대차 - 기타,안전운전불이행,건조,맑음,교차로 - 교차로부근,승용,남,51세,사망,승용,남,57세,경상
2014062900100417,2014년 6월 29일 18시,일요일,경상북도 경산시 자인면,중상사고,0,2,1,0,차대차 - 기타,안전운전불이행,건조,맑음,교차로 - 교차로안,승용,여,60세,경상,승용,남,37세,중상
2014062900100418,2014년 6월 29일 18시,일요일,경상북도 경산시 평산동,경상사고,0,0,1,0,차대차 - 기타,신호위반,건조,맑음,교차로 - 교차로안,원동기,남,25세,상해없음,승용,여,59세,경상
2014062900100419,2014년 6월 29일 18시,일요일,경상북도 구미시 구평동,중상사고,0,1,0,0,차대사람 - 기타,안전운전불이행,건조,맑음,단일로 - 기타,승용,여,38세,상해없음,보행자,남,3세,중상
2014062900100445,2014년 6월 29일 19시,일요일,경상북도 포항시 북구 장성동,경상사고,0,0,2,3,차대차 - 기타,안전거리미확보,건조,맑음,교차로 - 교차로부근,승용,남,63세,상해없음,승용,남,41세,경상
2014062900100446,2014년 6월 29일 19시,일요일,경상북도 구미시 도개면,부상신고사고,0,0,0,1,차량단독 - 기타,안전운전불이행,건조,흐림,단일로 - 기타,이륜,남,59세,부상신고,,,,
2014062900100486,2014년 6월 29일 21시,일요일,경상북도 포항시 북구 장성동,경상사고,0,0,2,0,차대차 - 기타,안전운전불이행,건조,맑음,교차로 - 교차로부근,승용,남,57세,상해없음,화물,남,59세,경상
2014062900100487,2014년 6월 29일 21시,일요일,경상북도 예천군 예천읍,중상사고,0,1,0,0,차대사람 - 차도통행중,안전운전불이행,건조,맑음,교차로 - 교차로부근,승용,남,40세,상해없음,보행자,여,19세,중상
2014062900100488,2014년 6월 29일 21시,일요일,경상북도 포항시 남구 대도동,경상사고,0,0,1,0,차대차 - 기타,차로위반,건조,맑음,교차로 - 교차로부근,승용,여,57세,상해없음,승용,남,62세,경상
2014062900100508,2014년 6월 29일 22시,일요일,경상북도 청도군 이서면,중상사고,0,1,0,0,차량단독 - 도로외이탈 - 추락,안전운전불이행,건조,맑음,교차로 - 교차로부근,화물,남,54세,중상,,,,
2014062900100509,2014년 6월 29일 22시,일요일,경상북도 군위군 군위읍,경상사고,0,0,2,0,차대차 - 추돌 - 진행중,안전운전불이행,건조,흐림,단일로 - 기타,기타불명,기타불명,기타불명,기타불명,승용,남,56세,경상
2014062900100535,2014년 6월 29일 23시,일요일,경상북도 포항시 북구 죽도동,중상사고,0,1,0,0,차대차 - 기타,안전운전불이행,건조,맑음,교차로 - 교차로부근,승용,남,55세,상해없음,승용,남,34세,중상
2014063000100028,2014년 6월 30일 02시,월요일,경상북도 의성군 안평면,경상사고,0,0,1,0,차대차 - 기타,안전운전불이행,건조,맑음,단일로 - 기타,화물,남,51세,상해없음,승용,남,43세,경상
2014063000100035,2014년 6월 30일 04시,월요일,경상북도 경주시 남산동,사망사고,1,2,0,0,차량단독 - 전도전복,안전운전불이행,건조,흐림,단일로 - 기타,승용,남,19세,중상,,,,
2014063000100040,2014년 6월 30일 05시,월요일,경상북도 칠곡군 지천면,사망사고,1,0,0,0,차대차 - 정면충돌,중앙선침범,건조,맑음,단일로 - 기타,이륜,남,25세,사망,화물,남,38세,상해없음
2014063000100056,2014년 6월 30일 06시,월요일,경상북도 경산시 계양동,경상사고,0,0,1,0,차대차 - 기타,중앙선침범,건조,맑음,교차로 - 교차로안,승용,남,28세,상해없음,승용,남,56세,경상
2014063000100057,2014년 6월 30일 06시,월요일,경상북도 구미시 고아읍,사망사고,1,0,0,0,차대사람 - 기타,안전운전불이행,건조,맑음,교차로 - 교차로부근,승용,남,20세,상해없음,보행자,여,85세,사망
2014063000100085,2014년 6월 30일 07시,월요일,경상북도 경주시 외동읍,중상사고,0,1,0,0,차대차 - 기타,안전운전불이행,건조,맑음,단일로 - 기타,이륜,남,48세,중상,화물,남,46세,상해없음
2014063000100086,2014년 6월 30일 07시,월요일,경상북도 영주시 풍기읍,경상사고,0,0,1,0,차대차 - 기타,안전운전불이행,건조,맑음,단일로 - 기타,화물,여,42세,상해없음,자전거,남,13세,경상
2014063000100087,2014년 6월 30일 07시,월요일,경상북도 구미시 오태동,경상사고,0,0,1,0,차대차 - 측면직각충돌,안전운전불이행,건조,맑음,단일로 - 기타,승용,여,35세,상해없음,승용,남,39세,경상
2014063000100121,2014년 6월 30일 08시,월요일,경상북도 경주시 동천동,중상사고,0,1,4,0,차대차 - 기타,안전운전불이행,건조,맑음,교차로 - 교차로부근,승용,남,61세,경상,화물,남,35세,경상
2014063000100122,2014년 6월 30일 08시,월요일,경상북도 포항시 북구 용흥동,중상사고,0,1,0,0,차대사람 - 횡단중,안전운전불이행,건조,흐림,교차로 - 교차로부근,승용,여,37세,상해없음,보행자,여,74세,중상
2014063000100123,2014년 6월 30일 08시,월요일,경상북도 봉화군 소천면,경상사고,0,0,1,0,차대차 - 추돌 - 진행중,안전운전불이행,건조,맑음,단일로 - 기타,원동기,남,44세,경상,건설기계,남,66세,상해없음
2014063000100124,2014년 6월 30일 08시,월요일,경상북도 울릉군 서면,중상사고,0,2,0,0,차대차 - 정면충돌,안전운전불이행,건조,맑음,교차로 - 교차로부근,승용,여,59세,상해없음,원동기,남,82세,중상
2014063000100125,2014년 6월 30일 08시,월요일,경상북도 포항시 남구 대잠동,경상사고,0,0,4,0,차대차 - 기타,안전운전불이행,건조,맑음,교차로 - 교차로부근,승용,남,71세,경상,승용,여,67세,경상
2014063000100126,2014년 6월 30일 08시,월요일,경상북도 포항시 남구 연일읍,중상사고,0,1,0,0,차대차 - 기타,안전운전불이행,건조,맑음,교차로 - 교차로부근,승용,남,55세,상해없음,자전거,남,81세,중상
2014063000100156,2014년 6월 30일 09시,월요일,경상북도 경산시 하양읍,중상사고,0,1,0,0,차대사람 - 기타,보행자보호의무위반,건조,맑음,단일로 - 횡단보도상,승용,여,22세,상해없음,보행자,여,20세,중상
2014063000100157,2014년 6월 30일 09시,월요일,경상북도 구미시 남통동,중상사고,0,1,0,0,차대사람 - 기타,보행자보호의무위반,건조,맑음,단일로 - 횡단보도상,화물,남,45세,상해없음,보행자,여,54세,중상
2014063000100189,2014년 6월 30일 10시,월요일,경상북도 경주시 외동읍,중상사고,0,1,0,0,차대차 - 기타,안전운전불이행,건조,맑음,교차로 - 교차로안,승용,남,37세,상해없음,승용,여,50세,중상
2014063000100190,2014년 6월 30일 10시,월요일,경상북도 안동시 목성동,경상사고,0,0,2,0,차대차 - 측면직각충돌,교차로운행방법위반,건조,맑음,교차로 - 교차로안,승용,남,70세,경상,승용,여,73세,상해없음
2014063000100250,2014년 6월 30일 12시,월요일,경상북도 구미시 구평동,부상신고사고,0,0,0,1,차대차 - 기타,신호위반,건조,맑음,교차로 - 교차로부근,이륜,남,21세,부상신고,승용,남,64세,상해없음
2014063000100251,2014년 6월 30일 12시,월요일,경상북도 구미시 도개면,중상사고,0,1,0,0,차대사람 - 기타,안전운전불이행,건조,맑음,단일로 - 기타,화물,남,58세,상해없음,보행자,여,83세,중상
2014063000100281,2014년 6월 30일 13시,월요일,경상북도 안동시 금곡동,경상사고,0,0,1,0,차대차 - 기타,안전운전불이행,건조,맑음,단일로 - 기타,승용,여,24세,상해없음,이륜,남,24세,경상
2014063000100282,2014년 6월 30일 13시,월요일,경상북도 영주시 가흥동,중상사고,0,1,0,0,차대사람 - 기타,안전운전불이행,건조,맑음,단일로 - 기타,화물,남,60세,상해없음,보행자,여,73세,중상
2014063000100315,2014년 6월 30일 14시,월요일,경상북도 경주시 내남면,중상사고,0,2,0,1,차대차 - 기타,중앙선침범,건조,맑음,단일로 - 기타,화물,남,55세,중상,건설기계,남,49세,중상
2014063000100316,2014년 6월 30일 14시,월요일,경상북도 안동시 태화동,경상사고,0,0,1,0,차대차 - 측면직각충돌,직진우회전진행방해,건조,맑음,교차로 - 교차로안,승용,여,36세,상해없음,이륜,여,38세,경상
2014063000100317,2014년 6월 30일 14시,월요일,경상북도 칠곡군 동명면,경상사고,0,0,1,0,차대차 - 기타,안전운전불이행,습기,기타,단일로 - 기타,승용,남,18세,상해없음,자전거,남,59세,경상
2014063000100350,2014년 6월 30일 15시,월요일,경상북도 안동시 태화동,경상사고,0,0,1,0,차대사람 - 기타,기타,건조,맑음,단일로 - 기타,승합,남,59세,상해없음,보행자,남,36세,경상
2014063000100351,2014년 6월 30일 15시,월요일,경상북도 상주시 성동동,중상사고,0,1,0,0,차대차 - 측면직각충돌,교차로운행방법위반,건조,맑음,교차로 - 교차로안,승용,여,40세,상해없음,자전거,남,10세,중상
2014063000100352,2014년 6월 30일 15시,월요일,경상북도 경산시 중방동,경상사고,0,0,1,0,차대차 - 기타,신호위반,건조,맑음,교차로 - 교차로안,승용,여,47세,상해없음,승용,여,56세,경상
2014063000100353,2014년 6월 30일 15시,월요일,경상북도 포항시 남구 장기면,경상사고,0,0,2,0,차대차 - 정면충돌,중앙선침범,건조,맑음,단일로 - 기타,승용,남,66세,경상,화물,남,64세,경상
2014063000100402,2014년 6월 30일 16시,월요일,경상북도 경주시 외동읍,경상사고,0,0,1,0,차대차 - 기타,안전운전불이행,건조,맑음,교차로 - 교차로부근,승용,기타불명,기타불명,기타불명,화물,남,40세,경상
2014063000100403,2014년 6월 30일 16시,월요일,경상북도 경주시 구정동,경상사고,0,0,1,0,차대차 - 추돌 - 진행중,안전운전불이행,건조,흐림,단일로 - 기타,승용,남,45세,상해없음,승용,남,63세,상해없음
2014063000100404,2014년 6월 30일 16시,월요일,경상북도 포항시 북구 흥해읍,중상사고,0,1,0,0,차량단독 - 기타,안전운전불이행,건조,맑음,단일로 - 기타,원동기,남,80세,중상,,,,
2014063000100405,2014년 6월 30일 16시,월요일,경상북도 안동시 법흥동,경상사고,0,0,1,0,차대차 - 측면직각충돌,차로위반,건조,맑음,단일로 - 기타,승용,남,64세,상해없음,승용,남,56세,경상
2014063000100439,2014년 6월 30일 17시,월요일,경상북도 영주시 상망동,중상사고,0,1,0,0,차대사람 - 횡단중,보행자보호의무위반,습기,비,단일로 - 횡단보도상,화물,남,48세,상해없음,보행자,여,52세,중상
2014063000100440,2014년 6월 30일 17시,월요일,경상북도 경산시 압량면,중상사고,0,1,3,0,차대차 - 기타,안전거리미확보,습기,비,단일로 - 기타,화물,남,46세,상해없음,승용,남,35세,중상
2014063000100441,2014년 6월 30일 17시,월요일,경상북도 구미시 오태동,부상신고사고,0,0,0,1,차대차 - 기타,교차로운행방법위반,건조,흐림,교차로 - 교차로안,화물,남,37세,상해없음,자전거,남,9세,부상신고
2014063000100480,2014년 6월 30일 18시,월요일,경상북도 안동시 정하동,중상사고,0,1,0,0,차대사람 - 횡단중,보행자보호의무위반,건조,맑음,교차로 - 교차로안,승용,여,41세,상해없음,보행자,여,6세,중상
2014063000100512,2014년 6월 30일 19시,월요일,경상북도 포항시 남구 오천읍,경상사고,0,0,1,0,차대차 - 측면직각충돌,직진우회전진행방해,건조,맑음,교차로 - 교차로안,승용,남,26세,상해없음,자전거,남,6세,경상
2014063000100542,2014년 6월 30일 20시,월요일,경상북도 안동시 운흥동,중상사고,0,1,0,0,차대사람 - 횡단중,신호위반,건조,맑음,교차로 - 교차로부근,승용,남,19세,상해없음,보행자,남,55세,중상
2014063000100543,2014년 6월 30일 20시,월요일,경상북도 안동시 남부동,중상사고,0,1,1,0,차대차 - 측면직각충돌,안전운전불이행,습기,비,교차로 - 교차로안,승용,남,63세,상해없음,승용,남,43세,중상
2014063000100544,2014년 6월 30일 20시,월요일,경상북도 김천시 성내동,경상사고,0,0,1,0,차대차 - 측면직각충돌,신호위반,습기,비,교차로 - 교차로안,승용,남,53세,상해없음,화물,남,60세,경상
2014063000100545,2014년 6월 30일 20시,월요일,경상북도 구미시 구평동,경상사고,0,0,1,0,차대차 - 기타,안전운전불이행,습기,비,교차로 - 교차로안,승용,남,27세,상해없음,이륜,남,25세,경상
2014063000100546,2014년 6월 30일 20시,월요일,경상북도 구미시 송정동,경상사고,0,0,1,0,차대차 - 기타,교차로운행방법위반,습기,비,교차로 - 교차로안,승용,여,57세,상해없음,이륜,남,32세,경상
2014063000100579,2014년 6월 30일 21시,월요일,경상북도 안동시 안막동,중상사고,0,1,0,0,차대차 - 측면직각충돌,안전운전불이행,습기,맑음,단일로 - 기타,승용,남,49세,상해없음,이륜,남,40세,중상
2014063000100617,2014년 6월 30일 22시,월요일,경상북도 경주시 성건동,경상사고,0,0,3,0,차대차 - 기타,안전거리미확보,건조,맑음,단일로 - 기타,이륜,남,17세,기타불명,승용,여,58세,경상
2014063000100618,2014년 6월 30일 22시,월요일,경상북도 경산시 진량읍,경상사고,0,0,2,0,차대차 - 기타,신호위반,건조,맑음,교차로 - 교차로안,승용,남,25세,경상,승용,여,22세,경상
2014063000100619,2014년 6월 30일 22시,월요일,경상북도 포항시 남구 해도동,경상사고,0,0,1,0,차대차 - 기타,안전운전불이행,건조,맑음,교차로 - 교차로안,승용,남,49세,상해없음,승용,남,49세,경상
2014063000100646,2014년 6월 30일 23시,월요일,경상북도 포항시 북구 송라면,경상사고,0,0,2,0,차대차 - 기타,안전운전불이행,건조,맑음,단일로 - 기타,승용,남,42세,경상,승용,남,31세,경상
2014063000100647,2014년 6월 30일 23시,월요일,경상북도 영주시 부석면,중상사고,0,1,0,0,차량단독 - 기타,안전운전불이행,건조,맑음,단일로 - 기타,화물,남,53세,중상,,,,
2014063000100648,2014년 6월 30일 23시,월요일,경상북도 영천시 야사동,경상사고,0,0,1,0,차대차 - 측면직각충돌,교차로운행방법위반,건조,맑음,교차로 - 교차로안,승용,남,39세,상해없음,승용,남,21세,경상
2014070100100018,2014년 7월 1일 00시,화요일,경상북도 경산시 진량읍,경상사고,0,0,1,0,차대사람 - 기타,안전운전불이행,건조,맑음,단일로 - 기타,승용,남,29세,상해없음,보행자,여,22세,경상
2014070100100032,2014년 7월 1일 01시,화요일,경상북도 경산시 중방동,경상사고,0,0,2,0,차대차 - 기타,안전운전불이행,건조,맑음,교차로 - 교차로부근,승용,남,28세,상해없음,승용,여,28세,경상
2014070100100044,2014년 7월 1일 02시,화요일,경상북도 안동시 법흥동,중상사고,0,2,0,0,차대차 - 추돌 - 진행중,안전거리미확보,건조,맑음,단일로 - 기타,승용,남,54세,상해없음,승용,여,53세,중상
2014070100100072,2014년 7월 1일 06시,화요일,경상북도 경산시 남천면,경상사고,0,0,3,0,차대차 - 측면직각충돌,안전운전불이행,건조,맑음,단일로 - 기타,승용,남,30세,경상,승용,남,28세,경상
2014070100100096,2014년 7월 1일 07시,화요일,경상북도 포항시 북구 덕수동,중상사고,0,5,10,0,차대차 - 기타,교차로운행방법위반,건조,맑음,교차로 - 교차로안,승용,남,25세,경상,승합,남,31세,경상
2014070100100097,2014년 7월 1일 07시,화요일,경상북도 경산시 옥곡동,경상사고,0,0,1,0,차대차 - 기타,안전운전불이행,건조,맑음,단일로 - 기타,이륜,남,17세,상해없음,승용,여,50세,경상
2014070100100132,2014년 7월 1일 08시,화요일,경상북도 칠곡군 왜관읍,경상사고,0,0,1,0,차대차 - 기타,안전운전불이행,건조,맑음,교차로 - 교차로부근,승용,여,33세,상해없음,자전거,남,87세,경상
2014070100100133,2014년 7월 1일 08시,화요일,경상북도 청도군 청도읍,중상사고,0,1,2,0,차대차 - 기타,안전운전불이행,건조,맑음,단일로 - 교량,승용,남,40세,상해없음,승용,남,33세,중상
2014070100100159,2014년 7월 1일 09시,화요일,경상북도 경주시 평동,사망사고,1,0,0,0,차량단독 - 전도전복,안전운전불이행,건조,맑음,단일로 - 기타,농기계,남,47세,사망,,,,
2014070100100160,2014년 7월 1일 09시,화요일,경상북도 칠곡군 왜관읍,중상사고,0,1,1,0,차대차 - 기타,신호위반,건조,맑음,교차로 - 교차로안,이륜,남,82세,경상,승용,남,76세,상해없음
2014070100100161,2014년 7월 1일 09시,화요일,경상북도 영덕군 영덕읍,중상사고,0,1,3,0,차대차 - 측면직각충돌,교차로운행방법위반,건조,맑음,교차로 - 교차로안,승용,여,57세,경상,화물,남,59세,경상
2014070100100190,2014년 7월 1일 10시,화요일,경상북도 경주시 성동동,경상사고,0,0,3,0,차대차 - 기타,안전운전불이행,건조,맑음,단일로 - 기타,화물,남,52세,경상,승용,여,52세,경상
2014070100100191,2014년 7월 1일 10시,화요일,경상북도 경주시 천북면,경상사고,0,0,2,0,차대차 - 기타,신호위반,건조,맑음,교차로 - 교차로안,원동기,남,76세,경상,승용,남,46세,상해없음
2014070100100192,2014년 7월 1일 10시,화요일,경상북도 봉화군 봉화읍,중상사고,0,1,0,1,차대차 - 측면직각충돌,직진우회전진행방해,건조,맑음,교차로 - 교차로안,화물,남,43세,부상신고,승용,남,63세,중상
2014070100100193,2014년 7월 1일 10시,화요일,경상북도 포항시 남구 이동,경상사고,0,0,1,0,차대차 - 기타,안전운전불이행,건조,맑음,단일로 - 기타,승용,남,63세,상해없음,승용,여,54세,경상
2014070100100210,2014년 7월 1일 11시,화요일,경상북도 경주시 외동읍,중상사고,0,1,1,0,차대차 - 기타,안전운전불이행,건조,맑음,단일로 - 기타,승용,남,40세,상해없음,승용,남,62세,경상
2014070100100211,2014년 7월 1일 11시,화요일,경상북도 경산시 사정동,중상사고,0,1,0,0,차량단독 - 기타,안전운전불이행,건조,맑음,교차로 - 교차로안,승합,남,54세,상해없음,,,,
2014070100100212,2014년 7월 1일 11시,화요일,경상북도 경산시 중방동,중상사고,0,1,0,0,차대차 - 기타,안전운전불이행,건조,맑음,단일로 - 기타,승용,남,45세,상해없음,승용,남,22세,중상
2014070100100228,2014년 7월 1일 12시,화요일,경상북도 안동시 당북동,경상사고,0,0,1,0,차대차 - 측면직각충돌,직진우회전진행방해,건조,맑음,교차로 - 교차로안,화물,남,67세,상해없음,승용,남,49세,경상
2014070100100254,2014년 7월 1일 13시,화요일,경상북도 상주시 서문동,중상사고,0,1,0,0,차대차 - 기타,교차로운행방법위반,건조,맑음,교차로 - 교차로안,승용,남,59세,상해없음,이륜,남,50세,중상
2014070100100255,2014년 7월 1일 13시,화요일,경상북도 구미시 선산읍,부상신고사고,0,0,0,1,차대차 - 측면직각충돌,교차로운행방법위반,건조,맑음,교차로 - 교차로안,이륜,남,75세,부상신고,화물,남,59세,상해없음
2014070100100270,2014년 7월 1일 14시,화요일,경상북도 안동시 당북동,경상사고,0,0,1,0,차대차 - 기타,교차로운행방법위반,건조,맑음,교차로 - 교차로부근,승합,여,51세,상해없음,자전거,여,37세,경상
2014070100100304,2014년 7월 1일 15시,화요일,경상북도 경주시 성건동,경상사고,0,0,1,0,차대사람 - 기타,안전운전불이행,건조,맑음,단일로 - 기타,승용,남,59세,상해없음,보행자,남,72세,경상
2014070100100305,2014년 7월 1일 15시,화요일,경상북도 청송군 현서면,경상사고,0,0,2,0,차대차 - 측면직각충돌,교차로운행방법위반,건조,맑음,교차로 - 교차로안,승용,남,27세,상해없음,화물,남,33세,경상
2014070100100306,2014년 7월 1일 15시,화요일,경상북도 청송군 안덕면,경상사고,0,0,1,0,차대사람 - 기타,교차로운행방법위반,건조,맑음,교차로 - 교차로안,건설기계,남,44세,상해없음,보행자,여,81세,경상
2014070100100307,2014년 7월 1일 15시,화요일,경상북도 구미시 원평동,부상신고사고,0,0,0,2,차대차 - 측면직각충돌,안전운전불이행,건조,맑음,교차로 - 교차로안,승용,기타불명,기타불명,기타불명,이륜,남,18세,부상신고
2014070100100352,2014년 7월 1일 16시,화요일,경상북도 의성군 의성읍,중상사고,0,1,0,0,차대차 - 측면직각충돌,신호위반,건조,맑음,교차로 - 교차로안,원동기,남,84세,중상,승용,남,50세,상해없음
2014070100100432,2014년 7월 1일 18시,화요일,경상북도 경주시 동천동,경상사고,0,0,1,1,차대차 - 기타,안전운전불이행,건조,맑음,교차로 - 교차로안,승용,여,48세,부상신고,승용,여,47세,경상
2014070100100433,2014년 7월 1일 18시,화요일,경상북도 군위군 군위읍,사망사고,1,0,0,0,차대차 - 측면직각충돌,과속,습기,비,교차로 - 교차로안,승용,남,45세,상해없음,이륜,여,70세,사망
2014070100100434,2014년 7월 1일 18시,화요일,경상북도 군위군 군위읍,경상사고,0,0,1,1,차대차 - 기타,안전운전불이행,건조,흐림,교차로 - 교차로안,승용,여,45세,부상신고,승용,여,42세,경상