사고번호,사고일시,요일,시군구,사고내용,사망자수,중상자수,경상자수,부상신고자수,사고유형,법규위반,노면상태,기상상태,도로형태,가해운전자 차종,가해운전자 성별,가해운전자 연령,가해운전자 상해정도,피해운전자 차종,피해운전자 성별,피해운전자 연령,피해운전자 상해정도
2014070100100435,2014년 7월 1일 18시,화요일,경상북도 구미시 고아읍,중상사고,0,1,1,0,차대차 - 측면직각충돌,안전거리미확보,건조,맑음,단일로 - 기타,승용,남,36세,중상,승용,여,46세,경상
2014070100100436,2014년 7월 1일 18시,화요일,경상북도 포항시 남구 효자동,경상사고,0,0,2,0,차대차 - 기타,직진우회전진행방해,건조,맑음,교차로 - 교차로안,승용,남,45세,상해없음,승용,남,53세,경상
2014070100100463,2014년 7월 1일 19시,화요일,경상북도 포항시 북구 대흥동,중상사고,0,1,0,0,차대사람 - 횡단중,안전운전불이행,건조,맑음,단일로 - 기타,승용,남,31세,상해없음,보행자,여,58세,중상
2014070100100464,2014년 7월 1일 19시,화요일,경상북도 영천시 완산동,경상사고,0,0,1,0,차대차 - 기타,안전운전불이행,건조,맑음,단일로 - 기타,승용,남,67세,상해없음,승용,남,34세,경상
2014070100100465,2014년 7월 1일 19시,화요일,경상북도 구미시 원평동,경상사고,0,0,2,0,차대차 - 기타,신호위반,건조,흐림,교차로 - 교차로안,승용,여,25세,상해없음,승용,남,21세,경상
2014070100100466,2014년 7월 1일 19시,화요일,경상북도 포항시 남구 장흥동,경상사고,0,0,1,0,차량단독 - 공작물충돌,안전운전불이행,건조,맑음,단일로 - 기타,승용,남,52세,경상,,,,
2014070100100494,2014년 7월 1일 20시,화요일,경상북도 포항시 북구 항구동,중상사고,0,1,0,0,차대사람 - 횡단중,보행자보호의무위반,습기,흐림,단일로 - 횡단보도상,승용,남,50세,상해없음,보행자,여,25세,중상
2014070100100495,2014년 7월 1일 20시,화요일,경상북도 포항시 북구 용흥동,경상사고,0,0,2,0,차대차 - 기타,안전운전불이행,건조,맑음,단일로 - 기타,승용,남,39세,상해없음,승용,여,31세,경상
2014070100100496,2014년 7월 1일 20시,화요일,경상북도 포항시 북구 양덕동,경상사고,0,0,2,0,차대차 - 기타,안전거리미확보,건조,맑음,단일로 - 기타,원동기,남,16세,경상,승용,남,49세,상해없음
2014070100100497,2014년 7월 1일 20시,화요일,경상북도 성주군 벽진면,경상사고,0,0,1,0,차대차 - 추돌 - 주정차중,안전운전불이행,건조,흐림,단일로 - 기타,화물,남,55세,경상,화물,남,64세,상해없음
2014070100100558,2014년 7월 1일 22시,화요일,경상북도 의성군 단북면,중상사고,0,1,0,0,차량단독 - 공작물충돌,안전운전불이행,습기,비,단일로 - 기타,원동기,남,61세,중상,,,,
2014070100100559,2014년 7월 1일 22시,화요일,경상북도 구미시 원평동,경상사고,0,0,1,0,차대차 - 측면직각충돌,안전운전불이행,습기,비,단일로 - 기타,화물,남,61세,상해없음,승용,남,20세,경상
2014070100100560,2014년 7월 1일 22시,화요일,경상북도 포항시 남구 장흥동,경상사고,0,0,4,0,차대차 - 추돌 - 진행중,안전운전불이행,건조,맑음,교차로 - 교차로부근,승용,남,57세,상해없음,승용,남,53세,경상
2014070200100012,2014년 7월 2일 00시,수요일,경상북도 구미시 사곡동,중상사고,0,1,7,0,차대차 - 측면직각충돌,안전운전불이행,습기,맑음,교차로 - 교차로안,승용,남,34세,상해없음,승합,남,62세,중상
2014070200100032,2014년 7월 2일 02시,수요일,경상북도 포항시 북구 대신동,중상사고,0,1,0,0,차대사람 - 기타,안전운전불이행,건조,맑음,교차로 - 교차로부근,기타불명,기타불명,기타불명,기타불명,보행자,남,20세,중상
2014070200100048,2014년 7월 2일 04시,수요일,경상북도 포항시 북구 죽도동,경상사고,0,0,1,0,차대차 - 기타,신호위반,건조,맑음,교차로 - 교차로안,승용,남,62세,상해없음,승용,남,33세,경상
2014070200100084,2014년 7월 2일 07시,수요일,경상북도 안동시 동문동,중상사고,0,1,0,0,차대차 - 기타,안전운전불이행,건조,맑음,교차로 - 교차로부근,승용,여,24세,상해없음,자전거,남,71세,중상
2014070200100085,2014년 7월 2일 07시,수요일,경상북도 구미시 원평동,경상사고,0,0,5,0,차대차 - 정면충돌,안전운전불이행,습기,맑음,교차로 - 교차로부근,승용,남,59세,경상,승용,남,31세,경상
2014070200100118,2014년 7월 2일 08시,수요일,경상북도 영천시 화남면,경상사고,0,0,1,0,차대사람 - 기타,보행자보호의무위반,건조,맑음,교차로 - 교차로부근,승용,남,65세,상해없음,보행자,여,16세,경상
2014070200100151,2014년 7월 2일 09시,수요일,경상북도 경주시 석장동,경상사고,0,0,1,0,차대차 - 기타,안전운전불이행,건조,맑음,교차로 - 교차로부근,승용,남,41세,상해없음,자전거,남,73세,경상
2014070200100152,2014년 7월 2일 09시,수요일,경상북도 포항시 북구 덕수동,경상사고,0,0,1,0,차대차 - 기타,안전운전불이행,건조,맑음,단일로 - 기타,승용,여,46세,상해없음,자전거,남,31세,경상
2014070200100153,2014년 7월 2일 09시,수요일,경상북도 포항시 북구 덕수동,경상사고,0,0,2,0,차대차 - 기타,교차로운행방법위반,건조,맑음,교차로 - 교차로안,화물,남,62세,상해없음,승용,여,33세,경상
2014070200100154,2014년 7월 2일 09시,수요일,경상북도 김천시 아포읍,경상사고,0,0,1,0,차대차 - 측면직각충돌,안전운전불이행,건조,맑음,교차로 - 교차로부근,승용,여,31세,상해없음,승용,남,39세,경상
2014070200100155,2014년 7월 2일 09시,수요일,경상북도 구미시 선산읍,사망사고,1,0,0,0,차량단독 - 공작물충돌,안전운전불이행,건조,맑음,단일로 - 기타,승용,남,76세,사망,,,,
2014070200100191,2014년 7월 2일 10시,수요일,경상북도 경주시 강동면,중상사고,0,2,0,1,차대차 - 기타,안전운전불이행,건조,맑음,단일로 - 기타,화물,남,63세,부상신고,화물,남,34세,상해없음
2014070200100192,2014년 7월 2일 10시,수요일,경상북도 영주시 풍기읍,중상사고,0,1,0,0,차대차 - 측면직각충돌,안전운전불이행,건조,맑음,교차로 - 교차로부근,승용,남,55세,상해없음,이륜,남,71세,중상
2014070200100222,2014년 7월 2일 11시,수요일,경상북도 경주시 황성동,경상사고,0,0,3,0,차대차 - 기타,안전운전불이행,건조,맑음,단일로 - 기타,화물,남,55세,상해없음,승용,여,22세,경상
2014070200100223,2014년 7월 2일 11시,수요일,경상북도 김천시 농소면,경상사고,0,0,2,0,차대차 - 측면직각충돌,중앙선침범,건조,맑음,단일로 - 기타,이륜,남,74세,경상,승합,남,59세,상해없음
2014070200100244,2014년 7월 2일 12시,수요일,경상북도 포항시 북구 남빈동,중상사고,0,2,0,0,차대차 - 기타,안전운전불이행,건조,맑음,단일로 - 기타,승용,남,57세,상해없음,승용,남,51세,중상
2014070200100245,2014년 7월 2일 12시,수요일,경상북도 안동시 용상동,경상사고,0,0,1,0,차대차 - 기타,직진우회전진행방해,건조,맑음,교차로 - 교차로안,승용,여,39세,상해없음,화물,남,27세,경상
2014070200100274,2014년 7월 2일 13시,수요일,경상북도 포항시 북구 용흥동,경상사고,0,0,1,0,차대차 - 기타,안전운전불이행,건조,맑음,교차로 - 교차로부근,승용,여,45세,상해없음,승용,남,46세,경상
2014070200100275,2014년 7월 2일 13시,수요일,경상북도 의성군 의성읍,경상사고,0,0,1,0,차대차 - 측면직각충돌,안전운전불이행,건조,맑음,기타 - 기타,승용,남,55세,상해없음,승용,남,45세,상해없음
2014070200100311,2014년 7월 2일 14시,수요일,경상북도 영덕군 강구면,중상사고,0,1,0,0,차대차 - 측면직각충돌,불법유턴,건조,맑음,단일로 - 기타,이륜,남,67세,중상,화물,남,65세,상해없음
2014070200100335,2014년 7월 2일 15시,수요일,경상북도 구미시 송정동,중상사고,0,1,0,0,차대차 - 기타,안전운전불이행,건조,맑음,단일로 - 기타,자전거,남,9세,중상,승용,남,29세,상해없음
2014070200100369,2014년 7월 2일 16시,수요일,경상북도 경주시 성건동,중상사고,0,1,0,0,차대차 - 기타,안전운전불이행,건조,맑음,교차로 - 교차로안,화물,남,39세,상해없음,승용,여,57세,중상
2014070200100370,2014년 7월 2일 16시,수요일,경상북도 상주시 낙동면,중상사고,0,2,0,0,차대차 - 기타,교차로운행방법위반,건조,흐림,교차로 - 교차로안,승용,남,26세,상해없음,승용,남,74세,중상
2014070200100371,2014년 7월 2일 16시,수요일,경상북도 칠곡군 왜관읍,중상사고,0,1,0,0,차대차 - 기타,신호위반,건조,맑음,교차로 - 교차로안,원동기,남,69세,중상,승용,남,53세,상해없음
2014070200100372,2014년 7월 2일 16시,수요일,경상북도 포항시 남구 동촌동,경상사고,0,0,1,0,차대차 - 기타,안전운전불이행,건조,맑음,단일로 - 기타,승용,남,53세,상해없음,승용,남,37세,경상
2014070200100406,2014년 7월 2일 17시,수요일,경상북도 포항시 북구 남빈동,중상사고,0,2,3,0,차대차 - 기타,안전운전불이행,건조,맑음,단일로 - 기타,승용,남,52세,상해없음,승합,남,47세,상해없음
2014070200100407,2014년 7월 2일 17시,수요일,경상북도 안동시 신안동,경상사고,0,0,1,0,차대사람 - 기타,안전운전불이행,건조,맑음,단일로 - 기타,승합,남,44세,상해없음,보행자,남,67세,경상
2014070200100408,2014년 7월 2일 17시,수요일,경상북도 경산시 압량면,경상사고,0,0,1,0,차대차 - 기타,안전거리미확보,건조,맑음,교차로 - 교차로부근,승용,여,35세,상해없음,승용,남,48세,경상
2014070200100456,2014년 7월 2일 18시,수요일,경상북도 경산시 계양동,중상사고,0,1,0,0,차대사람 - 기타,보행자보호의무위반,건조,흐림,단일로 - 횡단보도상,화물,남,59세,상해없음,보행자,남,8세,중상
2014070200100457,2014년 7월 2일 18시,수요일,경상북도 경산시 진량읍,경상사고,0,0,1,0,차대차 - 기타,안전운전불이행,건조,흐림,단일로 - 기타,승용,남,24세,상해없음,자전거,남,6세,경상
2014070200100458,2014년 7월 2일 18시,수요일,경상북도 봉화군 물야면,중상사고,0,1,0,0,차량단독 - 도로외이탈 - 추락,안전운전불이행,건조,맑음,단일로 - 기타,원동기,남,77세,중상,,,,
2014070200100459,2014년 7월 2일 18시,수요일,경상북도 구미시 사곡동,경상사고,0,0,1,0,차대차 - 기타,안전운전불이행,건조,맑음,교차로 - 교차로안,기타불명,기타불명,기타불명,기타불명,자전거,남,15세,경상
2014070200100460,2014년 7월 2일 18시,수요일,경상북도 포항시 남구 상도동,중상사고,0,1,0,0,차대차 - 기타,안전운전불이행,건조,맑음,단일로 - 기타,승용,여,42세,상해없음,자전거,남,44세,중상
2014070200100487,2014년 7월 2일 19시,수요일,경상북도 경주시 황남동,경상사고,0,0,1,0,차대차 - 기타,안전운전불이행,습기,비,교차로 - 교차로안,승용,남,51세,상해없음,자전거,여,54세,경상
2014070200100488,2014년 7월 2일 19시,수요일,경상북도 포항시 북구 장성동,경상사고,0,0,1,0,차대차 - 기타,안전운전불이행,건조,흐림,단일로 - 기타,원동기,여,56세,경상,승용,여,36세,상해없음
2014070200100490,2014년 7월 2일 19시,수요일,경상북도 구미시 남통동,경상사고,0,0,1,0,차대차 - 기타,안전운전불이행,건조,흐림,단일로 - 기타,승용,남,35세,상해없음,승용,여,39세,상해없음
2014070200100538,2014년 7월 2일 20시,수요일,경상북도 칠곡군 왜관읍,경상사고,0,0,1,1,차대차 - 기타,교차로운행방법위반,습기,비,교차로 - 교차로안,승용,여,33세,부상신고,화물,남,61세,경상
2014070200100539,2014년 7월 2일 20시,수요일,경상북도 경산시 하양읍,중상사고,0,1,0,0,차대사람 - 기타,안전운전불이행,건조,흐림,교차로 - 교차로안,승용,남,42세,상해없음,보행자,여,56세,중상
2014070200100540,2014년 7월 2일 20시,수요일,경상북도 구미시 상모동,중상사고,0,1,0,0,차대차 - 측면직각충돌,교차로운행방법위반,습기,비,교차로 - 교차로안,승용,남,51세,상해없음,자전거,남,24세,중상
2014070200100541,2014년 7월 2일 20시,수요일,경상북도 구미시 도량동,경상사고,0,0,3,0,차대차 - 추돌 - 주정차중,안전거리미확보,건조,흐림,단일로 - 기타,화물,남,47세,상해없음,승용,남,29세,경상
2014070200100583,2014년 7월 2일 21시,수요일,경상북도 경주시 동천동,중상사고,0,1,1,0,차대차 - 기타,안전운전불이행,습기,비,교차로 - 교차로안,승용,여,51세,상해없음,승용,남,65세,경상
2014070200100584,2014년 7월 2일 21시,수요일,경상북도 경산시 옥곡동,경상사고,0,0,3,0,차대차 - 기타,안전운전불이행,건조,맑음,교차로 - 교차로안,승용,여,34세,경상,승용,남,62세,경상
2014070200100636,2014년 7월 2일 22시,수요일,경상북도 포항시 북구 청하면,경상사고,0,0,1,0,차대사람 - 기타,중앙선침범,습기,비,단일로 - 기타,승용,여,31세,상해없음,보행자,여,59세,경상
2014070200100637,2014년 7월 2일 22시,수요일,경상북도 구미시 봉곡동,경상사고,0,0,1,0,차대차 - 추돌 - 주정차중,안전운전불이행,습기,비,교차로 - 교차로부근,화물,남,47세,상해없음,승용,여,38세,경상
2014070200100638,2014년 7월 2일 22시,수요일,경상북도 포항시 남구 대도동,경상사고,0,0,2,0,차대차 - 추돌 - 진행중,안전운전불이행,습기,맑음,단일로 - 기타,승용,남,50세,상해없음,승용,남,32세,경상
2014070200100683,2014년 7월 2일 23시,수요일,경상북도 포항시 남구 송도동,경상사고,0,0,2,0,차대차 - 측면직각충돌,신호위반,습기,비,교차로 - 교차로안,화물,남,64세,상해없음,승용,남,32세,경상
2014070300100020,2014년 7월 3일 00시,목요일,경상북도 포항시 북구 동빈2가,경상사고,0,0,2,0,차대차 - 기타,안전운전불이행,습기,비,교차로 - 교차로부근,승용,남,54세,상해없음,승용,남,32세,경상
2014070300100062,2014년 7월 3일 02시,목요일,경상북도 의성군 안평면,중상사고,0,4,1,0,차대차 - 기타,안전운전불이행,습기,비,단일로 - 기타,승합,남,21세,중상,화물,남,46세,상해없음
2014070300100083,2014년 7월 3일 04시,목요일,경상북도 포항시 북구 득량동,경상사고,0,0,1,0,차대차 - 기타,안전운전불이행,습기,비,기타 - 기타,승용,남,34세,상해없음,승용,남,38세,경상
2014070300100084,2014년 7월 3일 04시,목요일,경상북도 경산시 백천동,경상사고,0,0,1,0,차대차 - 기타,안전운전불이행,습기,비,교차로 - 교차로부근,승용,남,40세,상해없음,승용,남,49세,경상
2014070300100085,2014년 7월 3일 04시,목요일,경상북도 경산시 조영동,경상사고,0,0,1,0,차대사람 - 기타,보행자보호의무위반,습기,비,교차로 - 교차로안,승용,여,21세,상해없음,보행자,여,24세,경상
2014070300100086,2014년 7월 3일 04시,목요일,경상북도 구미시 임수동,중상사고,0,1,0,0,차량단독 - 공작물충돌,안전운전불이행,습기,비,단일로 - 기타,승용,남,27세,중상,,,,
2014070300100102,2014년 7월 3일 06시,목요일,경상북도 경산시 진량읍,경상사고,0,0,1,0,차대차 - 기타,안전운전불이행,건조,맑음,단일로 - 기타,승용,남,43세,상해없음,승용,여,33세,경상
2014070300100120,2014년 7월 3일 07시,목요일,경상북도 경산시 진량읍,경상사고,0,0,2,0,차대차 - 측면직각충돌,기타,습기,비,교차로 - 교차로안,승용,남,22세,경상,승용,남,48세,상해없음
2014070300100152,2014년 7월 3일 08시,목요일,경상북도 포항시 북구 장성동,경상사고,0,0,1,0,차대차 - 기타,안전거리미확보,습기,비,단일로 - 기타,승용,여,42세,상해없음,승용,남,51세,경상
2014070300100153,2014년 7월 3일 08시,목요일,경상북도 포항시 북구 우현동,경상사고,0,0,1,0,차대차 - 기타,안전운전불이행,습기,비,단일로 - 기타,승용,남,71세,상해없음,승용,여,26세,경상
2014070300100189,2014년 7월 3일 09시,목요일,경상북도 영주시 상망동,중상사고,0,1,1,0,차대차 - 기타,중앙선침범,습기,비,단일로 - 기타,승용,여,45세,경상,승용,남,42세,중상
2014070300100216,2014년 7월 3일 10시,목요일,경상북도 포항시 남구 장기면,중상사고,0,2,1,0,차대차 - 기타,안전운전불이행,습기,비,교차로 - 교차로안,화물,남,59세,경상,화물,남,32세,중상
2014070300100243,2014년 7월 3일 11시,목요일,경상북도 경주시 동천동,중상사고,0,1,0,0,차대차 - 기타,안전운전불이행,습기,비,교차로 - 교차로부근,승용,남,44세,상해없음,자전거,남,82세,중상
2014070300100244,2014년 7월 3일 11시,목요일,경상북도 구미시 송정동,중상사고,0,1,0,0,차대사람 - 기타,안전운전불이행,건조,맑음,단일로 - 기타,승용,여,40세,상해없음,보행자,남,67세,중상
2014070300100281,2014년 7월 3일 12시,목요일,경상북도 경주시 배반동,경상사고,0,0,1,0,차대차 - 기타,안전운전불이행,습기,비,단일로 - 기타,승용,여,52세,상해없음,승용,여,50세,경상
2014070300100334,2014년 7월 3일 14시,목요일,경상북도 경주시 동천동,경상사고,0,0,1,0,차대차 - 기타,안전운전불이행,습기,비,교차로 - 교차로안,이륜,남,23세,경상,승용,남,45세,상해없음
2014070300100335,2014년 7월 3일 14시,목요일,경상북도 포항시 북구 흥해읍,중상사고,0,1,0,0,차대차 - 기타,안전운전불이행,습기,비,단일로 - 기타,화물,남,55세,상해없음,승용,여,58세,중상
2014070300100336,2014년 7월 3일 14시,목요일,경상북도 포항시 북구 대흥동,경상사고,0,0,1,0,차대사람 - 기타,안전운전불이행,건조,맑음,단일로 - 기타,화물,남,71세,상해없음,보행자,여,54세,경상
2014070300100337,2014년 7월 3일 14시,목요일,경상북도 경산시 와촌면,경상사고,0,0,2,0,차대차 - 기타,안전운전불이행,건조,맑음,단일로 - 기타,화물,남,26세,상해없음,승용,남,26세,경상
2014070300100371,2014년 7월 3일 15시,목요일,경상북도 문경시 점촌동,중상사고,0,1,0,0,차대사람 - 차도통행중,안전운전불이행,건조,맑음,교차로 - 교차로안,승용,남,41세,상해없음,보행자,여,79세,중상
2014070300100407,2014년 7월 3일 16시,목요일,경상북도 성주군 초전면,사망사고,1,0,0,0,차량단독 - 공작물충돌,안전운전불이행,습기,비,단일로 - 기타,승용,남,23세,사망,,,,
2014070300100442,2014년 7월 3일 17시,목요일,경상북도 의성군 의성읍,경상사고,0,0,1,0,차대차 - 측면직각충돌,직진우회전진행방해,건조,맑음,교차로 - 교차로안,자전거,여,65세,경상,승용,여,46세,상해없음
2014070300100443,2014년 7월 3일 17시,목요일,경상북도 청도군 청도읍,경상사고,0,0,1,0,차량단독 - 공작물충돌,안전운전불이행,건조,흐림,단일로 - 기타,승용,남,45세,상해없음,,,,
2014070300100444,2014년 7월 3일 17시,목요일,경상북도 포항시 남구 송내동,경상사고,0,0,1,0,차대차 - 추돌 - 진행중,안전운전불이행,습기,비,단일로 - 교량,승용,남,40세,상해없음,화물,남,46세,경상
2014070300100479,2014년 7월 3일 18시,목요일,경상북도 경주시 동천동,중상사고,0,1,0,0,차대차 - 측면직각충돌,안전운전불이행,습기,비,교차로 - 교차로안,승용,남,35세,상해없음,승용,남,49세,중상
2014070300100480,2014년 7월 3일 18시,목요일,경상북도 포항시 북구 죽도동,중상사고,0,1,0,0,차대차 - 기타,기타,습기,비,단일로 - 기타,특수,남,38세,상해없음,원동기,남,41세,중상
2014070300100481,2014년 7월 3일 18시,목요일,경상북도 포항시 남구 송도동,경상사고,0,0,1,0,차대차 - 기타,안전운전불이행,건조,맑음,단일로 - 기타,승용,여,30세,상해없음,승용,여,25세,경상
2014070300100517,2014년 7월 3일 19시,목요일,경상북도 안동시 옥동,경상사고,0,0,2,0,차대차 - 추돌 - 진행중,교차로운행방법위반,건조,흐림,교차로 - 교차로안,승용,남,26세,경상,승용,남,37세,경상
2014070300100518,2014년 7월 3일 19시,목요일,경상북도 김천시 봉산면,사망사고,1,1,2,0,차대차 - 기타,안전운전불이행,습기,비,단일로 - 기타,승용,남,66세,경상,농기계,남,65세,사망
2014070300100547,2014년 7월 3일 20시,목요일,경상북도 경산시 계양동,경상사고,0,0,1,0,차대차 - 기타,안전거리미확보,건조,흐림,교차로 - 교차로안,승용,남,54세,상해없음,승용,남,39세,경상
2014070300100548,2014년 7월 3일 20시,목요일,경상북도 경산시 조영동,경상사고,0,0,7,0,차대차 - 기타,안전운전불이행,건조,맑음,교차로 - 교차로부근,승합,남,34세,경상,승용,남,26세,경상
2014070300100583,2014년 7월 3일 21시,목요일,경상북도 김천시 봉산면,중상사고,0,1,0,0,차대사람 - 기타,안전운전불이행,건조,맑음,교차로 - 교차로부근,승합,여,42세,상해없음,보행자,남,16세,중상
2014070300100617,2014년 7월 3일 22시,목요일,경상북도 안동시 태화동,중상사고,0,1,0,0,차대차 - 추돌 - 진행중,안전운전불이행,습기,비,단일로 - 기타,승용,남,55세,상해없음,승용,남,46세,중상
2014070300100618,2014년 7월 3일 22시,목요일,경상북도 상주시 화동면,사망사고,1,0,0,0,차량단독 - 도로외이탈 - 추락,안전운전불이행,습기,비,단일로 - 기타,화물,남,54세,사망,,,,
2014070300100619,2014년 7월 3일 22시,목요일,경상북도 구미시 임수동,중상사고,0,3,2,2,차대차 - 정면충돌,안전운전불이행,건조,흐림,단일로 - 교량,승용,남,29세,상해없음,승용,남,37세,중상
2014070300100647,2014년 7월 3일 23시,목요일,경상북도 경주시 외동읍,중상사고,0,1,0,0,차대사람 - 기타,안전운전불이행,습기,비,단일로 - 기타,화물,남,54세,상해없음,보행자,남,35세,중상
2014070400100045,2014년 7월 4일 02시,금요일,경상북도 영주시 휴천동,경상사고,0,0,1,0,차대차 - 측면직각충돌,과속,건조,맑음,교차로 - 교차로안,승용,남,21세,상해없음,승용,남,67세,경상
2014070400100052,2014년 7월 4일 03시,금요일,경상북도 김천시 아포읍,경상사고,0,0,1,0,차량단독 - 기타,안전운전불이행,건조,맑음,단일로 - 기타,이륜,남,24세,경상,,,,
2014070400100058,2014년 7월 4일 04시,금요일,경상북도 칠곡군 북삼읍,중상사고,0,1,0,0,차대차 - 기타,안전운전불이행,습기,흐림,교차로 - 교차로부근,이륜,남,18세,중상,승용,남,51세,상해없음
2014070400100074,2014년 7월 4일 05시,금요일,경상북도 경주시 외동읍,중상사고,0,1,0,1,차량단독 - 기타,안전운전불이행,건조,맑음,기타 - 기타,화물,여,49세,부상신고,,,,
2014070400100109,2014년 7월 4일 07시,금요일,경상북도 상주시 성동동,사망사고,1,0,0,0,차량단독 - 전도전복,안전운전불이행,건조,맑음,단일로 - 기타,원동기,남,79세,사망,,,,
2014070400100110,2014년 7월 4일 07시,금요일,경상북도 경산시 사동,경상사고,0,0,1,0,차대차 - 기타,안전운전불이행,건조,맑음,단일로 - 기타,승용,남,63세,상해없음,승용,남,69세,상해없음
2014070400100146,2014년 7월 4일 08시,금요일,경상북도 포항시 북구 득량동,경상사고,0,0,1,0,차대차 - 기타,안전운전불이행,건조,맑음,단일로 - 기타,승용,남,61세,상해없음,승용,여,23세,경상
2014070400100147,2014년 7월 4일 08시,금요일,경상북도 김천시 남산동,중상사고,0,1,1,0,차대차 - 측면직각충돌,안전운전불이행,건조,맑음,교차로 - 교차로부근,승용,여,42세,상해없음,이륜,남,75세,경상
2014070400100148,2014년 7월 4일 08시,금요일,경상북도 구미시 진평동,경상사고,0,0,2,0,차대차 - 기타,안전운전불이행,건조,맑음,교차로 - 교차로안,승용,남,24세,상해없음,승합,여,41세,경상
2014070400100256,2014년 7월 4일 12시,금요일,경상북도 칠곡군 왜관읍,중상사고,0,1,1,1,차대차 - 측면직각충돌,교차로운행방법위반,건조,맑음,교차로 - 교차로안,승용,남,27세,부상신고,승용,남,26세,중상
2014070400100324,2014년 7월 4일 14시,금요일,경상북도 상주시 함창읍,경상사고,0,0,1,0,차대차 - 추돌 - 진행중,교차로운행방법위반,건조,맑음,교차로 - 교차로부근,이륜,남,84세,상해없음,화물,남,52세,상해없음
2014070400100325,2014년 7월 4일 14시,금요일,경상북도 칠곡군 북삼읍,부상신고사고,0,0,0,1,차대차 - 측면직각충돌,신호위반,건조,맑음,교차로 - 교차로안,화물,남,28세,상해없음,승용,여,36세,부상신고
2014070400100326,2014년 7월 4일 14시,금요일,경상북도 성주군 대가면,중상사고,0,3,3,0,차량단독 - 도로외이탈 - 기타,안전운전불이행,기타,맑음,단일로 - 기타,화물,남,68세,상해없음,,,,
2014070400100327,2014년 7월 4일 14시,금요일,경상북도 구미시 황상동,경상사고,0,0,1,0,차대차 - 기타,안전운전불이행,건조,맑음,단일로 - 기타,승용,여,47세,상해없음,승용,여,29세,경상
2014070400100328,2014년 7월 4일 14시,금요일,경상북도 경주시 건천읍,경상사고,0,0,1,0,차대차 - 추돌 - 진행중,안전거리미확보,건조,맑음,단일로 - 기타,승용,남,56세,상해없음,화물,남,39세,경상
2014070400100362,2014년 7월 4일 15시,금요일,경상북도 포항시 북구 환호동,중상사고,0,1,0,0,차대차 - 기타,안전운전불이행,건조,맑음,교차로 - 교차로안,승용,여,28세,상해없음,원동기,남,64세,중상
2014070400100363,2014년 7월 4일 15시,금요일,경상북도 포항시 북구 학산동,경상사고,0,0,2,0,차대차 - 기타,차로위반,건조,맑음,단일로 - 기타,승용,남,65세,상해없음,승용,남,28세,경상
2014070400100364,2014년 7월 4일 15시,금요일,경상북도 경산시 하양읍,중상사고,0,1,0,0,차대사람 - 기타,안전운전불이행,건조,맑음,단일로 - 기타,승합,남,43세,상해없음,보행자,여,59세,중상
2014070400100403,2014년 7월 4일 16시,금요일,경상북도 안동시 옥동,중상사고,0,2,0,1,차대차 - 측면직각충돌,직진우회전진행방해,건조,맑음,교차로 - 교차로안,승용,남,63세,상해없음,승용,남,38세,중상
2014070400100404,2014년 7월 4일 16시,금요일,경상북도 영주시 가흥동,경상사고,0,0,1,0,차대차 - 기타,안전운전불이행,건조,맑음,단일로 - 기타,승용,남,27세,상해없음,자전거,여,59세,경상
2014070400100405,2014년 7월 4일 16시,금요일,경상북도 예천군 개포면,중상사고,0,2,0,0,차대차 - 기타,안전운전불이행,건조,맑음,단일로 - 기타,이륜,남,76세,중상,이륜,남,70세,중상
2014070400100406,2014년 7월 4일 16시,금요일,경상북도 청도군 화양읍,중상사고,0,1,0,0,차대차 - 기타,직진우회전진행방해,건조,맑음,교차로 - 교차로안,승용,여,50세,상해없음,자전거,남,8세,중상
2014070400100407,2014년 7월 4일 16시,금요일,경상북도 성주군 성주읍,경상사고,0,0,1,0,차대차 - 기타,안전운전불이행,건조,맑음,기타 - 기타,승용,남,57세,상해없음,자전거,남,62세,경상
2014070400100408,2014년 7월 4일 16시,금요일,경상북도 포항시 남구 대잠동,경상사고,0,0,1,0,차대사람 - 횡단중,안전운전불이행,건조,맑음,단일로 - 기타,승용,여,21세,상해없음,보행자,남,33세,경상
2014070400100451,2014년 7월 4일 17시,금요일,경상북도 영주시 휴천동,경상사고,0,0,1,0,차대차 - 기타,안전운전불이행,건조,맑음,단일로 - 기타,화물,남,61세,상해없음,승용,여,37세,경상
2014070400100452,2014년 7월 4일 17시,금요일,경상북도 칠곡군 약목면,경상사고,0,0,1,0,차대차 - 측면직각충돌,안전운전불이행,건조,맑음,단일로 - 기타,기타불명,기타불명,기타불명,기타불명,승용,여,34세,경상
2014070400100453,2014년 7월 4일 17시,금요일,경상북도 울진군 울진읍,중상사고,0,1,0,0,차대차 - 기타,안전운전불이행,건조,맑음,단일로 - 기타,승용,여,49세,상해없음,자전거,여,21세,중상
2014070400100454,2014년 7월 4일 17시,금요일,경상북도 포항시 남구 해도동,중상사고,0,1,0,0,차대차 - 기타,안전운전불이행,건조,맑음,단일로 - 기타,승용,여,23세,상해없음,이륜,여,57세,중상
2014070400100592,2014년 7월 4일 20시,금요일,경상북도 경산시 계양동,중상사고,0,1,3,0,차대차 - 추돌 - 주정차중,안전거리미확보,건조,맑음,단일로 - 기타,승용,남,21세,상해없음,승용,여,22세,경상
2014070400100636,2014년 7월 4일 21시,금요일,경상북도 김천시 감호동,사망사고,1,1,1,0,차대차 - 측면직각충돌,안전운전불이행,건조,맑음,단일로 - 기타,이륜,남,17세,중상,승용,여,31세,상해없음