사고번호,사고일시,요일,시군구,사고내용,사망자수,중상자수,경상자수,부상신고자수,사고유형,법규위반,노면상태,기상상태,도로형태,가해운전자 차종,가해운전자 성별,가해운전자 연령,가해운전자 상해정도,피해운전자 차종,피해운전자 성별,피해운전자 연령,피해운전자 상해정도
2014070800100433,2014년 7월 8일 16시,화요일,경상북도 구미시 공단동,경상사고,0,0,1,0,차대차 - 기타,안전운전불이행,건조,맑음,단일로 - 기타,화물,남,55세,상해없음,자전거,남,37세,경상
2014070800100460,2014년 7월 8일 17시,화요일,경상북도 포항시 북구 죽도동,경상사고,0,0,1,0,차대차 - 기타,교차로운행방법위반,건조,맑음,교차로 - 교차로안,승용,남,52세,상해없음,승용,여,31세,경상
2014070800100461,2014년 7월 8일 17시,화요일,경상북도 포항시 남구 연일읍,중상사고,0,1,2,0,차대차 - 기타,중앙선침범,건조,맑음,단일로 - 기타,승용,남,66세,중상,화물,남,49세,경상
2014070800100503,2014년 7월 8일 18시,화요일,경상북도 경주시 용강동,경상사고,0,0,1,0,차대차 - 기타,안전운전불이행,건조,맑음,교차로 - 교차로부근,승용,남,71세,상해없음,승합,남,45세,상해없음
2014070800100504,2014년 7월 8일 18시,화요일,경상북도 김천시 황금동,중상사고,0,1,0,0,차대사람 - 기타,안전운전불이행,건조,맑음,단일로 - 기타,화물,남,56세,상해없음,보행자,남,90세 이상,중상
2014070800100505,2014년 7월 8일 18시,화요일,경상북도 상주시 함창읍,경상사고,0,0,1,0,차대차 - 기타,안전운전불이행,건조,맑음,교차로 - 교차로안,승용,남,67세,상해없음,화물,남,27세,경상
2014070800100506,2014년 7월 8일 18시,화요일,경상북도 성주군 용암면,중상사고,0,1,0,0,차대차 - 정면충돌,안전운전불이행,기타,비,교차로 - 교차로안,승합,남,28세,상해없음,승용,여,34세,중상
2014070800100507,2014년 7월 8일 18시,화요일,경상북도 구미시 신평동,부상신고사고,0,0,0,1,차대차 - 기타,신호위반,건조,맑음,단일로 - 기타,이륜,남,18세,부상신고,화물,남,46세,상해없음
2014070800100536,2014년 7월 8일 19시,화요일,경상북도 경산시 옥곡동,경상사고,0,0,4,2,차대차 - 측면직각충돌,중앙선침범,건조,맑음,단일로 - 기타,화물,남,62세,상해없음,승용,남,36세,부상신고
2014070800100579,2014년 7월 8일 20시,화요일,경상북도 안동시 송현동,경상사고,0,0,3,0,차대차 - 기타,안전거리미확보,건조,맑음,단일로 - 기타,승용,남,57세,상해없음,승용,남,35세,경상
2014070800100580,2014년 7월 8일 20시,화요일,경상북도 경산시 남천면,중상사고,0,1,0,0,차대차 - 기타,안전운전불이행,건조,맑음,단일로 - 기타,승용,남,34세,상해없음,농기계,남,70세,중상
2014070800100581,2014년 7월 8일 20시,화요일,경상북도 포항시 남구 연일읍,경상사고,0,0,1,0,차대차 - 기타,안전운전불이행,건조,맑음,단일로 - 기타,승용,남,51세,상해없음,자전거,여,63세,경상
2014070800100606,2014년 7월 8일 21시,화요일,경상북도 경주시 성건동,중상사고,0,1,1,0,차대차 - 기타,안전운전불이행,건조,맑음,기타 - 기타,승용,남,53세,중상,승용,남,33세,경상
2014070800100633,2014년 7월 8일 22시,화요일,경상북도 구미시 형곡동,중상사고,0,1,1,0,차대사람 - 기타,안전운전불이행,건조,맑음,단일로 - 기타,승용,남,44세,상해없음,보행자,여,23세,중상
2014070800100666,2014년 7월 8일 23시,화요일,경상북도 포항시 북구 남빈동,경상사고,0,0,1,0,차대차 - 기타,차로위반,건조,맑음,단일로 - 기타,화물,남,73세,상해없음,승용,남,40세,경상
2014070800100667,2014년 7월 8일 23시,화요일,경상북도 구미시 사곡동,경상사고,0,0,1,0,차대사람 - 기타,보행자보호의무위반,건조,맑음,기타 - 기타,승용,기타불명,기타불명,기타불명,보행자,남,37세,경상
2014070800100668,2014년 7월 8일 23시,화요일,경상북도 구미시 옥계동,경상사고,0,0,1,0,차대차 - 기타,안전운전불이행,건조,맑음,교차로 - 교차로안,승용,남,59세,상해없음,승용,남,38세,경상
2014070900100021,2014년 7월 9일 00시,수요일,경상북도 경주시 외동읍,중상사고,0,1,0,0,차대사람 - 기타,안전운전불이행,습기,흐림,단일로 - 기타,승용,남,59세,상해없음,보행자,남,45세,중상
2014070900100022,2014년 7월 9일 00시,수요일,경상북도 포항시 북구 장성동,경상사고,0,0,2,0,차대차 - 측면직각충돌,교차로운행방법위반,건조,맑음,교차로 - 교차로부근,승용,남,42세,상해없음,승용,여,46세,상해없음
2014070900100023,2014년 7월 9일 00시,수요일,경상북도 고령군 고령읍,중상사고,0,1,0,0,차대차 - 측면직각충돌,안전운전불이행,건조,흐림,단일로 - 기타,승용,남,43세,상해없음,승용,남,41세,중상
2014070900100024,2014년 7월 9일 00시,수요일,경상북도 구미시 임수동,중상사고,0,1,0,0,차대차 - 기타,신호위반,건조,맑음,교차로 - 교차로안,승용,남,26세,상해없음,승용,남,36세,중상
2014070900100039,2014년 7월 9일 01시,수요일,경상북도 경산시 조영동,경상사고,0,0,2,1,차대차 - 측면직각충돌,교차로운행방법위반,건조,맑음,교차로 - 교차로안,승용,남,61세,상해없음,승용,남,48세,경상
2014070900100047,2014년 7월 9일 02시,수요일,경상북도 구미시 진평동,중상사고,0,1,0,0,차대차 - 기타,안전운전불이행,건조,맑음,단일로 - 기타,승용,남,28세,기타불명,자전거,남,26세,중상
2014070900100101,2014년 7월 9일 07시,수요일,경상북도 포항시 남구 대송면,경상사고,0,0,1,0,차대차 - 기타,안전운전불이행,건조,맑음,교차로 - 교차로안,승용,남,44세,상해없음,승용,여,31세,경상
2014070900100131,2014년 7월 9일 08시,수요일,경상북도 안동시 옥동,경상사고,0,0,1,0,차대차 - 기타,안전운전불이행,건조,맑음,기타 - 기타,승용,남,38세,상해없음,승용,여,32세,경상
2014070900100132,2014년 7월 9일 08시,수요일,경상북도 김천시 어모면,중상사고,0,1,0,0,차대차 - 측면직각충돌,교차로운행방법위반,습기,비,교차로 - 교차로안,화물,남,35세,상해없음,자전거,남,36세,중상
2014070900100133,2014년 7월 9일 08시,수요일,경상북도 김천시 황금동,경상사고,0,0,1,0,차대차 - 측면직각충돌,안전운전불이행,습기,비,교차로 - 교차로안,승용,남,53세,상해없음,승용,여,40세,경상
2014070900100160,2014년 7월 9일 09시,수요일,경상북도 포항시 북구 양덕동,중상사고,0,1,0,0,차대차 - 기타,중앙선침범,습기,흐림,단일로 - 기타,화물,남,50세,상해없음,자전거,남,22세,중상
2014070900100188,2014년 7월 9일 10시,수요일,경상북도 문경시 모전동,중상사고,0,1,0,0,차대차 - 기타,중앙선침범,건조,맑음,단일로 - 기타,이륜,남,56세,상해없음,이륜,남,54세,중상
2014070900100189,2014년 7월 9일 10시,수요일,경상북도 구미시 도량동,중상사고,0,1,0,0,차대차 - 기타,안전거리미확보,습기,흐림,단일로 - 기타,승용,남,48세,상해없음,승용,여,61세,중상
2014070900100190,2014년 7월 9일 10시,수요일,경상북도 포항시 남구 해도동,경상사고,0,0,2,0,차대차 - 추돌 - 진행중,안전운전불이행,습기,비,단일로 - 기타,화물,남,58세,상해없음,승용,여,46세,경상
2014070900100226,2014년 7월 9일 11시,수요일,경상북도 안동시 풍천면,중상사고,0,1,0,0,차대차 - 기타,교차로운행방법위반,습기,비,교차로 - 교차로안,화물,남,48세,상해없음,화물,남,73세,상해없음
2014070900100227,2014년 7월 9일 11시,수요일,경상북도 영천시 고경면,중상사고,0,4,0,0,차대차 - 추돌 - 주정차중,안전운전불이행,건조,흐림,단일로 - 기타,화물,남,59세,상해없음,승용,남,41세,중상
2014070900100228,2014년 7월 9일 11시,수요일,경상북도 문경시 호계면,중상사고,0,1,2,0,차량단독 - 전도전복,안전운전불이행,습기,비,단일로 - 기타,승용,여,49세,경상,,,,
2014070900100229,2014년 7월 9일 11시,수요일,경상북도 구미시 광평동,중상사고,0,1,0,0,차대사람 - 기타,안전운전불이행,습기,비,단일로 - 기타,승용,남,69세,상해없음,보행자,남,56세,중상
2014070900100230,2014년 7월 9일 11시,수요일,경상북도 구미시 도량동,중상사고,0,1,0,0,차대차 - 기타,교차로운행방법위반,건조,맑음,단일로 - 횡단보도상,승용,여,51세,상해없음,이륜,남,43세,중상
2014070900100250,2014년 7월 9일 12시,수요일,경상북도 칠곡군 가산면,경상사고,0,0,2,0,차대차 - 기타,안전운전불이행,건조,맑음,단일로 - 기타,화물,남,48세,상해없음,승용,여,34세,경상
2014070900100274,2014년 7월 9일 13시,수요일,경상북도 포항시 북구 장성동,경상사고,0,0,1,0,차대사람 - 기타,안전운전불이행,건조,맑음,단일로 - 기타,승용,여,49세,상해없음,보행자,여,48세,경상
2014070900100275,2014년 7월 9일 13시,수요일,경상북도 안동시 풍산읍,중상사고,0,1,0,0,차대차 - 기타,안전운전불이행,건조,흐림,교차로 - 교차로안,원동기,남,74세,중상,화물,남,44세,상해없음
2014070900100276,2014년 7월 9일 13시,수요일,경상북도 문경시 모전동,경상사고,0,0,1,0,차대차 - 측면직각충돌,교차로운행방법위반,건조,흐림,교차로 - 교차로안,승용,남,54세,상해없음,원동기,남,33세,경상
2014070900100343,2014년 7월 9일 15시,수요일,경상북도 포항시 북구 환호동,경상사고,0,0,1,0,차대차 - 기타,안전운전불이행,건조,맑음,기타 - 기타,승용,남,73세,상해없음,승용,여,41세,경상
2014070900100344,2014년 7월 9일 15시,수요일,경상북도 안동시 일직면,경상사고,0,0,2,0,차량단독 - 도로외이탈 - 기타,안전운전불이행,건조,맑음,단일로 - 기타,승용,남,53세,경상,,,,
2014070900100345,2014년 7월 9일 15시,수요일,경상북도 안동시 목성동,경상사고,0,0,1,0,차대사람 - 기타,신호위반,건조,맑음,교차로 - 교차로부근,승용,여,27세,상해없음,보행자,여,62세,경상
2014070900100346,2014년 7월 9일 15시,수요일,경상북도 경산시 하양읍,경상사고,0,0,2,0,차대차 - 추돌 - 진행중,안전운전불이행,건조,맑음,단일로 - 기타,승용,남,19세,상해없음,승용,남,57세,경상
2014070900100347,2014년 7월 9일 15시,수요일,경상북도 구미시 상모동,경상사고,0,0,1,0,차대차 - 기타,안전운전불이행,건조,맑음,기타 - 기타,승용,남,30세,상해없음,승용,남,34세,경상
2014070900100421,2014년 7월 9일 17시,수요일,경상북도 경주시 배동,경상사고,0,0,1,0,차대차 - 측면직각충돌,중앙선침범,건조,맑음,교차로 - 교차로부근,승용,여,63세,상해없음,승용,남,55세,경상
2014070900100465,2014년 7월 9일 18시,수요일,경상북도 포항시 북구 용흥동,중상사고,0,1,0,0,차대차 - 기타,기타,습기,흐림,단일로 - 기타,승용,남,50세,상해없음,원동기,남,59세,중상
2014070900100466,2014년 7월 9일 18시,수요일,경상북도 칠곡군 석적읍,부상신고사고,0,0,0,1,차대차 - 기타,중앙선침범,건조,맑음,단일로 - 기타,이륜,남,28세,부상신고,승용,남,45세,상해없음
2014070900100467,2014년 7월 9일 18시,수요일,경상북도 영천시 고경면,중상사고,0,1,0,0,차량단독 - 도로외이탈 - 기타,안전운전불이행,건조,맑음,단일로 - 기타,화물,남,68세,중상,,,,
2014070900100468,2014년 7월 9일 18시,수요일,경상북도 영덕군 영덕읍,경상사고,0,0,1,0,차대차 - 기타,안전운전불이행,습기,비,단일로 - 횡단보도상,승용,남,37세,상해없음,승용,여,35세,경상
2014070900100469,2014년 7월 9일 18시,수요일,경상북도 포항시 남구 송도동,경상사고,0,0,5,0,차대차 - 추돌 - 진행중,안전운전불이행,건조,맑음,교차로 - 교차로안,승용,남,68세,상해없음,승합,여,59세,경상
2014070900100511,2014년 7월 9일 19시,수요일,경상북도 포항시 북구 흥해읍,경상사고,0,0,2,0,차대차 - 기타,안전운전불이행,건조,맑음,단일로 - 기타,승용,남,47세,상해없음,승용,남,36세,경상
2014070900100512,2014년 7월 9일 19시,수요일,경상북도 구미시 진평동,경상사고,0,0,1,0,차대차 - 기타,신호위반,건조,맑음,교차로 - 교차로부근,화물,남,43세,상해없음,이륜,남,19세,경상
2014070900100536,2014년 7월 9일 20시,수요일,경상북도 포항시 북구 우현동,경상사고,0,0,1,0,차대차 - 기타,안전운전불이행,습기,맑음,교차로 - 교차로부근,승용,남,38세,상해없음,승용,남,40세,경상
2014070900100537,2014년 7월 9일 20시,수요일,경상북도 청송군 현서면,경상사고,0,0,1,0,차대차 - 기타,교차로운행방법위반,건조,맑음,교차로 - 교차로안,화물,남,76세,상해없음,승용,남,64세,경상
2014070900100574,2014년 7월 9일 21시,수요일,경상북도 안동시 송현동,부상신고사고,0,0,0,1,차대차 - 기타,기타,건조,맑음,기타 - 기타,승용,여,25세,상해없음,이륜,남,34세,부상신고
2014070900100575,2014년 7월 9일 21시,수요일,경상북도 안동시 옥야동,경상사고,0,0,1,0,차대차 - 추돌 - 진행중,안전운전불이행,건조,맑음,단일로 - 기타,승용,남,45세,기타불명,승용,남,30세,경상
2014070900100602,2014년 7월 9일 22시,수요일,경상북도 경주시 성건동,중상사고,0,1,0,0,차대차 - 추돌 - 주정차중,안전운전불이행,건조,맑음,단일로 - 기타,원동기,남,51세,중상,승합,기타불명,96세,기타불명
2014070900100604,2014년 7월 9일 22시,수요일,경상북도 구미시 진평동,부상신고사고,0,0,0,1,차대차 - 기타,안전운전불이행,건조,흐림,단일로 - 기타,승용,남,27세,상해없음,승용,남,30세,부상신고
2014070900100605,2014년 7월 9일 22시,수요일,경상북도 포항시 남구 해도동,중상사고,0,1,2,0,차대차 - 추돌 - 진행중,안전운전불이행,건조,맑음,단일로 - 횡단보도부근,승용,남,43세,상해없음,승용,남,62세,중상
2014070900100637,2014년 7월 9일 23시,수요일,경상북도 구미시 인의동,중상사고,0,1,2,0,차대차 - 기타,신호위반,건조,맑음,교차로 - 교차로부근,화물,남,39세,상해없음,승용,여,52세,경상
2014071000100027,2014년 7월 10일 00시,목요일,경상북도 포항시 북구 용흥동,경상사고,0,0,1,0,차대차 - 기타,안전운전불이행,건조,맑음,단일로 - 교량,승용,남,29세,상해없음,승용,남,59세,경상
2014071000100084,2014년 7월 10일 05시,목요일,경상북도 포항시 북구 청하면,경상사고,0,0,1,0,차대차 - 기타,중앙선침범,건조,맑음,단일로 - 기타,승용,남,19세,상해없음,승용,남,57세,경상
2014071000100098,2014년 7월 10일 06시,목요일,경상북도 김천시 개령면,경상사고,0,0,1,0,차대차 - 측면직각충돌,교차로운행방법위반,건조,맑음,교차로 - 교차로안,승용,여,52세,상해없음,화물,남,60세,경상
2014071000100119,2014년 7월 10일 07시,목요일,경상북도 경주시 동천동,중상사고,0,1,0,0,차대사람 - 기타,안전운전불이행,건조,맑음,단일로 - 기타,승용,여,35세,상해없음,보행자,남,18세,중상
2014071000100165,2014년 7월 10일 08시,목요일,경상북도 경주시 천북면,경상사고,0,0,1,0,차대차 - 기타,안전운전불이행,습기,비,단일로 - 기타,화물,남,51세,상해없음,승용,여,38세,경상
2014071000100166,2014년 7월 10일 08시,목요일,경상북도 경주시 충효동,경상사고,0,0,1,0,차대차 - 기타,신호위반,건조,맑음,교차로 - 교차로안,승용,남,31세,상해없음,승용,여,37세,경상
2014071000100167,2014년 7월 10일 08시,목요일,경상북도 안동시 와룡면,경상사고,0,0,3,0,차대차 - 측면직각충돌,교차로운행방법위반,건조,맑음,교차로 - 교차로안,건설기계,남,53세,상해없음,승용,남,28세,상해없음
2014071000100168,2014년 7월 10일 08시,목요일,경상북도 경산시 사정동,경상사고,0,0,1,0,차대차 - 기타,안전운전불이행,건조,맑음,교차로 - 교차로부근,화물,남,48세,상해없음,승용,여,36세,경상
2014071000100169,2014년 7월 10일 08시,목요일,경상북도 울진군 기성면,중상사고,0,1,0,1,차대차 - 추돌 - 진행중,안전운전불이행,건조,맑음,단일로 - 기타,승용,남,45세,부상신고,승용,남,34세,중상
2014071000100204,2014년 7월 10일 09시,목요일,경상북도 칠곡군 북삼읍,경상사고,0,0,2,0,차대차 - 기타,교차로운행방법위반,건조,맑음,교차로 - 교차로안,화물,남,69세,상해없음,승용,여,56세,경상
2014071000100205,2014년 7월 10일 09시,목요일,경상북도 문경시 산양면,중상사고,0,1,0,0,차대차 - 측면직각충돌,안전운전불이행,건조,맑음,단일로 - 기타,화물,남,63세,상해없음,원동기,남,75세,중상
2014071000100242,2014년 7월 10일 10시,목요일,경상북도 청도군 운문면,사망사고,1,1,0,0,차량단독 - 전도전복,안전운전불이행,습기,비,단일로 - 기타,승용,남,58세,중상,,,,
2014071000100243,2014년 7월 10일 10시,목요일,경상북도 청송군 진보면,경상사고,0,0,1,0,차대차 - 정면충돌,중앙선침범,건조,맑음,단일로 - 기타,승용,남,73세,상해없음,승용,남,46세,경상
2014071000100267,2014년 7월 10일 11시,목요일,경상북도 포항시 남구 송내동,경상사고,0,0,2,0,차대차 - 측면직각충돌,안전거리미확보,건조,흐림,단일로 - 기타,승용,남,53세,상해없음,화물,남,24세,경상
2014071000100290,2014년 7월 10일 12시,목요일,경상북도 포항시 북구 장성동,중상사고,0,2,0,0,차대차 - 기타,교차로운행방법위반,건조,맑음,교차로 - 교차로안,승용,여,35세,상해없음,승용,남,76세,중상
2014071000100291,2014년 7월 10일 12시,목요일,경상북도 청도군 화양읍,부상신고사고,0,0,0,1,차대차 - 기타,안전운전불이행,건조,맑음,단일로 - 기타,승용,여,34세,부상신고,건설기계,남,50세,상해없음
2014071000100337,2014년 7월 10일 14시,목요일,경상북도 성주군 용암면,경상사고,0,0,2,0,차대차 - 기타,안전운전불이행,건조,맑음,기타 - 기타,승용,남,51세,상해없음,화물,남,48세,경상
2014071000100370,2014년 7월 10일 15시,목요일,경상북도 의성군 봉양면,경상사고,0,0,1,0,차대차 - 기타,안전운전불이행,건조,맑음,단일로 - 기타,원동기,남,62세,경상,화물,남,46세,상해없음
2014071000100371,2014년 7월 10일 15시,목요일,경상북도 영천시 교촌동,경상사고,0,0,2,0,차대차 - 추돌 - 주정차중,안전운전불이행,건조,맑음,단일로 - 기타,화물,남,52세,상해없음,승용,남,23세,경상
2014071000100405,2014년 7월 10일 16시,목요일,경상북도 김천시 덕곡동,경상사고,0,0,2,0,차대차 - 측면직각충돌,안전운전불이행,건조,맑음,단일로 - 기타,승용,남,72세,경상,승용,여,40세,경상
2014071000100406,2014년 7월 10일 16시,목요일,경상북도 경산시 대동,중상사고,0,1,0,0,차량단독 - 기타,안전운전불이행,건조,맑음,단일로 - 기타,승용,남,66세,상해없음,,,,
2014071000100407,2014년 7월 10일 16시,목요일,경상북도 영덕군 영해면,중상사고,0,3,0,0,차대차 - 정면충돌,중앙선침범,건조,맑음,단일로 - 기타,승용,여,60세,중상,승용,여,59세,중상
2014071000100408,2014년 7월 10일 16시,목요일,경상북도 포항시 남구 대도동,경상사고,0,0,1,0,차대차 - 기타,안전운전불이행,건조,맑음,교차로 - 교차로안,이륜,남,45세,경상,승용,남,35세,상해없음
2014071000100446,2014년 7월 10일 17시,목요일,경상북도 안동시 송현동,경상사고,0,0,3,0,차대차 - 측면직각충돌,교차로운행방법위반,건조,맑음,교차로 - 교차로안,화물,여,62세,상해없음,승용,남,38세,경상
2014071000100447,2014년 7월 10일 17시,목요일,경상북도 영천시 신령면,경상사고,0,0,1,0,차대차 - 기타,교차로운행방법위반,건조,맑음,교차로 - 교차로안,승용,남,39세,상해없음,화물,남,55세,경상
2014071000100448,2014년 7월 10일 17시,목요일,경상북도 구미시 원평동,중상사고,0,1,0,0,차대차 - 기타,안전운전불이행,건조,맑음,단일로 - 기타,승용,여,54세,상해없음,승용,여,46세,중상
2014071000100449,2014년 7월 10일 17시,목요일,경상북도 포항시 남구 해도동,중상사고,0,2,0,0,차대차 - 측면직각충돌,신호위반,건조,맑음,교차로 - 교차로안,승용,여,26세,상해없음,승용,남,41세,중상
2014071000100498,2014년 7월 10일 18시,목요일,경상북도 경주시 황성동,중상사고,0,1,1,0,차대차 - 기타,안전운전불이행,건조,맑음,교차로 - 교차로안,승용,남,42세,상해없음,승용,여,33세,중상
2014071000100499,2014년 7월 10일 18시,목요일,경상북도 안동시 풍산읍,경상사고,0,0,5,0,차대차 - 기타,안전운전불이행,건조,맑음,단일로 - 기타,화물,남,72세,상해없음,승용,남,26세,경상
2014071000100500,2014년 7월 10일 18시,목요일,경상북도 안동시 당북동,중상사고,0,1,0,0,차대차 - 기타,안전운전불이행,건조,맑음,교차로 - 교차로안,원동기,남,18세,중상,화물,남,64세,상해없음
2014071000100501,2014년 7월 10일 18시,목요일,경상북도 문경시 모전동,경상사고,0,0,1,0,차대차 - 기타,안전운전불이행,건조,맑음,교차로 - 교차로안,승용,남,65세,상해없음,원동기,남,37세,경상
2014071000100502,2014년 7월 10일 18시,목요일,경상북도 포항시 남구 지곡동,중상사고,0,1,0,0,차대차 - 기타,안전운전불이행,건조,맑음,교차로 - 교차로안,자전거,남,24세,중상,승용,남,67세,상해없음
2014071000100503,2014년 7월 10일 18시,목요일,경상북도 포항시 남구 장기면,경상사고,0,0,2,0,차대차 - 추돌 - 주정차중,안전운전불이행,건조,맑음,단일로 - 기타,승용,남,38세,상해없음,승용,여,51세,상해없음
2014071000100540,2014년 7월 10일 19시,목요일,경상북도 경주시 서면,중상사고,0,1,1,0,차대차 - 기타,안전운전불이행,건조,맑음,교차로 - 교차로안,승용,남,37세,경상,승용,여,38세,중상
2014071000100541,2014년 7월 10일 19시,목요일,경상북도 경산시 압량면,경상사고,0,0,2,0,차대차 - 기타,중앙선침범,건조,맑음,단일로 - 기타,승용,남,36세,상해없음,승용,여,51세,경상
2014071000100542,2014년 7월 10일 19시,목요일,경상북도 구미시 고아읍,중상사고,0,1,1,0,차대차 - 기타,안전운전불이행,건조,맑음,단일로 - 기타,승용,남,51세,상해없음,이륜,남,33세,중상
2014071000100543,2014년 7월 10일 19시,목요일,경상북도 구미시 구평동,경상사고,0,0,1,0,차대사람 - 기타,안전운전불이행,건조,맑음,단일로 - 기타,이륜,남,32세,상해없음,보행자,여,11세,경상
2014071000100644,2014년 7월 10일 22시,목요일,경상북도 경산시 옥산동,중상사고,0,2,0,0,차대차 - 추돌 - 진행중,안전거리미확보,건조,맑음,단일로 - 기타,승용,남,24세,상해없음,승용,남,52세,중상
2014071100100057,2014년 7월 11일 03시,금요일,경상북도 포항시 북구 죽도동,경상사고,0,0,1,0,차대차 - 기타,안전거리미확보,건조,맑음,교차로 - 교차로부근,승용,남,38세,상해없음,승용,남,45세,상해없음
2014071100100064,2014년 7월 11일 04시,금요일,경상북도 경주시 강동면,부상신고사고,0,0,0,1,차대차 - 추돌 - 진행중,안전운전불이행,건조,맑음,단일로 - 기타,승용,남,43세,상해없음,화물,남,56세,부상신고
2014071100100085,2014년 7월 11일 06시,금요일,경상북도 경산시 와촌면,중상사고,0,2,0,0,차대차 - 기타,신호위반,건조,맑음,교차로 - 교차로안,승용,남,41세,상해없음,화물,남,45세,중상
2014071100100112,2014년 7월 11일 07시,금요일,경상북도 경산시 신교동,중상사고,0,1,0,0,차대차 - 기타,안전운전불이행,건조,맑음,단일로 - 기타,승용,남,23세,상해없음,자전거,남,34세,중상
2014071100100150,2014년 7월 11일 08시,금요일,경상북도 영주시 가흥동,경상사고,0,0,1,0,차대사람 - 횡단중,안전운전불이행,건조,맑음,교차로 - 교차로안,승용,남,28세,상해없음,보행자,남,66세,경상
2014071100100151,2014년 7월 11일 08시,금요일,경상북도 칠곡군 석적읍,경상사고,0,0,1,0,차대사람 - 기타,안전운전불이행,건조,맑음,교차로 - 교차로부근,승용,남,36세,상해없음,보행자,남,7세,경상
2014071100100152,2014년 7월 11일 08시,금요일,경상북도 고령군 성산면,경상사고,0,0,1,0,차대차 - 측면직각충돌,안전운전불이행,건조,맑음,단일로 - 기타,화물,남,43세,상해없음,화물,남,47세,경상
2014071100100153,2014년 7월 11일 08시,금요일,경상북도 구미시 구포동,경상사고,0,0,1,0,차대차 - 기타,안전운전불이행,건조,맑음,기타 - 기타,승용,여,41세,상해없음,승용,남,37세,경상
2014071100100154,2014년 7월 11일 08시,금요일,경상북도 칠곡군 왜관읍,중상사고,0,2,0,0,차대차 - 측면직각충돌,안전운전불이행,건조,맑음,단일로 - 기타,승합,남,22세,상해없음,화물,남,53세,상해없음
2014071100100219,2014년 7월 11일 10시,금요일,경상북도 김천시 대덕면,경상사고,0,0,1,0,차대사람 - 기타,안전운전불이행,건조,맑음,단일로 - 기타,승용,남,28세,상해없음,보행자,여,85세,경상
2014071100100220,2014년 7월 11일 10시,금요일,경상북도 칠곡군 북삼읍,경상사고,0,0,3,0,차대차 - 기타,안전운전불이행,건조,맑음,교차로 - 교차로안,승용,남,28세,경상,승용,여,39세,경상
2014071100100222,2014년 7월 11일 10시,금요일,경상북도 성주군 성주읍,중상사고,0,1,0,0,차대차 - 기타,안전운전불이행,건조,맑음,단일로 - 기타,승합,남,50세,상해없음,이륜,남,84세,중상
2014071100100254,2014년 7월 11일 11시,금요일,경상북도 경산시 하양읍,부상신고사고,0,0,0,2,차대차 - 기타,안전거리미확보,건조,맑음,단일로 - 기타,승용,남,34세,상해없음,승용,여,63세,상해없음
2014071100100255,2014년 7월 11일 11시,금요일,경상북도 포항시 남구 오천읍,경상사고,0,0,1,0,차대차 - 측면직각충돌,직진우회전진행방해,건조,맑음,교차로 - 교차로안,승용,남,29세,상해없음,승용,남,51세,경상
2014071100100284,2014년 7월 11일 12시,금요일,경상북도 경주시 안강읍,경상사고,0,0,1,1,차대차 - 기타,안전운전불이행,건조,맑음,교차로 - 교차로안,승용,여,42세,부상신고,승용,여,31세,경상
2014071100100285,2014년 7월 11일 12시,금요일,경상북도 경산시 계양동,경상사고,0,0,1,0,차대차 - 추돌 - 주정차중,안전거리미확보,건조,맑음,단일로 - 기타,승용,남,55세,상해없음,승용,여,52세,경상
2014071100100306,2014년 7월 11일 13시,금요일,경상북도 경산시 계양동,중상사고,0,1,0,0,차대사람 - 기타,안전운전불이행,건조,맑음,단일로 - 기타,승용,남,23세,상해없음,보행자,남,73세,중상
2014071100100307,2014년 7월 11일 13시,금요일,경상북도 포항시 남구 이동,경상사고,0,0,1,0,차대차 - 기타,직진우회전진행방해,건조,맑음,교차로 - 교차로안,승용,여,33세,상해없음,승용,남,27세,경상
2014071100100351,2014년 7월 11일 14시,금요일,경상북도 경주시 외동읍,중상사고,0,1,0,0,차대사람 - 기타,안전운전불이행,건조,맑음,단일로 - 기타,승용,남,38세,상해없음,보행자,여,48세,중상
2014071100100352,2014년 7월 11일 14시,금요일,경상북도 문경시 모전동,중상사고,0,1,0,0,차대사람 - 횡단중,신호위반,건조,맑음,교차로 - 교차로부근,승용,여,34세,상해없음,보행자,여,8세,중상
2014071100100353,2014년 7월 11일 14시,금요일,경상북도 경산시 평산동,경상사고,0,0,1,0,차대사람 - 기타,안전운전불이행,건조,맑음,단일로 - 기타,승용,남,31세,상해없음,보행자,여,80세,경상
2014071100100354,2014년 7월 11일 14시,금요일,경상북도 구미시 원평동,경상사고,0,0,1,0,차대차 - 기타,안전운전불이행,건조,맑음,단일로 - 기타,승용,남,16세,상해없음,승용,남,60세,경상
2014071100100387,2014년 7월 11일 15시,금요일,경상북도 경주시 구황동,경상사고,0,0,1,0,차대차 - 기타,안전운전불이행,건조,맑음,교차로 - 교차로안,화물,남,63세,상해없음,승용,남,45세,경상
2014071100100388,2014년 7월 11일 15시,금요일,경상북도 김천시 부곡동,중상사고,0,1,1,0,차대차 - 측면직각충돌,안전운전불이행,건조,맑음,교차로 - 교차로부근,승용,남,35세,상해없음,승용,여,46세,중상
2014071100100423,2014년 7월 11일 16시,금요일,경상북도 김천시 부곡동,경상사고,0,0,1,0,차대차 - 측면직각충돌,안전운전불이행,건조,맑음,단일로 - 기타,승용,여,40세,상해없음,자전거,남,10세,경상