사고번호,사고일시,요일,시군구,사고내용,사망자수,중상자수,경상자수,부상신고자수,사고유형,법규위반,노면상태,기상상태,도로형태,가해운전자 차종,가해운전자 성별,가해운전자 연령,가해운전자 상해정도,피해운전자 차종,피해운전자 성별,피해운전자 연령,피해운전자 상해정도
2014071400100424,2014년 7월 14일 18시,월요일,경상북도 경산시 계양동,중상사고,0,1,0,0,차대사람 - 기타,안전운전불이행,건조,맑음,단일로 - 기타,승용,남,60세,상해없음,보행자,여,72세,중상
2014071400100460,2014년 7월 14일 19시,월요일,경상북도 구미시 장천면,중상사고,0,1,0,0,차대차 - 기타,직진우회전진행방해,건조,맑음,교차로 - 교차로안,승합,남,54세,상해없음,승용,여,36세,중상
2014071400100529,2014년 7월 14일 21시,월요일,경상북도 경주시 동천동,경상사고,0,0,4,0,차대차 - 기타,안전운전불이행,습기,비,교차로 - 교차로안,승용,남,24세,상해없음,승용,남,33세,경상
2014071400100530,2014년 7월 14일 21시,월요일,경상북도 경주시 동천동,경상사고,0,0,5,0,차대차 - 추돌 - 주정차중,안전운전불이행,건조,맑음,단일로 - 기타,승용,남,45세,상해없음,승합,남,35세,경상
2014071400100531,2014년 7월 14일 21시,월요일,경상북도 포항시 북구 죽도동,경상사고,0,0,1,0,차대차 - 기타,신호위반,건조,맑음,교차로 - 교차로안,승합,남,62세,상해없음,승용,남,28세,경상
2014071400100532,2014년 7월 14일 21시,월요일,경상북도 포항시 북구 죽도동,중상사고,0,1,1,0,차대차 - 기타,신호위반,건조,맑음,교차로 - 교차로부근,승용,남,35세,상해없음,승용,남,42세,경상
2014071400100533,2014년 7월 14일 21시,월요일,경상북도 칠곡군 북삼읍,경상사고,0,0,2,0,차대차 - 기타,안전운전불이행,건조,맑음,단일로 - 기타,승용,남,28세,상해없음,승용,여,28세,경상
2014071400100582,2014년 7월 14일 23시,월요일,경상북도 경주시 서면,중상사고,0,1,0,0,차대사람 - 기타,안전운전불이행,기타,안개,기타 - 기타,승용,남,43세,상해없음,보행자,남,28세,중상
2014071500100014,2014년 7월 15일 00시,화요일,경상북도 경주시 천군동,경상사고,0,0,2,0,차대차 - 기타,안전운전불이행,건조,맑음,단일로 - 기타,화물,남,45세,상해없음,승용,남,54세,경상
2014071500100015,2014년 7월 15일 00시,화요일,경상북도 포항시 북구 우현동,경상사고,0,0,1,0,차대사람 - 기타,안전운전불이행,건조,맑음,단일로 - 기타,승용,남,56세,상해없음,보행자,남,42세,경상
2014071500100033,2014년 7월 15일 02시,화요일,경상북도 구미시 구평동,중상사고,0,1,1,0,차대사람 - 기타,안전운전불이행,건조,맑음,단일로 - 기타,승용,남,26세,중상,보행자,남,23세,경상
2014071500100037,2014년 7월 15일 03시,화요일,경상북도 경산시 진량읍,중상사고,0,2,1,0,차대차 - 기타,중앙선침범,습기,비,단일로 - 기타,승용,남,23세,상해없음,승용,남,33세,경상
2014071500100045,2014년 7월 15일 04시,화요일,경상북도 경산시 백천동,사망사고,2,2,2,0,차대차 - 기타,중앙선침범,건조,맑음,단일로 - 기타,승용,남,20세,중상,승용,남,54세,사망
2014071500100046,2014년 7월 15일 04시,화요일,경상북도 경산시 계양동,중상사고,0,1,1,0,차대차 - 기타,안전운전불이행,건조,맑음,교차로 - 교차로안,이륜,남,19세,경상,승용,남,39세,상해없음
2014071500100087,2014년 7월 15일 07시,화요일,경상북도 영주시 하망동,경상사고,0,0,1,0,차대차 - 측면직각충돌,안전운전불이행,건조,맑음,교차로 - 교차로안,승용,남,42세,상해없음,자전거,남,16세,경상
2014071500100120,2014년 7월 15일 08시,화요일,경상북도 칠곡군 왜관읍,경상사고,0,0,2,0,차대차 - 측면직각충돌,안전운전불이행,건조,맑음,단일로 - 기타,화물,남,44세,상해없음,승용,남,54세,경상
2014071500100121,2014년 7월 15일 08시,화요일,경상북도 구미시 형곡동,경상사고,0,0,1,0,차대차 - 기타,안전운전불이행,건조,맑음,교차로 - 교차로부근,승용,남,75세,상해없음,자전거,남,13세,경상
2014071500100122,2014년 7월 15일 08시,화요일,경상북도 포항시 남구 지곡동,경상사고,0,0,1,0,차대차 - 추돌 - 진행중,안전거리미확보,건조,맑음,단일로 - 기타,승용,여,51세,상해없음,승용,여,48세,경상
2014071500100143,2014년 7월 15일 09시,화요일,경상북도 상주시 계산동,중상사고,0,1,0,0,차대차 - 기타,안전운전불이행,건조,맑음,단일로 - 기타,화물,남,22세,상해없음,원동기,여,61세,중상
2014071500100169,2014년 7월 15일 10시,화요일,경상북도 안동시 용상동,중상사고,0,3,2,0,차대차 - 기타,직진우회전진행방해,건조,맑음,교차로 - 교차로안,승용,여,24세,상해없음,승용,남,32세,중상
2014071500100170,2014년 7월 15일 10시,화요일,경상북도 포항시 남구 동촌동,중상사고,0,1,4,0,차대차 - 추돌 - 진행중,안전거리미확보,건조,맑음,단일로 - 기타,화물,남,35세,중상,승용,남,70세,상해없음
2014071500100202,2014년 7월 15일 11시,화요일,경상북도 경주시 탑동,경상사고,0,0,1,0,차대차 - 기타,안전운전불이행,습기,흐림,단일로 - 기타,승용,여,51세,상해없음,승용,남,32세,경상
2014071500100203,2014년 7월 15일 11시,화요일,경상북도 안동시 태화동,경상사고,0,0,1,0,차대차 - 측면직각충돌,중앙선침범,건조,맑음,기타 - 기타,원동기,남,21세,경상,승합,남,66세,상해없음
2014071500100204,2014년 7월 15일 11시,화요일,경상북도 상주시 지천동,중상사고,0,1,0,0,차대차 - 기타,안전운전불이행,건조,맑음,단일로 - 기타,승용,여,54세,상해없음,자전거,남,60세,중상
2014071500100205,2014년 7월 15일 11시,화요일,경상북도 칠곡군 북삼읍,경상사고,0,0,1,0,차대차 - 기타,안전운전불이행,건조,맑음,교차로 - 교차로안,승용,여,44세,기타불명,승용,여,38세,경상
2014071500100206,2014년 7월 15일 11시,화요일,경상북도 문경시 영순면,중상사고,0,1,0,0,차대차 - 측면직각충돌,안전운전불이행,건조,맑음,단일로 - 기타,화물,남,64세,상해없음,이륜,남,70세,중상
2014071500100207,2014년 7월 15일 11시,화요일,경상북도 칠곡군 지천면,경상사고,0,0,1,0,차대차 - 측면직각충돌,안전운전불이행,건조,흐림,단일로 - 기타,건설기계,남,49세,상해없음,승용,남,53세,경상
2014071500100238,2014년 7월 15일 12시,화요일,경상북도 영주시 순흥면,경상사고,0,0,1,0,차대차 - 측면직각충돌,안전운전불이행,건조,맑음,교차로 - 교차로안,화물,여,44세,상해없음,자전거,남,78세,경상
2014071500100264,2014년 7월 15일 13시,화요일,경상북도 경주시 성건동,경상사고,0,0,1,0,차대차 - 기타,안전운전불이행,습기,비,단일로 - 기타,승용,남,37세,상해없음,승용,남,66세,경상
2014071500100287,2014년 7월 15일 14시,화요일,경상북도 경산시 백천동,중상사고,0,1,0,0,차대사람 - 기타,안전운전불이행,건조,맑음,단일로 - 기타,원동기,남,26세,상해없음,보행자,여,58세,중상
2014071500100323,2014년 7월 15일 15시,화요일,경상북도 영주시 휴천동,중상사고,0,1,0,0,차대차 - 기타,안전운전불이행,건조,맑음,교차로 - 교차로안,화물,남,36세,상해없음,자전거,여,71세,중상
2014071500100354,2014년 7월 15일 16시,화요일,경상북도 경주시 용강동,경상사고,0,0,1,0,차대차 - 기타,안전운전불이행,건조,맑음,교차로 - 교차로부근,승용,여,44세,상해없음,자전거,남,9세,경상
2014071500100355,2014년 7월 15일 16시,화요일,경상북도 성주군 초전면,중상사고,0,1,0,0,차대차 - 측면직각충돌,직진우회전진행방해,건조,흐림,교차로 - 교차로안,화물,남,70세,상해없음,이륜,남,43세,중상
2014071500100393,2014년 7월 15일 17시,화요일,경상북도 영천시 망정동,경상사고,0,0,2,1,차대차 - 기타,안전운전불이행,건조,맑음,미분류 - 미분류,승용,여,27세,경상,승용,여,41세,경상
2014071500100394,2014년 7월 15일 17시,화요일,경상북도 구미시 고아읍,중상사고,0,1,1,0,차대차 - 기타,안전운전불이행,건조,맑음,단일로 - 기타,승용,남,47세,상해없음,농기계,남,77세,중상
2014071500100395,2014년 7월 15일 17시,화요일,경상북도 포항시 남구 오천읍,경상사고,0,0,1,0,차대사람 - 횡단중,안전운전불이행,건조,맑음,단일로 - 기타,승용,여,42세,상해없음,보행자,여,9세,경상
2014071500100444,2014년 7월 15일 18시,화요일,경상북도 안동시 정하동,중상사고,0,1,2,0,차대차 - 측면직각충돌,직진우회전진행방해,건조,맑음,교차로 - 교차로안,승용,남,58세,경상,승용,여,36세,중상
2014071500100445,2014년 7월 15일 18시,화요일,경상북도 칠곡군 지천면,중상사고,0,2,1,0,차대차 - 기타,중앙선침범,건조,맑음,단일로 - 기타,화물,남,48세,경상,승용,남,47세,중상
2014071500100446,2014년 7월 15일 18시,화요일,경상북도 경산시 진량읍,중상사고,0,1,0,0,차대사람 - 기타,안전운전불이행,건조,맑음,단일로 - 기타,승용,여,32세,상해없음,보행자,여,44세,중상
2014071500100482,2014년 7월 15일 19시,화요일,경상북도 포항시 북구 대신동,중상사고,0,1,0,0,차대사람 - 횡단중,안전운전불이행,습기,흐림,단일로 - 기타,원동기,남,64세,상해없음,보행자,남,68세,중상
2014071500100517,2014년 7월 15일 20시,화요일,경상북도 경주시 외동읍,중상사고,0,1,1,0,차대사람 - 기타,안전운전불이행,습기,비,단일로 - 기타,승용,남,26세,상해없음,보행자,여,16세,중상
2014071500100518,2014년 7월 15일 20시,화요일,경상북도 경주시 성건동,경상사고,0,0,1,0,차대사람 - 기타,기타,습기,비,교차로 - 교차로부근,승용,남,47세,상해없음,보행자,남,53세,경상
2014071500100519,2014년 7월 15일 20시,화요일,경상북도 포항시 북구 대흥동,경상사고,0,0,1,0,차대차 - 기타,안전운전불이행,습기,비,교차로 - 교차로안,승용,남,61세,상해없음,승용,여,28세,경상
2014071500100520,2014년 7월 15일 20시,화요일,경상북도 문경시 문경읍,경상사고,0,0,4,0,차대차 - 기타,안전운전불이행,건조,맑음,교차로 - 교차로안,승용,남,27세,경상,승용,여,36세,경상
2014071500100602,2014년 7월 15일 22시,화요일,경상북도 경주시 강동면,중상사고,0,1,0,0,차량단독 - 공작물충돌,안전운전불이행,건조,맑음,교차로 - 교차로안,승용,남,40세,중상,,,,
2014071500100603,2014년 7월 15일 22시,화요일,경상북도 포항시 북구 장성동,경상사고,0,0,1,0,차대차 - 기타,교차로운행방법위반,습기,비,교차로 - 교차로안,승합,남,30세,상해없음,원동기,남,16세,경상
2014071500100604,2014년 7월 15일 22시,화요일,경상북도 구미시 임은동,경상사고,0,0,1,0,차대사람 - 횡단중,안전운전불이행,건조,흐림,교차로 - 교차로부근,승용,남,48세,상해없음,보행자,남,41세,경상
2014071500100639,2014년 7월 15일 23시,화요일,경상북도 포항시 북구 용흥동,중상사고,0,1,0,0,차대사람 - 횡단중,보행자보호의무위반,습기,비,단일로 - 횡단보도상,승용,남,22세,상해없음,보행자,여,59세,중상
2014071500100640,2014년 7월 15일 23시,화요일,경상북도 포항시 북구 장성동,경상사고,0,0,3,0,차대차 - 기타,안전운전불이행,습기,비,교차로 - 교차로안,승용,남,62세,상해없음,승용,남,59세,경상
2014071500100641,2014년 7월 15일 23시,화요일,경상북도 포항시 남구 대잠동,경상사고,0,0,1,0,차대차 - 기타,교차로운행방법위반,습기,비,교차로 - 교차로안,승용,여,50세,상해없음,자전거,남,17세,경상
2014071500100642,2014년 7월 15일 23시,화요일,경상북도 포항시 남구 인덕동,중상사고,0,1,0,0,차대차 - 기타,중앙선침범,건조,맑음,교차로 - 교차로안,화물,남,36세,상해없음,승용,여,52세,중상
2014071600100013,2014년 7월 16일 00시,수요일,경상북도 포항시 남구 대잠동,중상사고,0,1,0,0,차대차 - 기타,안전운전불이행,습기,비,교차로 - 교차로안,승용,남,39세,상해없음,이륜,남,23세,중상
2014071600100039,2014년 7월 16일 02시,수요일,경상북도 영천시 문외동,경상사고,0,0,2,0,차대차 - 추돌 - 주정차중,안전운전불이행,건조,맑음,단일로 - 기타,승용,남,24세,상해없음,승용,남,59세,경상
2014071600100040,2014년 7월 16일 02시,수요일,경상북도 구미시 임은동,중상사고,0,1,0,0,차량단독 - 공작물충돌,안전운전불이행,건조,맑음,단일로 - 기타,승용,남,26세,상해없음,,,,
2014071600100067,2014년 7월 16일 06시,수요일,경상북도 경주시 용강동,경상사고,0,0,1,1,차대차 - 기타,신호위반,건조,맑음,교차로 - 교차로안,승용,여,60세,부상신고,승용,남,36세,경상
2014071600100112,2014년 7월 16일 08시,수요일,경상북도 김천시 삼락동,경상사고,0,0,1,0,차대차 - 측면직각충돌,안전운전불이행,건조,맑음,교차로 - 교차로부근,자전거,남,14세,경상,승용,여,44세,상해없음
2014071600100113,2014년 7월 16일 08시,수요일,경상북도 김천시 부곡동,중상사고,0,1,0,0,차대사람 - 기타,안전운전불이행,건조,맑음,기타 - 기타,승용,남,61세,상해없음,보행자,남,76세,중상
2014071600100114,2014년 7월 16일 08시,수요일,경상북도 청도군 화양읍,중상사고,0,1,2,1,차대차 - 기타,직진우회전진행방해,건조,맑음,교차로 - 교차로안,승용,남,49세,부상신고,화물,남,32세,경상
2014071600100115,2014년 7월 16일 08시,수요일,경상북도 군위군 우보면,사망사고,1,0,0,0,차량단독 - 전도전복,안전운전불이행,건조,맑음,단일로 - 기타,농기계,남,80세,사망,,,,
2014071600100116,2014년 7월 16일 08시,수요일,경상북도 영양군 청기면,경상사고,0,0,1,0,차량단독 - 공작물충돌,안전운전불이행,건조,맑음,단일로 - 기타,건설기계,남,40세,경상,,,,
2014071600100117,2014년 7월 16일 08시,수요일,경상북도 구미시 지산동,중상사고,0,1,0,0,차대사람 - 기타,안전운전불이행,건조,맑음,교차로 - 교차로안,화물,남,53세,상해없음,보행자,여,80세,중상
2014071600100118,2014년 7월 16일 08시,수요일,경상북도 구미시 황상동,경상사고,0,0,2,0,차대차 - 기타,안전거리미확보,건조,맑음,단일로 - 기타,이륜,남,17세,상해없음,승용,남,33세,경상
2014071600100119,2014년 7월 16일 08시,수요일,경상북도 포항시 남구 인덕동,중상사고,0,1,0,0,차대차 - 추돌 - 진행중,안전운전불이행,건조,맑음,단일로 - 기타,화물,남,35세,상해없음,승용,남,54세,중상
2014071600100158,2014년 7월 16일 09시,수요일,경상북도 안동시 용상동,중상사고,0,1,0,0,차대차 - 기타,직진우회전진행방해,건조,맑음,교차로 - 교차로안,승용,여,53세,상해없음,이륜,여,62세,중상
2014071600100159,2014년 7월 16일 09시,수요일,경상북도 구미시 형곡동,경상사고,0,0,3,0,차대차 - 기타,안전운전불이행,건조,맑음,교차로 - 교차로부근,승용,여,50세,상해없음,승용,여,31세,경상
2014071600100160,2014년 7월 16일 09시,수요일,경상북도 구미시 구평동,경상사고,0,0,3,0,차대차 - 측면직각충돌,안전거리미확보,건조,맑음,기타 - 기타,승용,여,41세,상해없음,승용,여,35세,경상
2014071600100211,2014년 7월 16일 11시,수요일,경상북도 경주시 천군동,중상사고,0,1,0,0,차대차 - 기타,신호위반,건조,맑음,교차로 - 교차로안,이륜,남,70세,중상,승용,남,37세,상해없음
2014071600100212,2014년 7월 16일 11시,수요일,경상북도 김천시 농소면,중상사고,0,1,0,0,차대차 - 측면직각충돌,안전운전불이행,건조,맑음,교차로 - 교차로안,승용,남,52세,상해없음,이륜,남,72세,중상
2014071600100236,2014년 7월 16일 12시,수요일,경상북도 경산시 상방동,경상사고,0,0,1,0,차대차 - 기타,교차로운행방법위반,건조,맑음,교차로 - 교차로안,승용,남,29세,상해없음,자전거,여,26세,경상
2014071600100237,2014년 7월 16일 12시,수요일,경상북도 구미시 도량동,부상신고사고,0,0,0,1,차대차 - 기타,신호위반,건조,맑음,교차로 - 교차로안,이륜,남,18세,부상신고,승용,남,45세,상해없음
2014071600100238,2014년 7월 16일 12시,수요일,경상북도 포항시 남구 대잠동,경상사고,0,0,1,0,차대차 - 기타,직진우회전진행방해,건조,맑음,교차로 - 교차로안,화물,남,65세,상해없음,승용,여,51세,경상
2014071600100303,2014년 7월 16일 14시,수요일,경상북도 경주시 구황동,중상사고,0,1,1,0,차대차 - 기타,안전운전불이행,건조,맑음,교차로 - 교차로안,승합,남,56세,상해없음,승용,남,55세,중상
2014071600100304,2014년 7월 16일 14시,수요일,경상북도 안동시 운안동,경상사고,0,0,1,0,차대차 - 기타,안전운전불이행,건조,맑음,기타 - 기타,원동기,남,23세,경상,승용,남,30세,상해없음
2014071600100305,2014년 7월 16일 14시,수요일,경상북도 문경시 모전동,경상사고,0,0,1,0,차대차 - 기타,안전운전불이행,건조,맑음,교차로 - 교차로안,승용,남,57세,상해없음,승용,남,65세,경상
2014071600100339,2014년 7월 16일 15시,수요일,경상북도 포항시 북구 죽도동,경상사고,0,0,1,0,차대차 - 기타,안전운전불이행,건조,맑음,교차로 - 교차로부근,승용,여,66세,상해없음,승용,남,54세,경상
2014071600100381,2014년 7월 16일 16시,수요일,경상북도 김천시 남산동,중상사고,0,1,0,0,차대차 - 측면직각충돌,안전운전불이행,건조,맑음,교차로 - 교차로부근,이륜,남,73세,중상,승용,남,30세,상해없음
2014071600100383,2014년 7월 16일 16시,수요일,경상북도 울진군 평해읍,경상사고,0,0,1,0,차대차 - 추돌 - 주정차중,안전운전불이행,건조,맑음,교차로 - 교차로부근,화물,남,40세,상해없음,승용,여,65세,경상
2014071600100384,2014년 7월 16일 16시,수요일,경상북도 구미시 선기동,중상사고,0,1,0,0,차대차 - 측면직각충돌,직진우회전진행방해,건조,맑음,교차로 - 교차로부근,승합,남,51세,상해없음,원동기,남,69세,중상
2014071600100385,2014년 7월 16일 16시,수요일,경상북도 포항시 남구 대도동,경상사고,0,0,2,0,차대차 - 기타,차로위반,건조,맑음,단일로 - 기타,승용,남,75세,상해없음,승용,여,39세,경상
2014071600100432,2014년 7월 16일 17시,수요일,경상북도 경주시 황오동,경상사고,0,0,1,0,차대사람 - 기타,안전운전불이행,건조,맑음,기타 - 기타,승용,여,33세,상해없음,보행자,여,63세,경상
2014071600100433,2014년 7월 16일 17시,수요일,경상북도 포항시 북구 항구동,중상사고,0,1,0,0,차대사람 - 횡단중,안전운전불이행,건조,맑음,교차로 - 교차로안,승합,남,47세,상해없음,보행자,여,81세,중상
2014071600100434,2014년 7월 16일 17시,수요일,경상북도 봉화군 봉화읍,경상사고,0,0,3,1,차대차 - 측면직각충돌,교차로운행방법위반,건조,맑음,교차로 - 교차로안,승용,남,29세,부상신고,화물,남,56세,경상
2014071600100435,2014년 7월 16일 17시,수요일,경상북도 성주군 벽진면,경상사고,0,0,2,0,차대차 - 기타,직진우회전진행방해,건조,흐림,교차로 - 교차로안,승용,남,58세,경상,화물,남,53세,경상
2014071600100476,2014년 7월 16일 18시,수요일,경상북도 경주시 성동동,부상신고사고,0,0,0,1,차대사람 - 기타,기타,건조,기타,단일로 - 기타,원동기,남,67세,상해없음,보행자,남,58세,부상신고
2014071600100477,2014년 7월 16일 18시,수요일,경상북도 경주시 배반동,부상신고사고,0,0,0,1,차량단독 - 전도전복,안전운전불이행,습기,비,교차로 - 교차로안,원동기,남,67세,부상신고,,,,
2014071600100478,2014년 7월 16일 18시,수요일,경상북도 경산시 중방동,경상사고,0,0,1,0,차대차 - 기타,교차로운행방법위반,건조,흐림,교차로 - 교차로안,승용,남,52세,상해없음,승용,남,46세,상해없음
2014071600100479,2014년 7월 16일 18시,수요일,경상북도 고령군 고령읍,중상사고,0,1,0,0,차대차 - 추돌 - 주정차중,안전운전불이행,건조,맑음,단일로 - 기타,이륜,남,62세,중상,승용,남,40세,기타불명
2014071600100520,2014년 7월 16일 19시,수요일,경상북도 경주시 성동동,중상사고,0,1,0,0,차대차 - 기타,신호위반,습기,비,단일로 - 기타,원동기,남,24세,중상,승용,남,61세,상해없음
2014071600100551,2014년 7월 16일 20시,수요일,경상북도 김천시 성내동,중상사고,0,1,0,0,차대차 - 측면직각충돌,안전운전불이행,습기,비,단일로 - 기타,승합,남,62세,상해없음,이륜,여,58세,중상
2014071600100596,2014년 7월 16일 21시,수요일,경상북도 영주시 휴천동,경상사고,0,0,1,0,차대차 - 측면직각충돌,안전운전불이행,건조,맑음,교차로 - 교차로안,승용,여,28세,상해없음,원동기,남,39세,경상
2014071600100597,2014년 7월 16일 21시,수요일,경상북도 경산시 옥산동,경상사고,0,0,1,0,차대사람 - 기타,안전운전불이행,건조,맑음,교차로 - 교차로안,화물,남,42세,상해없음,보행자,남,59세,경상
2014071600100632,2014년 7월 16일 22시,수요일,경상북도 의성군 안계면,경상사고,0,0,1,0,차대차 - 측면직각충돌,안전운전불이행,습기,비,교차로 - 교차로안,승용,남,32세,상해없음,승용,여,56세,경상
2014071600100672,2014년 7월 16일 23시,수요일,경상북도 구미시 임은동,경상사고,0,0,1,0,차대차 - 측면직각충돌,중앙선침범,습기,비,단일로 - 기타,화물,남,36세,상해없음,승용,남,26세,경상
2014071600100673,2014년 7월 16일 23시,수요일,경상북도 구미시 시미동,중상사고,0,2,0,0,차대차 - 기타,교차로운행방법위반,습기,비,교차로 - 교차로안,승용,남,47세,상해없음,승용,남,22세,중상
2014071700100016,2014년 7월 17일 00시,목요일,경상북도 포항시 남구 오천읍,경상사고,0,0,1,0,차대사람 - 기타,안전운전불이행,습기,비,단일로 - 기타,기타불명,기타불명,기타불명,기타불명,보행자,여,44세,경상
2014071700100036,2014년 7월 17일 01시,목요일,경상북도 경주시 현곡면,중상사고,0,2,0,1,차대차 - 기타,중앙선침범,습기,비,단일로 - 기타,승합,남,43세,부상신고,승용,여,46세,중상
2014071700100037,2014년 7월 17일 01시,목요일,경상북도 포항시 북구 학산동,경상사고,0,0,1,0,차대차 - 기타,안전운전불이행,습기,비,교차로 - 교차로부근,승용,남,55세,상해없음,승용,남,55세,경상
2014071700100051,2014년 7월 17일 03시,목요일,경상북도 포항시 북구 동빈2가,경상사고,0,0,1,0,차대차 - 기타,기타,건조,맑음,교차로 - 교차로안,원동기,남,29세,경상,승용,남,52세,상해없음
2014071700100100,2014년 7월 17일 07시,목요일,경상북도 안동시 옥동,중상사고,0,1,1,0,차대차 - 기타,안전운전불이행,건조,맑음,단일로 - 기타,화물,남,51세,상해없음,승용,남,44세,경상
2014071700100101,2014년 7월 17일 07시,목요일,경상북도 포항시 남구 오천읍,경상사고,0,0,1,0,차대차 - 기타,안전운전불이행,습기,비,단일로 - 교량,이륜,남,34세,경상,승용,남,31세,상해없음
2014071700100147,2014년 7월 17일 08시,목요일,경상북도 경주시 외동읍,중상사고,0,2,0,0,차대차 - 기타,중앙선침범,습기,비,단일로 - 기타,화물,남,62세,중상,화물,남,60세,중상
2014071700100148,2014년 7월 17일 08시,목요일,경상북도 경주시 강동면,경상사고,0,0,1,0,차대차 - 기타,안전운전불이행,습기,흐림,단일로 - 기타,승용,남,20세,상해없음,승용,남,53세,경상
2014071700100149,2014년 7월 17일 08시,목요일,경상북도 포항시 남구 이동,경상사고,0,0,3,0,차대차 - 기타,신호위반,건조,맑음,교차로 - 교차로안,승용,여,48세,경상,승용,남,53세,경상
2014071700100190,2014년 7월 17일 09시,목요일,경상북도 김천시 지례면,경상사고,0,0,2,0,차대차 - 측면직각충돌,안전운전불이행,건조,맑음,단일로 - 기타,화물,남,27세,상해없음,화물,여,55세,경상
2014071700100191,2014년 7월 17일 09시,목요일,경상북도 의성군 안계면,중상사고,0,2,0,0,차대차 - 추돌 - 진행중,안전운전불이행,건조,맑음,단일로 - 기타,건설기계,남,28세,상해없음,화물,남,74세,중상
2014071700100192,2014년 7월 17일 09시,목요일,경상북도 울진군 평해읍,경상사고,0,0,1,0,차대차 - 측면직각충돌,안전운전불이행,건조,맑음,교차로 - 교차로안,이륜,남,42세,경상,승용,여,49세,상해없음
2014071700100223,2014년 7월 17일 10시,목요일,경상북도 포항시 북구 죽도동,경상사고,0,0,2,0,차대차 - 기타,불법유턴,건조,맑음,교차로 - 교차로부근,승용,남,38세,상해없음,승용,남,50세,경상
2014071700100224,2014년 7월 17일 10시,목요일,경상북도 의성군 봉양면,중상사고,0,1,0,0,차대차 - 측면직각충돌,안전운전불이행,건조,맑음,단일로 - 기타,원동기,남,59세,중상,승용,여,55세,상해없음
2014071700100225,2014년 7월 17일 10시,목요일,경상북도 성주군 성주읍,경상사고,0,0,1,0,차량단독 - 공작물충돌,안전운전불이행,습기,흐림,단일로 - 기타,화물,남,47세,경상,,,,
2014071700100244,2014년 7월 17일 11시,목요일,경상북도 안동시 남문동,중상사고,0,1,0,0,차대사람 - 기타,안전운전불이행,건조,맑음,단일로 - 기타,승용,남,52세,상해없음,보행자,여,75세,중상
2014071700100245,2014년 7월 17일 11시,목요일,경상북도 경산시 진량읍,경상사고,0,0,1,0,차대차 - 기타,안전운전불이행,건조,맑음,단일로 - 기타,화물,남,52세,상해없음,화물,남,40세,경상
2014071700100280,2014년 7월 17일 12시,목요일,경상북도 경주시 강동면,경상사고,0,0,2,0,차대차 - 측면직각충돌,신호위반,건조,맑음,교차로 - 교차로안,승용,남,61세,상해없음,화물,남,58세,경상
2014071700100281,2014년 7월 17일 12시,목요일,경상북도 경주시 용강동,경상사고,0,0,1,0,차대사람 - 기타,안전운전불이행,건조,맑음,기타 - 기타,승용,남,34세,상해없음,보행자,남,59세,경상
2014071700100282,2014년 7월 17일 12시,목요일,경상북도 경주시 안강읍,중상사고,0,1,0,0,차대사람 - 기타,안전운전불이행,건조,맑음,단일로 - 기타,이륜,남,76세,상해없음,보행자,여,66세,중상
2014071700100283,2014년 7월 17일 12시,목요일,경상북도 포항시 북구 남빈동,중상사고,0,1,0,0,차대차 - 기타,안전운전불이행,건조,맑음,단일로 - 기타,승용,여,50세,상해없음,원동기,남,64세,중상
2014071700100285,2014년 7월 17일 12시,목요일,경상북도 영천시 임고면,중상사고,0,1,0,0,차대차 - 기타,안전운전불이행,건조,맑음,교차로 - 교차로안,승용,남,54세,상해없음,승용,여,61세,중상
2014071700100316,2014년 7월 17일 13시,목요일,경상북도 청도군 각북면,중상사고,0,1,0,0,차대차 - 기타,직진우회전진행방해,건조,흐림,교차로 - 교차로안,승용,남,18세,상해없음,원동기,남,71세,중상
2014071700100340,2014년 7월 17일 14시,목요일,경상북도 문경시 모전동,중상사고,0,1,0,0,차대사람 - 횡단중,기타,건조,맑음,교차로 - 교차로부근,원동기,남,74세,상해없음,보행자,여,6세,중상
2014071700100341,2014년 7월 17일 14시,목요일,경상북도 경산시 중방동,경상사고,0,0,1,0,차대차 - 측면직각충돌,안전운전불이행,건조,맑음,교차로 - 교차로안,승용,남,26세,상해없음,원동기,남,49세,경상
2014071700100342,2014년 7월 17일 14시,목요일,경상북도 영양군 영양읍,경상사고,0,0,1,0,차대차 - 기타,안전운전불이행,건조,맑음,단일로 - 기타,승용,여,60세,상해없음,화물,남,43세,경상
2014071700100369,2014년 7월 17일 15시,목요일,경상북도 안동시 화성동,경상사고,0,0,1,0,차대사람 - 횡단중,보행자보호의무위반,건조,맑음,단일로 - 기타,승용,여,53세,상해없음,보행자,남,20세,경상
2014071700100370,2014년 7월 17일 15시,목요일,경상북도 경산시 중방동,경상사고,0,0,1,0,차대차 - 기타,안전운전불이행,습기,비,단일로 - 기타,화물,남,60세,상해없음,승용,여,47세,경상
2014071700100371,2014년 7월 17일 15시,목요일,경상북도 영양군 영양읍,경상사고,0,0,3,0,차대차 - 측면직각충돌,교차로운행방법위반,건조,맑음,교차로 - 교차로안,화물,남,53세,경상,화물,남,39세,경상
2014071700100403,2014년 7월 17일 16시,목요일,경상북도 경주시 내남면,중상사고,0,1,0,0,차대차 - 측면직각충돌,신호위반,건조,맑음,교차로 - 교차로안,화물,남,58세,상해없음,화물,남,55세,중상