사고번호,사고일시,요일,시군구,사고내용,사망자수,중상자수,경상자수,부상신고자수,사고유형,법규위반,노면상태,기상상태,도로형태,가해운전자 차종,가해운전자 성별,가해운전자 연령,가해운전자 상해정도,피해운전자 차종,피해운전자 성별,피해운전자 연령,피해운전자 상해정도
2014071700100404,2014년 7월 17일 16시,목요일,경상북도 포항시 북구 용흥동,경상사고,0,0,1,0,차량단독 - 공작물충돌,안전운전불이행,건조,흐림,단일로 - 기타,승합,남,43세,상해없음,,,,
2014071700100405,2014년 7월 17일 16시,목요일,경상북도 영천시 문내동,부상신고사고,0,0,0,1,차대사람 - 기타,안전운전불이행,건조,맑음,단일로 - 기타,승용,기타불명,기타불명,기타불명,보행자,여,8세,부상신고
2014071700100442,2014년 7월 17일 17시,목요일,경상북도 안동시 송현동,중상사고,0,1,2,0,차대차 - 추돌 - 진행중,안전운전불이행,건조,맑음,단일로 - 기타,승용,여,54세,상해없음,승용,여,54세,중상
2014071700100443,2014년 7월 17일 17시,목요일,경상북도 안동시 풍산읍,경상사고,0,0,4,0,차대차 - 측면직각충돌,안전운전불이행,건조,맑음,단일로 - 기타,승합,남,55세,상해없음,승용,남,59세,경상
2014071700100444,2014년 7월 17일 17시,목요일,경상북도 영주시 가흥동,중상사고,0,1,1,0,차대차 - 측면직각충돌,안전운전불이행,건조,맑음,교차로 - 교차로안,승합,여,56세,중상,승합,남,47세,경상
2014071700100445,2014년 7월 17일 17시,목요일,경상북도 구미시 신평동,부상신고사고,0,0,0,1,차대차 - 기타,안전거리미확보,건조,맑음,단일로 - 기타,이륜,남,63세,부상신고,승용,여,60세,상해없음
2014071700100446,2014년 7월 17일 17시,목요일,경상북도 칠곡군 왜관읍,경상사고,0,0,2,0,차대차 - 측면직각충돌,안전거리미확보,건조,흐림,단일로 - 기타,기타불명,기타불명,기타불명,기타불명,승용,남,23세,경상
2014071700100523,2014년 7월 17일 19시,목요일,경상북도 영천시 고경면,중상사고,0,1,4,0,차대차 - 기타,중앙선침범,건조,맑음,단일로 - 기타,승용,남,20세,경상,승용,남,25세,경상
2014071700100524,2014년 7월 17일 19시,목요일,경상북도 문경시 점촌동,중상사고,0,1,0,0,차대차 - 기타,직진우회전진행방해,건조,맑음,교차로 - 교차로안,승용,남,57세,상해없음,이륜,남,17세,중상
2014071700100566,2014년 7월 17일 20시,목요일,경상북도 영주시 휴천동,경상사고,0,0,1,0,차대차 - 측면직각충돌,안전운전불이행,건조,맑음,단일로 - 기타,승용,여,30세,상해없음,자전거,남,13세,경상
2014071700100633,2014년 7월 17일 22시,목요일,경상북도 포항시 북구 두호동,중상사고,0,1,0,0,차대사람 - 횡단중,안전운전불이행,건조,맑음,단일로 - 기타,원동기,남,44세,상해없음,보행자,여,60세,중상
2014071700100634,2014년 7월 17일 22시,목요일,경상북도 포항시 북구 장성동,경상사고,0,0,1,0,차대차 - 기타,안전운전불이행,건조,맑음,교차로 - 교차로부근,승용,남,48세,상해없음,승용,남,60세,경상
2014071700100664,2014년 7월 17일 23시,목요일,경상북도 칠곡군 왜관읍,경상사고,0,0,2,0,차대차 - 측면직각충돌,안전거리미확보,건조,맑음,교차로 - 교차로부근,화물,남,38세,상해없음,승용,여,22세,경상
2014071800100044,2014년 7월 18일 02시,금요일,경상북도 경산시 사동,중상사고,0,1,0,0,차대차 - 기타,안전운전불이행,습기,비,단일로 - 기타,승용,남,27세,상해없음,이륜,남,17세,중상
2014071800100117,2014년 7월 18일 07시,금요일,경상북도 경주시 안강읍,경상사고,0,0,1,1,차대차 - 기타,안전운전불이행,습기,비,교차로 - 교차로안,승용,남,57세,부상신고,승용,여,46세,경상
2014071800100153,2014년 7월 18일 08시,금요일,경상북도 경주시 성건동,경상사고,0,0,1,0,차대차 - 기타,안전운전불이행,건조,맑음,교차로 - 교차로안,화물,남,30세,상해없음,자전거,남,76세,경상
2014071800100154,2014년 7월 18일 08시,금요일,경상북도 영주시 영주동,경상사고,0,0,1,0,차대차 - 추돌 - 주정차중,안전운전불이행,건조,맑음,단일로 - 기타,승용,남,30세,상해없음,승용,남,47세,경상
2014071800100155,2014년 7월 18일 08시,금요일,경상북도 영천시 화룡동,중상사고,0,1,0,0,차대차 - 기타,직진우회전진행방해,습기,비,교차로 - 교차로부근,승용,남,42세,상해없음,승용,남,63세,중상
2014071800100156,2014년 7월 18일 08시,금요일,경상북도 구미시 비산동,중상사고,0,1,0,0,차대차 - 기타,안전운전불이행,건조,맑음,교차로 - 교차로부근,승용,남,40세,상해없음,승용,남,64세,중상
2014071800100187,2014년 7월 18일 09시,금요일,경상북도 영주시 풍기읍,중상사고,0,2,0,0,차대차 - 추돌 - 진행중,안전운전불이행,습기,비,단일로 - 기타,화물,남,33세,상해없음,화물,남,64세,중상
2014071800100188,2014년 7월 18일 09시,금요일,경상북도 성주군 성주읍,경상사고,0,0,1,0,차대차 - 기타,직진우회전진행방해,건조,맑음,교차로 - 교차로안,이륜,여,39세,경상,승용,남,59세,상해없음
2014071800100212,2014년 7월 18일 10시,금요일,경상북도 영천시 도남동,경상사고,0,0,4,0,차대차 - 측면직각충돌,교차로운행방법위반,습기,비,교차로 - 교차로안,승용,남,32세,경상,승용,남,45세,경상
2014071800100238,2014년 7월 18일 11시,금요일,경상북도 영주시 휴천동,중상사고,0,1,1,0,차대차 - 측면직각충돌,신호위반,습기,비,교차로 - 교차로안,승용,여,43세,상해없음,화물,남,40세,중상
2014071800100239,2014년 7월 18일 11시,금요일,경상북도 영주시 휴천동,중상사고,0,1,0,0,차대차 - 측면직각충돌,안전운전불이행,습기,비,교차로 - 교차로안,승용,남,53세,상해없음,화물,남,52세,중상
2014071800100264,2014년 7월 18일 12시,금요일,경상북도 영주시 안정면,경상사고,0,0,2,0,차량단독 - 공작물충돌,안전운전불이행,습기,비,단일로 - 기타,승용,남,53세,경상,,,,
2014071800100265,2014년 7월 18일 12시,금요일,경상북도 영주시 가흥동,중상사고,0,1,0,0,차대차 - 기타,안전운전불이행,습기,비,교차로 - 교차로부근,원동기,남,25세,상해없음,자전거,남,69세,중상
2014071800100294,2014년 7월 18일 13시,금요일,경상북도 경주시 용강동,부상신고사고,0,0,0,2,차대차 - 기타,안전운전불이행,습기,비,단일로 - 기타,승용,남,46세,부상신고,승용,여,44세,부상신고
2014071800100332,2014년 7월 18일 14시,금요일,경상북도 경주시 용강동,중상사고,0,2,3,1,차대차 - 기타,안전운전불이행,습기,비,교차로 - 교차로안,승용,여,40세,부상신고,승용,남,27세,경상
2014071800100333,2014년 7월 18일 14시,금요일,경상북도 청송군 현동면,경상사고,0,0,1,1,차량단독 - 도로외이탈 - 기타,안전운전불이행,건조,맑음,단일로 - 기타,승용,여,29세,부상신고,,,,
2014071800100334,2014년 7월 18일 14시,금요일,경상북도 청송군 부남면,중상사고,0,1,2,0,차대차 - 정면충돌,중앙선침범,건조,맑음,단일로 - 기타,승용,남,76세,상해없음,화물,여,49세,중상
2014071800100335,2014년 7월 18일 14시,금요일,경상북도 구미시 도개면,경상사고,0,0,1,0,차대사람 - 기타,안전운전불이행,건조,맑음,기타 - 기타,승용,남,28세,상해없음,보행자,여,62세,경상
2014071800100336,2014년 7월 18일 14시,금요일,경상북도 구미시 구평동,경상사고,0,0,1,1,차대차 - 기타,교차로운행방법위반,건조,맑음,교차로 - 교차로안,이륜,남,47세,부상신고,승용,남,28세,경상
2014071800100368,2014년 7월 18일 15시,금요일,경상북도 상주시 무양동,사망사고,1,0,0,0,차대차 - 기타,교차로운행방법위반,건조,흐림,교차로 - 교차로안,승용,남,22세,상해없음,자전거,남,66세,사망
2014071800100369,2014년 7월 18일 15시,금요일,경상북도 영천시 문외동,중상사고,0,1,0,0,차대차 - 기타,안전운전불이행,건조,맑음,단일로 - 기타,승용,남,68세,상해없음,자전거,남,21세,중상
2014071800100370,2014년 7월 18일 15시,금요일,경상북도 포항시 남구 호동,중상사고,0,1,0,0,차량단독 - 공작물충돌,안전운전불이행,건조,맑음,단일로 - 기타,승용,남,22세,중상,,,,
2014071800100410,2014년 7월 18일 16시,금요일,경상북도 경주시 양남면,부상신고사고,0,0,0,1,차량단독 - 기타,안전운전불이행,습기,흐림,단일로 - 기타,화물,남,70세,부상신고,,,,
2014071800100411,2014년 7월 18일 16시,금요일,경상북도 포항시 북구 용흥동,중상사고,0,1,2,0,차대차 - 추돌 - 주정차중,안전운전불이행,건조,맑음,교차로 - 교차로부근,승용,남,64세,상해없음,승용,여,52세,경상
2014071800100412,2014년 7월 18일 16시,금요일,경상북도 청도군 청도읍,중상사고,0,1,0,0,차대차 - 기타,중앙선침범,습기,흐림,단일로 - 교량,승용,남,58세,상해없음,화물,남,56세,중상
2014071800100413,2014년 7월 18일 16시,금요일,경상북도 성주군 금수면,중상사고,0,2,0,0,차대차 - 정면충돌,중앙선침범,기타,맑음,단일로 - 기타,화물,남,59세,중상,화물,남,48세,중상
2014071800100414,2014년 7월 18일 16시,금요일,경상북도 포항시 남구 해도동,경상사고,0,0,1,0,차대차 - 기타,중앙선침범,건조,맑음,교차로 - 교차로안,이륜,남,56세,경상,승용,여,29세,상해없음
2014071800100415,2014년 7월 18일 16시,금요일,경상북도 포항시 남구 연일읍,경상사고,0,0,3,0,차대차 - 기타,직진우회전진행방해,건조,맑음,교차로 - 교차로안,승용,남,65세,경상,화물,여,54세,경상
2014071800100468,2014년 7월 18일 17시,금요일,경상북도 상주시 청리면,사망사고,1,0,0,0,차대차 - 측면직각충돌,교차로운행방법위반,건조,맑음,교차로 - 교차로안,화물,남,61세,상해없음,이륜,남,73세,사망
2014071800100469,2014년 7월 18일 17시,금요일,경상북도 구미시 지산동,경상사고,0,0,1,0,차대차 - 기타,안전운전불이행,건조,맑음,단일로 - 기타,승용,여,51세,경상,화물,남,51세,상해없음
2014071800100470,2014년 7월 18일 17시,금요일,경상북도 포항시 남구 연일읍,경상사고,0,0,1,0,차대차 - 기타,안전운전불이행,건조,맑음,교차로 - 교차로안,승용,남,47세,상해없음,승용,여,44세,경상
2014071800100515,2014년 7월 18일 18시,금요일,경상북도 영천시 임고면,경상사고,0,0,1,0,차대차 - 기타,안전운전불이행,건조,맑음,단일로 - 기타,승용,여,39세,상해없음,화물,남,46세,경상
2014071800100516,2014년 7월 18일 18시,금요일,경상북도 성주군 성주읍,중상사고,0,1,0,0,차대사람 - 횡단중,안전운전불이행,건조,맑음,단일로 - 기타,승용,여,32세,상해없음,보행자,남,40세,중상
2014071800100517,2014년 7월 18일 18시,금요일,경상북도 울진군 기성면,중상사고,0,1,0,0,차대차 - 기타,중앙선침범,건조,맑음,단일로 - 기타,화물,남,55세,상해없음,승합,남,58세,중상
2014071800100518,2014년 7월 18일 18시,금요일,경상북도 구미시 선산읍,중상사고,0,1,0,0,차대차 - 기타,안전운전불이행,건조,흐림,교차로 - 교차로안,원동기,여,76세,중상,승용,남,56세,상해없음
2014071800100595,2014년 7월 18일 20시,금요일,경상북도 경주시 인왕동,부상신고사고,0,0,0,1,차대차 - 기타,안전운전불이행,건조,맑음,단일로 - 기타,승용,여,55세,상해없음,자전거,남,62세,부상신고
2014071800100596,2014년 7월 18일 20시,금요일,경상북도 예천군 보문면,중상사고,0,1,1,0,차량단독 - 공작물충돌,안전운전불이행,건조,맑음,단일로 - 기타,승용,여,20세,경상,,,,
2014071800100656,2014년 7월 18일 22시,금요일,경상북도 칠곡군 북삼읍,사망사고,1,0,0,0,차량단독 - 기타,안전운전불이행,건조,맑음,단일로 - 기타,이륜,남,51세,사망,,,,
2014071800100657,2014년 7월 18일 22시,금요일,경상북도 구미시 진평동,경상사고,0,0,1,0,차대사람 - 기타,안전운전불이행,건조,맑음,단일로 - 기타,원동기,남,37세,상해없음,보행자,여,24세,경상
2014071800100703,2014년 7월 18일 23시,금요일,경상북도 포항시 북구 기계면,중상사고,0,1,0,0,차량단독 - 공작물충돌,안전운전불이행,건조,맑음,기타 - 기타,승용,남,19세,중상,,,,
2014071900100018,2014년 7월 19일 00시,토요일,경상북도 상주시 내서면,중상사고,0,2,0,0,차대차 - 기타,중앙선침범,건조,맑음,단일로 - 기타,특수,남,34세,상해없음,승용,남,49세,중상
2014071900100042,2014년 7월 19일 01시,토요일,경상북도 포항시 북구 장성동,중상사고,0,1,3,0,차대차 - 기타,안전운전불이행,건조,맑음,교차로 - 교차로안,승용,남,53세,상해없음,승용,여,28세,경상
2014071900100067,2014년 7월 19일 03시,토요일,경상북도 경주시 양남면,중상사고,0,1,0,0,차량단독 - 공작물충돌,안전운전불이행,건조,맑음,단일로 - 기타,승용,남,40세,중상,,,,
2014071900100087,2014년 7월 19일 04시,토요일,경상북도 경산시 중방동,중상사고,0,1,0,0,차대차 - 기타,신호위반,건조,맑음,교차로 - 교차로안,승용,남,49세,상해없음,승용,여,39세,중상
2014071900100088,2014년 7월 19일 04시,토요일,경상북도 구미시 고아읍,중상사고,0,1,0,0,차대차 - 기타,안전운전불이행,건조,기타,단일로 - 기타,승용,남,33세,상해없음,승용,남,19세,중상
2014071900100110,2014년 7월 19일 05시,토요일,경상북도 안동시 당북동,중상사고,0,1,1,0,차대차 - 측면직각충돌,교차로운행방법위반,건조,맑음,교차로 - 교차로안,승용,남,57세,상해없음,승용,남,76세,경상
2014071900100155,2014년 7월 19일 08시,토요일,경상북도 영주시 풍기읍,중상사고,0,1,0,0,차대차 - 기타,안전운전불이행,건조,맑음,단일로 - 기타,승용,남,49세,상해없음,자전거,여,66세,중상
2014071900100156,2014년 7월 19일 08시,토요일,경상북도 구미시 옥계동,중상사고,0,4,0,0,차대차 - 기타,신호위반,건조,맑음,교차로 - 교차로안,승합,남,54세,상해없음,승용,여,52세,중상
2014071900100199,2014년 7월 19일 10시,토요일,경상북도 청도군 각남면,중상사고,0,2,0,0,차대차 - 추돌 - 진행중,안전거리미확보,건조,맑음,단일로 - 기타,화물,남,57세,상해없음,화물,남,48세,중상
2014071900100200,2014년 7월 19일 10시,토요일,경상북도 구미시 사곡동,중상사고,0,1,0,0,차대사람 - 기타,보행자보호의무위반,건조,맑음,단일로 - 횡단보도상,승용,여,40세,기타불명,보행자,여,50세,중상
2014071900100201,2014년 7월 19일 10시,토요일,경상북도 칠곡군 동명면,중상사고,0,1,0,0,차대차 - 측면직각충돌,안전운전불이행,건조,맑음,단일로 - 기타,승용,남,21세,상해없음,건설기계,남,45세,중상
2014071900100241,2014년 7월 19일 11시,토요일,경상북도 칠곡군 석적읍,경상사고,0,0,1,0,차대차 - 측면직각충돌,교차로운행방법위반,건조,맑음,교차로 - 교차로안,승용,남,62세,상해없음,원동기,남,79세,경상
2014071900100242,2014년 7월 19일 11시,토요일,경상북도 영천시 고경면,경상사고,0,0,1,0,차대차 - 기타,안전운전불이행,건조,맑음,교차로 - 교차로부근,승합,여,42세,상해없음,원동기,남,43세,경상
2014071900100278,2014년 7월 19일 12시,토요일,경상북도 경주시 성건동,부상신고사고,0,0,0,1,차대차 - 기타,안전운전불이행,건조,맑음,교차로 - 교차로안,원동기,남,74세,부상신고,화물,남,67세,상해없음
2014071900100279,2014년 7월 19일 12시,토요일,경상북도 청송군 청송읍,중상사고,0,1,0,0,차대사람 - 기타,안전운전불이행,습기,비,단일로 - 기타,승용,남,49세,상해없음,보행자,여,76세,중상
2014071900100317,2014년 7월 19일 13시,토요일,경상북도 포항시 북구 죽도동,경상사고,0,0,1,0,차대사람 - 횡단중,안전운전불이행,건조,맑음,단일로 - 기타,승용,남,66세,상해없음,보행자,남,46세,경상
2014071900100318,2014년 7월 19일 13시,토요일,경상북도 김천시 대항면,경상사고,0,0,1,0,차대사람 - 기타,안전운전불이행,건조,맑음,기타 - 기타,승용,남,49세,상해없음,보행자,남,54세,경상
2014071900100319,2014년 7월 19일 13시,토요일,경상북도 성주군 수륜면,중상사고,0,1,0,0,차대차 - 추돌 - 주정차중,안전운전불이행,건조,맑음,기타 - 기타,이륜,남,77세,중상,화물,남,49세,상해없음
2014071900100320,2014년 7월 19일 13시,토요일,경상북도 포항시 남구 해도동,중상사고,0,2,1,0,차대차 - 기타,교차로운행방법위반,건조,맑음,교차로 - 교차로안,승용,남,55세,상해없음,승용,여,37세,중상
2014071900100346,2014년 7월 19일 14시,토요일,경상북도 칠곡군 지천면,사망사고,1,0,0,0,차량단독 - 전도전복,안전운전불이행,건조,맑음,단일로 - 기타,원동기,남,78세,사망,,,,
2014071900100347,2014년 7월 19일 14시,토요일,경상북도 예천군 예천읍,경상사고,0,0,1,0,차대차 - 기타,안전운전불이행,습기,비,단일로 - 기타,승용,남,67세,상해없음,자전거,남,10세,경상
2014071900100348,2014년 7월 19일 14시,토요일,경상북도 봉화군 석포면,중상사고,0,1,0,1,차대차 - 기타,중앙선침범,건조,맑음,단일로 - 기타,승용,남,29세,부상신고,화물,남,54세,상해없음
2014071900100349,2014년 7월 19일 14시,토요일,경상북도 구미시 봉곡동,중상사고,0,1,0,0,차대차 - 기타,안전운전불이행,건조,맑음,단일로 - 기타,승용,남,30세,상해없음,이륜,남,19세,중상
2014071900100350,2014년 7월 19일 14시,토요일,경상북도 영천시 금호읍,중상사고,0,1,1,0,차대차 - 기타,안전운전불이행,건조,맑음,단일로 - 기타,승용,남,19세,상해없음,승용,남,60세,중상
2014071900100380,2014년 7월 19일 15시,토요일,경상북도 포항시 북구 청하면,중상사고,0,1,1,0,차대차 - 기타,중앙선침범,건조,맑음,기타 - 기타,승용,남,40세,상해없음,승용,여,53세,중상
2014071900100381,2014년 7월 19일 15시,토요일,경상북도 경산시 중방동,경상사고,0,0,1,0,차대차 - 기타,안전거리미확보,건조,맑음,교차로 - 교차로부근,승용,남,52세,상해없음,승용,남,53세,경상
2014071900100382,2014년 7월 19일 15시,토요일,경상북도 포항시 남구 오천읍,중상사고,0,1,0,0,차대차 - 기타,안전운전불이행,건조,맑음,단일로 - 기타,승용,남,18세,상해없음,이륜,남,19세,중상
2014071900100383,2014년 7월 19일 15시,토요일,경상북도 포항시 남구 장기면,경상사고,0,0,2,0,차대차 - 기타,신호위반,건조,맑음,교차로 - 교차로부근,승용,남,61세,상해없음,승용,남,26세,경상
2014071900100420,2014년 7월 19일 16시,토요일,경상북도 포항시 북구 죽도동,중상사고,0,1,0,0,차대차 - 기타,안전운전불이행,건조,맑음,단일로 - 기타,원동기,여,50세,상해없음,자전거,남,15세,중상
2014071900100421,2014년 7월 19일 16시,토요일,경상북도 상주시 낙동면,경상사고,0,0,1,0,차대사람 - 길가장자리구역통행중,안전운전불이행,건조,맑음,단일로 - 기타,화물,남,61세,상해없음,보행자,남,49세,경상
2014071900100422,2014년 7월 19일 16시,토요일,경상북도 군위군 군위읍,중상사고,0,1,1,0,차대차 - 추돌 - 진행중,안전거리미확보,건조,맑음,단일로 - 기타,원동기,남,78세,경상,화물,남,67세,상해없음
2014071900100461,2014년 7월 19일 17시,토요일,경상북도 김천시 구성면,경상사고,0,0,1,0,차대차 - 측면직각충돌,안전운전불이행,건조,맑음,교차로 - 교차로안,이륜,남,53세,경상,승용,여,44세,상해없음
2014071900100462,2014년 7월 19일 17시,토요일,경상북도 의성군 금성면,중상사고,0,1,0,0,차대차 - 측면직각충돌,직진우회전진행방해,건조,맑음,교차로 - 교차로안,승용,남,45세,상해없음,원동기,남,71세,중상
2014071900100463,2014년 7월 19일 17시,토요일,경상북도 경산시 압량면,중상사고,0,1,0,0,차대차 - 기타,안전운전불이행,건조,맑음,교차로 - 교차로부근,승용,남,36세,상해없음,이륜,여,54세,중상
2014071900100492,2014년 7월 19일 18시,토요일,경상북도 상주시 사벌면,중상사고,0,1,1,0,차대차 - 기타,교차로운행방법위반,건조,맑음,교차로 - 교차로안,승용,남,25세,상해없음,승용,남,48세,중상
2014071900100493,2014년 7월 19일 18시,토요일,경상북도 영주시 하망동,경상사고,0,0,2,0,차대차 - 측면직각충돌,안전운전불이행,건조,맑음,단일로 - 기타,이륜,남,56세,경상,승용,남,42세,경상
2014071900100494,2014년 7월 19일 18시,토요일,경상북도 구미시 원평동,경상사고,0,0,2,0,차대차 - 기타,안전거리미확보,건조,맑음,교차로 - 교차로안,승용,남,24세,상해없음,승용,여,36세,경상
2014071900100495,2014년 7월 19일 18시,토요일,경상북도 포항시 남구 오천읍,중상사고,0,1,0,0,차대차 - 기타,중앙선침범,건조,맑음,단일로 - 기타,승용,여,32세,상해없음,이륜,남,19세,중상
2014071900100521,2014년 7월 19일 19시,토요일,경상북도 청도군 이서면,경상사고,0,0,1,0,차량단독 - 전도전복,안전운전불이행,건조,맑음,단일로 - 기타,승용,남,69세,경상,,,,
2014071900100558,2014년 7월 19일 20시,토요일,경상북도 경주시 외동읍,중상사고,0,1,1,0,차대차 - 기타,중앙선침범,건조,맑음,교차로 - 교차로부근,승용,남,74세,상해없음,승용,여,44세,경상
2014071900100559,2014년 7월 19일 20시,토요일,경상북도 경주시 강동면,경상사고,0,0,3,0,차대차 - 측면직각충돌,안전운전불이행,건조,맑음,단일로 - 기타,승용,남,65세,경상,승용,남,56세,상해없음
2014071900100560,2014년 7월 19일 20시,토요일,경상북도 안동시 법흥동,중상사고,0,1,0,0,차대사람 - 횡단중,보행자보호의무위반,건조,맑음,단일로 - 횡단보도상,승용,여,57세,상해없음,보행자,여,58세,중상
2014071900100561,2014년 7월 19일 20시,토요일,경상북도 김천시 성내동,경상사고,0,0,1,0,차대차 - 측면직각충돌,교차로운행방법위반,건조,맑음,교차로 - 교차로부근,승용,남,39세,상해없음,승용,여,53세,경상
2014071900100562,2014년 7월 19일 20시,토요일,경상북도 경산시 사정동,중상사고,0,1,0,0,차대차 - 측면직각충돌,안전운전불이행,건조,맑음,교차로 - 교차로안,화물,남,53세,상해없음,원동기,남,64세,중상
2014071900100563,2014년 7월 19일 20시,토요일,경상북도 구미시 봉곡동,경상사고,0,0,3,0,차대차 - 기타,안전운전불이행,건조,맑음,단일로 - 기타,승용,남,48세,상해없음,승용,남,26세,경상
2014071900100650,2014년 7월 19일 23시,토요일,경상북도 경주시 성동동,경상사고,0,0,1,0,차대차 - 기타,안전운전불이행,습기,비,교차로 - 교차로부근,자전거,남,45세,경상,승용,남,18세,상해없음
2014071900100651,2014년 7월 19일 23시,토요일,경상북도 포항시 북구 죽도동,경상사고,0,0,1,0,차대차 - 기타,안전운전불이행,습기,비,교차로 - 교차로부근,승용,여,41세,상해없음,원동기,남,49세,경상
2014072000100062,2014년 7월 20일 03시,일요일,경상북도 포항시 북구 대흥동,경상사고,0,0,2,0,차대차 - 추돌 - 진행중,차로위반,습기,비,단일로 - 기타,승용,남,42세,경상,승용,남,24세,상해없음
2014072000100072,2014년 7월 20일 04시,일요일,경상북도 영주시 가흥동,중상사고,0,1,0,0,차량단독 - 공작물충돌,안전운전불이행,건조,맑음,단일로 - 기타,이륜,남,19세,중상,,,,
2014072000100084,2014년 7월 20일 05시,일요일,경상북도 포항시 북구 흥해읍,중상사고,0,1,0,0,차대차 - 기타,차로위반,건조,맑음,단일로 - 기타,승용,남,26세,상해없음,승용,남,64세,중상
2014072000100110,2014년 7월 20일 08시,일요일,경상북도 경산시 진량읍,경상사고,0,0,1,0,차대차 - 측면직각충돌,안전거리미확보,건조,맑음,단일로 - 기타,승용,남,46세,기타불명,원동기,남,18세,경상
2014072000100128,2014년 7월 20일 09시,일요일,경상북도 안동시 남선면,경상사고,0,0,1,0,차대차 - 기타,안전운전불이행,건조,맑음,교차로 - 교차로안,원동기,남,77세,경상,승용,남,62세,상해없음
2014072000100129,2014년 7월 20일 09시,일요일,경상북도 청도군 운문면,경상사고,0,0,1,0,차대차 - 기타,안전운전불이행,건조,맑음,단일로 - 기타,원동기,여,79세,경상,승용,남,36세,상해없음
2014072000100148,2014년 7월 20일 10시,일요일,경상북도 영천시 신령면,경상사고,0,0,2,1,차대차 - 측면직각충돌,교차로운행방법위반,건조,맑음,교차로 - 교차로안,승용,남,55세,부상신고,승용,남,26세,경상
2014072000100149,2014년 7월 20일 10시,일요일,경상북도 청송군 현동면,사망사고,1,0,0,0,차량단독 - 공작물충돌,기타,건조,맑음,단일로 - 기타,이륜,남,39세,사망,,,,
2014072000100150,2014년 7월 20일 10시,일요일,경상북도 포항시 남구 송도동,경상사고,0,0,1,0,차대차 - 기타,교차로운행방법위반,건조,맑음,교차로 - 교차로안,승용,남,67세,상해없음,이륜,여,55세,경상
2014072000100151,2014년 7월 20일 10시,일요일,경상북도 포항시 남구 오천읍,경상사고,0,0,3,0,차대차 - 기타,직진우회전진행방해,건조,맑음,교차로 - 교차로안,승용,여,59세,상해없음,승용,남,32세,경상
2014072000100174,2014년 7월 20일 11시,일요일,경상북도 상주시 함창읍,중상사고,0,1,0,0,차대차 - 기타,안전운전불이행,건조,맑음,교차로 - 교차로부근,승용,여,50세,상해없음,이륜,남,73세,중상
2014072000100175,2014년 7월 20일 11시,일요일,경상북도 구미시 진평동,경상사고,0,0,2,0,차대차 - 기타,안전운전불이행,건조,맑음,교차로 - 교차로부근,승용,여,40세,상해없음,승용,남,31세,경상
2014072000100198,2014년 7월 20일 12시,일요일,경상북도 포항시 북구 흥해읍,경상사고,0,0,5,2,차대차 - 기타,차로위반,건조,맑음,단일로 - 기타,승용,남,72세,부상신고,승용,여,22세,경상
2014072000100199,2014년 7월 20일 12시,일요일,경상북도 포항시 북구 죽도동,경상사고,0,0,2,0,차대차 - 기타,신호위반,건조,맑음,교차로 - 교차로안,승용,남,21세,상해없음,승용,남,28세,경상
2014072000100200,2014년 7월 20일 12시,일요일,경상북도 김천시 다수동,경상사고,0,0,1,0,차대차 - 측면직각충돌,교차로운행방법위반,건조,맑음,교차로 - 교차로안,승용,여,35세,상해없음,이륜,남,46세,경상
2014072000100201,2014년 7월 20일 12시,일요일,경상북도 예천군 풍양면,중상사고,0,2,0,0,차대차 - 정면충돌,중앙선침범,건조,맑음,단일로 - 기타,승용,남,66세,상해없음,승용,남,58세,중상
2014072000100222,2014년 7월 20일 13시,일요일,경상북도 포항시 북구 흥해읍,경상사고,0,0,1,0,차대차 - 기타,안전운전불이행,건조,맑음,단일로 - 기타,승용,남,43세,상해없음,승용,여,46세,경상
2014072000100223,2014년 7월 20일 13시,일요일,경상북도 경산시 임당동,경상사고,0,0,1,0,차대차 - 기타,안전운전불이행,건조,맑음,교차로 - 교차로안,기타불명,기타불명,기타불명,기타불명,승용,여,48세,경상
2014072000100224,2014년 7월 20일 13시,일요일,경상북도 포항시 남구 지곡동,경상사고,0,0,1,0,차대차 - 기타,안전운전불이행,건조,맑음,교차로 - 교차로안,승용,여,44세,상해없음,승용,남,47세,상해없음
2014072000100259,2014년 7월 20일 14시,일요일,경상북도 포항시 북구 죽도동,경상사고,0,0,1,0,차대차 - 기타,안전운전불이행,건조,맑음,교차로 - 교차로안,승용,남,24세,상해없음,승용,남,42세,경상
2014072000100260,2014년 7월 20일 14시,일요일,경상북도 청도군 청도읍,중상사고,0,2,1,0,차대차 - 기타,직진우회전진행방해,건조,맑음,교차로 - 교차로안,승용,남,65세,상해없음,승용,남,71세,중상
2014072000100261,2014년 7월 20일 14시,일요일,경상북도 울진군 후포면,중상사고,0,2,0,0,차대차 - 기타,안전운전불이행,건조,맑음,교차로 - 교차로안,승용,남,55세,상해없음,승용,남,61세,상해없음
2014072000100295,2014년 7월 20일 15시,일요일,경상북도 구미시 도량동,경상사고,0,0,5,0,차대차 - 기타,안전운전불이행,건조,맑음,단일로 - 기타,승용,남,44세,상해없음,승용,남,27세,경상
2014072000100353,2014년 7월 20일 17시,일요일,경상북도 포항시 북구 양덕동,경상사고,0,0,1,0,차대차 - 기타,교차로운행방법위반,건조,맑음,교차로 - 교차로안,승용,남,27세,상해없음,원동기,남,34세,경상