사고번호,사고일시,요일,시군구,사고내용,사망자수,중상자수,경상자수,부상신고자수,사고유형,법규위반,노면상태,기상상태,도로형태,가해운전자 차종,가해운전자 성별,가해운전자 연령,가해운전자 상해정도,피해운전자 차종,피해운전자 성별,피해운전자 연령,피해운전자 상해정도
2014072000100354,2014년 7월 20일 17시,일요일,경상북도 울진군 울진읍,경상사고,0,0,1,0,차대차 - 기타,안전운전불이행,기타,맑음,단일로 - 기타,승용,여,49세,상해없음,승용,남,51세,기타불명
2014072000100393,2014년 7월 20일 19시,일요일,경상북도 포항시 남구 해도동,경상사고,0,0,2,0,차대차 - 추돌 - 진행중,안전운전불이행,건조,맑음,단일로 - 기타,승용,남,46세,상해없음,승용,남,32세,경상
2014072000100430,2014년 7월 20일 20시,일요일,경상북도 울릉군 서면,중상사고,0,1,0,0,차량단독 - 공작물충돌,안전운전불이행,건조,맑음,단일로 - 기타,화물,남,58세,중상,,,,
2014072000100456,2014년 7월 20일 21시,일요일,경상북도 김천시 삼락동,중상사고,0,2,0,0,차대차 - 측면직각충돌,안전운전불이행,건조,맑음,교차로 - 교차로안,승용,여,49세,상해없음,승용,남,56세,중상
2014072000100457,2014년 7월 20일 21시,일요일,경상북도 고령군 고령읍,중상사고,0,1,0,0,차대차 - 측면직각충돌,교차로운행방법위반,건조,맑음,교차로 - 교차로안,화물,남,65세,상해없음,승용,여,33세,중상
2014072000100478,2014년 7월 20일 22시,일요일,경상북도 안동시 풍산읍,중상사고,0,1,1,2,차대차 - 기타,교차로운행방법위반,건조,맑음,교차로 - 교차로안,승용,남,55세,상해없음,승용,남,38세,경상
2014072000100479,2014년 7월 20일 22시,일요일,경상북도 경산시 대정동,중상사고,0,1,0,0,차대차 - 기타,신호위반,건조,맑음,교차로 - 교차로안,승용,남,39세,상해없음,자전거,남,53세,중상
2014072000100489,2014년 7월 20일 23시,일요일,경상북도 문경시 호계면,경상사고,0,0,2,0,차대차 - 기타,안전운전불이행,건조,맑음,단일로 - 기타,승용,남,40세,경상,화물,남,40세,상해없음
2014072100100009,2014년 7월 21일 00시,월요일,경상북도 구미시 상모동,경상사고,0,0,1,0,차대사람 - 기타,안전운전불이행,습기,비,교차로 - 교차로안,승용,남,26세,상해없음,보행자,남,47세,경상
2014072100100029,2014년 7월 21일 02시,월요일,경상북도 김천시 부곡동,중상사고,0,1,2,0,차대차 - 측면직각충돌,안전운전불이행,건조,맑음,단일로 - 기타,승용,남,47세,상해없음,승용,남,43세,중상
2014072100100030,2014년 7월 21일 02시,월요일,경상북도 칠곡군 기산면,부상신고사고,0,0,0,1,차량단독 - 기타,안전운전불이행,건조,맑음,단일로 - 기타,승용,남,42세,부상신고,,,,
2014072100100038,2014년 7월 21일 03시,월요일,경상북도 경주시 북군동,경상사고,0,0,5,0,차대차 - 측면직각충돌,안전운전불이행,건조,맑음,단일로 - 기타,승용,남,20세,상해없음,승용,남,19세,경상
2014072100100046,2014년 7월 21일 04시,월요일,경상북도 포항시 남구 청림동,경상사고,0,0,2,0,차대차 - 추돌 - 진행중,안전운전불이행,건조,맑음,교차로 - 교차로부근,승용,남,24세,경상,승용,남,55세,상해없음
2014072100100047,2014년 7월 21일 04시,월요일,경상북도 포항시 남구 효자동,경상사고,0,0,1,0,차대사람 - 횡단중,보행자보호의무위반,건조,맑음,교차로 - 교차로부근,승용,남,60세,상해없음,보행자,남,87세,경상
2014072100100065,2014년 7월 21일 06시,월요일,경상북도 포항시 북구 장성동,중상사고,0,1,0,0,차대차 - 기타,안전운전불이행,건조,맑음,교차로 - 교차로안,승용,여,62세,상해없음,자전거,남,41세,중상
2014072100100083,2014년 7월 21일 07시,월요일,경상북도 예천군 예천읍,중상사고,0,1,1,0,차대차 - 측면직각충돌,신호위반,건조,맑음,교차로 - 교차로안,승용,남,35세,상해없음,승용,남,56세,중상
2014072100100084,2014년 7월 21일 07시,월요일,경상북도 구미시 장천면,중상사고,0,2,0,0,차대차 - 기타,신호위반,건조,맑음,교차로 - 교차로안,승용,여,21세,상해없음,승용,여,41세,중상
2014072100100108,2014년 7월 21일 08시,월요일,경상북도 경주시 시래동,경상사고,0,0,2,0,차대차 - 기타,안전운전불이행,건조,맑음,교차로 - 교차로부근,승용,여,37세,상해없음,원동기,남,77세,경상
2014072100100109,2014년 7월 21일 08시,월요일,경상북도 포항시 북구 양덕동,경상사고,0,0,1,0,차대차 - 기타,안전운전불이행,건조,맑음,교차로 - 교차로안,승용,남,46세,상해없음,자전거,남,14세,경상
2014072100100110,2014년 7월 21일 08시,월요일,경상북도 안동시 북후면,중상사고,0,1,0,0,차량단독 - 기타,안전운전불이행,건조,맑음,단일로 - 기타,승합,남,51세,상해없음,,,,
2014072100100111,2014년 7월 21일 08시,월요일,경상북도 상주시 성동동,중상사고,0,1,0,0,차대사람 - 길가장자리구역통행중,교차로운행방법위반,건조,맑음,교차로 - 교차로안,승용,여,38세,상해없음,보행자,여,90세,중상
2014072100100112,2014년 7월 21일 08시,월요일,경상북도 영덕군 영덕읍,중상사고,0,1,0,0,차대차 - 기타,기타,건조,맑음,교차로 - 교차로안,승용,남,47세,상해없음,이륜,남,79세,중상
2014072100100113,2014년 7월 21일 08시,월요일,경상북도 청송군 파천면,중상사고,0,1,0,0,차대사람 - 기타,안전운전불이행,건조,맑음,단일로 - 기타,승용,남,38세,상해없음,보행자,여,83세,중상
2014072100100114,2014년 7월 21일 08시,월요일,경상북도 구미시 고아읍,중상사고,0,1,0,0,차대차 - 기타,중앙선침범,건조,맑음,단일로 - 기타,승용,남,51세,상해없음,승용,여,31세,중상
2014072100100115,2014년 7월 21일 08시,월요일,경상북도 구미시 진평동,중상사고,0,1,0,0,차대차 - 기타,안전운전불이행,건조,맑음,교차로 - 교차로안,승용,남,32세,상해없음,승용,남,33세,중상
2014072100100166,2014년 7월 21일 10시,월요일,경상북도 경산시 계양동,중상사고,0,1,1,0,차대차 - 기타,신호위반,건조,맑음,교차로 - 교차로안,승용,남,71세,상해없음,승용,남,67세,중상
2014072100100220,2014년 7월 21일 12시,월요일,경상북도 포항시 북구 양덕동,경상사고,0,0,1,0,차대차 - 기타,중앙선침범,건조,맑음,교차로 - 교차로부근,화물,여,61세,상해없음,승용,여,57세,경상
2014072100100221,2014년 7월 21일 12시,월요일,경상북도 영천시 조교동,경상사고,0,0,1,0,차대차 - 측면직각충돌,안전운전불이행,건조,맑음,단일로 - 기타,이륜,남,56세,상해없음,승용,여,33세,경상
2014072100100252,2014년 7월 21일 13시,월요일,경상북도 김천시 평화동,경상사고,0,0,1,0,차대차 - 측면직각충돌,신호위반,건조,맑음,단일로 - 기타,승용,남,49세,상해없음,이륜,남,73세,경상
2014072100100253,2014년 7월 21일 13시,월요일,경상북도 영주시 영주동,경상사고,0,0,1,0,차대차 - 측면직각충돌,안전운전불이행,건조,맑음,단일로 - 횡단보도상,승용,남,44세,상해없음,자전거,남,14세,경상
2014072100100254,2014년 7월 21일 13시,월요일,경상북도 구미시 원평동,중상사고,0,1,0,0,차대차 - 기타,안전운전불이행,건조,맑음,단일로 - 기타,이륜,남,61세,중상,화물,남,28세,상해없음
2014072100100319,2014년 7월 21일 15시,월요일,경상북도 구미시 공단동,경상사고,0,0,1,0,차대사람 - 기타,보행자보호의무위반,건조,맑음,단일로 - 기타,승용,남,26세,상해없음,보행자,남,20세,경상
2014072100100357,2014년 7월 21일 16시,월요일,경상북도 포항시 북구 죽장면,중상사고,0,1,1,0,차량단독 - 공작물충돌,안전운전불이행,건조,맑음,단일로 - 기타,승용,남,62세,경상,,,,
2014072100100358,2014년 7월 21일 16시,월요일,경상북도 포항시 북구 대신동,경상사고,0,0,1,0,차대차 - 기타,신호위반,건조,맑음,교차로 - 교차로안,승용,남,60세,상해없음,승용,남,48세,경상
2014072100100359,2014년 7월 21일 16시,월요일,경상북도 포항시 북구 흥해읍,경상사고,0,0,1,0,차대차 - 기타,안전운전불이행,건조,맑음,단일로 - 기타,승용,남,76세,상해없음,화물,남,51세,상해없음
2014072100100360,2014년 7월 21일 16시,월요일,경상북도 칠곡군 석적읍,중상사고,0,1,0,0,차대차 - 기타,신호위반,건조,맑음,교차로 - 교차로안,화물,남,34세,기타불명,승용,남,47세,중상
2014072100100361,2014년 7월 21일 16시,월요일,경상북도 칠곡군 석적읍,부상신고사고,0,0,0,1,차대차 - 기타,안전운전불이행,건조,맑음,교차로 - 교차로부근,이륜,남,42세,부상신고,화물,남,50세,상해없음
2014072100100390,2014년 7월 21일 17시,월요일,경상북도 경주시 황오동,경상사고,0,0,1,0,차대차 - 기타,안전운전불이행,건조,맑음,교차로 - 교차로부근,승용,여,50세,상해없음,승용,남,65세,경상
2014072100100391,2014년 7월 21일 17시,월요일,경상북도 안동시 안기동,부상신고사고,0,0,0,1,차량단독 - 공작물충돌,안전운전불이행,건조,맑음,단일로 - 기타,승용,남,43세,부상신고,,,,
2014072100100392,2014년 7월 21일 17시,월요일,경상북도 의성군 의성읍,경상사고,0,0,1,0,차대차 - 추돌 - 주정차중,안전운전불이행,건조,맑음,단일로 - 기타,승용,남,50세,상해없음,승용,남,36세,경상
2014072100100393,2014년 7월 21일 17시,월요일,경상북도 영주시 문정동,사망사고,1,1,0,0,차대차 - 측면직각충돌,안전운전불이행,건조,맑음,교차로 - 교차로안,화물,남,54세,중상,화물,남,44세,상해없음
2014072100100394,2014년 7월 21일 17시,월요일,경상북도 영주시 휴천동,중상사고,0,1,0,0,차대차 - 측면직각충돌,안전운전불이행,건조,맑음,교차로 - 교차로안,화물,남,37세,상해없음,이륜,남,84세,중상
2014072100100395,2014년 7월 21일 17시,월요일,경상북도 청도군 운문면,중상사고,0,2,0,0,차대차 - 기타,중앙선침범,건조,맑음,단일로 - 기타,승합,남,65세,상해없음,승용,남,58세,중상
2014072100100432,2014년 7월 21일 18시,월요일,경상북도 경주시 안강읍,중상사고,0,1,1,0,차대차 - 기타,안전운전불이행,건조,맑음,단일로 - 기타,승용,남,43세,상해없음,승용,여,37세,중상
2014072100100433,2014년 7월 21일 18시,월요일,경상북도 포항시 북구 흥해읍,경상사고,0,0,2,0,차대차 - 기타,안전거리미확보,건조,맑음,단일로 - 기타,승용,남,30세,상해없음,승용,남,40세,상해없음
2014072100100434,2014년 7월 21일 18시,월요일,경상북도 상주시 은척면,중상사고,0,2,0,0,차량단독 - 기타,안전운전불이행,건조,맑음,단일로 - 기타,승용,남,21세,상해없음,,,,
2014072100100435,2014년 7월 21일 18시,월요일,경상북도 봉화군 재산면,중상사고,0,1,0,0,차량단독 - 공작물충돌,안전운전불이행,건조,맑음,교차로 - 교차로안,승용,남,46세,상해없음,,,,
2014072100100436,2014년 7월 21일 18시,월요일,경상북도 구미시 해평면,부상신고사고,0,0,0,1,차량단독 - 공작물충돌,안전운전불이행,건조,맑음,단일로 - 기타,승용,여,44세,부상신고,,,,
2014072100100437,2014년 7월 21일 18시,월요일,경상북도 포항시 남구 오천읍,경상사고,0,0,1,0,차대사람 - 횡단중,안전운전불이행,건조,맑음,단일로 - 기타,이륜,남,27세,상해없음,보행자,여,4세,경상
2014072100100474,2014년 7월 21일 19시,월요일,경상북도 경주시 안강읍,경상사고,0,0,2,0,차대차 - 기타,안전운전불이행,건조,맑음,교차로 - 교차로안,승용,여,40세,상해없음,승합,여,43세,경상
2014072100100475,2014년 7월 21일 19시,월요일,경상북도 포항시 북구 양덕동,중상사고,0,1,0,0,차대차 - 기타,안전운전불이행,건조,맑음,교차로 - 교차로안,승용,여,50세,상해없음,자전거,남,28세,중상
2014072100100476,2014년 7월 21일 19시,월요일,경상북도 봉화군 춘양면,경상사고,0,0,1,0,차대차 - 측면직각충돌,직진우회전진행방해,건조,맑음,교차로 - 교차로안,농기계,남,78세,경상,승합,여,44세,상해없음
2014072100100477,2014년 7월 21일 19시,월요일,경상북도 구미시 도량동,중상사고,0,1,0,0,차대사람 - 기타,안전운전불이행,건조,맑음,단일로 - 기타,승합,남,50세,상해없음,보행자,여,19세,중상
2014072100100514,2014년 7월 21일 20시,월요일,경상북도 영주시 가흥동,경상사고,0,0,1,0,차대차 - 추돌 - 진행중,과속,건조,맑음,교차로 - 교차로부근,화물,남,21세,상해없음,승용,남,23세,경상
2014072100100549,2014년 7월 21일 21시,월요일,경상북도 구미시 구포동,중상사고,0,2,1,0,차대차 - 기타,안전거리미확보,건조,맑음,교차로 - 교차로부근,승용,남,35세,상해없음,승용,남,25세,경상
2014072100100574,2014년 7월 21일 22시,월요일,경상북도 고령군 다산면,경상사고,0,0,1,0,차대차 - 측면직각충돌,안전운전불이행,건조,맑음,단일로 - 기타,이륜,남,17세,상해없음,자전거,남,22세,경상
2014072100100575,2014년 7월 21일 22시,월요일,경상북도 구미시 신평동,중상사고,0,1,0,0,차대차 - 기타,안전운전불이행,건조,맑음,단일로 - 기타,승용,남,34세,상해없음,자전거,남,28세,중상
2014072100100576,2014년 7월 21일 22시,월요일,경상북도 포항시 남구 이동,경상사고,0,0,1,0,차대차 - 기타,교차로운행방법위반,건조,맑음,단일로 - 기타,승용,남,40세,상해없음,이륜,남,49세,경상
2014072200100025,2014년 7월 22일 01시,화요일,경상북도 경주시 건천읍,사망사고,1,0,0,0,차대차 - 정면충돌,안전운전불이행,건조,맑음,단일로 - 기타,승용,남,52세,사망,화물,남,51세,상해없음
2014072200100061,2014년 7월 22일 06시,화요일,경상북도 청도군 청도읍,중상사고,0,1,0,0,차대차 - 추돌 - 진행중,안전거리미확보,건조,맑음,기타 - 기타,승용,남,34세,상해없음,화물,남,50세,상해없음
2014072200100062,2014년 7월 22일 06시,화요일,경상북도 울진군 평해읍,중상사고,0,1,0,0,차대차 - 기타,안전운전불이행,건조,맑음,단일로 - 기타,원동기,남,69세,중상,승용,남,57세,상해없음
2014072200100080,2014년 7월 22일 07시,화요일,경상북도 칠곡군 북삼읍,중상사고,0,1,1,0,차대차 - 기타,중앙선침범,건조,맑음,교차로 - 교차로안,승용,여,61세,중상,승용,여,47세,경상
2014072200100117,2014년 7월 22일 08시,화요일,경상북도 김천시 남면,중상사고,0,1,0,0,차대차 - 측면직각충돌,과속,건조,맑음,교차로 - 교차로안,승용,남,34세,상해없음,화물,남,43세,중상
2014072200100118,2014년 7월 22일 08시,화요일,경상북도 구미시 임수동,중상사고,0,1,0,0,차대사람 - 기타,안전운전불이행,건조,맑음,기타 - 기타,승용,여,47세,상해없음,보행자,남,32세,중상
2014072200100119,2014년 7월 22일 08시,화요일,경상북도 구미시 산동면,경상사고,0,0,1,0,차대차 - 기타,직진우회전진행방해,건조,맑음,교차로 - 교차로안,승용,남,31세,상해없음,승용,남,39세,경상
2014072200100120,2014년 7월 22일 08시,화요일,경상북도 포항시 남구 대잠동,중상사고,0,1,0,0,차대차 - 측면직각충돌,직진우회전진행방해,건조,맑음,교차로 - 교차로안,승용,남,39세,상해없음,승용,남,27세,중상
2014072200100152,2014년 7월 22일 09시,화요일,경상북도 포항시 북구 신광면,중상사고,0,1,0,0,차대차 - 기타,안전운전불이행,건조,맑음,단일로 - 기타,화물,남,32세,상해없음,원동기,남,81세,중상
2014072200100153,2014년 7월 22일 09시,화요일,경상북도 안동시 정상동,사망사고,1,0,0,0,차대사람 - 기타,과속,건조,맑음,단일로 - 기타,승용,여,33세,상해없음,보행자,여,18세,사망
2014072200100180,2014년 7월 22일 10시,화요일,경상북도 경주시 성동동,중상사고,0,1,0,0,차대차 - 기타,안전운전불이행,건조,맑음,단일로 - 기타,승용,남,72세,상해없음,원동기,남,48세,중상
2014072200100181,2014년 7월 22일 10시,화요일,경상북도 경주시 내남면,중상사고,0,2,0,1,차대차 - 기타,안전운전불이행,건조,맑음,교차로 - 교차로부근,화물,남,58세,부상신고,화물,남,55세,중상
2014072200100182,2014년 7월 22일 10시,화요일,경상북도 영주시 조암동,중상사고,0,1,0,0,차대차 - 정면충돌,신호위반,건조,맑음,교차로 - 교차로안,승용,여,53세,상해없음,승용,여,41세,중상
2014072200100183,2014년 7월 22일 10시,화요일,경상북도 경산시 압량면,경상사고,0,0,2,0,차대차 - 기타,직진우회전진행방해,건조,맑음,교차로 - 교차로안,승용,여,53세,경상,화물,여,32세,경상
2014072200100204,2014년 7월 22일 11시,화요일,경상북도 구미시 원평동,경상사고,0,0,2,0,차대차 - 기타,교차로운행방법위반,건조,맑음,교차로 - 교차로안,화물,남,26세,상해없음,승용,남,41세,경상
2014072200100205,2014년 7월 22일 11시,화요일,경상북도 포항시 남구 해도동,경상사고,0,0,3,0,차대차 - 추돌 - 진행중,안전운전불이행,건조,맑음,교차로 - 교차로부근,승용,여,53세,상해없음,승용,여,45세,경상
2014072200100227,2014년 7월 22일 12시,화요일,경상북도 경주시 충효동,중상사고,0,1,0,1,차대차 - 기타,안전운전불이행,건조,맑음,교차로 - 교차로안,승용,여,35세,부상신고,승용,남,34세,중상
2014072200100228,2014년 7월 22일 12시,화요일,경상북도 경주시 충효동,부상신고사고,0,0,0,1,차대사람 - 기타,안전운전불이행,건조,맑음,단일로 - 기타,승용,남,70세,상해없음,보행자,남,17세,부상신고
2014072200100229,2014년 7월 22일 12시,화요일,경상북도 문경시 모전동,중상사고,0,3,2,0,차대차 - 측면직각충돌,교차로운행방법위반,건조,맑음,교차로 - 교차로안,승용,여,55세,경상,화물,여,39세,중상
2014072200100257,2014년 7월 22일 13시,화요일,경상북도 포항시 남구 인덕동,경상사고,0,0,1,0,차대차 - 추돌 - 진행중,안전운전불이행,건조,맑음,교차로 - 교차로부근,승합,남,37세,경상,건설기계,남,49세,상해없음
2014072200100283,2014년 7월 22일 14시,화요일,경상북도 경주시 외동읍,부상신고사고,0,0,0,1,차대차 - 기타,안전운전불이행,건조,맑음,교차로 - 교차로부근,승용,여,52세,부상신고,화물,남,59세,상해없음
2014072200100284,2014년 7월 22일 14시,화요일,경상북도 김천시 봉산면,경상사고,0,0,1,0,차대차 - 기타,기타,기타,기타,기타 - 기타,기타불명,기타불명,기타불명,기타불명,자전거,남,62세,경상
2014072200100285,2014년 7월 22일 14시,화요일,경상북도 울진군 근남면,중상사고,0,1,0,0,차량단독 - 전도전복,안전운전불이행,건조,맑음,단일로 - 기타,원동기,남,58세,중상,,,,
2014072200100286,2014년 7월 22일 14시,화요일,경상북도 포항시 남구 송도동,중상사고,0,1,1,0,차대차 - 기타,안전운전불이행,건조,맑음,교차로 - 교차로안,승용,남,58세,상해없음,승용,남,27세,경상
2014072200100317,2014년 7월 22일 15시,화요일,경상북도 상주시 가장동,경상사고,0,0,1,0,차대차 - 측면직각충돌,안전운전불이행,건조,맑음,단일로 - 기타,화물,남,56세,상해없음,승용,남,29세,경상
2014072200100318,2014년 7월 22일 15시,화요일,경상북도 예천군 예천읍,중상사고,0,1,0,1,차대차 - 추돌 - 진행중,안전운전불이행,건조,맑음,교차로 - 교차로안,승용,남,63세,부상신고,승용,여,36세,중상
2014072200100350,2014년 7월 22일 16시,화요일,경상북도 포항시 북구 흥해읍,경상사고,0,0,1,0,차대차 - 기타,안전거리미확보,건조,맑음,단일로 - 기타,승용,여,22세,상해없음,승용,여,35세,경상
2014072200100351,2014년 7월 22일 16시,화요일,경상북도 영덕군 병곡면,중상사고,0,2,1,0,차대차 - 측면직각충돌,신호위반,건조,맑음,교차로 - 교차로안,승용,남,54세,상해없음,승용,여,41세,중상
2014072200100352,2014년 7월 22일 16시,화요일,경상북도 예천군 예천읍,중상사고,0,1,0,0,차대차 - 기타,직진우회전진행방해,건조,맑음,교차로 - 교차로안,승용,남,39세,상해없음,원동기,여,64세,중상
2014072200100389,2014년 7월 22일 17시,화요일,경상북도 문경시 흥덕동,경상사고,0,0,1,0,차대차 - 기타,중앙선침범,건조,맑음,단일로 - 기타,화물,남,59세,상해없음,이륜,여,57세,경상
2014072200100390,2014년 7월 22일 17시,화요일,경상북도 영덕군 창수면,중상사고,0,1,3,0,차대차 - 측면직각충돌,중앙선침범,건조,맑음,단일로 - 기타,승용,남,72세,상해없음,승합,남,50세,경상
2014072200100391,2014년 7월 22일 17시,화요일,경상북도 고령군 고령읍,경상사고,0,0,2,0,차대차 - 추돌 - 주정차중,안전운전불이행,건조,맑음,교차로 - 교차로부근,화물,남,50세,상해없음,승용,남,54세,경상
2014072200100422,2014년 7월 22일 18시,화요일,경상북도 포항시 북구 항구동,경상사고,0,0,1,0,차대차 - 기타,안전운전불이행,건조,맑음,단일로 - 기타,승용,남,61세,상해없음,승용,남,48세,경상
2014072200100423,2014년 7월 22일 18시,화요일,경상북도 영덕군 남정면,중상사고,0,1,0,0,차대차 - 측면직각충돌,중앙선침범,건조,맑음,단일로 - 기타,승용,여,42세,상해없음,자전거,남,69세,중상
2014072200100470,2014년 7월 22일 19시,화요일,경상북도 경산시 백천동,사망사고,1,0,0,0,차대사람 - 차도통행중,안전운전불이행,건조,맑음,단일로 - 기타,이륜,남,35세,상해없음,보행자,여,70세,사망
2014072200100509,2014년 7월 22일 20시,화요일,경상북도 포항시 북구 장성동,경상사고,0,0,1,0,차대차 - 기타,차로위반,건조,맑음,단일로 - 기타,승용,남,52세,상해없음,원동기,남,47세,경상
2014072200100510,2014년 7월 22일 20시,화요일,경상북도 칠곡군 동명면,중상사고,0,1,0,0,차대차 - 측면직각충돌,안전운전불이행,건조,맑음,단일로 - 기타,승용,남,52세,상해없음,승용,남,35세,중상
2014072200100511,2014년 7월 22일 20시,화요일,경상북도 포항시 남구 오천읍,중상사고,0,1,0,0,차대사람 - 기타,안전운전불이행,건조,맑음,교차로 - 교차로부근,승용,남,30세,상해없음,보행자,여,61세,중상
2014072200100548,2014년 7월 22일 21시,화요일,경상북도 포항시 남구 송도동,경상사고,0,0,1,0,차대사람 - 길가장자리구역통행중,안전운전불이행,건조,맑음,단일로 - 기타,승용,남,58세,상해없음,보행자,여,42세,경상
2014072200100578,2014년 7월 22일 22시,화요일,경상북도 경주시 강동면,중상사고,0,1,0,0,차량단독 - 전도전복,안전운전불이행,건조,맑음,단일로 - 기타,원동기,남,18세,중상,,,,
2014072200100579,2014년 7월 22일 22시,화요일,경상북도 포항시 북구 죽도동,경상사고,0,0,2,0,차대차 - 기타,안전운전불이행,건조,맑음,단일로 - 기타,승용,여,42세,상해없음,승용,여,41세,경상
2014072300100070,2014년 7월 23일 04시,수요일,경상북도 김천시 지좌동,중상사고,0,1,0,0,차대사람 - 기타,안전운전불이행,건조,맑음,단일로 - 기타,승용,남,36세,상해없음,보행자,여,69세,중상
2014072300100086,2014년 7월 23일 05시,수요일,경상북도 포항시 남구 상도동,중상사고,0,1,0,0,차량단독 - 전도전복,안전운전불이행,건조,맑음,단일로 - 기타,자전거,남,43세,중상,,,,
2014072300100172,2014년 7월 23일 09시,수요일,경상북도 경주시 현곡면,부상신고사고,0,0,0,1,차대차 - 기타,안전운전불이행,건조,맑음,교차로 - 교차로안,농기계,남,59세,부상신고,승용,남,27세,상해없음
2014072300100173,2014년 7월 23일 09시,수요일,경상북도 포항시 북구 양덕동,중상사고,0,1,0,0,차대차 - 기타,교차로운행방법위반,건조,맑음,교차로 - 교차로안,승용,남,33세,상해없음,원동기,남,44세,중상
2014072300100174,2014년 7월 23일 09시,수요일,경상북도 안동시 옥동,중상사고,0,1,0,0,차대사람 - 차도통행중,보행자보호의무위반,건조,흐림,단일로 - 횡단보도상,승용,여,67세,상해없음,보행자,여,58세,중상
2014072300100197,2014년 7월 23일 10시,수요일,경상북도 문경시 모전동,중상사고,0,1,0,0,차대사람 - 기타,안전운전불이행,건조,맑음,단일로 - 기타,승합,남,52세,상해없음,보행자,여,72세,중상
2014072300100217,2014년 7월 23일 11시,수요일,경상북도 포항시 북구 환호동,중상사고,0,1,0,0,차대사람 - 횡단중,안전운전불이행,건조,맑음,교차로 - 교차로부근,승용,남,34세,상해없음,보행자,남,36세,중상
2014072300100218,2014년 7월 23일 11시,수요일,경상북도 김천시 율곡동,경상사고,0,0,1,0,차대차 - 측면직각충돌,교차로운행방법위반,건조,흐림,교차로 - 교차로안,승용,남,44세,상해없음,승용,여,47세,경상
2014072300100219,2014년 7월 23일 11시,수요일,경상북도 영천시 도동,경상사고,0,0,2,0,차대차 - 추돌 - 진행중,교차로운행방법위반,건조,맑음,교차로 - 교차로안,승용,남,56세,경상,화물,남,75세,경상
2014072300100242,2014년 7월 23일 12시,수요일,경상북도 경주시 성동동,중상사고,0,1,0,0,차대사람 - 기타,안전운전불이행,건조,맑음,단일로 - 기타,화물,남,55세,상해없음,보행자,여,57세,중상
2014072300100243,2014년 7월 23일 12시,수요일,경상북도 김천시 용두동,중상사고,0,1,0,0,차대사람 - 기타,안전운전불이행,기타,흐림,교차로 - 교차로부근,승용,여,53세,상해없음,보행자,여,86세,중상
2014072300100244,2014년 7월 23일 12시,수요일,경상북도 예천군 예천읍,중상사고,0,1,0,0,차대차 - 측면직각충돌,안전운전불이행,습기,비,교차로 - 교차로안,원동기,남,78세,중상,승용,남,55세,상해없음
2014072300100245,2014년 7월 23일 12시,수요일,경상북도 포항시 남구 구룡포읍,경상사고,0,0,1,0,차대차 - 기타,안전운전불이행,건조,맑음,교차로 - 교차로안,승합,남,51세,상해없음,화물,남,37세,경상
2014072300100277,2014년 7월 23일 13시,수요일,경상북도 김천시 아포읍,중상사고,0,1,0,0,차대차 - 측면직각충돌,안전운전불이행,건조,맑음,단일로 - 기타,화물,남,54세,상해없음,농기계,남,81세,중상
2014072300100278,2014년 7월 23일 13시,수요일,경상북도 영주시 평은면,경상사고,0,0,1,0,차대차 - 추돌 - 주정차중,안전운전불이행,습기,비,교차로 - 교차로부근,화물,남,50세,상해없음,화물,남,60세,경상
2014072300100279,2014년 7월 23일 13시,수요일,경상북도 포항시 남구 해도동,중상사고,0,1,0,0,차대사람 - 기타,안전운전불이행,건조,맑음,단일로 - 기타,화물,남,39세,상해없음,보행자,여,57세,중상
2014072300100306,2014년 7월 23일 14시,수요일,경상북도 구미시 도량동,중상사고,0,1,1,0,차대차 - 기타,안전운전불이행,건조,맑음,교차로 - 교차로부근,승용,남,59세,상해없음,승합,남,60세,중상
2014072300100335,2014년 7월 23일 15시,수요일,경상북도 경주시 산내면,중상사고,0,2,0,0,차량단독 - 공작물충돌,안전운전불이행,건조,맑음,단일로 - 기타,화물,남,70세,중상,,,,
2014072300100336,2014년 7월 23일 15시,수요일,경상북도 구미시 옥계동,경상사고,0,0,2,0,차대차 - 기타,안전운전불이행,건조,맑음,단일로 - 기타,승용,여,25세,상해없음,승용,남,53세,경상
2014072300100365,2014년 7월 23일 16시,수요일,경상북도 안동시 남후면,중상사고,0,1,0,0,차대차 - 측면직각충돌,중앙선침범,건조,맑음,기타 - 기타,이륜,남,75세,중상,화물,남,52세,상해없음
2014072300100366,2014년 7월 23일 16시,수요일,경상북도 영주시 휴천동,경상사고,0,0,1,0,차대차 - 측면직각충돌,안전운전불이행,건조,맑음,단일로 - 횡단보도상,승용,남,22세,상해없음,자전거,남,79세,경상
2014072300100367,2014년 7월 23일 16시,수요일,경상북도 청도군 화양읍,경상사고,0,0,1,0,차대차 - 기타,불법유턴,건조,맑음,단일로 - 기타,승용,여,46세,상해없음,승용,여,56세,경상
2014072300100368,2014년 7월 23일 16시,수요일,경상북도 성주군 벽진면,경상사고,0,0,1,0,차대차 - 추돌 - 주정차중,안전운전불이행,건조,맑음,단일로 - 기타,이륜,남,74세,경상,화물,남,29세,상해없음
2014072300100406,2014년 7월 23일 17시,수요일,경상북도 의성군 봉양면,중상사고,0,2,0,0,차대차 - 측면직각충돌,안전운전불이행,건조,맑음,단일로 - 기타,승용,남,53세,중상,화물,남,38세,중상