사고번호,사고일시,요일,시군구,사고내용,사망자수,중상자수,경상자수,부상신고자수,사고유형,법규위반,노면상태,기상상태,도로형태,가해운전자 차종,가해운전자 성별,가해운전자 연령,가해운전자 상해정도,피해운전자 차종,피해운전자 성별,피해운전자 연령,피해운전자 상해정도
2014072600100273,2014년 7월 26일 11시,토요일,경상북도 포항시 북구 신흥동,중상사고,0,1,2,0,차대사람 - 횡단중,신호위반,건조,맑음,단일로 - 기타,원동기,남,17세,상해없음,보행자,여,18세,경상
2014072600100274,2014년 7월 26일 11시,토요일,경상북도 영주시 휴천동,중상사고,0,1,4,0,차대차 - 추돌 - 주정차중,안전운전불이행,건조,맑음,단일로 - 기타,승합,남,56세,상해없음,승용,남,41세,상해없음
2014072600100306,2014년 7월 26일 12시,토요일,경상북도 포항시 남구 대잠동,경상사고,0,0,1,0,차대차 - 측면직각충돌,안전운전불이행,건조,맑음,단일로 - 기타,승용,여,41세,상해없음,승용,남,30세,경상
2014072600100329,2014년 7월 26일 13시,토요일,경상북도 경주시 노서동,중상사고,0,1,0,0,차대차 - 기타,안전운전불이행,건조,맑음,교차로 - 교차로안,화물,남,44세,상해없음,원동기,여,45세,중상
2014072600100330,2014년 7월 26일 13시,토요일,경상북도 경주시 강동면,중상사고,0,1,2,0,차량단독 - 공작물충돌,안전운전불이행,건조,맑음,단일로 - 기타,승용,남,18세,상해없음,,,,
2014072600100331,2014년 7월 26일 13시,토요일,경상북도 구미시 오태동,경상사고,0,0,3,0,차대차 - 측면직각충돌,안전거리미확보,건조,맑음,교차로 - 교차로안,승용,남,51세,경상,건설기계,남,48세,상해없음
2014072600100361,2014년 7월 26일 14시,토요일,경상북도 경주시 보문동,중상사고,0,1,0,1,차량단독 - 전도전복,안전운전불이행,건조,맑음,단일로 - 기타,이륜,남,20세,부상신고,,,,
2014072600100391,2014년 7월 26일 15시,토요일,경상북도 경산시 압량면,경상사고,0,0,1,0,차대차 - 기타,안전운전불이행,건조,맑음,교차로 - 교차로안,승용,남,41세,경상,승용,남,58세,상해없음
2014072600100424,2014년 7월 26일 16시,토요일,경상북도 포항시 북구 득량동,경상사고,0,0,1,0,차대차 - 기타,안전운전불이행,건조,맑음,단일로 - 기타,자전거,남,17세,경상,승용,남,56세,상해없음
2014072600100425,2014년 7월 26일 16시,토요일,경상북도 영양군 입암면,중상사고,0,1,1,0,차대차 - 정면충돌,중앙선침범,건조,맑음,단일로 - 기타,화물,남,57세,상해없음,승용,남,61세,경상
2014072600100450,2014년 7월 26일 17시,토요일,경상북도 경주시 외동읍,중상사고,0,1,1,1,차대차 - 기타,중앙선침범,건조,맑음,단일로 - 기타,승용,남,25세,부상신고,승용,남,49세,경상
2014072600100451,2014년 7월 26일 17시,토요일,경상북도 경산시 조영동,경상사고,0,0,3,0,차대차 - 기타,교차로운행방법위반,건조,맑음,교차로 - 교차로안,화물,남,25세,경상,화물,남,18세,경상
2014072600100484,2014년 7월 26일 18시,토요일,경상북도 구미시 옥계동,중상사고,0,1,0,0,차대사람 - 기타,안전운전불이행,건조,맑음,기타 - 기타,승용,남,77세,상해없음,보행자,여,36세,중상
2014072600100518,2014년 7월 26일 19시,토요일,경상북도 칠곡군 약목면,중상사고,0,1,0,1,차대차 - 기타,안전운전불이행,건조,맑음,교차로 - 교차로부근,이륜,남,47세,중상,이륜,남,16세,부상신고
2014072600100519,2014년 7월 26일 19시,토요일,경상북도 구미시 선산읍,중상사고,0,1,0,0,차대차 - 측면직각충돌,교차로운행방법위반,건조,맑음,교차로 - 교차로안,승용,남,48세,상해없음,이륜,여,59세,중상
2014072600100552,2014년 7월 26일 20시,토요일,경상북도 경주시 안강읍,중상사고,0,1,0,0,차대차 - 추돌 - 진행중,안전운전불이행,건조,맑음,단일로 - 기타,화물,여,54세,상해없음,이륜,여,73세,중상
2014072600100577,2014년 7월 26일 21시,토요일,경상북도 영주시 영주동,경상사고,0,0,1,0,차대차 - 기타,중앙선침범,건조,맑음,교차로 - 교차로부근,승용,남,25세,상해없음,원동기,남,21세,경상
2014072600100607,2014년 7월 26일 22시,토요일,경상북도 영주시 휴천동,경상사고,0,0,2,0,차대사람 - 기타,안전운전불이행,건조,맑음,단일로 - 기타,이륜,남,20세,경상,보행자,여,14세,경상
2014072600100608,2014년 7월 26일 22시,토요일,경상북도 포항시 남구 연일읍,중상사고,0,2,4,0,차대차 - 기타,안전운전불이행,건조,맑음,단일로 - 기타,승용,남,33세,경상,승용,여,34세,중상
2014072700100046,2014년 7월 27일 01시,일요일,경상북도 포항시 북구 덕수동,경상사고,0,0,1,0,차량단독 - 전도전복,안전운전불이행,기타,맑음,교차로 - 교차로안,원동기,남,45세,경상,,,,
2014072700100047,2014년 7월 27일 01시,일요일,경상북도 구미시 도량동,경상사고,0,0,1,0,차대차 - 측면직각충돌,안전운전불이행,건조,맑음,교차로 - 교차로안,승용,남,33세,상해없음,승용,남,24세,경상
2014072700100053,2014년 7월 27일 02시,일요일,경상북도 포항시 남구 괴동동,중상사고,0,1,1,0,차대차 - 정면충돌,신호위반,건조,맑음,교차로 - 교차로안,이륜,남,19세,중상,화물,남,38세,상해없음
2014072700100069,2014년 7월 27일 03시,일요일,경상북도 경주시 시래동,경상사고,0,0,1,0,차량단독 - 공작물충돌,안전운전불이행,건조,맑음,단일로 - 기타,화물,남,50세,경상,,,,
2014072700100078,2014년 7월 27일 04시,일요일,경상북도 상주시 이안면,경상사고,0,0,2,0,차량단독 - 도로외이탈 - 추락,안전운전불이행,건조,맑음,단일로 - 기타,승용,남,21세,상해없음,,,,
2014072700100088,2014년 7월 27일 05시,일요일,경상북도 문경시 점촌동,경상사고,0,0,1,0,차대차 - 기타,직진우회전진행방해,건조,맑음,교차로 - 교차로안,이륜,여,65세,경상,승용,남,51세,상해없음
2014072700100146,2014년 7월 27일 09시,일요일,경상북도 예천군 개포면,경상사고,0,0,1,0,차대차 - 측면직각충돌,안전운전불이행,건조,맑음,단일로 - 기타,화물,남,43세,상해없음,이륜,남,43세,경상
2014072700100161,2014년 7월 27일 10시,일요일,경상북도 울진군 울진읍,경상사고,0,0,1,0,차대차 - 측면직각충돌,신호위반,건조,맑음,교차로 - 교차로안,농기계,남,79세,경상,승용,남,43세,상해없음
2014072700100191,2014년 7월 27일 11시,일요일,경상북도 포항시 북구 득량동,중상사고,0,1,0,0,차대차 - 기타,안전운전불이행,건조,맑음,교차로 - 교차로안,이륜,남,55세,중상,화물,남,57세,상해없음
2014072700100242,2014년 7월 27일 13시,일요일,경상북도 경산시 압량면,중상사고,0,5,0,0,차대차 - 정면충돌,신호위반,건조,맑음,교차로 - 교차로안,승용,남,48세,중상,승합,남,23세,중상
2014072700100270,2014년 7월 27일 14시,일요일,경상북도 포항시 북구 청하면,경상사고,0,0,3,0,차대차 - 기타,안전운전불이행,건조,맑음,단일로 - 기타,승용,남,40세,경상,승용,남,52세,경상
2014072700100271,2014년 7월 27일 14시,일요일,경상북도 영주시 가흥동,중상사고,0,1,0,0,차량단독 - 공작물충돌,안전운전불이행,건조,맑음,단일로 - 기타,이륜,여,58세,중상,,,,
2014072700100272,2014년 7월 27일 14시,일요일,경상북도 영덕군 영덕읍,경상사고,0,0,1,0,차대차 - 추돌 - 진행중,안전거리미확보,건조,맑음,단일로 - 기타,승용,남,55세,상해없음,화물,남,55세,상해없음
2014072700100273,2014년 7월 27일 14시,일요일,경상북도 구미시 진평동,경상사고,0,0,1,0,차대차 - 기타,안전운전불이행,건조,맑음,단일로 - 기타,승용,남,29세,상해없음,이륜,남,37세,경상
2014072700100308,2014년 7월 27일 15시,일요일,경상북도 구미시 공단동,중상사고,0,1,0,0,차대차 - 기타,안전운전불이행,기타,기타,기타 - 기타,승용,여,47세,상해없음,승용,여,50세,중상
2014072700100309,2014년 7월 27일 15시,일요일,경상북도 경산시 와촌면,경상사고,0,0,4,0,차대차 - 정면충돌,안전운전불이행,건조,맑음,단일로 - 기타,승용,여,22세,상해없음,승용,남,38세,경상
2014072700100310,2014년 7월 27일 15시,일요일,경상북도 칠곡군 왜관읍,중상사고,0,4,0,0,차대차 - 측면직각충돌,안전운전불이행,건조,맑음,단일로 - 기타,승용,여,48세,상해없음,승용,남,47세,중상
2014072700100349,2014년 7월 27일 16시,일요일,경상북도 경산시 압량면,중상사고,0,1,1,0,차대차 - 기타,안전거리미확보,건조,맑음,단일로 - 기타,승합,남,51세,상해없음,승용,남,39세,중상
2014072700100350,2014년 7월 27일 16시,일요일,경상북도 청송군 청송읍,경상사고,0,0,3,1,차대차 - 기타,안전거리미확보,건조,맑음,교차로 - 교차로안,원동기,남,35세,부상신고,승용,남,42세,경상
2014072700100391,2014년 7월 27일 17시,일요일,경상북도 경산시 와촌면,중상사고,0,1,0,0,차대차 - 기타,안전운전불이행,건조,맑음,교차로 - 교차로안,이륜,여,74세,중상,기타불명,기타불명,기타불명,기타불명
2014072700100392,2014년 7월 27일 17시,일요일,경상북도 군위군 효령면,중상사고,0,2,0,0,차대차 - 측면직각충돌,직진우회전진행방해,건조,맑음,기타 - 기타,승용,여,61세,상해없음,원동기,남,46세,중상
2014072700100429,2014년 7월 27일 18시,일요일,경상북도 영천시 야사동,중상사고,0,1,0,0,차대차 - 기타,안전운전불이행,건조,맑음,기타 - 기타,승용,남,33세,상해없음,자전거,남,73세,중상
2014072700100430,2014년 7월 27일 18시,일요일,경상북도 칠곡군 가산면,경상사고,0,0,1,0,차대차 - 측면직각충돌,안전운전불이행,건조,맑음,단일로 - 터널,승용,남,64세,상해없음,승용,남,48세,상해없음
2014072700100457,2014년 7월 27일 19시,일요일,경상북도 안동시 운흥동,경상사고,0,0,1,0,차대차 - 기타,신호위반,건조,맑음,교차로 - 교차로안,원동기,남,18세,경상,승용,여,36세,상해없음
2014072700100493,2014년 7월 27일 20시,일요일,경상북도 김천시 대항면,사망사고,1,0,0,0,차대차 - 측면직각충돌,과속,건조,맑음,단일로 - 기타,승합,남,58세,상해없음,자전거,남,80세,사망
2014072700100494,2014년 7월 27일 20시,일요일,경상북도 김천시 지례면,사망사고,1,0,0,0,차량단독 - 기타,안전운전불이행,건조,맑음,교차로 - 교차로안,원동기,여,70세,사망,,,,
2014072700100495,2014년 7월 27일 20시,일요일,경상북도 영천시 임고면,경상사고,0,0,1,0,차대차 - 기타,안전운전불이행,건조,맑음,교차로 - 교차로안,승용,남,29세,상해없음,승용,여,39세,경상
2014072700100519,2014년 7월 27일 21시,일요일,경상북도 안동시 옥야동,부상신고사고,0,0,0,1,차대차 - 기타,안전운전불이행,건조,맑음,단일로 - 기타,원동기,남,22세,부상신고,화물,남,63세,상해없음
2014072700100520,2014년 7월 27일 21시,일요일,경상북도 영천시 문외동,경상사고,0,0,1,0,차량단독 - 기타,안전운전불이행,건조,맑음,단일로 - 기타,원동기,남,18세,경상,,,,
2014072700100547,2014년 7월 27일 22시,일요일,경상북도 안동시 길안면,중상사고,0,1,2,0,차량단독 - 기타,안전운전불이행,건조,맑음,단일로 - 기타,승용,남,23세,경상,,,,
2014072800100009,2014년 7월 28일 00시,월요일,경상북도 포항시 북구 항구동,경상사고,0,0,1,0,차대차 - 기타,신호위반,건조,맑음,교차로 - 교차로안,승용,남,65세,상해없음,자전거,남,55세,경상
2014072800100030,2014년 7월 28일 04시,월요일,경상북도 구미시 신동,중상사고,0,1,0,1,차대차 - 기타,중앙선침범,건조,맑음,단일로 - 기타,승용,남,30세,부상신고,승용,여,55세,중상
2014072800100064,2014년 7월 28일 07시,월요일,경상북도 경주시 외동읍,경상사고,0,0,1,0,차대차 - 기타,안전운전불이행,건조,맑음,교차로 - 교차로안,승용,남,41세,상해없음,승용,여,25세,경상
2014072800100065,2014년 7월 28일 07시,월요일,경상북도 경주시 외동읍,경상사고,0,0,1,0,차대차 - 기타,안전운전불이행,건조,맑음,단일로 - 교량,승용,기타불명,기타불명,기타불명,승용,남,44세,경상
2014072800100066,2014년 7월 28일 07시,월요일,경상북도 경산시 대평동,중상사고,0,1,0,0,차대차 - 기타,불법유턴,건조,맑음,단일로 - 기타,승용,남,47세,상해없음,승용,여,31세,중상
2014072800100067,2014년 7월 28일 07시,월요일,경상북도 경산시 옥산동,중상사고,0,1,0,0,차대사람 - 횡단중,안전운전불이행,건조,맑음,교차로 - 교차로안,승용,남,52세,상해없음,보행자,여,45세,중상
2014072800100093,2014년 7월 28일 08시,월요일,경상북도 안동시 풍산읍,경상사고,0,0,5,0,차대차 - 기타,안전운전불이행,건조,맑음,단일로 - 기타,화물,남,41세,상해없음,승용,여,52세,경상
2014072800100094,2014년 7월 28일 08시,월요일,경상북도 구미시 옥계동,부상신고사고,0,0,0,1,차대차 - 기타,교차로운행방법위반,건조,맑음,교차로 - 교차로안,자전거,남,13세,부상신고,승용,여,45세,상해없음
2014072800100117,2014년 7월 28일 09시,월요일,경상북도 경산시 갑제동,사망사고,1,0,0,0,차량단독 - 도로외이탈 - 기타,안전운전불이행,건조,맑음,단일로 - 기타,이륜,남,20세,사망,,,,
2014072800100118,2014년 7월 28일 09시,월요일,경상북도 군위군 우보면,중상사고,0,2,0,0,차대차 - 기타,안전운전불이행,건조,맑음,단일로 - 기타,원동기,남,81세,중상,자전거,남,69세,중상
2014072800100149,2014년 7월 28일 10시,월요일,경상북도 김천시 용두동,경상사고,0,0,1,0,차대사람 - 기타,안전운전불이행,건조,맑음,교차로 - 교차로부근,승용,남,58세,상해없음,보행자,남,74세,경상
2014072800100150,2014년 7월 28일 10시,월요일,경상북도 문경시 점촌동,경상사고,0,0,1,0,차대사람 - 횡단중,안전운전불이행,건조,맑음,단일로 - 기타,승용,남,58세,상해없음,보행자,남,82세,경상
2014072800100180,2014년 7월 28일 11시,월요일,경상북도 상주시 중동면,중상사고,0,1,0,0,차대차 - 기타,중앙선침범,건조,맑음,교차로 - 교차로부근,이륜,남,81세,상해없음,승용,여,45세,상해없음
2014072800100181,2014년 7월 28일 11시,월요일,경상북도 영천시 녹전동,중상사고,0,1,1,0,차량단독 - 도로외이탈 - 추락,안전운전불이행,건조,맑음,교차로 - 교차로부근,승용,남,68세,경상,,,,
2014072800100215,2014년 7월 28일 12시,월요일,경상북도 경주시 북부동,경상사고,0,0,1,0,차대사람 - 기타,안전운전불이행,건조,맑음,단일로 - 기타,승용,남,42세,상해없음,보행자,여,73세,경상
2014072800100216,2014년 7월 28일 12시,월요일,경상북도 성주군 수륜면,경상사고,0,0,1,0,차대차 - 측면직각충돌,불법유턴,건조,맑음,단일로 - 기타,화물,남,61세,상해없음,이륜,남,72세,경상
2014072800100217,2014년 7월 28일 12시,월요일,경상북도 구미시 공단동,중상사고,0,1,0,0,차량단독 - 공작물충돌,안전운전불이행,건조,맑음,교차로 - 교차로안,승용,남,24세,중상,,,,
2014072800100251,2014년 7월 28일 13시,월요일,경상북도 의성군 안평면,중상사고,0,1,1,0,차대차 - 측면직각충돌,안전운전불이행,건조,맑음,교차로 - 교차로안,승용,여,55세,중상,화물,남,64세,경상
2014072800100252,2014년 7월 28일 13시,월요일,경상북도 칠곡군 북삼읍,경상사고,0,0,1,0,차대차 - 기타,신호위반,건조,맑음,교차로 - 교차로안,이륜,여,76세,경상,승용,여,37세,상해없음
2014072800100253,2014년 7월 28일 13시,월요일,경상북도 봉화군 상운면,경상사고,0,0,1,1,차대차 - 정면충돌,중앙선침범,건조,맑음,단일로 - 기타,승용,남,52세,부상신고,승용,남,61세,경상
2014072800100254,2014년 7월 28일 13시,월요일,경상북도 구미시 공단동,경상사고,0,0,1,0,차대차 - 기타,차로위반,건조,맑음,단일로 - 기타,승합,남,49세,상해없음,승용,남,28세,경상
2014072800100255,2014년 7월 28일 13시,월요일,경상북도 포항시 남구 대도동,경상사고,0,0,1,0,차대차 - 기타,안전운전불이행,건조,맑음,단일로 - 기타,건설기계,남,44세,상해없음,승용,여,28세,경상
2014072800100282,2014년 7월 28일 14시,월요일,경상북도 청도군 금천면,경상사고,0,0,1,0,차대차 - 기타,안전운전불이행,건조,맑음,단일로 - 기타,승용,여,54세,상해없음,화물,남,40세,경상
2014072800100313,2014년 7월 28일 15시,월요일,경상북도 영덕군 강구면,경상사고,0,0,1,0,차대사람 - 길가장자리구역통행중,안전운전불이행,건조,맑음,단일로 - 기타,승용,남,58세,상해없음,보행자,여,74세,경상
2014072800100314,2014년 7월 28일 15시,월요일,경상북도 청송군 진보면,중상사고,0,2,0,0,차대차 - 기타,기타,건조,맑음,단일로 - 기타,기타불명,기타불명,기타불명,기타불명,승합,남,77세,중상
2014072800100315,2014년 7월 28일 15시,월요일,경상북도 구미시 도개면,중상사고,0,1,1,0,차대사람 - 기타,안전운전불이행,건조,맑음,기타 - 기타,승용,남,54세,상해없음,보행자,남,51세,중상
2014072800100355,2014년 7월 28일 16시,월요일,경상북도 경주시 안강읍,경상사고,0,0,1,0,차량단독 - 공작물충돌,안전운전불이행,건조,맑음,단일로 - 기타,화물,남,34세,경상,,,,
2014072800100356,2014년 7월 28일 16시,월요일,경상북도 경주시 동천동,부상신고사고,0,0,0,1,차대차 - 기타,안전운전불이행,건조,맑음,단일로 - 기타,자전거,남,6세,부상신고,승합,남,58세,상해없음
2014072800100357,2014년 7월 28일 16시,월요일,경상북도 포항시 북구 흥해읍,중상사고,0,1,0,0,차대차 - 기타,안전운전불이행,건조,맑음,단일로 - 기타,승용,남,70세,상해없음,자전거,여,53세,중상
2014072800100358,2014년 7월 28일 16시,월요일,경상북도 김천시 성내동,경상사고,0,0,3,0,차대차 - 기타,안전거리미확보,건조,맑음,단일로 - 기타,건설기계,남,44세,상해없음,승용,남,54세,경상
2014072800100359,2014년 7월 28일 16시,월요일,경상북도 예천군 유천면,부상신고사고,0,0,0,1,차대차 - 기타,안전운전불이행,건조,맑음,교차로 - 교차로안,이륜,여,32세,부상신고,승용,여,49세,상해없음
2014072800100360,2014년 7월 28일 16시,월요일,경상북도 포항시 남구 이동,중상사고,0,1,1,0,차대차 - 정면충돌,안전운전불이행,건조,맑음,단일로 - 기타,승용,남,28세,상해없음,승용,남,18세,경상
2014072800100395,2014년 7월 28일 17시,월요일,경상북도 상주시 성하동,경상사고,0,0,1,0,차대차 - 기타,안전운전불이행,건조,맑음,교차로 - 교차로안,승용,남,59세,상해없음,자전거,여,73세,경상
2014072800100397,2014년 7월 28일 17시,월요일,경상북도 영덕군 영덕읍,경상사고,0,0,3,0,차대차 - 기타,안전운전불이행,건조,맑음,단일로 - 기타,승용,남,44세,상해없음,승용,남,37세,상해없음
2014072800100430,2014년 7월 28일 18시,월요일,경상북도 포항시 북구 죽도동,경상사고,0,0,1,0,차대사람 - 횡단중,안전운전불이행,건조,맑음,교차로 - 교차로안,승용,여,39세,상해없음,보행자,남,69세,경상
2014072800100431,2014년 7월 28일 18시,월요일,경상북도 상주시 남성동,경상사고,0,0,1,0,차대차 - 측면직각충돌,안전운전불이행,건조,맑음,교차로 - 교차로안,승합,남,52세,상해없음,이륜,남,17세,경상
2014072800100432,2014년 7월 28일 18시,월요일,경상북도 경산시 대동,경상사고,0,0,1,0,차대사람 - 기타,안전운전불이행,건조,맑음,교차로 - 교차로안,원동기,남,24세,상해없음,보행자,여,24세,경상
2014072800100433,2014년 7월 28일 18시,월요일,경상북도 경산시 하양읍,경상사고,0,0,1,0,차대차 - 기타,직진우회전진행방해,건조,맑음,교차로 - 교차로안,화물,남,27세,상해없음,승용,여,45세,상해없음
2014072800100465,2014년 7월 28일 19시,월요일,경상북도 경주시 안강읍,부상신고사고,0,0,0,1,차대사람 - 기타,안전운전불이행,건조,맑음,단일로 - 기타,기타불명,기타불명,기타불명,기타불명,보행자,여,14세,부상신고
2014072800100466,2014년 7월 28일 19시,월요일,경상북도 포항시 북구 기계면,경상사고,0,0,3,0,차대차 - 기타,중앙선침범,건조,맑음,단일로 - 기타,승용,여,51세,경상,승용,남,44세,경상
2014072800100495,2014년 7월 28일 20시,월요일,경상북도 경주시 안강읍,중상사고,0,1,0,0,차대차 - 기타,과속,건조,맑음,단일로 - 기타,화물,남,42세,상해없음,자전거,남,60세,중상
2014072800100496,2014년 7월 28일 20시,월요일,경상북도 안동시 풍산읍,중상사고,0,1,1,0,차대차 - 측면직각충돌,안전운전불이행,건조,맑음,교차로 - 교차로안,승용,남,32세,상해없음,화물,남,53세,경상
2014072800100497,2014년 7월 28일 20시,월요일,경상북도 구미시 상모동,경상사고,0,0,1,0,차대차 - 기타,안전운전불이행,건조,맑음,교차로 - 교차로안,승용,여,43세,상해없음,승용,남,36세,경상
2014072800100498,2014년 7월 28일 20시,월요일,경상북도 구미시 해평면,사망사고,1,0,0,0,차량단독 - 전도전복,안전운전불이행,건조,맑음,단일로 - 기타,원동기,남,77세,사망,,,,
2014072800100572,2014년 7월 28일 22시,월요일,경상북도 포항시 북구 죽도동,중상사고,0,1,0,0,차대차 - 기타,차로위반,건조,맑음,단일로 - 기타,승용,남,63세,상해없음,승합,남,53세,상해없음
2014072800100573,2014년 7월 28일 22시,월요일,경상북도 경산시 진량읍,중상사고,0,1,0,0,차대차 - 기타,안전운전불이행,건조,맑음,단일로 - 기타,자전거,남,36세,중상,승용,여,38세,상해없음
2014072900100017,2014년 7월 29일 00시,화요일,경상북도 경주시 안강읍,중상사고,0,1,0,0,차대사람 - 기타,안전운전불이행,건조,맑음,단일로 - 기타,승용,남,51세,상해없음,보행자,여,75세,중상
2014072900100018,2014년 7월 29일 00시,화요일,경상북도 경주시 내남면,중상사고,0,1,0,0,차대차 - 기타,안전운전불이행,건조,맑음,단일로 - 기타,화물,남,56세,상해없음,자전거,남,21세,중상
2014072900100071,2014년 7월 29일 05시,화요일,경상북도 안동시 송현동,경상사고,0,0,1,0,차대사람 - 길가장자리구역통행중,안전운전불이행,건조,맑음,단일로 - 기타,승용,남,42세,상해없음,보행자,남,39세,경상
2014072900100072,2014년 7월 29일 05시,화요일,경상북도 김천시 삼락동,경상사고,0,0,1,0,차대차 - 기타,안전운전불이행,건조,흐림,단일로 - 기타,승용,남,59세,상해없음,자전거,남,74세,경상
2014072900100119,2014년 7월 29일 08시,화요일,경상북도 경주시 구황동,부상신고사고,0,0,0,1,차대차 - 기타,안전운전불이행,건조,맑음,단일로 - 기타,원동기,여,41세,부상신고,승합,남,49세,상해없음
2014072900100120,2014년 7월 29일 08시,화요일,경상북도 경주시 안강읍,중상사고,0,2,1,0,차대차 - 기타,안전운전불이행,건조,맑음,교차로 - 교차로안,승용,남,42세,경상,승용,남,56세,중상
2014072900100121,2014년 7월 29일 08시,화요일,경상북도 포항시 남구 동촌동,중상사고,0,1,0,0,차대차 - 기타,안전운전불이행,건조,맑음,단일로 - 기타,이륜,남,32세,중상,건설기계,남,52세,상해없음
2014072900100188,2014년 7월 29일 10시,화요일,경상북도 경주시 황성동,경상사고,0,0,1,0,차대사람 - 기타,안전운전불이행,건조,맑음,교차로 - 교차로안,승용,여,44세,상해없음,보행자,남,11세,경상
2014072900100189,2014년 7월 29일 10시,화요일,경상북도 경주시 건천읍,중상사고,0,1,0,0,차대사람 - 기타,안전운전불이행,건조,맑음,교차로 - 교차로부근,승용,여,69세,상해없음,보행자,여,24세,중상
2014072900100190,2014년 7월 29일 10시,화요일,경상북도 경주시 노동동,경상사고,0,0,1,0,차대차 - 기타,안전운전불이행,건조,맑음,교차로 - 교차로안,승용,남,46세,상해없음,승용,여,54세,경상
2014072900100191,2014년 7월 29일 10시,화요일,경상북도 상주시 낙양동,경상사고,0,0,3,1,차대차 - 추돌 - 진행중,안전거리미확보,건조,맑음,교차로 - 교차로안,승용,남,54세,상해없음,승용,여,43세,경상
2014072900100192,2014년 7월 29일 10시,화요일,경상북도 경산시 중방동,중상사고,0,1,0,0,차대차 - 측면직각충돌,안전운전불이행,건조,맑음,교차로 - 교차로안,화물,남,21세,상해없음,원동기,남,83세,중상
2014072900100219,2014년 7월 29일 11시,화요일,경상북도 울릉군 울릉읍,경상사고,0,0,1,0,차대사람 - 기타,안전운전불이행,기타,맑음,단일로 - 기타,승용,남,62세,상해없음,보행자,여,76세,경상
2014072900100251,2014년 7월 29일 12시,화요일,경상북도 김천시 구성면,중상사고,0,4,2,0,차량단독 - 전도전복,안전운전불이행,건조,맑음,단일로 - 기타,화물,남,54세,상해없음,,,,
2014072900100252,2014년 7월 29일 12시,화요일,경상북도 영주시 휴천동,중상사고,0,2,0,0,차대차 - 측면직각충돌,신호위반,건조,맑음,교차로 - 교차로안,승용,여,66세,중상,화물,남,51세,중상
2014072900100253,2014년 7월 29일 12시,화요일,경상북도 구미시 공단동,중상사고,0,1,2,0,차대차 - 기타,안전거리미확보,건조,맑음,교차로 - 교차로부근,승용,남,66세,상해없음,승용,남,24세,경상
2014072900100302,2014년 7월 29일 14시,화요일,경상북도 울진군 죽변면,경상사고,0,0,2,0,차대차 - 추돌 - 진행중,안전운전불이행,건조,맑음,단일로 - 기타,건설기계,남,52세,상해없음,승용,남,65세,경상
2014072900100340,2014년 7월 29일 15시,화요일,경상북도 포항시 북구 우현동,경상사고,0,0,1,0,차대차 - 기타,직진우회전진행방해,건조,맑음,교차로 - 교차로안,승용,여,35세,상해없음,승용,남,26세,경상
2014072900100341,2014년 7월 29일 15시,화요일,경상북도 문경시 산양면,경상사고,0,0,2,0,차대차 - 정면충돌,중앙선침범,건조,맑음,교차로 - 교차로부근,승용,남,72세,경상,화물,여,56세,경상
2014072900100342,2014년 7월 29일 15시,화요일,경상북도 청도군 청도읍,중상사고,0,1,0,0,차대사람 - 기타,안전운전불이행,건조,맑음,단일로 - 기타,승합,남,55세,상해없음,보행자,남,67세,중상
2014072900100343,2014년 7월 29일 15시,화요일,경상북도 구미시 원평동,경상사고,0,0,1,0,차대사람 - 기타,안전운전불이행,건조,맑음,단일로 - 기타,승용,여,43세,상해없음,보행자,남,38세,경상
2014072900100344,2014년 7월 29일 15시,화요일,경상북도 포항시 남구 해도동,경상사고,0,0,1,0,차대차 - 기타,안전운전불이행,건조,맑음,단일로 - 기타,화물,남,59세,상해없음,자전거,남,9세,경상
2014072900100375,2014년 7월 29일 16시,화요일,경상북도 영주시 이산면,경상사고,0,0,1,0,차량단독 - 공작물충돌,안전운전불이행,건조,맑음,단일로 - 기타,화물,남,58세,경상,,,,
2014072900100376,2014년 7월 29일 16시,화요일,경상북도 상주시 사벌면,경상사고,0,0,1,0,차대차 - 기타,안전운전불이행,건조,맑음,단일로 - 기타,승용,여,25세,경상,화물,남,41세,상해없음
2014072900100410,2014년 7월 29일 17시,화요일,경상북도 김천시 구성면,경상사고,0,0,1,0,차량단독 - 기타,안전운전불이행,건조,맑음,단일로 - 기타,승합,남,59세,경상,,,,
2014072900100411,2014년 7월 29일 17시,화요일,경상북도 칠곡군 지천면,중상사고,0,1,7,0,차대차 - 추돌 - 진행중,안전거리미확보,건조,맑음,단일로 - 기타,승용,남,57세,상해없음,승용,남,48세,상해없음
2014072900100442,2014년 7월 29일 18시,화요일,경상북도 포항시 북구 용흥동,경상사고,0,0,1,0,차대차 - 측면직각충돌,직진우회전진행방해,건조,맑음,교차로 - 교차로안,승용,여,24세,상해없음,승용,남,43세,경상
2014072900100443,2014년 7월 29일 18시,화요일,경상북도 상주시 신봉동,경상사고,0,0,5,0,차대차 - 추돌 - 주정차중,안전운전불이행,건조,흐림,단일로 - 기타,승용,남,19세,상해없음,승용,남,44세,경상
2014072900100444,2014년 7월 29일 18시,화요일,경상북도 의성군 의성읍,중상사고,0,1,0,0,차대차 - 추돌 - 진행중,안전운전불이행,건조,맑음,단일로 - 교량,화물,남,62세,중상,승합,남,57세,상해없음