사고번호,사고일시,요일,시군구,사고내용,사망자수,중상자수,경상자수,부상신고자수,사고유형,법규위반,노면상태,기상상태,도로형태,가해운전자 차종,가해운전자 성별,가해운전자 연령,가해운전자 상해정도,피해운전자 차종,피해운전자 성별,피해운전자 연령,피해운전자 상해정도
2014072900100474,2014년 7월 29일 19시,화요일,경상북도 경주시 안강읍,중상사고,0,1,2,0,차대차 - 기타,기타,건조,맑음,교차로 - 교차로부근,승용,여,54세,상해없음,승용,여,37세,중상
2014072900100475,2014년 7월 29일 19시,화요일,경상북도 상주시 무양동,경상사고,0,0,1,0,차대차 - 측면직각충돌,안전운전불이행,건조,맑음,교차로 - 교차로안,승용,남,56세,상해없음,승용,남,35세,경상
2014072900100476,2014년 7월 29일 19시,화요일,경상북도 포항시 남구 장기면,중상사고,0,1,0,0,차대차 - 기타,안전운전불이행,건조,맑음,단일로 - 기타,승용,여,32세,상해없음,이륜,남,68세,중상
2014072900100477,2014년 7월 29일 19시,화요일,경상북도 칠곡군 석적읍,중상사고,0,3,0,0,차량단독 - 기타,안전운전불이행,건조,맑음,단일로 - 기타,화물,남,49세,중상,,,,
2014072900100543,2014년 7월 29일 21시,화요일,경상북도 경주시 천군동,경상사고,0,0,1,0,차량단독 - 기타,안전운전불이행,건조,맑음,단일로 - 기타,이륜,남,18세,경상,,,,
2014072900100544,2014년 7월 29일 21시,화요일,경상북도 김천시 모암동,경상사고,0,0,1,0,차대차 - 측면직각충돌,안전운전불이행,건조,맑음,기타 - 기타,승용,여,47세,상해없음,승용,여,44세,경상
2014072900100545,2014년 7월 29일 21시,화요일,경상북도 구미시 공단동,부상신고사고,0,0,0,1,차량단독 - 기타,안전운전불이행,건조,맑음,단일로 - 기타,원동기,남,55세,부상신고,,,,
2014072900100568,2014년 7월 29일 22시,화요일,경상북도 구미시 진평동,중상사고,0,1,0,0,차대사람 - 기타,안전운전불이행,건조,맑음,기타 - 기타,승용,여,21세,상해없음,보행자,남,22세,중상
2014072900100569,2014년 7월 29일 22시,화요일,경상북도 구미시 신평동,중상사고,0,1,0,0,차대차 - 기타,차로위반,건조,맑음,교차로 - 교차로부근,승용,남,37세,상해없음,이륜,남,16세,중상
2014072900100598,2014년 7월 29일 23시,화요일,경상북도 경주시 외동읍,중상사고,0,1,0,0,차대차 - 측면직각충돌,안전운전불이행,건조,맑음,단일로 - 기타,원동기,남,41세,중상,승용,여,47세,기타불명
2014072900100599,2014년 7월 29일 23시,화요일,경상북도 칠곡군 석적읍,경상사고,0,0,1,0,차대차 - 측면직각충돌,중앙선침범,건조,맑음,교차로 - 교차로부근,승용,남,31세,상해없음,이륜,남,47세,경상
2014072900100600,2014년 7월 29일 23시,화요일,경상북도 봉화군 석포면,부상신고사고,0,0,0,2,차대차 - 측면직각충돌,중앙선침범,건조,맑음,단일로 - 기타,승용,남,34세,상해없음,승용,남,37세,부상신고
2014073000100013,2014년 7월 30일 00시,수요일,경상북도 포항시 북구 득량동,경상사고,0,0,2,0,차대차 - 기타,안전운전불이행,건조,맑음,교차로 - 교차로부근,승용,남,47세,상해없음,승용,여,49세,경상
2014073000100020,2014년 7월 30일 01시,수요일,경상북도 경주시 안강읍,경상사고,0,0,3,0,차대차 - 기타,중앙선침범,건조,맑음,교차로 - 교차로부근,승용,여,50세,상해없음,승용,남,35세,경상
2014073000100029,2014년 7월 30일 02시,수요일,경상북도 구미시 형곡동,경상사고,0,0,2,0,차대차 - 기타,신호위반,건조,맑음,교차로 - 교차로부근,화물,남,19세,기타불명,승용,남,19세,상해없음
2014073000100047,2014년 7월 30일 04시,수요일,경상북도 상주시 남장동,중상사고,0,2,0,0,차대차 - 추돌 - 진행중,안전운전불이행,습기,안개,단일로 - 기타,승용,여,45세,상해없음,농기계,남,74세,중상
2014073000100058,2014년 7월 30일 05시,수요일,경상북도 안동시 송현동,중상사고,0,1,0,0,차대사람 - 횡단중,보행자보호의무위반,건조,맑음,교차로 - 교차로부근,승용,여,59세,상해없음,보행자,남,80세,중상
2014073000100064,2014년 7월 30일 06시,수요일,경상북도 봉화군 봉성면,중상사고,0,1,0,0,차량단독 - 전도전복,안전운전불이행,건조,맑음,단일로 - 기타,화물,남,53세,중상,,,,
2014073000100065,2014년 7월 30일 06시,수요일,경상북도 구미시 선산읍,중상사고,0,1,0,0,차대차 - 기타,안전운전불이행,건조,맑음,단일로 - 기타,승용,남,34세,상해없음,승합,남,57세,상해없음
2014073000100076,2014년 7월 30일 07시,수요일,경상북도 김천시 지례면,중상사고,0,1,0,0,차대사람 - 기타,안전운전불이행,건조,맑음,교차로 - 교차로부근,승용,남,63세,상해없음,보행자,남,15세,중상
2014073000100077,2014년 7월 30일 07시,수요일,경상북도 포항시 남구 이동,경상사고,0,0,1,0,차대차 - 추돌 - 진행중,안전운전불이행,건조,맑음,교차로 - 교차로부근,화물,남,42세,상해없음,화물,남,44세,경상
2014073000100108,2014년 7월 30일 08시,수요일,경상북도 경주시 외동읍,경상사고,0,0,1,0,차대차 - 기타,교차로운행방법위반,건조,맑음,교차로 - 교차로안,특수,남,63세,상해없음,승용,남,27세,상해없음
2014073000100109,2014년 7월 30일 08시,수요일,경상북도 포항시 북구 죽도동,중상사고,0,1,0,0,차대차 - 기타,안전운전불이행,건조,맑음,단일로 - 횡단보도상,승용,여,54세,상해없음,자전거,남,24세,중상
2014073000100110,2014년 7월 30일 08시,수요일,경상북도 영덕군 강구면,경상사고,0,0,1,0,차대사람 - 기타,안전운전불이행,건조,맑음,단일로 - 기타,승용,남,64세,상해없음,보행자,여,70세,경상
2014073000100111,2014년 7월 30일 08시,수요일,경상북도 울진군 기성면,중상사고,0,2,0,0,차대차 - 기타,안전운전불이행,건조,맑음,단일로 - 기타,승합,남,31세,중상,승용,남,46세,중상
2014073000100142,2014년 7월 30일 09시,수요일,경상북도 의성군 단북면,중상사고,0,1,0,0,차대차 - 측면직각충돌,안전운전불이행,건조,맑음,단일로 - 기타,특수,남,63세,상해없음,원동기,남,72세,중상
2014073000100143,2014년 7월 30일 09시,수요일,경상북도 영천시 완산동,경상사고,0,0,1,0,차대차 - 기타,안전운전불이행,건조,맑음,단일로 - 기타,화물,남,67세,상해없음,승용,여,27세,경상
2014073000100144,2014년 7월 30일 09시,수요일,경상북도 포항시 남구 오천읍,경상사고,0,0,6,0,차대차 - 기타,안전운전불이행,건조,맑음,교차로 - 교차로안,승합,남,40세,상해없음,승용,여,58세,경상
2014073000100186,2014년 7월 30일 10시,수요일,경상북도 경주시 외동읍,중상사고,0,2,0,0,차대차 - 기타,안전운전불이행,건조,맑음,교차로 - 교차로안,화물,남,49세,상해없음,승용,여,58세,중상
2014073000100221,2014년 7월 30일 11시,수요일,경상북도 김천시 부곡동,경상사고,0,0,1,0,차대차 - 측면직각충돌,안전운전불이행,건조,맑음,교차로 - 교차로부근,승용,남,76세,상해없음,자전거,여,58세,경상
2014073000100222,2014년 7월 30일 11시,수요일,경상북도 영주시 상망동,중상사고,0,1,0,0,차대차 - 측면직각충돌,안전운전불이행,건조,맑음,교차로 - 교차로안,이륜,남,82세,중상,승용,남,50세,상해없음
2014073000100224,2014년 7월 30일 11시,수요일,경상북도 구미시 지산동,중상사고,0,1,0,0,차대차 - 기타,안전운전불이행,건조,맑음,단일로 - 기타,화물,남,29세,상해없음,자전거,남,55세,중상
2014073000100250,2014년 7월 30일 12시,수요일,경상북도 경주시 강동면,중상사고,0,1,5,0,차대차 - 기타,안전운전불이행,건조,맑음,단일로 - 기타,승용,여,33세,경상,승용,여,55세,상해없음
2014073000100251,2014년 7월 30일 12시,수요일,경상북도 안동시 송현동,중상사고,0,1,0,0,차대사람 - 횡단중,신호위반,건조,맑음,기타 - 기타,승용,여,53세,상해없음,보행자,여,31세,중상
2014073000100252,2014년 7월 30일 12시,수요일,경상북도 의성군 의성읍,중상사고,0,1,0,0,차량단독 - 공작물충돌,안전운전불이행,건조,맑음,단일로 - 기타,승용,남,50세,중상,,,,
2014073000100253,2014년 7월 30일 12시,수요일,경상북도 문경시 모전동,경상사고,0,0,1,0,차량단독 - 공작물충돌,안전운전불이행,건조,맑음,단일로 - 기타,승용,여,60세,경상,,,,
2014073000100254,2014년 7월 30일 12시,수요일,경상북도 문경시 마성면,경상사고,0,0,2,0,차대차 - 추돌 - 주정차중,안전거리미확보,건조,맑음,기타 - 기타,화물,남,41세,상해없음,승용,남,66세,경상
2014073000100255,2014년 7월 30일 12시,수요일,경상북도 구미시 구평동,부상신고사고,0,0,0,1,차대차 - 기타,안전운전불이행,건조,맑음,교차로 - 교차로부근,승용,남,29세,부상신고,화물,남,43세,상해없음
2014073000100283,2014년 7월 30일 13시,수요일,경상북도 성주군 성주읍,경상사고,0,0,1,0,차대차 - 기타,안전운전불이행,건조,맑음,기타 - 기타,화물,남,40세,상해없음,자전거,여,68세,경상
2014073000100320,2014년 7월 30일 14시,수요일,경상북도 경주시 양남면,중상사고,0,1,2,0,차대차 - 기타,중앙선침범,건조,맑음,단일로 - 기타,기타불명,기타불명,기타불명,기타불명,승용,여,50세,중상
2014073000100322,2014년 7월 30일 14시,수요일,경상북도 상주시 남성동,중상사고,0,1,0,1,차대차 - 측면직각충돌,교차로운행방법위반,건조,맑음,교차로 - 교차로안,이륜,남,41세,부상신고,승용,남,68세,상해없음
2014073000100323,2014년 7월 30일 14시,수요일,경상북도 영주시 가흥동,중상사고,0,1,5,0,차대차 - 측면직각충돌,직진우회전진행방해,건조,맑음,교차로 - 교차로안,승용,여,32세,중상,승용,여,38세,경상
2014073000100362,2014년 7월 30일 15시,수요일,경상북도 영천시 대창면,경상사고,0,0,1,0,차대차 - 기타,중앙선침범,건조,맑음,단일로 - 기타,원동기,남,69세,경상,승합,남,53세,상해없음
2014073000100363,2014년 7월 30일 15시,수요일,경상북도 경산시 옥산동,중상사고,0,1,0,0,차대차 - 기타,직진우회전진행방해,건조,맑음,교차로 - 교차로부근,승합,남,51세,상해없음,자전거,남,81세,중상
2014073000100364,2014년 7월 30일 15시,수요일,경상북도 경산시 옥곡동,중상사고,0,1,0,0,차대차 - 기타,안전운전불이행,건조,맑음,단일로 - 기타,승용,여,41세,상해없음,원동기,남,22세,중상
2014073000100365,2014년 7월 30일 15시,수요일,경상북도 포항시 남구 동해면,중상사고,0,1,0,0,차대차 - 기타,안전운전불이행,건조,맑음,단일로 - 기타,승용,남,20세,상해없음,이륜,남,44세,중상
2014073000100430,2014년 7월 30일 17시,수요일,경상북도 경산시 계양동,중상사고,0,1,0,0,차대사람 - 기타,안전운전불이행,건조,맑음,교차로 - 교차로안,기타불명,기타불명,기타불명,기타불명,보행자,남,45세,중상
2014073000100468,2014년 7월 30일 18시,수요일,경상북도 경주시 동천동,경상사고,0,0,4,0,차대차 - 기타,중앙선침범,건조,맑음,교차로 - 교차로부근,승용,남,40세,상해없음,승용,남,28세,경상
2014073000100469,2014년 7월 30일 18시,수요일,경상북도 경주시 황오동,경상사고,0,0,1,0,차대차 - 기타,안전운전불이행,건조,맑음,단일로 - 기타,승용,남,49세,상해없음,자전거,남,60세,경상
2014073000100470,2014년 7월 30일 18시,수요일,경상북도 상주시 계산동,경상사고,0,0,1,0,차대사람 - 기타,안전운전불이행,건조,맑음,교차로 - 교차로안,승용,여,44세,상해없음,보행자,여,59세,경상
2014073000100471,2014년 7월 30일 18시,수요일,경상북도 구미시 봉곡동,중상사고,0,1,0,0,차대차 - 기타,안전운전불이행,건조,맑음,교차로 - 교차로안,승용,남,33세,상해없음,이륜,남,18세,중상
2014073000100472,2014년 7월 30일 18시,수요일,경상북도 구미시 진평동,경상사고,0,0,1,0,차대차 - 기타,안전운전불이행,건조,맑음,단일로 - 기타,화물,남,29세,상해없음,승용,남,30세,경상
2014073000100508,2014년 7월 30일 19시,수요일,경상북도 영덕군 남정면,중상사고,0,1,0,0,차대사람 - 기타,안전운전불이행,건조,맑음,단일로 - 기타,승용,남,63세,상해없음,보행자,여,75세,중상
2014073000100548,2014년 7월 30일 20시,수요일,경상북도 경산시 옥산동,경상사고,0,0,1,0,차대차 - 추돌 - 진행중,안전거리미확보,건조,맑음,단일로 - 기타,원동기,남,19세,경상,화물,남,55세,상해없음
2014073000100549,2014년 7월 30일 20시,수요일,경상북도 포항시 남구 호동,중상사고,0,1,0,0,차대차 - 기타,안전운전불이행,건조,맑음,교차로 - 교차로안,이륜,남,59세,중상,승용,남,59세,상해없음
2014073000100572,2014년 7월 30일 21시,수요일,경상북도 포항시 북구 항구동,경상사고,0,0,2,0,차대차 - 기타,안전운전불이행,건조,맑음,교차로 - 교차로부근,승용,남,56세,상해없음,승용,남,39세,경상
2014073000100573,2014년 7월 30일 21시,수요일,경상북도 칠곡군 동명면,부상신고사고,0,0,0,2,차대차 - 기타,중앙선침범,건조,맑음,교차로 - 교차로부근,승용,남,47세,상해없음,화물,여,45세,부상신고
2014073000100574,2014년 7월 30일 21시,수요일,경상북도 구미시 공단동,경상사고,0,0,1,0,차대차 - 기타,안전운전불이행,건조,맑음,교차로 - 교차로안,승용,남,49세,상해없음,승용,남,40세,경상
2014073000100575,2014년 7월 30일 21시,수요일,경상북도 구미시 원평동,중상사고,0,1,0,0,차대차 - 기타,신호위반,건조,맑음,교차로 - 교차로안,승용,남,51세,상해없음,이륜,남,62세,중상
2014073000100576,2014년 7월 30일 21시,수요일,경상북도 포항시 남구 대도동,경상사고,0,0,1,0,차대차 - 측면직각충돌,안전운전불이행,건조,맑음,단일로 - 기타,승용,남,54세,상해없음,자전거,여,47세,경상
2014073000100577,2014년 7월 30일 21시,수요일,경상북도 포항시 남구 해도동,경상사고,0,0,1,0,차대차 - 기타,직진우회전진행방해,건조,맑음,교차로 - 교차로안,승용,남,46세,상해없음,승용,여,31세,경상
2014073000100610,2014년 7월 30일 22시,수요일,경상북도 안동시 성곡동,사망사고,1,2,0,0,차대차 - 추돌 - 진행중,안전운전불이행,건조,맑음,단일로 - 기타,승용,남,48세,사망,승용,남,26세,중상
2014073000100611,2014년 7월 30일 22시,수요일,경상북도 영주시 가흥동,중상사고,0,1,0,0,차대사람 - 횡단중,안전운전불이행,건조,맑음,교차로 - 교차로안,승용,남,43세,상해없음,보행자,남,43세,중상
2014073000100612,2014년 7월 30일 22시,수요일,경상북도 경산시 진량읍,중상사고,0,1,0,0,차대사람 - 보도통행중,보행자보호의무위반,건조,맑음,교차로 - 교차로안,이륜,여,46세,상해없음,보행자,여,20세,중상
2014073000100653,2014년 7월 30일 23시,수요일,경상북도 포항시 북구 우현동,경상사고,0,0,2,0,차대차 - 기타,안전거리미확보,건조,맑음,단일로 - 기타,승용,남,33세,상해없음,원동기,남,18세,경상
2014073000100654,2014년 7월 30일 23시,수요일,경상북도 영주시 봉현면,중상사고,0,1,4,0,차대차 - 측면직각충돌,안전운전불이행,건조,맑음,단일로 - 기타,승용,남,30세,중상,승합,남,30세,상해없음
2014073100100036,2014년 7월 31일 01시,목요일,경상북도 경산시 계양동,경상사고,0,0,1,0,차대차 - 기타,안전운전불이행,건조,맑음,단일로 - 기타,승용,남,24세,상해없음,승용,남,30세,상해없음
2014073100100101,2014년 7월 31일 06시,목요일,경상북도 경주시 천북면,경상사고,0,0,1,0,차대차 - 기타,안전운전불이행,건조,맑음,교차로 - 교차로부근,특수,남,42세,상해없음,화물,남,72세,경상
2014073100100121,2014년 7월 31일 07시,목요일,경상북도 김천시 대광동,경상사고,0,0,1,0,차대차 - 측면직각충돌,안전운전불이행,건조,맑음,기타 - 기타,화물,남,45세,상해없음,승용,남,24세,경상
2014073100100122,2014년 7월 31일 07시,목요일,경상북도 영천시 조교동,경상사고,0,0,1,0,차대차 - 기타,신호위반,건조,맑음,교차로 - 교차로안,특수,남,34세,상해없음,승용,여,31세,경상
2014073100100156,2014년 7월 31일 08시,목요일,경상북도 영양군 영양읍,경상사고,0,0,2,0,차대사람 - 횡단중,안전운전불이행,건조,맑음,단일로 - 기타,이륜,남,66세,경상,보행자,여,40세,경상
2014073100100157,2014년 7월 31일 08시,목요일,경상북도 포항시 남구 대잠동,경상사고,0,0,2,0,차대차 - 기타,안전운전불이행,건조,맑음,교차로 - 교차로안,승용,여,59세,경상,승용,남,30세,경상
2014073100100158,2014년 7월 31일 08시,목요일,경상북도 포항시 남구 청림동,경상사고,0,0,1,0,차대차 - 추돌 - 진행중,안전운전불이행,건조,맑음,교차로 - 교차로안,승용,여,48세,상해없음,승용,여,42세,경상
2014073100100185,2014년 7월 31일 09시,목요일,경상북도 경주시 인왕동,경상사고,0,0,3,0,차대차 - 기타,신호위반,건조,맑음,교차로 - 교차로안,승용,남,54세,상해없음,승용,남,54세,경상
2014073100100186,2014년 7월 31일 09시,목요일,경상북도 경주시 황성동,경상사고,0,0,1,0,차대차 - 기타,안전운전불이행,건조,맑음,단일로 - 기타,승용,여,51세,상해없음,승용,남,65세,경상
2014073100100217,2014년 7월 31일 10시,목요일,경상북도 청송군 파천면,사망사고,1,0,0,0,차량단독 - 도로외이탈 - 추락,안전운전불이행,건조,맑음,단일로 - 기타,승용,남,66세,사망,,,,
2014073100100250,2014년 7월 31일 11시,목요일,경상북도 경주시 성건동,경상사고,0,0,1,0,차대차 - 기타,안전운전불이행,건조,맑음,단일로 - 기타,화물,남,64세,상해없음,자전거,여,65세,경상
2014073100100251,2014년 7월 31일 11시,목요일,경상북도 포항시 남구 동해면,경상사고,0,0,1,0,차대차 - 기타,중앙선침범,건조,맑음,단일로 - 기타,화물,남,62세,상해없음,화물,남,38세,경상
2014073100100281,2014년 7월 31일 12시,목요일,경상북도 경주시 동천동,부상신고사고,0,0,0,2,차대차 - 기타,안전운전불이행,건조,맑음,단일로 - 기타,승용,남,28세,상해없음,화물,남,63세,상해없음
2014073100100282,2014년 7월 31일 12시,목요일,경상북도 구미시 임수동,경상사고,0,0,2,0,차대차 - 기타,안전운전불이행,건조,맑음,교차로 - 교차로부근,승용,남,29세,상해없음,승용,남,45세,경상
2014073100100318,2014년 7월 31일 13시,목요일,경상북도 칠곡군 지천면,경상사고,0,0,1,0,차대차 - 기타,안전운전불이행,건조,맑음,교차로 - 교차로부근,승용,여,54세,상해없음,이륜,남,72세,경상
2014073100100319,2014년 7월 31일 13시,목요일,경상북도 문경시 모전동,경상사고,0,0,1,0,차대차 - 기타,안전운전불이행,건조,흐림,단일로 - 기타,승용,여,57세,상해없음,자전거,남,13세,경상
2014073100100320,2014년 7월 31일 13시,목요일,경상북도 영덕군 영해면,경상사고,0,0,1,0,차대차 - 측면직각충돌,안전운전불이행,건조,맑음,단일로 - 기타,자전거,남,9세,경상,화물,남,42세,상해없음
2014073100100321,2014년 7월 31일 13시,목요일,경상북도 영덕군 영해면,경상사고,0,0,1,0,차대차 - 측면직각충돌,신호위반,건조,맑음,교차로 - 교차로안,승용,남,32세,상해없음,승용,남,60세,경상
2014073100100361,2014년 7월 31일 14시,목요일,경상북도 경주시 외동읍,중상사고,0,1,0,0,차대차 - 기타,안전운전불이행,건조,맑음,단일로 - 기타,화물,남,55세,상해없음,화물,남,62세,중상
2014073100100362,2014년 7월 31일 14시,목요일,경상북도 경산시 진량읍,경상사고,0,0,1,0,차대차 - 기타,안전거리미확보,건조,맑음,교차로 - 교차로부근,승용,여,57세,상해없음,화물,남,57세,경상
2014073100100363,2014년 7월 31일 14시,목요일,경상북도 울진군 울진읍,경상사고,0,0,1,0,차량단독 - 기타,안전운전불이행,습기,비,단일로 - 기타,원동기,남,75세,경상,,,,
2014073100100387,2014년 7월 31일 15시,목요일,경상북도 경주시 덕동,중상사고,0,2,2,0,차대차 - 기타,중앙선침범,건조,맑음,단일로 - 기타,승용,남,41세,상해없음,승합,남,59세,중상
2014073100100424,2014년 7월 31일 16시,목요일,경상북도 청도군 각남면,경상사고,0,0,1,0,차대차 - 기타,중앙선침범,습기,흐림,단일로 - 기타,승용,남,52세,상해없음,화물,남,30세,상해없음
2014073100100425,2014년 7월 31일 16시,목요일,경상북도 구미시 상모동,경상사고,0,0,1,0,차대차 - 측면직각충돌,교차로운행방법위반,건조,맑음,교차로 - 교차로안,이륜,남,26세,경상,승용,남,34세,상해없음
2014073100100426,2014년 7월 31일 16시,목요일,경상북도 포항시 남구 구룡포읍,경상사고,0,0,2,0,차대차 - 기타,안전운전불이행,건조,맑음,교차로 - 교차로부근,화물,남,69세,상해없음,승용,남,31세,경상
2014073100100478,2014년 7월 31일 17시,목요일,경상북도 포항시 남구 이동,경상사고,0,0,1,0,차량단독 - 기타,안전운전불이행,건조,맑음,단일로 - 기타,이륜,남,28세,경상,,,,
2014073100100518,2014년 7월 31일 18시,목요일,경상북도 안동시 태화동,경상사고,0,0,2,0,차대차 - 기타,안전거리미확보,건조,맑음,단일로 - 기타,원동기,남,15세,경상,승용,여,29세,경상
2014073100100519,2014년 7월 31일 18시,목요일,경상북도 영천시 야사동,경상사고,0,0,1,0,차대차 - 기타,안전거리미확보,습기,비,교차로 - 교차로부근,승용,남,51세,상해없음,원동기,남,25세,경상
2014073100100520,2014년 7월 31일 18시,목요일,경상북도 영천시 완산동,경상사고,0,0,2,0,차대차 - 측면직각충돌,교차로운행방법위반,습기,흐림,교차로 - 교차로안,화물,남,55세,상해없음,승용,남,61세,경상
2014073100100521,2014년 7월 31일 18시,목요일,경상북도 문경시 마성면,경상사고,0,0,2,0,차대차 - 측면직각충돌,직진우회전진행방해,건조,맑음,교차로 - 교차로안,승용,남,44세,상해없음,화물,남,70세,경상
2014073100100522,2014년 7월 31일 18시,목요일,경상북도 예천군 지보면,사망사고,1,0,0,0,차대차 - 측면직각충돌,중앙선침범,습기,비,단일로 - 기타,화물,남,51세,상해없음,이륜,남,55세,사망
2014073100100559,2014년 7월 31일 19시,목요일,경상북도 경주시 건천읍,중상사고,0,2,0,0,차대차 - 정면충돌,중앙선침범,건조,맑음,단일로 - 기타,승합,남,42세,상해없음,승용,남,34세,중상
2014073100100592,2014년 7월 31일 20시,목요일,경상북도 고령군 쌍림면,사망사고,1,0,0,0,차대사람 - 횡단중,안전운전불이행,건조,기타,단일로 - 기타,승용,남,54세,기타불명,보행자,여,84세,사망
2014073100100593,2014년 7월 31일 20시,목요일,경상북도 청송군 안덕면,경상사고,0,0,1,0,차대차 - 기타,안전운전불이행,건조,맑음,교차로 - 교차로안,승용,남,47세,상해없음,승용,여,49세,경상
2014073100100594,2014년 7월 31일 20시,목요일,경상북도 구미시 인의동,경상사고,0,0,1,0,차대차 - 측면직각충돌,교차로운행방법위반,습기,비,단일로 - 기타,승용,남,29세,상해없음,이륜,남,22세,경상
2014073100100595,2014년 7월 31일 20시,목요일,경상북도 구미시 인의동,경상사고,0,0,1,0,차대차 - 기타,중앙선침범,건조,흐림,단일로 - 기타,승용,남,24세,상해없음,이륜,남,40세,경상
2014073100100628,2014년 7월 31일 21시,목요일,경상북도 경주시 동천동,부상신고사고,0,0,0,1,차대차 - 기타,중앙선침범,건조,맑음,단일로 - 기타,원동기,남,17세,부상신고,승용,남,24세,상해없음
2014073100100629,2014년 7월 31일 21시,목요일,경상북도 영천시 야사동,중상사고,0,1,0,0,차대차 - 기타,안전운전불이행,건조,맑음,교차로 - 교차로안,승용,남,49세,상해없음,원동기,남,59세,중상
2014073100100630,2014년 7월 31일 21시,목요일,경상북도 포항시 남구 오천읍,중상사고,0,1,0,0,차대사람 - 횡단중,안전운전불이행,건조,맑음,교차로 - 교차로안,승용,남,51세,상해없음,보행자,여,46세,중상
2014073100100662,2014년 7월 31일 22시,목요일,경상북도 포항시 남구 대잠동,경상사고,0,0,1,0,차대차 - 기타,차로위반,건조,맑음,단일로 - 기타,화물,남,61세,상해없음,승용,남,34세,경상
2014073100100695,2014년 7월 31일 23시,목요일,경상북도 포항시 북구 대흥동,경상사고,0,0,5,0,차대차 - 기타,안전운전불이행,건조,맑음,단일로 - 기타,승용,남,52세,상해없음,승용,남,58세,경상
2014080100100015,2014년 8월 1일 00시,금요일,경상북도 경주시 서악동,중상사고,0,1,0,0,차대차 - 기타,안전운전불이행,건조,흐림,교차로 - 교차로안,화물,여,61세,상해없음,자전거,남,42세,중상
2014080100100016,2014년 8월 1일 00시,금요일,경상북도 안동시 옥동,경상사고,0,0,1,0,차대사람 - 기타,안전운전불이행,건조,맑음,단일로 - 기타,승용,여,42세,상해없음,보행자,남,33세,경상
2014080100100035,2014년 8월 1일 01시,금요일,경상북도 경주시 외동읍,중상사고,0,1,0,0,차대차 - 기타,신호위반,건조,맑음,교차로 - 교차로안,승용,여,53세,상해없음,이륜,남,46세,중상
2014080100100036,2014년 8월 1일 01시,금요일,경상북도 경주시 양남면,중상사고,0,1,1,0,차대차 - 기타,안전운전불이행,건조,맑음,교차로 - 교차로안,승용,남,20세,상해없음,이륜,남,45세,중상
2014080100100037,2014년 8월 1일 01시,금요일,경상북도 포항시 남구 연일읍,중상사고,0,1,0,0,차대차 - 기타,안전운전불이행,건조,맑음,교차로 - 교차로안,승용,남,23세,상해없음,자전거,남,29세,중상
2014080100100054,2014년 8월 1일 02시,금요일,경상북도 포항시 남구 구룡포읍,경상사고,0,0,1,0,차대사람 - 기타,안전운전불이행,건조,맑음,기타 - 기타,원동기,기타불명,기타불명,기타불명,보행자,여,53세,경상
2014080100100055,2014년 8월 1일 02시,금요일,경상북도 상주시 공검면,중상사고,0,1,0,0,차대차 - 추돌 - 진행중,안전운전불이행,건조,맑음,단일로 - 기타,화물,남,47세,상해없음,화물,남,36세,중상
2014080100100072,2014년 8월 1일 04시,금요일,경상북도 안동시 옥동,경상사고,0,0,3,0,차대차 - 기타,안전거리미확보,건조,맑음,교차로 - 교차로부근,승용,남,30세,상해없음,승용,남,29세,경상
2014080100100106,2014년 8월 1일 07시,금요일,경상북도 구미시 시미동,중상사고,0,1,0,1,차대차 - 기타,중앙선침범,건조,흐림,단일로 - 기타,승용,남,35세,부상신고,승용,남,34세,중상
2014080100100124,2014년 8월 1일 08시,금요일,경상북도 의성군 점곡면,중상사고,0,1,0,0,차량단독 - 도로외이탈 - 기타,안전운전불이행,건조,맑음,단일로 - 기타,농기계,남,72세,중상,,,,
2014080100100125,2014년 8월 1일 08시,금요일,경상북도 칠곡군 왜관읍,경상사고,0,0,1,0,차대차 - 추돌 - 주정차중,안전운전불이행,건조,맑음,단일로 - 기타,승용,여,28세,상해없음,승용,남,35세,경상
2014080100100126,2014년 8월 1일 08시,금요일,경상북도 고령군 성산면,중상사고,0,1,0,0,차대사람 - 기타,안전운전불이행,건조,흐림,기타 - 기타,화물,남,46세,상해없음,보행자,남,73세,중상
2014080100100147,2014년 8월 1일 09시,금요일,경상북도 영덕군 영덕읍,중상사고,0,2,2,1,차대차 - 정면충돌,중앙선침범,건조,맑음,단일로 - 기타,승용,남,29세,부상신고,승용,여,48세,중상
2014080100100148,2014년 8월 1일 09시,금요일,경상북도 영양군 청기면,중상사고,0,1,0,0,차대사람 - 횡단중,안전운전불이행,건조,맑음,단일로 - 기타,승용,남,55세,상해없음,보행자,남,78세,중상
2014080100100149,2014년 8월 1일 09시,금요일,경상북도 구미시 원평동,경상사고,0,0,1,0,차대사람 - 기타,안전운전불이행,건조,맑음,기타 - 기타,기타불명,기타불명,기타불명,기타불명,보행자,남,28세,경상
2014080100100175,2014년 8월 1일 10시,금요일,경상북도 구미시 송정동,경상사고,0,0,2,0,차대차 - 기타,신호위반,건조,맑음,교차로 - 교차로안,승용,남,30세,상해없음,승용,남,39세,경상
2014080100100176,2014년 8월 1일 10시,금요일,경상북도 포항시 남구 상도동,경상사고,0,0,1,0,차대차 - 기타,안전운전불이행,건조,맑음,교차로 - 교차로안,자전거,남,87세,경상,승용,남,51세,상해없음
2014080100100207,2014년 8월 1일 11시,금요일,경상북도 포항시 북구 죽도동,중상사고,0,1,0,0,차대차 - 기타,안전운전불이행,건조,맑음,단일로 - 기타,승용,남,68세,상해없음,자전거,남,68세,중상