사고번호,사고일시,요일,시군구,사고내용,사망자수,중상자수,경상자수,부상신고자수,사고유형,법규위반,노면상태,기상상태,도로형태,가해운전자 차종,가해운전자 성별,가해운전자 연령,가해운전자 상해정도,피해운전자 차종,피해운전자 성별,피해운전자 연령,피해운전자 상해정도
2014080600100521,2014년 8월 6일 20시,수요일,경상북도 구미시 오태동,경상사고,0,0,1,0,차대차 - 기타,교차로운행방법위반,기타,기타,기타 - 기타,승합,남,52세,상해없음,승용,여,45세,경상
2014080600100554,2014년 8월 6일 21시,수요일,경상북도 포항시 북구 대흥동,경상사고,0,0,1,0,차대차 - 측면직각충돌,안전거리미확보,습기,비,단일로 - 기타,건설기계,남,63세,상해없음,승용,남,63세,상해없음
2014080600100555,2014년 8월 6일 21시,수요일,경상북도 포항시 북구 흥해읍,경상사고,0,0,1,0,차대차 - 기타,중앙선침범,습기,비,기타 - 기타,승용,남,63세,상해없음,승용,남,55세,상해없음
2014080600100556,2014년 8월 6일 21시,수요일,경상북도 구미시 봉곡동,경상사고,0,0,1,0,차대차 - 기타,안전운전불이행,습기,흐림,교차로 - 교차로안,이륜,남,22세,경상,승용,여,33세,상해없음
2014080600100557,2014년 8월 6일 21시,수요일,경상북도 포항시 남구 오천읍,경상사고,0,0,1,0,차대차 - 기타,직진우회전진행방해,습기,비,교차로 - 교차로안,승용,남,29세,상해없음,승용,남,38세,경상
2014080600100591,2014년 8월 6일 22시,수요일,경상북도 안동시 옥동,중상사고,0,1,1,0,차대차 - 추돌 - 주정차중,안전운전불이행,습기,비,단일로 - 기타,승용,남,58세,상해없음,화물,여,51세,경상
2014080600100592,2014년 8월 6일 22시,수요일,경상북도 구미시 공단동,경상사고,0,0,1,0,차대사람 - 횡단중,안전운전불이행,건조,맑음,단일로 - 기타,승합,남,54세,상해없음,보행자,여,68세,경상
2014080700100077,2014년 8월 7일 05시,목요일,경상북도 포항시 북구 두호동,중상사고,0,1,1,0,차대차 - 기타,신호위반,습기,흐림,교차로 - 교차로안,원동기,남,16세,경상,승용,남,59세,상해없음
2014080700100107,2014년 8월 7일 07시,목요일,경상북도 의성군 금성면,중상사고,0,2,1,0,차대차 - 측면직각충돌,안전운전불이행,건조,흐림,교차로 - 교차로안,화물,남,60세,중상,화물,남,40세,경상
2014080700100108,2014년 8월 7일 07시,목요일,경상북도 예천군 지보면,중상사고,0,1,0,0,차대차 - 측면직각충돌,중앙선침범,습기,비,단일로 - 기타,화물,여,58세,상해없음,승용,여,37세,중상
2014080700100109,2014년 8월 7일 07시,목요일,경상북도 구미시 형곡동,부상신고사고,0,0,0,1,차대차 - 기타,교차로운행방법위반,건조,맑음,교차로 - 교차로안,화물,남,53세,상해없음,자전거,여,19세,부상신고
2014080700100136,2014년 8월 7일 08시,목요일,경상북도 김천시 삼락동,경상사고,0,0,2,0,차대차 - 측면직각충돌,직진우회전진행방해,습기,비,교차로 - 교차로안,승용,여,53세,경상,화물,남,64세,경상
2014080700100137,2014년 8월 7일 08시,목요일,경상북도 영주시 상망동,경상사고,0,0,2,0,차대차 - 추돌 - 주정차중,안전운전불이행,습기,비,단일로 - 기타,화물,남,64세,상해없음,승용,여,47세,경상
2014080700100138,2014년 8월 7일 08시,목요일,경상북도 칠곡군 북삼읍,중상사고,0,1,0,0,차대차 - 기타,교차로운행방법위반,건조,맑음,교차로 - 교차로안,화물,여,53세,상해없음,이륜,남,72세,중상
2014080700100139,2014년 8월 7일 08시,목요일,경상북도 구미시 해평면,중상사고,0,1,0,0,차대차 - 기타,안전운전불이행,습기,비,단일로 - 기타,화물,남,39세,상해없음,자전거,남,70세,중상
2014080700100162,2014년 8월 7일 09시,목요일,경상북도 포항시 남구 오천읍,경상사고,0,0,1,0,차대차 - 기타,안전운전불이행,건조,맑음,교차로 - 교차로부근,자전거,여,46세,경상,승용,여,38세,상해없음
2014080700100182,2014년 8월 7일 10시,목요일,경상북도 안동시 법흥동,경상사고,0,0,1,0,차대차 - 기타,안전운전불이행,습기,비,교차로 - 교차로부근,화물,남,53세,상해없음,승용,여,32세,경상
2014080700100208,2014년 8월 7일 11시,목요일,경상북도 안동시 남선면,중상사고,0,7,2,0,차량단독 - 공작물충돌,안전운전불이행,습기,비,기타 - 기타,승합,남,39세,상해없음,,,,
2014080700100209,2014년 8월 7일 11시,목요일,경상북도 경산시 계양동,중상사고,0,1,0,0,차대사람 - 기타,안전운전불이행,습기,비,단일로 - 기타,승용,여,53세,상해없음,보행자,남,67세,중상
2014080700100210,2014년 8월 7일 11시,목요일,경상북도 포항시 남구 연일읍,경상사고,0,0,1,0,차대차 - 기타,신호위반,건조,맑음,교차로 - 교차로안,기타불명,기타불명,기타불명,기타불명,승용,여,38세,상해없음
2014080700100235,2014년 8월 7일 12시,목요일,경상북도 상주시 모서면,경상사고,0,0,1,1,차대차 - 측면직각충돌,교차로운행방법위반,습기,비,교차로 - 교차로안,승용,남,33세,부상신고,승용,남,28세,경상
2014080700100236,2014년 8월 7일 12시,목요일,경상북도 경산시 하양읍,경상사고,0,0,1,0,차대차 - 기타,안전운전불이행,습기,비,교차로 - 교차로안,승용,여,49세,기타불명,승용,여,42세,경상
2014080700100237,2014년 8월 7일 12시,목요일,경상북도 경산시 진량읍,경상사고,0,0,1,0,차대사람 - 기타,신호위반,습기,비,단일로 - 횡단보도상,이륜,남,24세,상해없음,보행자,남,22세,경상
2014080700100238,2014년 8월 7일 12시,목요일,경상북도 포항시 남구 괴동동,중상사고,0,1,0,0,차량단독 - 기타,안전운전불이행,건조,맑음,단일로 - 기타,이륜,남,43세,상해없음,,,,
2014080700100271,2014년 8월 7일 13시,목요일,경상북도 포항시 남구 오천읍,중상사고,0,1,0,0,차대차 - 기타,안전운전불이행,습기,비,교차로 - 교차로안,승용,남,71세,상해없음,자전거,남,82세,중상
2014080700100340,2014년 8월 7일 15시,목요일,경상북도 경주시 안강읍,경상사고,0,0,2,0,차대차 - 기타,중앙선침범,습기,비,교차로 - 교차로부근,승용,남,46세,상해없음,승용,여,45세,경상
2014080700100341,2014년 8월 7일 15시,목요일,경상북도 포항시 북구 득량동,경상사고,0,0,4,0,차대차 - 기타,직진우회전진행방해,습기,비,교차로 - 교차로안,승용,남,50세,상해없음,승용,여,47세,경상
2014080700100342,2014년 8월 7일 15시,목요일,경상북도 성주군 용암면,중상사고,0,1,1,0,차대차 - 정면충돌,중앙선침범,습기,비,단일로 - 기타,승용,여,33세,경상,화물,남,49세,중상
2014080700100374,2014년 8월 7일 16시,목요일,경상북도 포항시 북구 청하면,경상사고,0,0,1,0,차량단독 - 전도전복,안전운전불이행,습기,비,단일로 - 기타,승용,여,37세,상해없음,,,,
2014080700100453,2014년 8월 7일 18시,목요일,경상북도 경주시 배반동,중상사고,0,1,0,0,차대차 - 기타,중앙선침범,습기,비,단일로 - 기타,승용,남,49세,상해없음,승용,남,38세,중상
2014080700100454,2014년 8월 7일 18시,목요일,경상북도 포항시 북구 송라면,경상사고,0,0,1,0,차량단독 - 공작물충돌,안전운전불이행,습기,비,단일로 - 기타,승합,남,28세,기타불명,,,,
2014080700100455,2014년 8월 7일 18시,목요일,경상북도 안동시 서후면,경상사고,0,0,2,0,차대차 - 기타,안전운전불이행,건조,맑음,단일로 - 기타,승용,남,41세,상해없음,승용,남,62세,경상
2014080700100456,2014년 8월 7일 18시,목요일,경상북도 안동시 운흥동,경상사고,0,0,3,0,차대차 - 추돌 - 주정차중,안전운전불이행,습기,비,교차로 - 교차로부근,화물,남,41세,경상,화물,남,46세,경상
2014080700100457,2014년 8월 7일 18시,목요일,경상북도 경산시 정평동,중상사고,0,1,0,0,차대차 - 추돌 - 주정차중,기타,습기,비,단일로 - 기타,승용,여,28세,상해없음,원동기,남,41세,중상
2014080700100458,2014년 8월 7일 18시,목요일,경상북도 경산시 하양읍,중상사고,0,1,0,0,차대차 - 기타,안전거리미확보,습기,비,단일로 - 기타,승용,남,45세,상해없음,승용,여,41세,중상
2014080700100459,2014년 8월 7일 18시,목요일,경상북도 구미시 공단동,경상사고,0,0,1,0,차대차 - 측면직각충돌,안전운전불이행,습기,비,교차로 - 교차로안,승용,여,40세,상해없음,자전거,남,25세,경상
2014080700100460,2014년 8월 7일 18시,목요일,경상북도 포항시 남구 이동,부상신고사고,0,0,0,1,차대차 - 추돌 - 진행중,안전운전불이행,습기,비,교차로 - 교차로부근,승용,여,53세,부상신고,승용,여,44세,상해없음
2014080700100488,2014년 8월 7일 19시,목요일,경상북도 경주시 황성동,경상사고,0,0,2,0,차대차 - 기타,안전운전불이행,기타,비,기타 - 기타,승용,남,35세,상해없음,승용,남,25세,경상
2014080700100489,2014년 8월 7일 19시,목요일,경상북도 칠곡군 북삼읍,경상사고,0,0,3,0,차대차 - 측면직각충돌,직진우회전진행방해,습기,비,교차로 - 교차로안,승용,남,41세,상해없음,승용,여,42세,경상
2014080700100490,2014년 8월 7일 19시,목요일,경상북도 경산시 계양동,중상사고,0,1,0,0,차대사람 - 보도통행중,보행자보호의무위반,습기,비,교차로 - 교차로안,승용,남,66세,상해없음,보행자,남,20세,중상
2014080700100491,2014년 8월 7일 19시,목요일,경상북도 경산시 진량읍,경상사고,0,0,1,0,차대차 - 기타,안전운전불이행,습기,비,교차로 - 교차로부근,승용,여,48세,상해없음,승용,남,45세,경상
2014080700100522,2014년 8월 7일 20시,목요일,경상북도 김천시 부곡동,중상사고,0,1,0,0,차대차 - 측면직각충돌,안전운전불이행,습기,비,단일로 - 기타,승합,남,41세,상해없음,이륜,남,23세,중상
2014080700100558,2014년 8월 7일 21시,목요일,경상북도 영주시 휴천동,경상사고,0,0,1,0,차대차 - 추돌 - 진행중,안전운전불이행,습기,맑음,교차로 - 교차로부근,승용,여,40세,상해없음,이륜,남,16세,경상
2014080700100559,2014년 8월 7일 21시,목요일,경상북도 구미시 송정동,경상사고,0,0,2,0,차대차 - 측면직각충돌,안전운전불이행,습기,비,단일로 - 기타,승용,남,40세,상해없음,승용,남,54세,경상
2014080700100560,2014년 8월 7일 21시,목요일,경상북도 구미시 원평동,경상사고,0,0,2,0,차대차 - 측면직각충돌,신호위반,습기,비,교차로 - 교차로안,승용,남,40세,상해없음,승용,남,52세,경상
2014080700100561,2014년 8월 7일 21시,목요일,경상북도 포항시 남구 대도동,경상사고,0,0,2,0,차대차 - 추돌 - 진행중,안전운전불이행,습기,비,단일로 - 기타,화물,남,52세,상해없음,승용,남,24세,경상
2014080700100599,2014년 8월 7일 22시,목요일,경상북도 포항시 북구 죽도동,중상사고,0,1,0,0,차대차 - 기타,신호위반,습기,비,교차로 - 교차로안,승용,여,48세,상해없음,승용,남,34세,중상
2014080700100628,2014년 8월 7일 23시,목요일,경상북도 구미시 구포동,경상사고,0,0,1,0,차대차 - 측면직각충돌,안전운전불이행,습기,비,교차로 - 교차로부근,승용,남,29세,상해없음,승용,남,62세,경상
2014080700100629,2014년 8월 7일 23시,목요일,경상북도 포항시 남구 대송면,중상사고,0,1,2,0,차대차 - 기타,교차로운행방법위반,습기,비,교차로 - 교차로안,승용,남,48세,상해없음,화물,남,43세,경상
2014080800100017,2014년 8월 8일 00시,금요일,경상북도 구미시 신평동,경상사고,0,0,1,0,차대차 - 측면직각충돌,안전운전불이행,습기,비,단일로 - 기타,승용,남,43세,상해없음,원동기,남,25세,경상
2014080800100035,2014년 8월 8일 01시,금요일,경상북도 안동시 송현동,경상사고,0,0,2,0,차대차 - 기타,안전운전불이행,습기,비,단일로 - 기타,승용,남,29세,상해없음,승합,남,53세,경상
2014080800100036,2014년 8월 8일 01시,금요일,경상북도 경산시 중방동,경상사고,0,0,1,0,차대차 - 기타,안전운전불이행,습기,비,단일로 - 기타,승용,남,40세,상해없음,승용,남,41세,경상
2014080800100037,2014년 8월 8일 01시,금요일,경상북도 구미시 지산동,경상사고,0,0,4,0,차대차 - 측면직각충돌,안전운전불이행,습기,비,교차로 - 교차로부근,승용,남,38세,상해없음,승용,남,52세,경상
2014080800100059,2014년 8월 8일 03시,금요일,경상북도 구미시 인의동,경상사고,0,0,1,0,차대차 - 기타,신호위반,습기,비,교차로 - 교차로안,승용,남,27세,상해없음,원동기,남,35세,경상
2014080800100069,2014년 8월 8일 04시,금요일,경상북도 경산시 중방동,경상사고,0,0,1,0,차대사람 - 보도통행중,안전운전불이행,습기,비,단일로 - 기타,이륜,여,41세,상해없음,보행자,여,76세,경상
2014080800100078,2014년 8월 8일 05시,금요일,경상북도 경산시 진량읍,중상사고,0,1,2,0,차대차 - 기타,신호위반,건조,맑음,교차로 - 교차로안,승용,남,64세,상해없음,승용,기타불명,59세,기타불명
2014080800100129,2014년 8월 8일 08시,금요일,경상북도 문경시 흥덕동,중상사고,0,2,0,0,차대차 - 측면직각충돌,안전운전불이행,건조,맑음,교차로 - 교차로안,승용,남,15세,상해없음,이륜,남,84세,중상
2014080800100130,2014년 8월 8일 08시,금요일,경상북도 영양군 영양읍,경상사고,0,0,2,0,차대차 - 측면직각충돌,교차로운행방법위반,건조,흐림,교차로 - 교차로안,승용,여,50세,경상,승용,여,36세,경상
2014080800100157,2014년 8월 8일 09시,금요일,경상북도 경주시 용강동,중상사고,0,2,0,0,차대차 - 기타,중앙선침범,습기,비,단일로 - 기타,화물,남,73세,상해없음,승용,남,58세,중상
2014080800100158,2014년 8월 8일 09시,금요일,경상북도 김천시 남산동,경상사고,0,0,1,0,차대사람 - 기타,안전운전불이행,습기,흐림,단일로 - 기타,승용,여,52세,상해없음,보행자,여,83세,경상
2014080800100159,2014년 8월 8일 09시,금요일,경상북도 구미시 도량동,경상사고,0,0,1,0,차대차 - 추돌 - 진행중,중앙선침범,건조,맑음,단일로 - 기타,원동기,남,45세,경상,특수,남,38세,상해없음
2014080800100187,2014년 8월 8일 10시,금요일,경상북도 포항시 남구 장흥동,경상사고,0,0,3,0,차대차 - 기타,직진우회전진행방해,습기,비,교차로 - 교차로안,승용,남,25세,상해없음,화물,남,46세,경상
2014080800100222,2014년 8월 8일 11시,금요일,경상북도 경주시 성건동,경상사고,0,0,1,0,차대사람 - 기타,안전운전불이행,건조,맑음,단일로 - 기타,승용,여,25세,상해없음,보행자,여,51세,경상
2014080800100251,2014년 8월 8일 12시,금요일,경상북도 봉화군 소천면,부상신고사고,0,0,0,1,차량단독 - 전도전복,안전운전불이행,건조,맑음,단일로 - 기타,화물,남,52세,부상신고,,,,
2014080800100284,2014년 8월 8일 13시,금요일,경상북도 포항시 북구 우현동,경상사고,0,0,2,0,차대차 - 기타,안전운전불이행,습기,비,단일로 - 기타,승용,남,66세,상해없음,승용,남,44세,경상
2014080800100285,2014년 8월 8일 13시,금요일,경상북도 상주시 은척면,중상사고,0,1,0,0,차량단독 - 전도전복,안전운전불이행,건조,맑음,단일로 - 기타,원동기,남,58세,중상,,,,
2014080800100286,2014년 8월 8일 13시,금요일,경상북도 포항시 남구 오천읍,경상사고,0,0,2,0,차대차 - 기타,교차로운행방법위반,습기,비,교차로 - 교차로안,승용,남,28세,경상,승합,남,22세,경상
2014080800100314,2014년 8월 8일 14시,금요일,경상북도 경주시 동천동,중상사고,0,1,1,0,차대차 - 기타,중앙선침범,습기,비,단일로 - 기타,승용,남,33세,경상,승용,남,51세,상해없음
2014080800100315,2014년 8월 8일 14시,금요일,경상북도 안동시 용상동,경상사고,0,0,2,0,차대차 - 기타,안전운전불이행,건조,맑음,교차로 - 교차로안,화물,남,30세,상해없음,승용,남,73세,경상
2014080800100316,2014년 8월 8일 14시,금요일,경상북도 경산시 중방동,경상사고,0,0,1,0,차량단독 - 기타,안전운전불이행,건조,맑음,단일로 - 기타,승합,남,51세,상해없음,,,,
2014080800100317,2014년 8월 8일 14시,금요일,경상북도 울진군 평해읍,경상사고,0,0,4,0,차대차 - 측면직각충돌,안전운전불이행,건조,맑음,교차로 - 교차로안,화물,남,66세,상해없음,승용,남,64세,경상
2014080800100347,2014년 8월 8일 15시,금요일,경상북도 경주시 배반동,경상사고,0,0,4,0,차대차 - 기타,안전운전불이행,습기,비,단일로 - 기타,승용,남,44세,상해없음,승용,남,37세,상해없음
2014080800100348,2014년 8월 8일 15시,금요일,경상북도 영천시 금호읍,경상사고,0,0,3,0,차대차 - 측면직각충돌,안전운전불이행,건조,맑음,교차로 - 교차로안,화물,남,59세,상해없음,승용,남,39세,경상
2014080800100349,2014년 8월 8일 15시,금요일,경상북도 경산시 중방동,경상사고,0,0,1,0,차대차 - 기타,안전운전불이행,건조,맑음,교차로 - 교차로부근,승용,남,41세,상해없음,승용,남,68세,경상
2014080800100350,2014년 8월 8일 15시,금요일,경상북도 경산시 중방동,경상사고,0,0,1,0,차대차 - 기타,안전거리미확보,건조,맑음,교차로 - 교차로안,승용,남,51세,상해없음,승용,남,31세,경상
2014080800100351,2014년 8월 8일 15시,금요일,경상북도 구미시 옥성면,경상사고,0,0,2,0,차대차 - 추돌 - 진행중,안전운전불이행,건조,맑음,단일로 - 기타,승용,남,43세,상해없음,승용,남,47세,경상
2014080800100385,2014년 8월 8일 16시,금요일,경상북도 영덕군 영해면,중상사고,0,1,2,0,차대차 - 추돌 - 진행중,안전거리미확보,습기,비,교차로 - 교차로부근,화물,남,67세,상해없음,승용,여,58세,경상
2014080800100419,2014년 8월 8일 17시,금요일,경상북도 경주시 서악동,경상사고,0,0,1,0,차대사람 - 기타,안전운전불이행,습기,비,단일로 - 기타,승용,여,46세,상해없음,보행자,남,8세,경상
2014080800100420,2014년 8월 8일 17시,금요일,경상북도 경주시 강동면,부상신고사고,0,0,0,1,차량단독 - 전도전복,안전운전불이행,습기,흐림,단일로 - 기타,특수,남,66세,부상신고,,,,
2014080800100421,2014년 8월 8일 17시,금요일,경상북도 영천시 고경면,경상사고,0,0,2,0,차대차 - 추돌 - 주정차중,안전운전불이행,건조,맑음,단일로 - 기타,화물,남,62세,경상,승용,남,35세,경상
2014080800100461,2014년 8월 8일 18시,금요일,경상북도 경주시 감포읍,중상사고,0,1,0,0,차량단독 - 기타,안전운전불이행,습기,비,단일로 - 기타,원동기,남,65세,중상,,,,
2014080800100462,2014년 8월 8일 18시,금요일,경상북도 칠곡군 왜관읍,경상사고,0,0,2,0,차대차 - 기타,안전운전불이행,습기,흐림,단일로 - 교량,화물,남,51세,상해없음,승용,남,29세,경상
2014080800100463,2014년 8월 8일 18시,금요일,경상북도 구미시 송정동,중상사고,0,1,0,0,차대차 - 기타,기타,건조,맑음,기타 - 기타,승용,남,45세,상해없음,승용,여,62세,중상
2014080800100493,2014년 8월 8일 19시,금요일,경상북도 포항시 북구 죽도동,경상사고,0,0,1,0,차대차 - 기타,안전운전불이행,습기,비,단일로 - 기타,승용,남,28세,상해없음,원동기,남,16세,경상
2014080800100494,2014년 8월 8일 19시,금요일,경상북도 영천시 화룡동,중상사고,0,3,1,1,차대차 - 정면충돌,중앙선침범,건조,맑음,단일로 - 기타,승용,남,50세,상해없음,화물,남,64세,중상
2014080800100495,2014년 8월 8일 19시,금요일,경상북도 포항시 남구 이동,경상사고,0,0,3,0,차대차 - 기타,직진우회전진행방해,습기,맑음,교차로 - 교차로안,승용,여,38세,경상,승용,남,62세,경상
2014080800100537,2014년 8월 8일 20시,금요일,경상북도 포항시 북구 용흥동,경상사고,0,0,1,0,차대차 - 기타,교차로운행방법위반,습기,비,교차로 - 교차로안,승용,남,59세,상해없음,원동기,남,33세,경상
2014080800100580,2014년 8월 8일 21시,금요일,경상북도 경주시 천북면,경상사고,0,0,2,0,차대차 - 기타,신호위반,습기,비,교차로 - 교차로안,승용,여,53세,경상,승합,남,40세,경상
2014080800100581,2014년 8월 8일 21시,금요일,경상북도 김천시 평화동,경상사고,0,0,1,0,차대사람 - 기타,보행자보호의무위반,건조,맑음,단일로 - 기타,승용,남,55세,상해없음,보행자,남,59세,경상
2014080800100616,2014년 8월 8일 22시,금요일,경상북도 안동시 풍산읍,중상사고,0,1,0,0,차대차 - 추돌 - 진행중,안전거리미확보,건조,맑음,단일로 - 기타,승합,남,29세,상해없음,승용,여,51세,중상
2014080800100617,2014년 8월 8일 22시,금요일,경상북도 경산시 조영동,경상사고,0,0,1,0,차대차 - 기타,안전운전불이행,건조,맑음,단일로 - 기타,승용,남,51세,상해없음,화물,남,24세,경상
2014080800100618,2014년 8월 8일 22시,금요일,경상북도 울진군 근남면,경상사고,0,0,3,0,차대차 - 측면직각충돌,중앙선침범,건조,맑음,단일로 - 기타,승용,여,40세,상해없음,승용,남,61세,경상
2014080800100644,2014년 8월 8일 23시,금요일,경상북도 경주시 충효동,경상사고,0,0,1,0,차대차 - 기타,안전운전불이행,습기,비,교차로 - 교차로안,원동기,남,22세,경상,승용,남,56세,상해없음
2014080900100014,2014년 8월 9일 00시,토요일,경상북도 영천시 야사동,경상사고,0,0,1,0,차량단독 - 공작물충돌,안전운전불이행,건조,맑음,단일로 - 기타,승용,여,33세,경상,,,,
2014080900100015,2014년 8월 9일 00시,토요일,경상북도 경산시 갑제동,중상사고,0,1,0,0,차대차 - 기타,안전운전불이행,건조,흐림,단일로 - 기타,승용,남,25세,상해없음,이륜,남,19세,중상
2014080900100031,2014년 8월 9일 01시,토요일,경상북도 구미시 고아읍,중상사고,0,1,0,0,차대차 - 기타,안전운전불이행,기타,기타,기타 - 기타,이륜,남,20세,중상,화물,여,51세,상해없음
2014080900100053,2014년 8월 9일 02시,토요일,경상북도 포항시 북구 두호동,부상신고사고,0,0,0,1,차대차 - 기타,안전운전불이행,습기,비,단일로 - 기타,승용,남,44세,상해없음,승용,여,22세,부상신고
2014080900100076,2014년 8월 9일 04시,토요일,경상북도 김천시 성내동,경상사고,0,0,2,0,차대차 - 측면직각충돌,신호위반,건조,맑음,교차로 - 교차로안,승용,남,18세,상해없음,승용,남,54세,경상
2014080900100092,2014년 8월 9일 05시,토요일,경상북도 구미시 임수동,중상사고,0,1,0,0,차대차 - 기타,안전운전불이행,건조,흐림,교차로 - 교차로부근,승용,남,29세,상해없음,승용,남,32세,중상
2014080900100114,2014년 8월 9일 06시,토요일,경상북도 포항시 남구 장흥동,경상사고,0,0,1,0,차대차 - 기타,직진우회전진행방해,습기,비,교차로 - 교차로안,화물,남,53세,상해없음,승용,남,64세,경상
2014080900100130,2014년 8월 9일 07시,토요일,경상북도 포항시 북구 대흥동,경상사고,0,0,1,0,차대차 - 기타,안전운전불이행,습기,비,교차로 - 교차로안,승용,남,39세,상해없음,승용,남,26세,경상
2014080900100168,2014년 8월 9일 09시,토요일,경상북도 경주시 노서동,경상사고,0,0,1,0,차대사람 - 기타,안전운전불이행,습기,비,단일로 - 기타,자전거,남,57세,상해없음,보행자,남,61세,경상
2014080900100169,2014년 8월 9일 09시,토요일,경상북도 문경시 공평동,경상사고,0,0,1,0,차대차 - 측면직각충돌,신호위반,건조,맑음,교차로 - 교차로안,농기계,남,59세,경상,승용,남,58세,상해없음
2014080900100194,2014년 8월 9일 10시,토요일,경상북도 포항시 북구 송라면,중상사고,0,1,0,0,차량단독 - 전도전복,안전운전불이행,습기,비,단일로 - 기타,원동기,남,69세,중상,,,,
2014080900100220,2014년 8월 9일 11시,토요일,경상북도 포항시 북구 장성동,경상사고,0,0,1,0,차대차 - 기타,직진우회전진행방해,습기,흐림,교차로 - 교차로안,승용,여,48세,경상,승용,남,32세,상해없음
2014080900100221,2014년 8월 9일 11시,토요일,경상북도 의성군 다인면,경상사고,0,0,1,0,차대차 - 추돌 - 진행중,안전운전불이행,건조,맑음,교차로 - 교차로안,원동기,남,74세,경상,농기계,남,44세,상해없음
2014080900100222,2014년 8월 9일 11시,토요일,경상북도 영덕군 지품면,경상사고,0,0,10,0,차대차 - 정면충돌,중앙선침범,습기,비,단일로 - 기타,승용,남,50세,상해없음,승합,남,60세,상해없음
2014080900100267,2014년 8월 9일 12시,토요일,경상북도 안동시 남문동,중상사고,0,1,0,0,차대차 - 기타,안전운전불이행,건조,맑음,단일로 - 기타,화물,남,42세,상해없음,승용,남,31세,중상
2014080900100295,2014년 8월 9일 13시,토요일,경상북도 상주시 사벌면,중상사고,0,1,0,0,차대차 - 기타,차로위반,건조,맑음,단일로 - 기타,원동기,남,90세 이상,중상,승용,남,90세 이상,상해없음
2014080900100296,2014년 8월 9일 13시,토요일,경상북도 상주시 낙동면,중상사고,0,1,0,0,차대차 - 추돌 - 주정차중,안전운전불이행,건조,흐림,단일로 - 기타,이륜,남,67세,중상,화물,남,43세,상해없음
2014080900100297,2014년 8월 9일 13시,토요일,경상북도 경산시 하양읍,중상사고,0,1,0,0,차량단독 - 기타,안전운전불이행,건조,맑음,교차로 - 교차로안,승합,남,51세,상해없음,,,,
2014080900100298,2014년 8월 9일 13시,토요일,경상북도 울진군 울진읍,중상사고,0,1,0,0,차대사람 - 횡단중,안전운전불이행,습기,비,교차로 - 교차로안,화물,남,71세,상해없음,보행자,여,66세,중상
2014080900100332,2014년 8월 9일 14시,토요일,경상북도 영주시 안정면,경상사고,0,0,1,0,차대차 - 측면직각충돌,안전운전불이행,건조,흐림,교차로 - 교차로안,화물,남,55세,상해없음,원동기,남,83세,경상
2014080900100357,2014년 8월 9일 15시,토요일,경상북도 경산시 옥곡동,부상신고사고,0,0,0,1,차대차 - 기타,안전운전불이행,건조,맑음,단일로 - 기타,자전거,남,12세,부상신고,승용,여,37세,상해없음
2014080900100358,2014년 8월 9일 15시,토요일,경상북도 경산시 대동,경상사고,0,0,1,0,차대차 - 기타,안전운전불이행,건조,흐림,단일로 - 기타,승용,남,50세,상해없음,이륜,남,28세,경상
2014080900100359,2014년 8월 9일 15시,토요일,경상북도 청도군 매전면,중상사고,0,7,2,0,차대차 - 정면충돌,중앙선침범,습기,비,단일로 - 기타,승용,여,42세,상해없음,승합,남,41세,경상
2014080900100410,2014년 8월 9일 17시,토요일,경상북도 경산시 진량읍,경상사고,0,0,1,0,차대차 - 기타,안전운전불이행,건조,맑음,단일로 - 기타,농기계,남,63세,경상,승용,남,45세,상해없음
2014080900100411,2014년 8월 9일 17시,토요일,경상북도 포항시 남구 인덕동,경상사고,0,0,1,0,차대차 - 기타,안전운전불이행,건조,맑음,교차로 - 교차로안,승용,여,54세,상해없음,이륜,남,52세,경상
2014080900100444,2014년 8월 9일 18시,토요일,경상북도 경주시 천군동,중상사고,0,2,3,0,차대차 - 측면직각충돌,안전운전불이행,습기,비,교차로 - 교차로부근,승용,남,24세,상해없음,승용,여,28세,중상
2014080900100473,2014년 8월 9일 19시,토요일,경상북도 경주시 안강읍,중상사고,0,1,0,0,차대사람 - 기타,안전운전불이행,습기,비,단일로 - 기타,승용,남,66세,상해없음,보행자,여,75세,중상
2014080900100474,2014년 8월 9일 19시,토요일,경상북도 포항시 북구 여천동,중상사고,0,1,3,0,차대차 - 기타,교차로운행방법위반,건조,맑음,교차로 - 교차로안,승용,남,48세,상해없음,승용,여,47세,경상
2014080900100475,2014년 8월 9일 19시,토요일,경상북도 포항시 북구 두호동,중상사고,0,1,0,0,차대사람 - 횡단중,안전운전불이행,건조,맑음,단일로 - 기타,자전거,남,15세,상해없음,보행자,여,32세,중상
2014080900100495,2014년 8월 9일 20시,토요일,경상북도 포항시 북구 죽도동,경상사고,0,0,2,0,차대차 - 기타,안전운전불이행,습기,비,단일로 - 기타,원동기,남,28세,경상,원동기,남,41세,경상
2014080900100496,2014년 8월 9일 20시,토요일,경상북도 안동시 옥동,경상사고,0,0,1,0,차대차 - 추돌 - 진행중,교차로운행방법위반,건조,맑음,교차로 - 교차로안,승용,남,59세,상해없음,승용,남,32세,상해없음
2014080900100497,2014년 8월 9일 20시,토요일,경상북도 경산시 중방동,경상사고,0,0,1,0,차대차 - 기타,안전운전불이행,건조,맑음,교차로 - 교차로부근,화물,남,43세,상해없음,승용,여,51세,경상