사고번호,사고일시,요일,시군구,사고내용,사망자수,중상자수,경상자수,부상신고자수,사고유형,법규위반,노면상태,기상상태,도로형태,가해운전자 차종,가해운전자 성별,가해운전자 연령,가해운전자 상해정도,피해운전자 차종,피해운전자 성별,피해운전자 연령,피해운전자 상해정도
2014081200100439,2014년 8월 12일 17시,화요일,경상북도 안동시 용상동,중상사고,0,1,0,0,차대차 - 기타,안전거리미확보,건조,맑음,교차로 - 교차로부근,승용,남,49세,상해없음,원동기,남,46세,중상
2014081200100471,2014년 8월 12일 18시,화요일,경상북도 의성군 봉양면,중상사고,0,1,0,0,차대차 - 측면직각충돌,교차로운행방법위반,건조,맑음,교차로 - 교차로안,승용,여,53세,상해없음,원동기,남,72세,중상
2014081200100472,2014년 8월 12일 18시,화요일,경상북도 영천시 망정동,경상사고,0,0,2,0,차대차 - 기타,안전운전불이행,건조,맑음,교차로 - 교차로부근,승용,여,35세,경상,승용,남,40세,경상
2014081200100509,2014년 8월 12일 19시,화요일,경상북도 칠곡군 약목면,중상사고,0,1,0,0,차대사람 - 횡단중,안전운전불이행,건조,맑음,단일로 - 기타,승용,남,39세,상해없음,보행자,여,71세,중상
2014081200100532,2014년 8월 12일 20시,화요일,경상북도 안동시 당북동,중상사고,0,1,0,0,차대차 - 기타,신호위반,건조,맑음,교차로 - 교차로부근,원동기,남,70세,중상,승용,여,50세,상해없음
2014081200100533,2014년 8월 12일 20시,화요일,경상북도 경산시 진량읍,중상사고,0,1,0,0,차대차 - 측면직각충돌,신호위반,건조,맑음,단일로 - 기타,이륜,남,18세,중상,승용,여,40세,상해없음
2014081200100564,2014년 8월 12일 21시,화요일,경상북도 구미시 송정동,경상사고,0,0,1,0,차대사람 - 기타,안전운전불이행,건조,맑음,교차로 - 교차로부근,승용,여,48세,상해없음,보행자,남,57세,경상
2014081200100565,2014년 8월 12일 21시,화요일,경상북도 포항시 남구 지곡동,경상사고,0,0,3,0,차대차 - 기타,직진우회전진행방해,건조,맑음,교차로 - 교차로안,승용,남,66세,상해없음,승용,남,28세,경상
2014081200100592,2014년 8월 12일 22시,화요일,경상북도 포항시 남구 해도동,경상사고,0,0,1,0,차대차 - 추돌 - 진행중,안전운전불이행,건조,맑음,교차로 - 교차로부근,승용,남,52세,상해없음,승용,여,60세,경상
2014081200100618,2014년 8월 12일 23시,화요일,경상북도 경산시 임당동,경상사고,0,0,4,0,차대차 - 기타,직진우회전진행방해,건조,맑음,교차로 - 교차로안,승용,남,23세,경상,승용,남,44세,경상
2014081300100043,2014년 8월 13일 02시,수요일,경상북도 안동시 안기동,부상신고사고,0,0,0,1,차량단독 - 기타,안전운전불이행,건조,맑음,단일로 - 기타,원동기,남,33세,부상신고,,,,
2014081300100099,2014년 8월 13일 07시,수요일,경상북도 경주시 감포읍,중상사고,0,1,1,0,차대차 - 기타,중앙선침범,건조,흐림,단일로 - 기타,화물,남,83세,중상,승용,남,32세,경상
2014081300100100,2014년 8월 13일 07시,수요일,경상북도 구미시 봉곡동,경상사고,0,0,1,0,차대차 - 기타,안전운전불이행,건조,맑음,단일로 - 기타,기타불명,기타불명,기타불명,기타불명,자전거,남,17세,경상
2014081300100101,2014년 8월 13일 07시,수요일,경상북도 포항시 남구 대잠동,경상사고,0,0,1,0,차대차 - 기타,안전운전불이행,건조,흐림,단일로 - 기타,승용,여,52세,상해없음,자전거,남,56세,경상
2014081300100127,2014년 8월 13일 08시,수요일,경상북도 구미시 공단동,경상사고,0,0,1,0,차량단독 - 공작물충돌,안전운전불이행,건조,맑음,단일로 - 기타,승용,남,21세,경상,,,,
2014081300100155,2014년 8월 13일 09시,수요일,경상북도 경주시 동천동,중상사고,0,1,0,0,차대차 - 기타,안전운전불이행,건조,맑음,단일로 - 기타,승용,여,41세,상해없음,승용,여,40세,중상
2014081300100156,2014년 8월 13일 09시,수요일,경상북도 성주군 선남면,경상사고,0,0,1,0,차대차 - 기타,직진우회전진행방해,건조,맑음,교차로 - 교차로안,이륜,남,74세,경상,화물,여,50세,상해없음
2014081300100181,2014년 8월 13일 10시,수요일,경상북도 안동시 당북동,경상사고,0,0,1,0,차대차 - 추돌 - 진행중,차로위반,건조,맑음,단일로 - 기타,자전거,남,76세,경상,승용,여,34세,상해없음
2014081300100182,2014년 8월 13일 10시,수요일,경상북도 영주시 가흥동,중상사고,0,1,0,0,차대사람 - 횡단중,보행자보호의무위반,건조,맑음,단일로 - 횡단보도상,승용,여,48세,상해없음,보행자,여,68세,중상
2014081300100183,2014년 8월 13일 10시,수요일,경상북도 칠곡군 약목면,경상사고,0,0,1,0,차대차 - 기타,신호위반,건조,흐림,교차로 - 교차로안,화물,남,51세,상해없음,화물,남,57세,경상
2014081300100184,2014년 8월 13일 10시,수요일,경상북도 영천시 창구동,경상사고,0,0,1,0,차대사람 - 기타,안전운전불이행,건조,맑음,단일로 - 기타,화물,남,64세,상해없음,보행자,남,17세,경상
2014081300100213,2014년 8월 13일 11시,수요일,경상북도 경주시 탑동,경상사고,0,0,2,0,차대차 - 기타,신호위반,건조,흐림,교차로 - 교차로안,승용,남,67세,상해없음,화물,남,53세,경상
2014081300100214,2014년 8월 13일 11시,수요일,경상북도 구미시 오태동,경상사고,0,0,1,0,차대차 - 추돌 - 진행중,안전운전불이행,기타,기타,교차로 - 교차로안,화물,남,65세,기타불명,승용,남,31세,경상
2014081300100248,2014년 8월 13일 12시,수요일,경상북도 안동시 북후면,중상사고,0,1,0,0,차량단독 - 기타,안전운전불이행,건조,흐림,단일로 - 기타,원동기,남,62세,중상,,,,
2014081300100249,2014년 8월 13일 12시,수요일,경상북도 구미시 해평면,중상사고,0,2,1,0,차대차 - 기타,안전운전불이행,건조,흐림,교차로 - 교차로안,승합,남,27세,경상,승용,남,68세,중상
2014081300100315,2014년 8월 13일 14시,수요일,경상북도 포항시 북구 죽도동,경상사고,0,0,1,0,차대차 - 기타,안전운전불이행,건조,맑음,기타 - 기타,승용,여,45세,상해없음,자전거,남,60세,경상
2014081300100316,2014년 8월 13일 14시,수요일,경상북도 청도군 풍각면,중상사고,0,1,0,0,차대사람 - 기타,안전운전불이행,건조,맑음,단일로 - 기타,화물,남,42세,상해없음,보행자,남,81세,중상
2014081300100356,2014년 8월 13일 15시,수요일,경상북도 경주시 진현동,중상사고,0,1,0,0,차대사람 - 기타,안전운전불이행,건조,맑음,교차로 - 교차로안,승용,남,38세,상해없음,보행자,남,9세,중상
2014081300100357,2014년 8월 13일 15시,수요일,경상북도 포항시 북구 두호동,경상사고,0,0,1,0,차대사람 - 횡단중,안전운전불이행,건조,맑음,단일로 - 기타,승용,남,62세,상해없음,보행자,여,9세,경상
2014081300100358,2014년 8월 13일 15시,수요일,경상북도 안동시 당북동,경상사고,0,0,1,0,차대차 - 기타,안전운전불이행,습기,비,단일로 - 기타,승용,남,48세,상해없음,승용,여,49세,경상
2014081300100359,2014년 8월 13일 15시,수요일,경상북도 김천시 황금동,경상사고,0,0,4,0,차대차 - 측면직각충돌,안전운전불이행,습기,비,교차로 - 교차로안,화물,여,52세,상해없음,승용,여,39세,경상
2014081300100397,2014년 8월 13일 16시,수요일,경상북도 구미시 도량동,중상사고,0,1,0,0,차대차 - 기타,신호위반,습기,비,교차로 - 교차로안,승용,남,24세,상해없음,이륜,남,23세,중상
2014081300100433,2014년 8월 13일 17시,수요일,경상북도 영천시 오미동,경상사고,0,0,1,0,차대차 - 기타,안전운전불이행,습기,비,교차로 - 교차로안,원동기,남,52세,경상,화물,남,36세,상해없음
2014081300100434,2014년 8월 13일 17시,수요일,경상북도 고령군 고령읍,경상사고,0,0,4,0,차대차 - 측면직각충돌,직진우회전진행방해,건조,흐림,교차로 - 교차로안,승합,남,43세,상해없음,화물,남,64세,경상
2014081300100435,2014년 8월 13일 17시,수요일,경상북도 고령군 다산면,경상사고,0,0,1,0,차대차 - 측면직각충돌,중앙선침범,건조,맑음,교차로 - 교차로부근,화물,남,61세,상해없음,화물,남,61세,경상
2014081300100436,2014년 8월 13일 17시,수요일,경상북도 구미시 비산동,중상사고,0,1,0,0,차량단독 - 공작물충돌,안전운전불이행,습기,비,단일로 - 기타,승용,남,24세,중상,,,,
2014081300100464,2014년 8월 13일 18시,수요일,경상북도 경산시 남천면,경상사고,0,0,1,0,차대차 - 기타,안전거리미확보,건조,맑음,단일로 - 기타,승용,여,45세,상해없음,승용,여,46세,경상
2014081300100465,2014년 8월 13일 18시,수요일,경상북도 구미시 인의동,부상신고사고,0,0,0,1,차대차 - 추돌 - 주정차중,안전운전불이행,습기,비,단일로 - 기타,원동기,남,18세,부상신고,승용,남,28세,상해없음
2014081300100466,2014년 8월 13일 18시,수요일,경상북도 포항시 남구 대잠동,중상사고,0,2,5,0,차대차 - 기타,안전운전불이행,습기,비,단일로 - 기타,승용,남,35세,상해없음,승합,남,48세,경상
2014081300100496,2014년 8월 13일 19시,수요일,경상북도 경주시 황남동,중상사고,0,1,0,0,차대차 - 추돌 - 진행중,안전운전불이행,건조,흐림,단일로 - 기타,승용,여,33세,상해없음,승용,여,56세,중상
2014081300100497,2014년 8월 13일 19시,수요일,경상북도 경주시 동천동,중상사고,0,1,0,0,차대사람 - 기타,안전운전불이행,건조,맑음,단일로 - 기타,승용,남,29세,상해없음,보행자,여,71세,중상
2014081300100498,2014년 8월 13일 19시,수요일,경상북도 포항시 북구 남빈동,경상사고,0,0,1,0,차대차 - 기타,교차로운행방법위반,습기,비,교차로 - 교차로안,승용,남,46세,상해없음,승용,여,36세,상해없음
2014081300100538,2014년 8월 13일 20시,수요일,경상북도 경주시 보문동,경상사고,0,0,7,2,차대차 - 기타,안전운전불이행,건조,맑음,단일로 - 기타,승용,남,24세,경상,승용,남,43세,경상
2014081300100539,2014년 8월 13일 20시,수요일,경상북도 경주시 외동읍,중상사고,0,1,0,0,차대차 - 기타,안전운전불이행,건조,맑음,단일로 - 기타,승용,남,23세,상해없음,이륜,여,45세,중상
2014081300100540,2014년 8월 13일 20시,수요일,경상북도 의성군 봉양면,경상사고,0,0,1,0,차량단독 - 도로외이탈 - 추락,안전운전불이행,습기,비,단일로 - 기타,원동기,남,43세,경상,,,,
2014081300100541,2014년 8월 13일 20시,수요일,경상북도 경산시 중방동,경상사고,0,0,2,0,차대차 - 추돌 - 주정차중,안전거리미확보,습기,비,교차로 - 교차로안,화물,남,54세,상해없음,승용,남,23세,경상
2014081300100576,2014년 8월 13일 21시,수요일,경상북도 경산시 사동,경상사고,0,0,3,0,차대차 - 기타,안전운전불이행,습기,비,단일로 - 기타,승용,남,60세,상해없음,승용,여,46세,경상
2014081300100577,2014년 8월 13일 21시,수요일,경상북도 구미시 지산동,경상사고,0,0,1,0,차대차 - 측면직각충돌,안전운전불이행,습기,비,단일로 - 기타,승용,남,50세,상해없음,원동기,남,46세,경상
2014081300100604,2014년 8월 13일 22시,수요일,경상북도 포항시 북구 죽도동,경상사고,0,0,1,0,차대사람 - 횡단중,보행자보호의무위반,습기,비,교차로 - 교차로부근,승용,남,35세,상해없음,보행자,여,46세,경상
2014081300100605,2014년 8월 13일 22시,수요일,경상북도 포항시 북구 양덕동,경상사고,0,0,1,0,차대차 - 기타,안전운전불이행,습기,비,단일로 - 기타,승용,남,28세,상해없음,원동기,남,48세,경상
2014081300100606,2014년 8월 13일 22시,수요일,경상북도 영주시 가흥동,중상사고,0,1,0,0,차대사람 - 횡단중,안전운전불이행,건조,맑음,교차로 - 교차로안,승용,남,39세,상해없음,보행자,남,35세,중상
2014081400100021,2014년 8월 14일 00시,목요일,경상북도 경주시 도지동,경상사고,0,0,2,0,차대차 - 기타,안전운전불이행,건조,맑음,교차로 - 교차로부근,승용,남,24세,상해없음,승용,여,52세,경상
2014081400100022,2014년 8월 14일 00시,목요일,경상북도 영덕군 영덕읍,사망사고,1,0,0,0,차량단독 - 공작물충돌,안전운전불이행,습기,비,교차로 - 교차로안,화물,남,51세,사망,,,,
2014081400100023,2014년 8월 14일 00시,목요일,경상북도 군위군 군위읍,중상사고,0,1,0,0,차대차 - 추돌 - 진행중,안전운전불이행,습기,비,단일로 - 터널,승용,여,51세,중상,승용,남,55세,상해없음
2014081400100049,2014년 8월 14일 02시,목요일,경상북도 구미시 송정동,중상사고,0,1,0,0,차대차 - 기타,안전운전불이행,습기,비,단일로 - 기타,승용,남,63세,상해없음,승용,남,28세,중상
2014081400100050,2014년 8월 14일 02시,목요일,경상북도 구미시 임수동,경상사고,0,0,1,0,차대차 - 추돌 - 주정차중,안전운전불이행,건조,맑음,기타 - 기타,승용,남,27세,상해없음,승용,여,53세,경상
2014081400100060,2014년 8월 14일 03시,목요일,경상북도 포항시 북구 죽도동,사망사고,1,0,0,0,차대사람 - 기타,안전운전불이행,습기,비,단일로 - 기타,승용,남,60세,상해없음,보행자,남,29세,사망
2014081400100061,2014년 8월 14일 03시,목요일,경상북도 포항시 북구 죽도동,사망사고,1,0,0,0,차대사람 - 횡단중,안전운전불이행,습기,비,단일로 - 횡단보도상,승용,남,31세,상해없음,보행자,여,75세,사망
2014081400100098,2014년 8월 14일 06시,목요일,경상북도 포항시 북구 죽도동,경상사고,0,0,1,0,차대차 - 기타,안전거리미확보,습기,비,교차로 - 교차로부근,승용,여,34세,상해없음,승용,남,65세,경상
2014081400100120,2014년 8월 14일 07시,목요일,경상북도 영주시 영주동,경상사고,0,0,1,0,차대차 - 기타,안전운전불이행,습기,흐림,교차로 - 교차로안,승용,여,53세,상해없음,자전거,남,17세,경상
2014081400100153,2014년 8월 14일 08시,목요일,경상북도 경산시 진량읍,중상사고,0,1,1,0,차대차 - 기타,직진우회전진행방해,습기,비,교차로 - 교차로안,화물,남,40세,중상,화물,남,53세,경상
2014081400100176,2014년 8월 14일 09시,목요일,경상북도 성주군 성주읍,경상사고,0,0,1,0,차대차 - 측면직각충돌,안전운전불이행,습기,비,기타 - 기타,승용,남,48세,상해없음,승용,여,58세,경상
2014081400100177,2014년 8월 14일 09시,목요일,경상북도 구미시 공단동,경상사고,0,0,1,0,차대차 - 기타,교차로운행방법위반,건조,맑음,교차로 - 교차로안,승용,남,32세,상해없음,승용,남,30세,경상
2014081400100196,2014년 8월 14일 10시,목요일,경상북도 경주시 노서동,경상사고,0,0,1,0,차대차 - 기타,안전운전불이행,습기,비,단일로 - 기타,승합,남,47세,상해없음,승합,남,48세,경상
2014081400100197,2014년 8월 14일 10시,목요일,경상북도 상주시 성동동,경상사고,0,0,1,0,차대차 - 정면충돌,교차로운행방법위반,습기,비,교차로 - 교차로안,승용,여,67세,상해없음,이륜,남,20세,경상
2014081400100198,2014년 8월 14일 10시,목요일,경상북도 구미시 임수동,경상사고,0,0,1,0,차대차 - 기타,안전거리미확보,습기,비,단일로 - 기타,승용,남,40세,상해없음,승용,남,32세,경상
2014081400100231,2014년 8월 14일 11시,목요일,경상북도 성주군 가천면,중상사고,0,1,1,0,차량단독 - 도로외이탈 - 추락,안전운전불이행,습기,비,단일로 - 기타,승용,남,27세,상해없음,,,,
2014081400100232,2014년 8월 14일 11시,목요일,경상북도 구미시 선산읍,중상사고,0,1,0,0,차대차 - 기타,안전운전불이행,습기,맑음,단일로 - 기타,이륜,여,71세,중상,승용,남,80세,상해없음
2014081400100233,2014년 8월 14일 11시,목요일,경상북도 포항시 남구 장흥동,중상사고,0,1,1,0,차대차 - 추돌 - 진행중,안전운전불이행,습기,비,교차로 - 교차로부근,승용,남,58세,상해없음,승용,남,49세,중상
2014081400100270,2014년 8월 14일 12시,목요일,경상북도 김천시 아포읍,경상사고,0,0,1,0,차대차 - 측면직각충돌,중앙선침범,습기,비,교차로 - 교차로부근,승용,남,23세,상해없음,승용,여,51세,경상
2014081400100271,2014년 8월 14일 12시,목요일,경상북도 의성군 옥산면,경상사고,0,0,1,0,차대차 - 측면직각충돌,안전운전불이행,습기,비,단일로 - 기타,화물,남,57세,상해없음,승합,남,67세,경상
2014081400100272,2014년 8월 14일 12시,목요일,경상북도 고령군 고령읍,중상사고,0,1,0,0,차대차 - 측면직각충돌,안전운전불이행,습기,비,기타 - 기타,승용,남,57세,상해없음,자전거,여,53세,중상
2014081400100313,2014년 8월 14일 13시,목요일,경상북도 경주시 동천동,경상사고,0,0,3,0,차대차 - 기타,안전운전불이행,습기,비,단일로 - 기타,승용,여,61세,상해없음,승용,여,46세,경상
2014081400100314,2014년 8월 14일 13시,목요일,경상북도 경주시 서면,중상사고,0,1,0,0,차대사람 - 기타,안전운전불이행,습기,비,단일로 - 기타,기타불명,기타불명,기타불명,기타불명,보행자,남,73세,중상
2014081400100315,2014년 8월 14일 13시,목요일,경상북도 상주시 남성동,경상사고,0,0,2,0,차대차 - 측면직각충돌,교차로운행방법위반,습기,비,교차로 - 교차로안,화물,남,57세,상해없음,승용,남,46세,경상
2014081400100316,2014년 8월 14일 13시,목요일,경상북도 상주시 낙동면,경상사고,0,0,1,0,차대차 - 추돌 - 진행중,안전운전불이행,습기,비,단일로 - 기타,승용,남,44세,상해없음,화물,남,55세,경상
2014081400100317,2014년 8월 14일 13시,목요일,경상북도 칠곡군 약목면,경상사고,0,0,1,0,차대차 - 추돌 - 진행중,안전거리미확보,습기,비,교차로 - 교차로부근,화물,남,40세,상해없음,승용,남,33세,경상
2014081400100318,2014년 8월 14일 13시,목요일,경상북도 칠곡군 북삼읍,경상사고,0,0,1,0,차대사람 - 횡단중,보행자보호의무위반,습기,비,교차로 - 교차로안,승용,남,46세,상해없음,보행자,여,45세,경상
2014081400100319,2014년 8월 14일 13시,목요일,경상북도 경산시 하양읍,중상사고,0,1,0,0,차대차 - 추돌 - 진행중,안전운전불이행,습기,비,단일로 - 기타,승용,남,42세,상해없음,이륜,남,56세,중상
2014081400100320,2014년 8월 14일 13시,목요일,경상북도 청도군 청도읍,중상사고,0,1,1,0,차대차 - 기타,중앙선침범,습기,비,단일로 - 기타,승용,남,56세,상해없음,승용,남,45세,경상
2014081400100321,2014년 8월 14일 13시,목요일,경상북도 김천시 아포읍,중상사고,0,1,0,0,차대차 - 측면직각충돌,안전운전불이행,습기,비,단일로 - 기타,승용,남,43세,상해없음,화물,남,61세,중상
2014081400100358,2014년 8월 14일 14시,목요일,경상북도 경주시 산내면,경상사고,0,0,5,0,차대차 - 기타,중앙선침범,습기,비,단일로 - 기타,승용,남,71세,상해없음,승용,남,42세,경상
2014081400100359,2014년 8월 14일 14시,목요일,경상북도 경산시 계양동,부상신고사고,0,0,0,2,차대차 - 기타,안전운전불이행,건조,맑음,단일로 - 기타,화물,남,63세,상해없음,승용,남,58세,부상신고
2014081400100360,2014년 8월 14일 14시,목요일,경상북도 청도군 청도읍,경상사고,0,0,2,0,차대차 - 기타,교차로운행방법위반,습기,비,교차로 - 교차로안,승용,여,45세,상해없음,원동기,남,23세,경상
2014081400100390,2014년 8월 14일 15시,목요일,경상북도 상주시 내서면,경상사고,0,0,2,0,차대차 - 기타,안전운전불이행,습기,비,단일로 - 기타,화물,남,57세,상해없음,승합,남,60세,경상
2014081400100391,2014년 8월 14일 15시,목요일,경상북도 의성군 다인면,중상사고,0,5,1,0,차대차 - 추돌 - 주정차중,안전운전불이행,습기,비,단일로 - 기타,화물,남,54세,경상,승용,남,66세,중상
2014081400100392,2014년 8월 14일 15시,목요일,경상북도 칠곡군 동명면,경상사고,0,0,1,0,차대차 - 측면직각충돌,안전운전불이행,습기,비,단일로 - 기타,화물,남,70세,상해없음,승용,남,50세,경상
2014081400100426,2014년 8월 14일 16시,목요일,경상북도 성주군 선남면,경상사고,0,0,1,0,차대차 - 기타,안전운전불이행,건조,맑음,기타 - 기타,승용,남,29세,상해없음,승용,남,40세,경상
2014081400100531,2014년 8월 14일 19시,목요일,경상북도 경주시 용강동,경상사고,0,0,1,0,차대사람 - 차도통행중,안전운전불이행,습기,비,단일로 - 기타,승용,남,47세,상해없음,보행자,남,55세,경상
2014081400100532,2014년 8월 14일 19시,목요일,경상북도 영주시 가흥동,경상사고,0,0,1,0,차대차 - 추돌 - 주정차중,안전운전불이행,습기,비,교차로 - 교차로부근,승용,남,53세,상해없음,승용,남,53세,상해없음
2014081400100533,2014년 8월 14일 19시,목요일,경상북도 영천시 대전동,경상사고,0,0,1,0,차량단독 - 기타,안전운전불이행,습기,비,단일로 - 기타,화물,남,43세,경상,,,,
2014081400100534,2014년 8월 14일 19시,목요일,경상북도 문경시 가은읍,경상사고,0,0,1,0,차량단독 - 공작물충돌,안전운전불이행,습기,비,단일로 - 기타,승용,여,25세,경상,,,,
2014081400100535,2014년 8월 14일 19시,목요일,경상북도 구미시 옥계동,경상사고,0,0,1,0,차대사람 - 기타,안전운전불이행,습기,비,단일로 - 기타,이륜,남,18세,상해없음,보행자,여,83세,경상
2014081400100574,2014년 8월 14일 20시,목요일,경상북도 경주시 성건동,경상사고,0,0,1,0,차대차 - 측면직각충돌,안전운전불이행,습기,비,단일로 - 기타,승용,여,61세,상해없음,승용,남,53세,경상
2014081400100575,2014년 8월 14일 20시,목요일,경상북도 경산시 진량읍,경상사고,0,0,1,0,차대차 - 기타,교차로운행방법위반,습기,비,교차로 - 교차로안,승용,남,52세,상해없음,승용,여,48세,경상
2014081400100576,2014년 8월 14일 20시,목요일,경상북도 청도군 청도읍,경상사고,0,0,1,0,차대사람 - 기타,안전운전불이행,습기,비,단일로 - 기타,원동기,남,59세,상해없음,보행자,여,49세,경상
2014081400100662,2014년 8월 14일 22시,목요일,경상북도 안동시 당북동,경상사고,0,0,2,0,차대차 - 측면직각충돌,신호위반,습기,흐림,교차로 - 교차로안,승용,남,27세,상해없음,승용,남,36세,경상
2014081500100023,2014년 8월 15일 00시,금요일,경상북도 안동시 태화동,경상사고,0,0,1,0,차량단독 - 기타,안전운전불이행,건조,맑음,교차로 - 교차로부근,승용,남,45세,상해없음,,,,
2014081500100024,2014년 8월 15일 00시,금요일,경상북도 영주시 휴천동,경상사고,0,0,2,0,차대사람 - 차도통행중,안전운전불이행,습기,비,단일로 - 기타,승용,여,34세,상해없음,보행자,남,30세,경상
2014081500100025,2014년 8월 15일 00시,금요일,경상북도 영덕군 영해면,경상사고,0,0,1,0,차대차 - 측면직각충돌,직진우회전진행방해,건조,맑음,교차로 - 교차로안,승용,남,18세,상해없음,승용,남,53세,상해없음
2014081500100026,2014년 8월 15일 00시,금요일,경상북도 영덕군 영덕읍,중상사고,0,1,1,0,차대차 - 측면직각충돌,안전운전불이행,습기,비,교차로 - 교차로부근,승용,남,42세,중상,승용,남,61세,경상
2014081500100027,2014년 8월 15일 00시,금요일,경상북도 포항시 남구 해도동,경상사고,0,0,1,0,차대차 - 기타,안전운전불이행,습기,비,교차로 - 교차로부근,승용,남,54세,상해없음,승용,남,36세,경상
2014081500100105,2014년 8월 15일 05시,금요일,경상북도 경주시 천북면,경상사고,0,0,2,0,차대차 - 기타,안전운전불이행,습기,흐림,단일로 - 기타,승용,여,32세,상해없음,승용,남,41세,경상
2014081500100106,2014년 8월 15일 05시,금요일,경상북도 안동시 안기동,중상사고,0,1,0,0,차량단독 - 전도전복,안전운전불이행,습기,비,교차로 - 교차로안,이륜,남,16세,중상,,,,
2014081500100125,2014년 8월 15일 06시,금요일,경상북도 문경시 농암면,경상사고,0,0,1,0,차대차 - 기타,중앙선침범,습기,비,단일로 - 기타,승용,여,52세,상해없음,승용,남,33세,상해없음
2014081500100140,2014년 8월 15일 07시,금요일,경상북도 경주시 하동,부상신고사고,0,0,0,1,차량단독 - 공작물충돌,안전운전불이행,습기,비,기타 - 기타,승용,남,24세,부상신고,,,,
2014081500100141,2014년 8월 15일 07시,금요일,경상북도 김천시 대항면,중상사고,0,1,0,0,차대차 - 측면직각충돌,교차로운행방법위반,건조,맑음,교차로 - 교차로안,승용,남,26세,상해없음,이륜,남,65세,중상
2014081500100142,2014년 8월 15일 07시,금요일,경상북도 구미시 거의동,사망사고,1,0,0,0,차량단독 - 공작물충돌,안전운전불이행,습기,맑음,단일로 - 기타,승용,남,23세,사망,,,,
2014081500100143,2014년 8월 15일 07시,금요일,경상북도 포항시 남구 대잠동,중상사고,0,1,0,0,차대사람 - 기타,안전운전불이행,건조,맑음,단일로 - 기타,승용,남,37세,상해없음,보행자,남,39세,중상
2014081500100144,2014년 8월 15일 07시,금요일,경상북도 칠곡군 가산면,경상사고,0,0,1,0,차대차 - 기타,안전운전불이행,건조,맑음,단일로 - 기타,승용,남,37세,경상,승합,남,46세,상해없음
2014081500100187,2014년 8월 15일 09시,금요일,경상북도 구미시 진평동,경상사고,0,0,1,0,차대차 - 기타,안전운전불이행,건조,흐림,교차로 - 교차로안,승용,남,37세,상해없음,승용,남,27세,경상
2014081500100209,2014년 8월 15일 10시,금요일,경상북도 경주시 보문동,경상사고,0,0,5,0,차량단독 - 공작물충돌,안전운전불이행,습기,비,기타 - 기타,승용,남,40세,경상,,,,
2014081500100210,2014년 8월 15일 10시,금요일,경상북도 포항시 북구 남빈동,중상사고,0,1,1,0,차대차 - 기타,교차로운행방법위반,건조,흐림,교차로 - 교차로안,승용,여,43세,경상,승용,남,49세,상해없음
2014081500100255,2014년 8월 15일 12시,금요일,경상북도 포항시 북구 죽도동,경상사고,0,0,1,0,차대사람 - 횡단중,안전운전불이행,건조,맑음,단일로 - 기타,원동기,여,61세,상해없음,보행자,여,39세,경상
2014081500100256,2014년 8월 15일 12시,금요일,경상북도 안동시 송천동,경상사고,0,0,1,0,차대차 - 정면충돌,중앙선침범,건조,맑음,단일로 - 기타,승용,남,62세,상해없음,승용,남,52세,상해없음
2014081500100257,2014년 8월 15일 12시,금요일,경상북도 의성군 의성읍,경상사고,0,0,1,0,차대사람 - 횡단중,안전운전불이행,건조,맑음,교차로 - 교차로부근,화물,남,63세,상해없음,보행자,여,63세,경상
2014081500100258,2014년 8월 15일 12시,금요일,경상북도 울진군 평해읍,중상사고,0,1,0,0,차대차 - 정면충돌,안전거리미확보,건조,흐림,단일로 - 기타,승용,남,63세,상해없음,원동기,남,26세,중상
2014081500100294,2014년 8월 15일 13시,금요일,경상북도 의성군 의성읍,경상사고,0,0,1,0,차대차 - 기타,안전거리미확보,건조,맑음,단일로 - 기타,원동기,남,84세,상해없음,승용,남,33세,상해없음
2014081500100295,2014년 8월 15일 13시,금요일,경상북도 영주시 상망동,경상사고,0,0,1,0,차대사람 - 기타,안전운전불이행,건조,맑음,교차로 - 교차로안,승용,여,28세,상해없음,보행자,남,50세,경상
2014081500100296,2014년 8월 15일 13시,금요일,경상북도 영주시 휴천동,경상사고,0,0,1,0,차대차 - 측면직각충돌,안전운전불이행,건조,맑음,교차로 - 교차로안,승용,남,56세,상해없음,승용,여,31세,경상
2014081500100297,2014년 8월 15일 13시,금요일,경상북도 칠곡군 약목면,부상신고사고,0,0,0,1,차량단독 - 공작물충돌,안전운전불이행,건조,흐림,단일로 - 기타,승용,여,37세,부상신고,,,,
2014081500100326,2014년 8월 15일 14시,금요일,경상북도 경산시 정평동,경상사고,0,0,1,0,차대차 - 기타,교차로운행방법위반,건조,맑음,교차로 - 교차로부근,자전거,남,12세,경상,승합,남,44세,상해없음
2014081500100327,2014년 8월 15일 14시,금요일,경상북도 구미시 선산읍,경상사고,0,0,4,0,차대차 - 추돌 - 주정차중,안전거리미확보,건조,맑음,단일로 - 기타,화물,남,53세,상해없음,승용,남,31세,경상
2014081500100352,2014년 8월 15일 15시,금요일,경상북도 경주시 성건동,경상사고,0,0,1,0,차대차 - 기타,안전운전불이행,건조,맑음,교차로 - 교차로안,승용,여,44세,상해없음,승용,남,53세,경상