사고번호,사고일시,요일,시군구,사고내용,사망자수,중상자수,경상자수,부상신고자수,사고유형,법규위반,노면상태,기상상태,도로형태,가해운전자 차종,가해운전자 성별,가해운전자 연령,가해운전자 상해정도,피해운전자 차종,피해운전자 성별,피해운전자 연령,피해운전자 상해정도
2014082100100654,2014년 8월 21일 23시,목요일,경상북도 상주시 낙동면,중상사고,0,1,1,0,차대차 - 기타,안전운전불이행,습기,비,단일로 - 교량,승용,남,55세,상해없음,화물,남,63세,중상
2014082100100655,2014년 8월 21일 23시,목요일,경상북도 구미시 인의동,경상사고,0,0,1,0,차대사람 - 기타,안전운전불이행,건조,맑음,교차로 - 교차로부근,승용,남,39세,상해없음,보행자,남,52세,경상
2014082200100114,2014년 8월 22일 07시,금요일,경상북도 안동시 남문동,경상사고,0,0,1,0,차대차 - 기타,교차로운행방법위반,건조,맑음,교차로 - 교차로안,화물,여,47세,상해없음,승용,남,40세,경상
2014082200100115,2014년 8월 22일 07시,금요일,경상북도 구미시 공단동,중상사고,0,1,0,0,차대차 - 기타,안전운전불이행,건조,맑음,교차로 - 교차로부근,승용,남,49세,상해없음,승용,여,44세,중상
2014082200100150,2014년 8월 22일 08시,금요일,경상북도 포항시 남구 동해면,경상사고,0,0,1,0,차대차 - 기타,직진우회전진행방해,건조,맑음,교차로 - 교차로안,승용,여,40세,상해없음,자전거,남,73세,경상
2014082200100205,2014년 8월 22일 10시,금요일,경상북도 영천시 야사동,중상사고,0,1,0,0,차대사람 - 횡단중,안전운전불이행,건조,맑음,단일로 - 기타,화물,남,50세,상해없음,보행자,여,75세,중상
2014082200100206,2014년 8월 22일 10시,금요일,경상북도 영천시 완산동,경상사고,0,0,1,0,차대사람 - 기타,안전운전불이행,건조,맑음,단일로 - 기타,승용,여,58세,상해없음,보행자,여,82세,경상
2014082200100207,2014년 8월 22일 10시,금요일,경상북도 구미시 도개면,중상사고,0,1,0,0,차대차 - 기타,안전운전불이행,건조,맑음,단일로 - 기타,화물,남,29세,상해없음,농기계,남,53세,중상
2014082200100237,2014년 8월 22일 11시,금요일,경상북도 김천시 덕곡동,경상사고,0,0,1,0,차대차 - 측면직각충돌,안전운전불이행,건조,맑음,단일로 - 기타,승용,여,55세,상해없음,승합,남,52세,경상
2014082200100238,2014년 8월 22일 11시,금요일,경상북도 영주시 봉현면,경상사고,0,0,3,0,차대차 - 측면직각충돌,안전운전불이행,건조,흐림,단일로 - 기타,화물,남,32세,상해없음,화물,남,56세,경상
2014082200100239,2014년 8월 22일 11시,금요일,경상북도 칠곡군 왜관읍,경상사고,0,0,1,0,차대차 - 기타,안전운전불이행,건조,맑음,단일로 - 기타,승용,남,42세,상해없음,자전거,남,26세,경상
2014082200100240,2014년 8월 22일 11시,금요일,경상북도 영덕군 강구면,중상사고,0,1,0,0,차대사람 - 횡단중,안전운전불이행,건조,맑음,단일로 - 기타,승용,남,51세,상해없음,보행자,여,70세,중상
2014082200100241,2014년 8월 22일 11시,금요일,경상북도 성주군 초전면,경상사고,0,0,4,0,차대차 - 측면직각충돌,교차로운행방법위반,건조,흐림,교차로 - 교차로안,화물,남,50세,경상,승용,남,65세,경상
2014082200100273,2014년 8월 22일 12시,금요일,경상북도 경주시 강동면,중상사고,0,1,0,0,차대차 - 기타,안전운전불이행,건조,맑음,단일로 - 기타,승용,여,49세,중상,승용,여,35세,상해없음
2014082200100274,2014년 8월 22일 12시,금요일,경상북도 영천시 금호읍,경상사고,0,0,2,0,차대차 - 측면직각충돌,교차로운행방법위반,건조,맑음,교차로 - 교차로안,화물,남,56세,경상,화물,남,58세,경상
2014082200100275,2014년 8월 22일 12시,금요일,경상북도 경산시 중방동,중상사고,0,1,0,0,차대차 - 기타,직진우회전진행방해,건조,맑음,교차로 - 교차로안,화물,남,36세,상해없음,승용,여,52세,상해없음
2014082200100333,2014년 8월 22일 14시,금요일,경상북도 칠곡군 왜관읍,중상사고,0,2,0,0,차대차 - 측면직각충돌,신호위반,건조,맑음,단일로 - 기타,승용,남,29세,중상,화물,남,43세,중상
2014082200100334,2014년 8월 22일 14시,금요일,경상북도 봉화군 봉성면,중상사고,0,2,1,0,차대차 - 정면충돌,직진우회전진행방해,건조,맑음,교차로 - 교차로안,승용,남,71세,중상,승용,남,39세,중상
2014082200100335,2014년 8월 22일 14시,금요일,경상북도 봉화군 상운면,부상신고사고,0,0,0,1,차량단독 - 공작물충돌,안전운전불이행,건조,맑음,단일로 - 기타,승용,여,62세,부상신고,,,,
2014082200100336,2014년 8월 22일 14시,금요일,경상북도 구미시 송정동,경상사고,0,0,1,0,차대차 - 기타,안전운전불이행,건조,맑음,교차로 - 교차로부근,승용,여,70세,상해없음,승용,남,48세,경상
2014082200100337,2014년 8월 22일 14시,금요일,경상북도 구미시 인의동,경상사고,0,0,1,0,차대차 - 기타,안전운전불이행,건조,맑음,단일로 - 기타,화물,남,26세,상해없음,승용,남,47세,경상
2014082200100338,2014년 8월 22일 14시,금요일,경상북도 구미시 진평동,경상사고,0,0,1,0,차대차 - 기타,교차로운행방법위반,건조,맑음,교차로 - 교차로안,승용,남,24세,상해없음,승용,남,50세,상해없음
2014082200100372,2014년 8월 22일 15시,금요일,경상북도 경주시 성동동,중상사고,0,1,0,0,차대차 - 기타,안전운전불이행,건조,맑음,단일로 - 기타,승합,남,58세,상해없음,자전거,남,80세,중상
2014082200100373,2014년 8월 22일 15시,금요일,경상북도 안동시 태화동,경상사고,0,0,1,0,차대사람 - 기타,안전운전불이행,건조,맑음,기타 - 기타,승합,남,57세,상해없음,보행자,남,37세,경상
2014082200100414,2014년 8월 22일 16시,금요일,경상북도 포항시 북구 두호동,경상사고,0,0,1,0,차대차 - 기타,신호위반,건조,맑음,교차로 - 교차로안,승용,남,62세,상해없음,승용,여,40세,경상
2014082200100415,2014년 8월 22일 16시,금요일,경상북도 성주군 성주읍,경상사고,0,0,2,0,차대차 - 측면직각충돌,직진우회전진행방해,건조,흐림,교차로 - 교차로안,화물,남,44세,상해없음,이륜,남,73세,경상
2014082200100458,2014년 8월 22일 17시,금요일,경상북도 상주시 외서면,사망사고,1,0,1,0,차량단독 - 도로외이탈 - 기타,안전운전불이행,건조,맑음,단일로 - 기타,승용,여,60세,사망,,,,
2014082200100459,2014년 8월 22일 17시,금요일,경상북도 상주시 냉림동,부상신고사고,0,0,0,1,차대차 - 측면직각충돌,신호위반,건조,맑음,교차로 - 교차로안,이륜,남,78세,부상신고,승용,남,56세,상해없음
2014082200100460,2014년 8월 22일 17시,금요일,경상북도 영덕군 영덕읍,경상사고,0,0,3,0,차대차 - 측면직각충돌,직진우회전진행방해,건조,맑음,교차로 - 교차로안,승용,남,21세,경상,승용,여,28세,경상
2014082200100500,2014년 8월 22일 18시,금요일,경상북도 경주시 황오동,중상사고,0,1,0,0,차대차 - 측면직각충돌,안전운전불이행,건조,맑음,교차로 - 교차로부근,승용,여,36세,상해없음,자전거,남,68세,중상
2014082200100501,2014년 8월 22일 18시,금요일,경상북도 영주시 영주동,경상사고,0,0,2,0,차대차 - 추돌 - 진행중,안전운전불이행,건조,맑음,단일로 - 기타,승용,남,41세,상해없음,승용,남,37세,경상
2014082200100578,2014년 8월 22일 20시,금요일,경상북도 경주시 외동읍,경상사고,0,0,1,0,차대차 - 기타,안전운전불이행,건조,맑음,교차로 - 교차로부근,화물,남,37세,상해없음,승용,여,28세,경상
2014082200100579,2014년 8월 22일 20시,금요일,경상북도 안동시 안기동,경상사고,0,0,1,0,차대차 - 기타,안전운전불이행,건조,맑음,교차로 - 교차로부근,승용,남,28세,상해없음,승용,여,42세,경상
2014082200100580,2014년 8월 22일 20시,금요일,경상북도 상주시 냉림동,경상사고,0,0,1,0,차대차 - 기타,안전운전불이행,건조,맑음,단일로 - 기타,승용,남,47세,상해없음,이륜,남,16세,경상
2014082200100581,2014년 8월 22일 20시,금요일,경상북도 경산시 중방동,경상사고,0,0,1,0,차대차 - 기타,안전운전불이행,건조,맑음,단일로 - 기타,승용,남,32세,상해없음,이륜,남,23세,경상
2014082200100696,2014년 8월 22일 23시,금요일,경상북도 영덕군 남정면,부상신고사고,0,0,0,1,차량단독 - 공작물충돌,안전운전불이행,건조,맑음,단일로 - 기타,승용,남,33세,부상신고,,,,
2014082200100697,2014년 8월 22일 23시,금요일,경상북도 문경시 마성면,사망사고,1,0,0,0,차대차 - 추돌 - 진행중,안전운전불이행,건조,맑음,단일로 - 기타,화물,남,39세,사망,화물,남,54세,상해없음
2014082300100053,2014년 8월 23일 02시,토요일,경상북도 경주시 현곡면,중상사고,0,1,0,0,차량단독 - 전도전복,안전운전불이행,건조,맑음,단일로 - 기타,승용,여,45세,중상,,,,
2014082300100054,2014년 8월 23일 02시,토요일,경상북도 포항시 북구 두호동,경상사고,0,0,1,0,차대차 - 기타,안전운전불이행,건조,맑음,단일로 - 기타,승용,남,36세,상해없음,승용,남,24세,경상
2014082300100069,2014년 8월 23일 03시,토요일,경상북도 구미시 신평동,경상사고,0,0,2,0,차대차 - 기타,안전운전불이행,건조,맑음,단일로 - 기타,승용,남,45세,기타불명,승용,남,19세,상해없음
2014082300100116,2014년 8월 23일 06시,토요일,경상북도 상주시 모동면,중상사고,0,1,0,0,차대차 - 측면직각충돌,교차로운행방법위반,건조,맑음,교차로 - 교차로안,화물,남,61세,상해없음,원동기,남,72세,중상
2014082300100134,2014년 8월 23일 07시,토요일,경상북도 문경시 창동,중상사고,0,1,0,0,차대차 - 측면직각충돌,안전운전불이행,건조,맑음,단일로 - 기타,화물,남,50세,상해없음,농기계,남,63세,중상
2014082300100135,2014년 8월 23일 07시,토요일,경상북도 구미시 옥계동,경상사고,0,0,1,0,차대차 - 기타,안전거리미확보,건조,맑음,교차로 - 교차로부근,승합,남,64세,상해없음,승용,여,55세,경상
2014082300100158,2014년 8월 23일 08시,토요일,경상북도 경주시 황성동,부상신고사고,0,0,0,1,차대차 - 기타,안전운전불이행,건조,맑음,단일로 - 횡단보도상,자전거,남,61세,부상신고,승용,여,45세,상해없음
2014082300100159,2014년 8월 23일 08시,토요일,경상북도 경산시 진량읍,경상사고,0,0,1,0,차대차 - 기타,안전거리미확보,건조,맑음,단일로 - 기타,승용,남,48세,상해없음,화물,남,36세,경상
2014082300100160,2014년 8월 23일 08시,토요일,경상북도 구미시 황상동,중상사고,0,1,0,0,차대사람 - 기타,보행자보호의무위반,건조,맑음,기타 - 기타,화물,남,36세,상해없음,보행자,여,66세,중상
2014082300100189,2014년 8월 23일 09시,토요일,경상북도 포항시 북구 우현동,경상사고,0,0,2,0,차대차 - 기타,안전운전불이행,건조,맑음,교차로 - 교차로부근,화물,남,63세,상해없음,화물,남,46세,경상
2014082300100208,2014년 8월 23일 10시,토요일,경상북도 김천시 감호동,중상사고,0,1,0,0,차대사람 - 기타,보행자보호의무위반,건조,맑음,단일로 - 횡단보도상,이륜,남,20세,상해없음,보행자,남,17세,중상
2014082300100209,2014년 8월 23일 10시,토요일,경상북도 칠곡군 지천면,중상사고,0,1,0,0,차대차 - 기타,교차로운행방법위반,건조,맑음,교차로 - 교차로안,승용,남,43세,상해없음,승용,남,67세,중상
2014082300100210,2014년 8월 23일 10시,토요일,경상북도 칠곡군 지천면,중상사고,0,1,0,0,차대차 - 기타,안전운전불이행,건조,맑음,단일로 - 기타,승용,남,27세,상해없음,이륜,남,55세,중상
2014082300100211,2014년 8월 23일 10시,토요일,경상북도 청도군 각북면,경상사고,0,0,1,0,차대차 - 기타,안전운전불이행,건조,맑음,단일로 - 기타,원동기,남,72세,경상,승용,여,47세,상해없음
2014082300100212,2014년 8월 23일 10시,토요일,경상북도 청송군 현동면,중상사고,0,1,0,0,차대차 - 추돌 - 진행중,안전운전불이행,건조,맑음,단일로 - 기타,승용,남,56세,상해없음,승용,여,46세,중상
2014082300100273,2014년 8월 23일 12시,토요일,경상북도 경주시 양북면,중상사고,0,2,0,0,차대차 - 기타,신호위반,건조,맑음,교차로 - 교차로안,승용,남,28세,상해없음,승용,남,49세,중상
2014082300100274,2014년 8월 23일 12시,토요일,경상북도 포항시 북구 흥해읍,경상사고,0,0,1,0,차대사람 - 기타,안전운전불이행,건조,맑음,단일로 - 기타,승용,여,34세,상해없음,보행자,여,43세,경상
2014082300100275,2014년 8월 23일 12시,토요일,경상북도 포항시 북구 죽도동,경상사고,0,0,1,0,차대사람 - 기타,불법유턴,건조,맑음,교차로 - 교차로부근,화물,남,37세,상해없음,보행자,남,64세,경상
2014082300100297,2014년 8월 23일 13시,토요일,경상북도 포항시 남구 해도동,경상사고,0,0,1,0,차대차 - 기타,안전운전불이행,건조,맑음,교차로 - 교차로안,승용,남,53세,상해없음,이륜,남,29세,경상
2014082300100335,2014년 8월 23일 14시,토요일,경상북도 영주시 영주동,경상사고,0,0,1,0,차대차 - 측면직각충돌,신호위반,건조,맑음,교차로 - 교차로안,승합,남,42세,상해없음,승용,남,58세,경상
2014082300100336,2014년 8월 23일 14시,토요일,경상북도 경산시 압량면,경상사고,0,0,1,0,차대차 - 추돌 - 진행중,안전운전불이행,건조,맑음,단일로 - 기타,승용,남,51세,상해없음,승용,여,48세,경상
2014082300100372,2014년 8월 23일 15시,토요일,경상북도 영덕군 영덕읍,경상사고,0,0,1,0,차대사람 - 횡단중,안전운전불이행,건조,흐림,단일로 - 기타,승용,여,30세,상해없음,보행자,여,59세,경상
2014082300100373,2014년 8월 23일 15시,토요일,경상북도 울진군 죽변면,경상사고,0,0,1,0,차대차 - 측면직각충돌,직진우회전진행방해,건조,맑음,교차로 - 교차로안,승용,남,62세,상해없음,승용,남,52세,경상
2014082300100409,2014년 8월 23일 16시,토요일,경상북도 상주시 함창읍,중상사고,0,1,0,0,차대사람 - 횡단중,보행자보호의무위반,건조,맑음,교차로 - 교차로안,화물,남,57세,상해없음,보행자,여,58세,중상
2014082300100410,2014년 8월 23일 16시,토요일,경상북도 경산시 진량읍,중상사고,0,1,0,0,차대차 - 추돌 - 주정차중,안전운전불이행,건조,맑음,단일로 - 기타,이륜,여,58세,중상,승용,남,44세,상해없음
2014082300100411,2014년 8월 23일 16시,토요일,경상북도 안동시 풍산읍,경상사고,0,0,3,0,차대차 - 측면직각충돌,안전운전불이행,건조,맑음,단일로 - 기타,승용,남,18세,상해없음,승용,남,59세,상해없음
2014082300100412,2014년 8월 23일 16시,토요일,경상북도 구미시 옥성면,경상사고,0,0,1,0,차대차 - 측면직각충돌,안전운전불이행,건조,맑음,단일로 - 기타,승용,여,56세,상해없음,승용,남,53세,경상
2014082300100447,2014년 8월 23일 17시,토요일,경상북도 안동시 수상동,경상사고,0,0,1,0,차대차 - 측면직각충돌,차로위반,건조,맑음,단일로 - 기타,화물,남,40세,상해없음,이륜,남,32세,경상
2014082300100474,2014년 8월 23일 18시,토요일,경상북도 경주시 강동면,중상사고,0,2,3,0,차대차 - 측면직각충돌,신호위반,건조,맑음,교차로 - 교차로안,승용,남,33세,상해없음,승용,남,55세,중상
2014082300100475,2014년 8월 23일 18시,토요일,경상북도 김천시 대항면,중상사고,0,2,0,0,차대차 - 측면직각충돌,교차로운행방법위반,건조,맑음,교차로 - 교차로안,승합,남,31세,상해없음,이륜,남,50세,중상
2014082300100476,2014년 8월 23일 18시,토요일,경상북도 영천시 도동,경상사고,0,0,1,0,차대차 - 기타,안전운전불이행,건조,맑음,단일로 - 기타,승용,남,50세,상해없음,승용,남,31세,경상
2014082300100477,2014년 8월 23일 18시,토요일,경상북도 포항시 남구 인덕동,경상사고,0,0,1,0,차대차 - 추돌 - 주정차중,안전운전불이행,건조,맑음,단일로 - 기타,승용,여,21세,경상,건설기계,남,42세,기타불명
2014082300100525,2014년 8월 23일 19시,토요일,경상북도 안동시 용상동,중상사고,0,1,0,0,차대차 - 측면직각충돌,안전운전불이행,건조,맑음,단일로 - 기타,이륜,남,40세,상해없음,자전거,여,20세,중상
2014082300100526,2014년 8월 23일 19시,토요일,경상북도 봉화군 법전면,중상사고,0,1,1,0,차대차 - 추돌 - 주정차중,안전운전불이행,건조,맑음,교차로 - 교차로부근,화물,남,39세,상해없음,승용,여,36세,중상
2014082300100552,2014년 8월 23일 20시,토요일,경상북도 영주시 영주동,경상사고,0,0,1,0,차대차 - 측면직각충돌,안전운전불이행,건조,맑음,단일로 - 기타,승용,여,54세,상해없음,이륜,남,60세,경상
2014082300100553,2014년 8월 23일 20시,토요일,경상북도 경산시 하양읍,경상사고,0,0,3,0,차대차 - 기타,안전운전불이행,건조,맑음,단일로 - 기타,승용,남,54세,상해없음,승용,남,38세,경상
2014082300100586,2014년 8월 23일 21시,토요일,경상북도 김천시 감호동,경상사고,0,0,1,0,차대차 - 기타,직진우회전진행방해,건조,맑음,교차로 - 교차로안,승용,남,27세,상해없음,이륜,남,19세,경상
2014082300100613,2014년 8월 23일 22시,토요일,경상북도 안동시 송현동,경상사고,0,0,1,0,차대차 - 측면직각충돌,안전운전불이행,습기,비,교차로 - 교차로부근,승용,남,47세,상해없음,승용,여,39세,경상
2014082300100614,2014년 8월 23일 22시,토요일,경상북도 칠곡군 석적읍,경상사고,0,0,1,0,차대차 - 기타,안전운전불이행,건조,맑음,교차로 - 교차로안,승용,남,35세,상해없음,이륜,남,19세,경상
2014082300100643,2014년 8월 23일 23시,토요일,경상북도 칠곡군 동명면,부상신고사고,0,0,0,1,차대차 - 기타,중앙선침범,건조,맑음,교차로 - 교차로부근,원동기,남,17세,부상신고,승합,남,50세,상해없음
2014082300100644,2014년 8월 23일 23시,토요일,경상북도 영천시 완산동,중상사고,0,1,0,0,차대사람 - 횡단중,안전운전불이행,건조,흐림,교차로 - 교차로안,승용,남,22세,상해없음,보행자,남,51세,중상
2014082400100029,2014년 8월 24일 01시,일요일,경상북도 경산시 정평동,경상사고,0,0,2,0,차대차 - 측면직각충돌,안전운전불이행,습기,흐림,단일로 - 기타,승용,남,23세,상해없음,승용,남,25세,경상
2014082400100052,2014년 8월 24일 03시,일요일,경상북도 영양군 영양읍,경상사고,0,0,1,0,차량단독 - 공작물충돌,안전운전불이행,건조,맑음,단일로 - 기타,승용,남,35세,상해없음,,,,
2014082400100091,2014년 8월 24일 06시,일요일,경상북도 예천군 예천읍,경상사고,0,0,1,0,차량단독 - 공작물충돌,안전운전불이행,습기,비,단일로 - 기타,승용,남,19세,경상,,,,
2014082400100101,2014년 8월 24일 07시,일요일,경상북도 경산시 용성면,중상사고,0,1,0,0,차대차 - 기타,안전운전불이행,건조,맑음,단일로 - 기타,승용,남,30세,상해없음,농기계,남,72세,중상
2014082400100127,2014년 8월 24일 09시,일요일,경상북도 경주시 황오동,중상사고,0,1,0,0,차대차 - 기타,신호위반,건조,맑음,교차로 - 교차로안,승용,여,57세,상해없음,자전거,여,60세,중상
2014082400100128,2014년 8월 24일 09시,일요일,경상북도 청도군 각북면,경상사고,0,0,1,0,차대차 - 기타,직진우회전진행방해,건조,맑음,교차로 - 교차로안,농기계,남,74세,경상,화물,남,58세,상해없음
2014082400100150,2014년 8월 24일 10시,일요일,경상북도 포항시 북구 용흥동,중상사고,0,1,2,0,차대차 - 기타,신호위반,건조,맑음,교차로 - 교차로안,승용,여,40세,상해없음,승용,여,51세,경상
2014082400100151,2014년 8월 24일 10시,일요일,경상북도 성주군 초전면,경상사고,0,0,1,0,차량단독 - 공작물충돌,안전운전불이행,건조,맑음,기타 - 기타,승용,여,53세,경상,,,,
2014082400100174,2014년 8월 24일 11시,일요일,경상북도 의성군 다인면,중상사고,0,1,0,0,차대사람 - 횡단중,안전운전불이행,건조,맑음,단일로 - 기타,승용,남,38세,상해없음,보행자,여,83세,중상
2014082400100175,2014년 8월 24일 11시,일요일,경상북도 경산시 진량읍,경상사고,0,0,1,0,차대차 - 기타,기타,건조,맑음,단일로 - 기타,승합,남,48세,상해없음,자전거,남,48세,경상
2014082400100197,2014년 8월 24일 12시,일요일,경상북도 안동시 법흥동,경상사고,0,0,1,0,차대차 - 기타,안전운전불이행,건조,맑음,단일로 - 기타,이륜,남,20세,경상,승용,여,49세,상해없음
2014082400100198,2014년 8월 24일 12시,일요일,경상북도 안동시 녹전면,경상사고,0,0,1,0,차대차 - 기타,중앙선침범,건조,맑음,단일로 - 기타,화물,여,50세,기타불명,승용,남,49세,경상
2014082400100199,2014년 8월 24일 12시,일요일,경상북도 의성군 봉양면,경상사고,0,0,2,0,차대차 - 추돌 - 주정차중,안전운전불이행,건조,흐림,교차로 - 교차로부근,승용,남,47세,상해없음,승용,남,57세,경상
2014082400100231,2014년 8월 24일 13시,일요일,경상북도 경산시 중산동,경상사고,0,0,1,0,차대차 - 기타,안전운전불이행,기타,맑음,단일로 - 기타,승용,여,45세,경상,화물,남,49세,기타불명
2014082400100259,2014년 8월 24일 14시,일요일,경상북도 포항시 북구 창포동,경상사고,0,0,1,0,차대차 - 기타,교차로운행방법위반,건조,맑음,교차로 - 교차로안,승용,남,38세,상해없음,승용,남,52세,상해없음
2014082400100285,2014년 8월 24일 15시,일요일,경상북도 경주시 강동면,중상사고,0,1,3,0,차대차 - 기타,중앙선침범,건조,맑음,단일로 - 기타,승용,남,69세,상해없음,승용,남,61세,경상
2014082400100286,2014년 8월 24일 15시,일요일,경상북도 포항시 북구 대흥동,경상사고,0,0,5,0,차대차 - 기타,신호위반,건조,맑음,교차로 - 교차로안,화물,여,51세,상해없음,승용,남,42세,경상
2014082400100287,2014년 8월 24일 15시,일요일,경상북도 영천시 교촌동,중상사고,0,1,0,0,차대차 - 기타,안전운전불이행,건조,맑음,단일로 - 기타,승용,남,61세,상해없음,승합,남,65세,중상
2014082400100288,2014년 8월 24일 15시,일요일,경상북도 구미시 오태동,경상사고,0,0,1,0,차대차 - 기타,안전운전불이행,건조,맑음,단일로 - 기타,건설기계,남,33세,상해없음,승용,여,45세,경상
2014082400100289,2014년 8월 24일 15시,일요일,경상북도 구미시 도량동,부상신고사고,0,0,0,1,차대사람 - 기타,안전운전불이행,건조,맑음,교차로 - 교차로부근,화물,남,22세,기타불명,보행자,남,18세,부상신고
2014082400100316,2014년 8월 24일 16시,일요일,경상북도 경주시 외동읍,부상신고사고,0,0,0,1,차대차 - 기타,안전운전불이행,건조,흐림,교차로 - 교차로안,원동기,남,32세,부상신고,승용,남,49세,상해없음
2014082400100317,2014년 8월 24일 16시,일요일,경상북도 의성군 의성읍,중상사고,0,1,0,0,차대차 - 측면직각충돌,안전운전불이행,건조,흐림,단일로 - 기타,승용,남,59세,상해없음,원동기,남,76세,중상
2014082400100318,2014년 8월 24일 16시,일요일,경상북도 경산시 진량읍,경상사고,0,0,4,0,차대차 - 기타,안전운전불이행,건조,맑음,교차로 - 교차로부근,승용,남,42세,기타불명,승용,남,37세,경상
2014082400100319,2014년 8월 24일 16시,일요일,경상북도 구미시 상모동,경상사고,0,0,1,0,차대차 - 기타,안전운전불이행,건조,맑음,기타 - 기타,승용,남,66세,상해없음,승용,여,40세,경상
2014082400100343,2014년 8월 24일 17시,일요일,경상북도 포항시 북구 남빈동,경상사고,0,0,2,0,차대차 - 기타,교차로운행방법위반,건조,맑음,교차로 - 교차로안,승용,여,54세,경상,승용,남,72세,경상
2014082400100344,2014년 8월 24일 17시,일요일,경상북도 안동시 길안면,중상사고,0,1,4,0,차대차 - 측면직각충돌,안전운전불이행,건조,맑음,단일로 - 기타,승용,여,55세,상해없음,승용,남,39세,경상
2014082400100345,2014년 8월 24일 17시,일요일,경상북도 청송군 파천면,중상사고,0,1,0,0,차량단독 - 기타,기타,건조,맑음,단일로 - 기타,자전거,여,44세,중상,,,,
2014082400100371,2014년 8월 24일 18시,일요일,경상북도 경주시 노서동,중상사고,0,1,0,0,차대사람 - 기타,안전운전불이행,건조,맑음,교차로 - 교차로부근,승합,남,48세,상해없음,보행자,여,74세,중상
2014082400100372,2014년 8월 24일 18시,일요일,경상북도 포항시 북구 두호동,중상사고,0,1,0,0,차대차 - 추돌 - 진행중,안전거리미확보,건조,흐림,단일로 - 기타,원동기,남,33세,중상,승용,남,18세,상해없음
2014082400100373,2014년 8월 24일 18시,일요일,경상북도 김천시 아포읍,중상사고,0,1,0,0,차대차 - 기타,중앙선침범,습기,비,단일로 - 기타,승용,남,58세,상해없음,승용,남,45세,중상
2014082400100408,2014년 8월 24일 19시,일요일,경상북도 경주시 동천동,중상사고,0,1,2,0,차대차 - 기타,안전운전불이행,습기,비,단일로 - 횡단보도부근,승용,남,28세,상해없음,승용,남,58세,중상
2014082400100409,2014년 8월 24일 19시,일요일,경상북도 김천시 양천동,경상사고,0,0,1,0,차대차 - 기타,안전운전불이행,습기,비,단일로 - 기타,화물,남,43세,상해없음,이륜,남,46세,경상
2014082400100410,2014년 8월 24일 19시,일요일,경상북도 영천시 야사동,경상사고,0,0,1,0,차대차 - 추돌 - 주정차중,안전운전불이행,건조,흐림,단일로 - 기타,화물,남,68세,상해없음,승용,남,37세,경상
2014082400100411,2014년 8월 24일 19시,일요일,경상북도 청도군 청도읍,중상사고,0,1,0,0,차대차 - 기타,안전운전불이행,습기,비,단일로 - 기타,화물,남,55세,상해없음,자전거,남,62세,중상
2014082400100453,2014년 8월 24일 20시,일요일,경상북도 안동시 옥동,중상사고,0,1,0,0,차대사람 - 횡단중,보행자보호의무위반,습기,비,교차로 - 교차로안,승용,남,62세,상해없음,보행자,여,48세,중상
2014082400100454,2014년 8월 24일 20시,일요일,경상북도 김천시 신음동,경상사고,0,0,2,0,차대차 - 기타,안전운전불이행,습기,비,단일로 - 기타,승용,남,28세,상해없음,승용,남,51세,경상
2014082400100502,2014년 8월 24일 22시,일요일,경상북도 김천시 지좌동,경상사고,0,0,1,0,차대사람 - 기타,안전운전불이행,건조,흐림,교차로 - 교차로안,승용,남,33세,상해없음,보행자,남,31세,경상
2014082400100521,2014년 8월 24일 23시,일요일,경상북도 포항시 남구 해도동,중상사고,0,1,0,0,차대사람 - 기타,기타,건조,맑음,기타 - 기타,승용,남,57세,상해없음,보행자,남,51세,중상
2014082500100010,2014년 8월 25일 00시,월요일,경상북도 안동시 당북동,경상사고,0,0,3,0,차대차 - 측면직각충돌,직진우회전진행방해,습기,비,교차로 - 교차로안,승용,남,24세,경상,승용,남,49세,경상
2014082500100011,2014년 8월 25일 00시,월요일,경상북도 경산시 중방동,중상사고,0,1,0,0,차대차 - 기타,안전운전불이행,습기,비,단일로 - 기타,승용,남,29세,상해없음,이륜,남,19세,중상
2014082500100019,2014년 8월 25일 01시,월요일,경상북도 경산시 백천동,경상사고,0,0,1,1,차량단독 - 공작물충돌,안전운전불이행,건조,맑음,단일로 - 기타,승용,남,19세,상해없음,,,,
2014082500100025,2014년 8월 25일 02시,월요일,경상북도 경주시 동천동,경상사고,0,0,1,0,차대차 - 기타,안전운전불이행,습기,흐림,교차로 - 교차로안,승용,남,53세,상해없음,승용,남,29세,상해없음
2014082500100030,2014년 8월 25일 03시,월요일,경상북도 안동시 법흥동,경상사고,0,0,1,0,차대차 - 측면직각충돌,안전운전불이행,습기,비,교차로 - 교차로부근,승용,남,27세,상해없음,승용,남,44세,경상
2014082500100031,2014년 8월 25일 03시,월요일,경상북도 고령군 성산면,중상사고,0,1,0,0,차대차 - 기타,안전운전불이행,습기,흐림,단일로 - 기타,승용,여,22세,상해없음,승용,남,58세,중상
2014082500100069,2014년 8월 25일 06시,월요일,경상북도 고령군 다산면,중상사고,0,1,0,0,차대차 - 추돌 - 주정차중,안전운전불이행,습기,비,기타 - 기타,승용,남,39세,중상,화물,기타불명,기타불명,기타불명
2014082500100070,2014년 8월 25일 06시,월요일,경상북도 경주시 내남면,경상사고,0,0,1,0,차대차 - 기타,안전운전불이행,습기,비,단일로 - 기타,승용,남,52세,상해없음,승용,남,28세,경상