사고번호,사고일시,요일,시군구,사고내용,사망자수,중상자수,경상자수,부상신고자수,사고유형,법규위반,노면상태,기상상태,도로형태,가해운전자 차종,가해운전자 성별,가해운전자 연령,가해운전자 상해정도,피해운전자 차종,피해운전자 성별,피해운전자 연령,피해운전자 상해정도
2014090400100599,2014년 9월 4일 19시,목요일,경상북도 김천시 지례면,중상사고,0,4,0,0,차대차 - 측면직각충돌,안전운전불이행,건조,맑음,교차로 - 교차로안,화물,남,70세,상해없음,승용,남,39세,중상
2014090400100600,2014년 9월 4일 19시,목요일,경상북도 영주시 영주동,경상사고,0,0,1,0,차대차 - 측면직각충돌,안전운전불이행,건조,맑음,단일로 - 기타,승용,남,51세,상해없음,승용,남,44세,경상
2014090400100601,2014년 9월 4일 19시,목요일,경상북도 구미시 진평동,중상사고,0,1,0,0,차대차 - 측면직각충돌,교차로운행방법위반,건조,맑음,교차로 - 교차로안,승용,남,28세,상해없음,자전거,남,25세,중상
2014090400100642,2014년 9월 4일 20시,목요일,경상북도 경주시 외동읍,경상사고,0,0,1,0,차대차 - 기타,안전운전불이행,건조,맑음,교차로 - 교차로부근,화물,남,63세,상해없음,화물,남,56세,경상
2014090400100643,2014년 9월 4일 20시,목요일,경상북도 청도군 금천면,경상사고,0,0,2,0,차대차 - 기타,안전운전불이행,건조,맑음,단일로 - 기타,승용,남,42세,상해없음,화물,남,59세,경상
2014090400100668,2014년 9월 4일 21시,목요일,경상북도 안동시 태화동,경상사고,0,0,2,0,차대차 - 측면직각충돌,안전운전불이행,건조,맑음,교차로 - 교차로부근,승용,남,48세,상해없음,승용,남,32세,경상
2014090400100669,2014년 9월 4일 21시,목요일,경상북도 영천시 완산동,중상사고,0,1,0,0,차대차 - 기타,안전운전불이행,건조,맑음,단일로 - 기타,원동기,남,67세,중상,승용,남,46세,상해없음
2014090400100670,2014년 9월 4일 21시,목요일,경상북도 영덕군 영해면,사망사고,1,0,0,0,차대차 - 기타,안전운전불이행,건조,맑음,단일로 - 기타,승용,여,34세,상해없음,승합,남,43세,상해없음
2014090400100671,2014년 9월 4일 21시,목요일,경상북도 포항시 남구 오천읍,경상사고,0,0,1,0,차대차 - 기타,안전운전불이행,건조,맑음,교차로 - 교차로부근,승용,남,44세,상해없음,승용,남,45세,경상
2014090500100026,2014년 9월 5일 01시,금요일,경상북도 구미시 봉곡동,중상사고,0,1,0,0,차대사람 - 기타,안전운전불이행,건조,맑음,단일로 - 기타,승용,남,29세,상해없음,보행자,남,38세,중상
2014090500100041,2014년 9월 5일 02시,금요일,경상북도 포항시 북구 용흥동,중상사고,0,1,0,0,차량단독 - 전도전복,안전운전불이행,건조,맑음,미분류 - 미분류,원동기,남,21세,중상,,,,
2014090500100054,2014년 9월 5일 03시,금요일,경상북도 경산시 사동,중상사고,0,1,0,0,차대차 - 측면직각충돌,신호위반,건조,맑음,교차로 - 교차로안,승용,남,49세,상해없음,승용,남,21세,중상
2014090500100070,2014년 9월 5일 04시,금요일,경상북도 구미시 인의동,경상사고,0,0,1,0,차대사람 - 기타,안전운전불이행,건조,맑음,교차로 - 교차로안,승용,남,25세,상해없음,보행자,남,26세,경상
2014090500100120,2014년 9월 5일 07시,금요일,경상북도 경주시 양남면,중상사고,0,4,2,0,차대차 - 기타,안전운전불이행,건조,맑음,교차로 - 교차로안,승용,남,42세,상해없음,승용,남,63세,중상
2014090500100121,2014년 9월 5일 07시,금요일,경상북도 포항시 남구 호동,경상사고,0,0,1,0,차대차 - 기타,안전운전불이행,건조,맑음,단일로 - 기타,승용,여,44세,상해없음,승용,남,37세,경상
2014090500100161,2014년 9월 5일 08시,금요일,경상북도 경주시 석장동,중상사고,0,1,0,0,차대차 - 기타,안전운전불이행,건조,맑음,교차로 - 교차로안,승용,남,45세,상해없음,승용,여,41세,중상
2014090500100162,2014년 9월 5일 08시,금요일,경상북도 안동시 옥동,경상사고,0,0,2,0,차대차 - 기타,안전운전불이행,건조,맑음,단일로 - 기타,승용,남,53세,상해없음,승용,여,35세,경상
2014090500100163,2014년 9월 5일 08시,금요일,경상북도 안동시 대석동,중상사고,0,1,3,0,차대차 - 기타,직진우회전진행방해,건조,맑음,교차로 - 교차로안,승용,남,66세,상해없음,승합,남,60세,경상
2014090500100164,2014년 9월 5일 08시,금요일,경상북도 영주시 문정동,경상사고,0,0,1,0,차대차 - 측면직각충돌,신호위반,건조,맑음,교차로 - 교차로안,화물,남,64세,상해없음,승용,여,42세,경상
2014090500100165,2014년 9월 5일 08시,금요일,경상북도 경산시 진량읍,중상사고,0,1,0,0,차대차 - 기타,직진우회전진행방해,건조,맑음,교차로 - 교차로안,승용,남,44세,상해없음,이륜,남,46세,중상
2014090500100218,2014년 9월 5일 09시,금요일,경상북도 경주시 동천동,부상신고사고,0,0,0,1,차대차 - 기타,안전운전불이행,건조,맑음,단일로 - 기타,이륜,여,25세,부상신고,승용,여,40세,상해없음
2014090500100219,2014년 9월 5일 09시,금요일,경상북도 상주시 외남면,경상사고,0,0,2,0,차대차 - 정면충돌,중앙선침범,건조,맑음,단일로 - 기타,화물,남,50세,상해없음,승용,남,27세,경상
2014090500100220,2014년 9월 5일 09시,금요일,경상북도 경산시 사동,중상사고,0,1,0,0,차대차 - 기타,안전운전불이행,건조,맑음,단일로 - 기타,승용,남,55세,상해없음,승용,여,59세,중상
2014090500100260,2014년 9월 5일 10시,금요일,경상북도 포항시 북구 죽도동,중상사고,0,1,0,0,차대차 - 기타,신호위반,건조,맑음,교차로 - 교차로안,화물,남,50세,기타불명,승합,남,50세,중상
2014090500100261,2014년 9월 5일 10시,금요일,경상북도 안동시 태화동,경상사고,0,0,2,0,차대차 - 기타,신호위반,건조,맑음,교차로 - 교차로안,원동기,남,75세,경상,승용,여,49세,경상
2014090500100262,2014년 9월 5일 10시,금요일,경상북도 경산시 자인면,경상사고,0,0,1,0,차대사람 - 기타,안전운전불이행,건조,맑음,교차로 - 교차로부근,승용,남,76세,상해없음,보행자,남,51세,경상
2014090500100305,2014년 9월 5일 11시,금요일,경상북도 영천시 오수동,경상사고,0,0,2,0,차대차 - 측면직각충돌,교차로운행방법위반,건조,맑음,교차로 - 교차로안,승용,여,53세,경상,승용,남,29세,경상
2014090500100340,2014년 9월 5일 12시,금요일,경상북도 포항시 북구 죽도동,경상사고,0,0,1,0,차대차 - 기타,안전운전불이행,건조,맑음,교차로 - 교차로부근,원동기,남,65세,경상,승용,남,50세,기타불명
2014090500100341,2014년 9월 5일 12시,금요일,경상북도 상주시 낙동면,중상사고,0,1,0,0,차대차 - 기타,안전운전불이행,건조,맑음,교차로 - 교차로부근,원동기,남,51세,중상,기타불명,기타불명,기타불명,기타불명
2014090500100342,2014년 9월 5일 12시,금요일,경상북도 경산시 자인면,중상사고,0,1,1,0,차대차 - 기타,신호위반,건조,맑음,교차로 - 교차로안,특수,남,30세,상해없음,승용,남,63세,경상
2014090500100343,2014년 9월 5일 12시,금요일,경상북도 영덕군 남정면,중상사고,0,1,3,0,차대차 - 측면직각충돌,안전거리미확보,건조,맑음,교차로 - 교차로부근,승용,남,52세,경상,건설기계,남,58세,경상
2014090500100383,2014년 9월 5일 13시,금요일,경상북도 경주시 성건동,경상사고,0,0,1,0,차대사람 - 기타,안전운전불이행,건조,맑음,단일로 - 기타,건설기계,남,61세,상해없음,보행자,여,52세,경상
2014090500100384,2014년 9월 5일 13시,금요일,경상북도 포항시 북구 우현동,중상사고,0,1,2,0,차대차 - 기타,안전운전불이행,건조,맑음,단일로 - 기타,승용,남,59세,상해없음,승합,남,49세,경상
2014090500100385,2014년 9월 5일 13시,금요일,경상북도 경산시 정평동,중상사고,0,1,1,0,차대차 - 기타,신호위반,건조,맑음,교차로 - 교차로안,원동기,남,74세,경상,승용,남,43세,상해없음
2014090500100386,2014년 9월 5일 13시,금요일,경상북도 울진군 북면,경상사고,0,0,1,0,차대차 - 기타,안전운전불이행,건조,맑음,단일로 - 기타,승용,남,31세,상해없음,승용,여,34세,경상
2014090500100387,2014년 9월 5일 13시,금요일,경상북도 구미시 원평동,부상신고사고,0,0,0,1,차대사람 - 기타,안전운전불이행,건조,맑음,단일로 - 기타,기타불명,기타불명,기타불명,기타불명,보행자,남,29세,부상신고
2014090500100426,2014년 9월 5일 14시,금요일,경상북도 안동시 옥정동,중상사고,0,1,0,0,차대차 - 기타,직진우회전진행방해,건조,맑음,교차로 - 교차로안,승용,남,70세,상해없음,이륜,남,47세,중상
2014090500100427,2014년 9월 5일 14시,금요일,경상북도 김천시 덕곡동,경상사고,0,0,1,0,차대차 - 측면직각충돌,안전운전불이행,건조,맑음,단일로 - 기타,화물,남,44세,상해없음,승용,남,61세,경상
2014090500100428,2014년 9월 5일 14시,금요일,경상북도 칠곡군 왜관읍,경상사고,0,0,3,0,차대차 - 기타,안전운전불이행,건조,맑음,교차로 - 교차로부근,화물,남,66세,상해없음,승용,남,34세,경상
2014090500100429,2014년 9월 5일 14시,금요일,경상북도 영천시 화산면,경상사고,0,0,1,0,차대차 - 정면충돌,안전운전불이행,건조,맑음,단일로 - 기타,화물,남,53세,상해없음,승용,남,51세,경상
2014090500100430,2014년 9월 5일 14시,금요일,경상북도 구미시 장천면,경상사고,0,0,1,0,차대차 - 기타,안전운전불이행,건조,맑음,단일로 - 기타,화물,남,58세,상해없음,승용,남,34세,경상
2014090500100479,2014년 9월 5일 15시,금요일,경상북도 상주시 가장동,경상사고,0,0,1,0,차대차 - 측면직각충돌,안전운전불이행,건조,맑음,단일로 - 기타,화물,남,78세,상해없음,이륜,남,75세,경상
2014090500100480,2014년 9월 5일 15시,금요일,경상북도 칠곡군 가산면,사망사고,1,0,1,1,차대차 - 기타,신호위반,건조,맑음,교차로 - 교차로안,화물,남,41세,상해없음,승용,여,59세,사망
2014090500100481,2014년 9월 5일 15시,금요일,경상북도 봉화군 물야면,중상사고,0,2,0,0,차량단독 - 전도전복,안전운전불이행,건조,맑음,단일로 - 기타,화물,남,50세,중상,,,,
2014090500100526,2014년 9월 5일 16시,금요일,경상북도 경주시 황남동,중상사고,0,2,0,0,차대차 - 기타,안전운전불이행,건조,맑음,교차로 - 교차로부근,승용,여,29세,상해없음,승용,남,45세,중상
2014090500100527,2014년 9월 5일 16시,금요일,경상북도 구미시 사곡동,경상사고,0,0,2,0,차대차 - 기타,안전운전불이행,건조,맑음,교차로 - 교차로부근,화물,남,39세,경상,승용,남,28세,경상
2014090500100528,2014년 9월 5일 16시,금요일,경상북도 구미시 임수동,부상신고사고,0,0,0,1,차대차 - 기타,안전운전불이행,건조,맑음,단일로 - 기타,승합,남,42세,상해없음,승용,남,50세,부상신고
2014090500100529,2014년 9월 5일 16시,금요일,경상북도 포항시 남구 대잠동,경상사고,0,0,1,0,차대차 - 추돌 - 진행중,안전거리미확보,건조,맑음,교차로 - 교차로부근,화물,남,39세,상해없음,승용,여,51세,경상
2014090500100590,2014년 9월 5일 17시,금요일,경상북도 경주시 구정동,경상사고,0,0,1,0,차대차 - 기타,안전운전불이행,건조,맑음,단일로 - 기타,승용,남,53세,상해없음,승용,남,35세,경상
2014090500100591,2014년 9월 5일 17시,금요일,경상북도 경산시 조영동,중상사고,0,1,0,0,차대사람 - 기타,안전운전불이행,건조,맑음,단일로 - 기타,이륜,여,21세,상해없음,보행자,남,21세,중상
2014090500100638,2014년 9월 5일 18시,금요일,경상북도 칠곡군 약목면,경상사고,0,0,1,0,차대차 - 기타,교차로운행방법위반,건조,맑음,교차로 - 교차로안,이륜,남,39세,경상,승용,여,58세,상해없음
2014090500100639,2014년 9월 5일 18시,금요일,경상북도 포항시 남구 효자동,경상사고,0,0,1,0,차대사람 - 횡단중,안전운전불이행,건조,맑음,단일로 - 기타,승용,남,52세,상해없음,보행자,여,7세,경상
2014090500100696,2014년 9월 5일 19시,금요일,경상북도 포항시 북구 창포동,경상사고,0,0,1,0,차대사람 - 횡단중,안전운전불이행,건조,맑음,교차로 - 교차로안,승용,남,31세,상해없음,보행자,남,42세,경상
2014090500100697,2014년 9월 5일 19시,금요일,경상북도 영천시 완산동,경상사고,0,0,2,0,차대차 - 기타,안전운전불이행,건조,맑음,교차로 - 교차로안,승용,남,75세,상해없음,승용,남,53세,상해없음
2014090500100761,2014년 9월 5일 20시,금요일,경상북도 안동시 용상동,경상사고,0,0,1,0,차대차 - 추돌 - 주정차중,안전운전불이행,건조,맑음,기타 - 기타,이륜,남,53세,경상,승용,남,45세,상해없음
2014090500100798,2014년 9월 5일 21시,금요일,경상북도 고령군 다산면,경상사고,0,0,2,0,차대차 - 측면직각충돌,안전운전불이행,건조,맑음,단일로 - 기타,이륜,남,16세,경상,승용,남,42세,상해없음
2014090500100799,2014년 9월 5일 21시,금요일,경상북도 구미시 고아읍,중상사고,0,2,0,0,차대사람 - 기타,신호위반,건조,맑음,단일로 - 횡단보도상,승용,남,61세,상해없음,보행자,여,16세,중상
2014090500100858,2014년 9월 5일 23시,금요일,경상북도 경주시 성건동,부상신고사고,0,0,0,1,차대차 - 기타,안전운전불이행,건조,맑음,단일로 - 교량,원동기,남,16세,부상신고,승용,남,61세,상해없음
2014090500100859,2014년 9월 5일 23시,금요일,경상북도 구미시 남통동,경상사고,0,0,1,4,차대차 - 기타,안전운전불이행,건조,맑음,단일로 - 기타,승용,남,29세,상해없음,승용,남,26세,경상
2014090600100013,2014년 9월 6일 00시,토요일,경상북도 포항시 남구 이동,경상사고,0,0,1,0,차대사람 - 기타,안전운전불이행,건조,맑음,단일로 - 기타,승용,남,48세,상해없음,보행자,남,42세,경상
2014090600100014,2014년 9월 6일 00시,토요일,경상북도 포항시 남구 오천읍,경상사고,0,0,2,0,차대차 - 기타,안전운전불이행,건조,맑음,교차로 - 교차로안,승용,남,32세,상해없음,승용,남,58세,경상
2014090600100034,2014년 9월 6일 01시,토요일,경상북도 경산시 갑제동,중상사고,0,1,1,0,차대차 - 기타,신호위반,건조,맑음,교차로 - 교차로안,승용,남,42세,상해없음,승용,남,31세,경상
2014090600100073,2014년 9월 6일 03시,토요일,경상북도 포항시 남구 대잠동,중상사고,0,1,0,0,차량단독 - 기타,안전운전불이행,건조,맑음,단일로 - 기타,승용,남,30세,중상,,,,
2014090600100088,2014년 9월 6일 04시,토요일,경상북도 구미시 구포동,경상사고,0,0,1,0,차대차 - 기타,안전운전불이행,건조,맑음,단일로 - 기타,화물,남,42세,상해없음,승용,남,19세,경상
2014090600100089,2014년 9월 6일 04시,토요일,경상북도 포항시 남구 오천읍,경상사고,0,0,1,0,차대차 - 기타,직진우회전진행방해,건조,맑음,교차로 - 교차로안,승용,남,55세,상해없음,승용,여,21세,경상
2014090600100102,2014년 9월 6일 05시,토요일,경상북도 포항시 북구 죽도동,경상사고,0,0,1,0,차대차 - 기타,안전운전불이행,건조,맑음,기타 - 기타,승용,남,50세,상해없음,승용,남,40세,경상
2014090600100103,2014년 9월 6일 05시,토요일,경상북도 구미시 도량동,중상사고,0,1,0,0,차대사람 - 기타,안전운전불이행,건조,맑음,단일로 - 기타,승용,남,42세,상해없음,보행자,남,83세,중상
2014090600100120,2014년 9월 6일 06시,토요일,경상북도 구미시 황상동,경상사고,0,0,2,0,차대차 - 기타,안전운전불이행,건조,맑음,교차로 - 교차로안,승용,남,26세,상해없음,승합,남,62세,경상
2014090600100156,2014년 9월 6일 08시,토요일,경상북도 포항시 북구 대흥동,중상사고,0,1,0,0,차대사람 - 횡단중,안전운전불이행,건조,맑음,단일로 - 기타,승용,여,58세,상해없음,보행자,여,66세,중상
2014090600100180,2014년 9월 6일 09시,토요일,경상북도 포항시 남구 해도동,경상사고,0,0,1,0,차대차 - 기타,중앙선침범,건조,맑음,단일로 - 기타,자전거,여,54세,경상,승용,남,29세,상해없음
2014090600100212,2014년 9월 6일 10시,토요일,경상북도 청도군 청도읍,경상사고,0,0,1,0,차대차 - 기타,안전운전불이행,건조,흐림,교차로 - 교차로부근,원동기,남,79세,경상,승용,남,56세,상해없음
2014090600100213,2014년 9월 6일 10시,토요일,경상북도 영양군 영양읍,경상사고,0,0,2,0,차대차 - 측면직각충돌,교차로운행방법위반,건조,맑음,교차로 - 교차로안,승용,여,45세,경상,승용,여,52세,상해없음
2014090600100214,2014년 9월 6일 10시,토요일,경상북도 포항시 남구 송도동,중상사고,0,1,0,0,차대사람 - 기타,안전운전불이행,건조,맑음,교차로 - 교차로부근,승용,여,40세,상해없음,보행자,여,76세,중상
2014090600100287,2014년 9월 6일 12시,토요일,경상북도 영천시 청통면,중상사고,0,1,0,0,차대차 - 기타,안전운전불이행,건조,맑음,교차로 - 교차로안,승용,여,48세,상해없음,승용,여,51세,중상
2014090600100288,2014년 9월 6일 12시,토요일,경상북도 구미시 도량동,부상신고사고,0,0,0,1,차대차 - 기타,안전운전불이행,건조,맑음,단일로 - 기타,승용,여,60세,상해없음,자전거,남,17세,부상신고
2014090600100363,2014년 9월 6일 14시,토요일,경상북도 영천시 북안면,중상사고,0,1,0,0,차대사람 - 기타,안전운전불이행,건조,맑음,단일로 - 기타,화물,남,63세,상해없음,보행자,여,76세,중상
2014090600100364,2014년 9월 6일 14시,토요일,경상북도 영덕군 축산면,중상사고,0,1,4,0,차대차 - 측면직각충돌,직진우회전진행방해,건조,맑음,교차로 - 교차로안,승용,남,28세,경상,승용,남,65세,경상
2014090600100365,2014년 9월 6일 14시,토요일,경상북도 예천군 예천읍,경상사고,0,0,1,0,차대차 - 기타,안전운전불이행,건조,맑음,단일로 - 기타,승용,남,38세,상해없음,자전거,남,12세,경상
2014090600100366,2014년 9월 6일 14시,토요일,경상북도 포항시 남구 오천읍,중상사고,0,1,0,0,차대사람 - 횡단중,기타,건조,맑음,교차로 - 교차로부근,승용,남,43세,상해없음,보행자,남,8세,중상
2014090600100408,2014년 9월 6일 15시,토요일,경상북도 김천시 지좌동,경상사고,0,0,1,0,차대차 - 측면직각충돌,안전거리미확보,건조,맑음,단일로 - 기타,승용,여,45세,상해없음,승용,남,58세,경상
2014090600100409,2014년 9월 6일 15시,토요일,경상북도 구미시 비산동,중상사고,0,1,0,0,차대차 - 기타,교차로운행방법위반,건조,맑음,교차로 - 교차로안,승용,남,26세,상해없음,자전거,남,13세,중상
2014090600100446,2014년 9월 6일 16시,토요일,경상북도 안동시 남문동,중상사고,0,1,0,0,차량단독 - 공작물충돌,기타,건조,맑음,단일로 - 기타,승용,남,64세,중상,,,,
2014090600100447,2014년 9월 6일 16시,토요일,경상북도 예천군 풍양면,경상사고,0,0,1,0,차량단독 - 전도전복,안전운전불이행,건조,맑음,단일로 - 기타,이륜,여,27세,경상,,,,
2014090600100485,2014년 9월 6일 17시,토요일,경상북도 김천시 양천동,중상사고,0,1,0,0,차대차 - 측면직각충돌,안전운전불이행,건조,맑음,교차로 - 교차로안,화물,남,66세,상해없음,이륜,남,54세,중상
2014090600100486,2014년 9월 6일 17시,토요일,경상북도 영주시 부석면,중상사고,0,2,1,0,차대차 - 측면직각충돌,교차로운행방법위반,건조,맑음,교차로 - 교차로안,승용,남,48세,경상,승용,여,35세,중상
2014090600100487,2014년 9월 6일 17시,토요일,경상북도 문경시 모전동,경상사고,0,0,1,0,차대차 - 측면직각충돌,안전운전불이행,건조,맑음,단일로 - 기타,승용,남,69세,상해없음,승합,남,52세,상해없음
2014090600100488,2014년 9월 6일 17시,토요일,경상북도 구미시 선산읍,중상사고,0,1,0,0,차대사람 - 기타,안전운전불이행,건조,맑음,기타 - 기타,승용,여,31세,상해없음,보행자,여,72세,중상
2014090600100489,2014년 9월 6일 17시,토요일,경상북도 포항시 남구 해도동,경상사고,0,0,1,0,차대차 - 기타,안전거리미확보,건조,맑음,단일로 - 교량,승용,남,25세,상해없음,승용,남,58세,경상
2014090600100520,2014년 9월 6일 18시,토요일,경상북도 포항시 북구 대흥동,경상사고,0,0,1,0,차대차 - 기타,교차로운행방법위반,건조,맑음,교차로 - 교차로안,승용,남,42세,상해없음,자전거,남,78세,경상
2014090600100521,2014년 9월 6일 18시,토요일,경상북도 상주시 무양동,경상사고,0,0,1,0,차대차 - 측면직각충돌,안전운전불이행,건조,맑음,단일로 - 횡단보도상,승용,남,54세,상해없음,자전거,남,92세,경상
2014090600100522,2014년 9월 6일 18시,토요일,경상북도 울진군 근남면,경상사고,0,0,1,0,차대차 - 기타,안전운전불이행,건조,맑음,교차로 - 교차로안,승용,남,35세,상해없음,이륜,남,59세,경상
2014090600100523,2014년 9월 6일 18시,토요일,경상북도 구미시 신평동,중상사고,0,1,0,0,차대차 - 기타,교차로운행방법위반,건조,맑음,교차로 - 교차로안,승용,남,55세,상해없음,이륜,남,25세,중상
2014090600100524,2014년 9월 6일 18시,토요일,경상북도 포항시 남구 대잠동,경상사고,0,0,1,0,차량단독 - 기타,안전운전불이행,건조,맑음,단일로 - 기타,이륜,남,24세,경상,,,,
2014090600100542,2014년 9월 6일 19시,토요일,경상북도 경산시 계양동,경상사고,0,0,2,0,차대차 - 추돌 - 주정차중,안전운전불이행,건조,맑음,교차로 - 교차로부근,화물,남,58세,기타불명,승용,남,39세,경상
2014090600100543,2014년 9월 6일 19시,토요일,경상북도 경산시 계양동,경상사고,0,0,1,0,차대차 - 기타,안전운전불이행,건조,맑음,단일로 - 기타,화물,남,58세,상해없음,특수,남,35세,경상
2014090600100544,2014년 9월 6일 19시,토요일,경상북도 예천군 용궁면,중상사고,0,1,0,0,차대차 - 추돌 - 주정차중,안전운전불이행,건조,맑음,단일로 - 기타,원동기,남,71세,중상,농기계,남,61세,기타불명
2014090600100584,2014년 9월 6일 20시,토요일,경상북도 경주시 안강읍,중상사고,0,1,0,0,차대사람 - 기타,안전운전불이행,건조,맑음,단일로 - 기타,화물,남,67세,상해없음,보행자,여,66세,중상
2014090600100585,2014년 9월 6일 20시,토요일,경상북도 포항시 북구 장성동,중상사고,0,1,0,0,차대사람 - 횡단중,보행자보호의무위반,건조,맑음,단일로 - 횡단보도상,승용,남,52세,상해없음,보행자,여,58세,중상
2014090600100613,2014년 9월 6일 21시,토요일,경상북도 경주시 외동읍,중상사고,0,3,0,0,차대차 - 측면직각충돌,안전운전불이행,건조,맑음,단일로 - 기타,승용,남,32세,상해없음,승용,남,50세,중상
2014090600100614,2014년 9월 6일 21시,토요일,경상북도 안동시 송현동,중상사고,0,1,1,0,차대차 - 추돌 - 주정차중,안전운전불이행,건조,맑음,교차로 - 교차로부근,승용,남,38세,상해없음,승용,남,32세,경상
2014090600100615,2014년 9월 6일 21시,토요일,경상북도 영주시 가흥동,경상사고,0,0,1,0,차대차 - 측면직각충돌,안전운전불이행,건조,맑음,교차로 - 교차로안,승용,여,57세,상해없음,자전거,남,60세,경상
2014090600100647,2014년 9월 6일 22시,토요일,경상북도 포항시 북구 죽도동,경상사고,0,0,1,0,차량단독 - 전도전복,안전운전불이행,건조,맑음,단일로 - 기타,승용,남,63세,상해없음,,,,
2014090600100648,2014년 9월 6일 22시,토요일,경상북도 김천시 아포읍,경상사고,0,0,1,0,차대차 - 측면직각충돌,안전운전불이행,건조,맑음,교차로 - 교차로안,승용,남,54세,상해없음,승합,남,58세,상해없음
2014090600100649,2014년 9월 6일 22시,토요일,경상북도 경산시 사동,경상사고,0,0,2,0,차대차 - 기타,안전운전불이행,건조,맑음,교차로 - 교차로부근,승용,남,51세,상해없음,승용,남,41세,경상
2014090600100650,2014년 9월 6일 22시,토요일,경상북도 청도군 청도읍,경상사고,0,0,3,0,차대차 - 기타,안전운전불이행,건조,맑음,단일로 - 횡단보도부근,승용,남,39세,상해없음,승용,여,41세,경상
2014090700100011,2014년 9월 7일 00시,일요일,경상북도 포항시 남구 대도동,중상사고,0,1,2,0,차대차 - 측면직각충돌,안전운전불이행,건조,맑음,단일로 - 기타,승용,남,32세,상해없음,승용,남,48세,경상
2014090700100044,2014년 9월 7일 02시,일요일,경상북도 포항시 북구 두호동,경상사고,0,0,1,0,차대차 - 기타,안전거리미확보,건조,맑음,단일로 - 기타,승용,남,50세,상해없음,승용,남,61세,경상
2014090700100045,2014년 9월 7일 02시,일요일,경상북도 구미시 봉곡동,중상사고,0,1,0,0,차대차 - 기타,안전운전불이행,건조,맑음,교차로 - 교차로부근,화물,남,44세,상해없음,승용,남,31세,중상
2014090700100061,2014년 9월 7일 03시,일요일,경상북도 포항시 남구 연일읍,경상사고,0,0,1,0,차대차 - 기타,안전운전불이행,건조,맑음,단일로 - 기타,승용,남,45세,상해없음,승용,남,54세,경상
2014090700100076,2014년 9월 7일 04시,일요일,경상북도 경주시 현곡면,중상사고,0,1,0,0,차량단독 - 전도전복,안전운전불이행,건조,맑음,단일로 - 기타,원동기,남,16세,상해없음,,,,
2014090700100077,2014년 9월 7일 04시,일요일,경상북도 구미시 진평동,사망사고,1,0,0,0,차대사람 - 기타,안전운전불이행,건조,맑음,단일로 - 기타,승용,남,22세,상해없음,보행자,남,40세,사망
2014090700100101,2014년 9월 7일 06시,일요일,경상북도 경주시 양남면,중상사고,0,1,0,0,차대사람 - 기타,안전운전불이행,건조,맑음,단일로 - 기타,승용,여,44세,상해없음,보행자,남,61세,중상
2014090700100111,2014년 9월 7일 07시,일요일,경상북도 경주시 황오동,경상사고,0,0,1,0,차대사람 - 기타,안전운전불이행,건조,맑음,기타 - 기타,승용,남,59세,상해없음,보행자,남,48세,경상
2014090700100120,2014년 9월 7일 08시,일요일,경상북도 문경시 흥덕동,경상사고,0,0,1,0,차대차 - 기타,직진우회전진행방해,건조,맑음,교차로 - 교차로안,승용,여,39세,상해없음,이륜,남,70세,경상
2014090700100141,2014년 9월 7일 09시,일요일,경상북도 울진군 근남면,경상사고,0,0,2,0,차대차 - 정면충돌,중앙선침범,건조,맑음,단일로 - 기타,승용,남,45세,상해없음,화물,남,64세,경상
2014090700100163,2014년 9월 7일 10시,일요일,경상북도 포항시 남구 대송면,경상사고,0,0,3,0,차대차 - 기타,안전운전불이행,건조,맑음,교차로 - 교차로안,승용,남,70세,상해없음,승용,여,35세,경상
2014090700100183,2014년 9월 7일 11시,일요일,경상북도 경주시 구황동,중상사고,0,1,0,0,차대차 - 기타,안전운전불이행,건조,맑음,단일로 - 기타,승용,남,52세,상해없음,자전거,남,16세,중상
2014090700100205,2014년 9월 7일 12시,일요일,경상북도 포항시 북구 대신동,중상사고,0,1,0,0,차대사람 - 기타,중앙선침범,건조,맑음,단일로 - 기타,승용,남,68세,상해없음,보행자,여,60세,중상
2014090700100206,2014년 9월 7일 12시,일요일,경상북도 안동시 남문동,경상사고,0,0,6,0,차대차 - 측면직각충돌,차로위반,건조,맑음,단일로 - 기타,승용,남,33세,상해없음,승용,남,42세,상해없음
2014090700100207,2014년 9월 7일 12시,일요일,경상북도 문경시 문경읍,중상사고,0,1,0,0,차량단독 - 기타,안전운전불이행,건조,맑음,단일로 - 기타,자전거,남,41세,중상,,,,
2014090700100208,2014년 9월 7일 12시,일요일,경상북도 울진군 울진읍,중상사고,0,1,1,0,차량단독 - 공작물충돌,안전운전불이행,건조,맑음,단일로 - 기타,승용,남,68세,경상,,,,
2014090700100209,2014년 9월 7일 12시,일요일,경상북도 고령군 성산면,경상사고,0,0,1,0,차대차 - 추돌 - 진행중,안전운전불이행,건조,맑음,교차로 - 교차로부근,승용,남,44세,상해없음,승용,여,46세,경상
2014090700100237,2014년 9월 7일 13시,일요일,경상북도 문경시 산양면,경상사고,0,0,1,0,차대차 - 기타,안전거리미확보,건조,맑음,단일로 - 기타,승용,남,58세,상해없음,승용,남,47세,상해없음
2014090700100238,2014년 9월 7일 13시,일요일,경상북도 구미시 장천면,중상사고,0,1,2,1,차대차 - 기타,안전운전불이행,건조,맑음,교차로 - 교차로안,승용,남,33세,상해없음,승용,남,41세,중상