사고번호,사고일시,요일,시군구,사고내용,사망자수,중상자수,경상자수,부상신고자수,사고유형,법규위반,노면상태,기상상태,도로형태,가해운전자 차종,가해운전자 성별,가해운전자 연령,가해운전자 상해정도,피해운전자 차종,피해운전자 성별,피해운전자 연령,피해운전자 상해정도
2014091000100362,2014년 9월 10일 17시,수요일,경상북도 영주시 영주동,경상사고,0,0,1,0,차대차 - 측면직각충돌,안전운전불이행,건조,맑음,교차로 - 교차로안,승합,남,60세,상해없음,승용,남,19세,경상
2014091000100363,2014년 9월 10일 17시,수요일,경상북도 칠곡군 약목면,경상사고,0,0,1,0,차량단독 - 공작물충돌,안전운전불이행,건조,맑음,단일로 - 기타,원동기,남,79세,경상,,,,
2014091000100364,2014년 9월 10일 17시,수요일,경상북도 포항시 남구 해도동,경상사고,0,0,1,0,차대차 - 추돌 - 진행중,교차로운행방법위반,건조,맑음,교차로 - 교차로안,승합,남,29세,상해없음,승용,남,67세,경상
2014091000100390,2014년 9월 10일 18시,수요일,경상북도 김천시 모암동,경상사고,0,0,2,1,차대차 - 측면직각충돌,안전운전불이행,건조,맑음,교차로 - 교차로안,승용,남,48세,상해없음,화물,남,56세,경상
2014091000100391,2014년 9월 10일 18시,수요일,경상북도 문경시 문경읍,경상사고,0,0,1,0,차대차 - 추돌 - 진행중,안전거리미확보,건조,맑음,단일로 - 기타,승용,기타불명,기타불명,기타불명,승용,남,32세,경상
2014091000100418,2014년 9월 10일 19시,수요일,경상북도 영주시 봉현면,경상사고,0,0,4,0,차대차 - 추돌 - 진행중,안전운전불이행,건조,맑음,단일로 - 기타,화물,남,57세,상해없음,승용,여,59세,경상
2014091000100443,2014년 9월 10일 20시,수요일,경상북도 경주시 현곡면,중상사고,0,1,1,0,차대차 - 기타,안전운전불이행,건조,맑음,단일로 - 기타,화물,남,65세,상해없음,승용,남,33세,중상
2014091000100444,2014년 9월 10일 20시,수요일,경상북도 경산시 진량읍,중상사고,0,1,0,0,차대차 - 기타,중앙선침범,건조,맑음,단일로 - 기타,승용,남,40세,상해없음,원동기,남,35세,중상
2014091000100445,2014년 9월 10일 20시,수요일,경상북도 포항시 남구 해도동,중상사고,0,1,0,0,차대차 - 기타,중앙선침범,건조,맑음,단일로 - 기타,이륜,남,57세,상해없음,이륜,여,52세,중상
2014091000100523,2014년 9월 10일 23시,수요일,경상북도 영주시 가흥동,중상사고,0,2,2,0,차대차 - 측면직각충돌,신호위반,건조,맑음,교차로 - 교차로안,승용,여,46세,경상,승용,남,34세,경상
2014091000100524,2014년 9월 10일 23시,수요일,경상북도 구미시 사곡동,경상사고,0,0,1,0,차대차 - 기타,안전거리미확보,건조,맑음,교차로 - 교차로부근,승용,여,48세,상해없음,승용,남,27세,경상
2014091100100015,2014년 9월 11일 00시,목요일,경상북도 포항시 북구 두호동,중상사고,0,1,0,0,차대차 - 기타,안전운전불이행,건조,맑음,단일로 - 기타,승용,남,26세,상해없음,승용,남,21세,중상
2014091100100032,2014년 9월 11일 02시,목요일,경상북도 영천시 오수동,경상사고,0,0,1,0,차량단독 - 공작물충돌,안전운전불이행,건조,맑음,단일로 - 기타,원동기,남,35세,경상,,,,
2014091100100033,2014년 9월 11일 02시,목요일,경상북도 문경시 영순면,경상사고,0,0,1,0,차량단독 - 공작물충돌,안전운전불이행,건조,흐림,단일로 - 기타,승용,여,33세,경상,,,,
2014091100100034,2014년 9월 11일 02시,목요일,경상북도 구미시 형곡동,중상사고,0,1,0,0,차대차 - 추돌 - 진행중,안전운전불이행,건조,맑음,단일로 - 기타,이륜,남,20세,중상,건설기계,남,58세,상해없음
2014091100100039,2014년 9월 11일 03시,목요일,경상북도 구미시 진평동,중상사고,0,1,0,0,차대차 - 기타,교차로운행방법위반,건조,흐림,교차로 - 교차로안,승용,남,49세,상해없음,승용,남,69세,중상
2014091100100060,2014년 9월 11일 06시,목요일,경상북도 포항시 북구 죽도동,중상사고,0,1,0,0,차대차 - 기타,교차로운행방법위반,건조,맑음,교차로 - 교차로안,원동기,남,60세,중상,승용,남,44세,상해없음
2014091100100085,2014년 9월 11일 07시,목요일,경상북도 포항시 북구 흥해읍,경상사고,0,0,1,0,차대차 - 기타,차로위반,건조,맑음,단일로 - 기타,승용,남,60세,상해없음,승용,남,48세,경상
2014091100100086,2014년 9월 11일 07시,목요일,경상북도 포항시 북구 두호동,경상사고,0,0,1,0,차대차 - 추돌 - 진행중,차로위반,건조,맑음,단일로 - 기타,승용,남,22세,상해없음,승용,여,40세,경상
2014091100100087,2014년 9월 11일 07시,목요일,경상북도 안동시 광석동,경상사고,0,0,10,0,차대차 - 추돌 - 진행중,안전운전불이행,건조,맑음,교차로 - 교차로부근,승용,남,31세,상해없음,승합,남,47세,경상
2014091100100088,2014년 9월 11일 07시,목요일,경상북도 성주군 초전면,중상사고,0,1,1,0,차량단독 - 공작물충돌,안전운전불이행,건조,맑음,기타 - 기타,승용,여,60세,경상,,,,
2014091100100089,2014년 9월 11일 07시,목요일,경상북도 울진군 근남면,경상사고,0,0,1,0,차량단독 - 공작물충돌,안전운전불이행,건조,맑음,단일로 - 기타,화물,남,62세,경상,,,,
2014091100100129,2014년 9월 11일 08시,목요일,경상북도 경산시 와촌면,사망사고,1,0,0,0,차대차 - 추돌 - 진행중,안전운전불이행,건조,맑음,단일로 - 기타,화물,남,64세,상해없음,이륜,남,54세,사망
2014091100100176,2014년 9월 11일 09시,목요일,경상북도 경주시 성동동,중상사고,0,1,0,0,차대차 - 기타,안전운전불이행,건조,맑음,단일로 - 기타,승합,남,62세,상해없음,자전거,남,80세,중상
2014091100100211,2014년 9월 11일 10시,목요일,경상북도 경주시 강동면,중상사고,0,1,0,0,차대차 - 기타,안전운전불이행,건조,맑음,단일로 - 기타,화물,남,61세,상해없음,자전거,여,33세,중상
2014091100100212,2014년 9월 11일 10시,목요일,경상북도 포항시 북구 학잠동,중상사고,0,1,0,0,차대차 - 기타,안전운전불이행,건조,맑음,단일로 - 기타,승용,여,54세,상해없음,자전거,남,53세,중상
2014091100100213,2014년 9월 11일 10시,목요일,경상북도 안동시 정하동,경상사고,0,0,1,0,차대차 - 추돌 - 주정차중,안전운전불이행,건조,맑음,교차로 - 교차로부근,승합,남,35세,상해없음,승용,남,62세,경상
2014091100100214,2014년 9월 11일 10시,목요일,경상북도 문경시 동로면,중상사고,0,1,2,0,차대차 - 기타,중앙선침범,건조,맑음,단일로 - 기타,승용,남,43세,경상,승용,여,43세,경상
2014091100100245,2014년 9월 11일 11시,목요일,경상북도 의성군 가음면,경상사고,0,0,1,0,차대차 - 측면직각충돌,안전운전불이행,건조,맑음,교차로 - 교차로안,원동기,남,73세,경상,승용,남,71세,상해없음
2014091100100246,2014년 9월 11일 11시,목요일,경상북도 영주시 문수면,중상사고,0,1,0,0,차량단독 - 공작물충돌,안전운전불이행,건조,맑음,단일로 - 기타,승용,남,33세,중상,,,,
2014091100100247,2014년 9월 11일 11시,목요일,경상북도 문경시 동로면,경상사고,0,0,1,0,차량단독 - 공작물충돌,안전운전불이행,건조,맑음,단일로 - 기타,승용,남,45세,경상,,,,
2014091100100248,2014년 9월 11일 11시,목요일,경상북도 봉화군 봉화읍,중상사고,0,1,0,0,차대차 - 측면직각충돌,안전거리미확보,건조,맑음,단일로 - 기타,승합,남,47세,상해없음,승용,여,57세,중상
2014091100100249,2014년 9월 11일 11시,목요일,경상북도 구미시 옥계동,경상사고,0,0,1,0,차대차 - 기타,안전운전불이행,건조,맑음,교차로 - 교차로안,승용,남,67세,상해없음,승합,남,33세,경상
2014091100100272,2014년 9월 11일 12시,목요일,경상북도 상주시 낙양동,중상사고,0,1,0,0,차대차 - 측면직각충돌,불법유턴,건조,맑음,교차로 - 교차로부근,자전거,여,74세,중상,승용,여,46세,상해없음
2014091100100273,2014년 9월 11일 12시,목요일,경상북도 구미시 송정동,중상사고,0,1,0,0,차대차 - 기타,안전운전불이행,건조,맑음,단일로 - 기타,승용,남,56세,상해없음,이륜,남,29세,중상
2014091100100294,2014년 9월 11일 13시,목요일,경상북도 영주시 가흥동,경상사고,0,0,1,0,차량단독 - 공작물충돌,안전운전불이행,건조,맑음,단일로 - 기타,승용,남,80세,상해없음,,,,
2014091100100295,2014년 9월 11일 13시,목요일,경상북도 영천시 망정동,중상사고,0,1,0,0,차대차 - 기타,안전운전불이행,건조,맑음,교차로 - 교차로안,승용,여,42세,상해없음,승용,남,29세,중상
2014091100100296,2014년 9월 11일 13시,목요일,경상북도 경산시 하양읍,경상사고,0,0,2,0,차대차 - 기타,직진우회전진행방해,건조,맑음,교차로 - 교차로안,승용,남,41세,상해없음,승용,남,39세,경상
2014091100100336,2014년 9월 11일 14시,목요일,경상북도 칠곡군 지천면,경상사고,0,0,3,0,차대차 - 기타,직진우회전진행방해,건조,맑음,교차로 - 교차로안,화물,남,76세,경상,승용,여,41세,경상
2014091100100370,2014년 9월 11일 15시,목요일,경상북도 경주시 용강동,경상사고,0,0,1,1,차대차 - 기타,안전운전불이행,건조,맑음,교차로 - 교차로안,승용,여,44세,부상신고,승용,남,23세,경상
2014091100100371,2014년 9월 11일 15시,목요일,경상북도 포항시 북구 대흥동,경상사고,0,0,1,0,차대사람 - 횡단중,안전운전불이행,건조,맑음,교차로 - 교차로부근,승용,여,70세,상해없음,보행자,여,68세,경상
2014091100100372,2014년 9월 11일 15시,목요일,경상북도 영주시 가흥동,경상사고,0,0,1,0,차대차 - 기타,안전운전불이행,건조,맑음,기타 - 기타,화물,남,57세,경상,승용,남,57세,기타불명
2014091100100373,2014년 9월 11일 15시,목요일,경상북도 포항시 남구 대잠동,경상사고,0,0,1,0,차대차 - 측면직각충돌,안전운전불이행,건조,맑음,단일로 - 기타,승용,남,44세,상해없음,승용,여,47세,경상
2014091100100402,2014년 9월 11일 16시,목요일,경상북도 구미시 사곡동,부상신고사고,0,0,0,1,차대차 - 기타,안전운전불이행,건조,맑음,교차로 - 교차로부근,자전거,남,15세,부상신고,승용,여,28세,상해없음
2014091100100430,2014년 9월 11일 17시,목요일,경상북도 포항시 북구 양덕동,경상사고,0,0,1,0,차대차 - 기타,안전운전불이행,건조,맑음,기타 - 기타,승용,여,44세,상해없음,자전거,남,8세,경상
2014091100100431,2014년 9월 11일 17시,목요일,경상북도 포항시 남구 대도동,경상사고,0,0,2,0,차대차 - 기타,중앙선침범,건조,맑음,단일로 - 기타,승용,여,42세,상해없음,승용,남,62세,경상
2014091100100456,2014년 9월 11일 18시,목요일,경상북도 영주시 가흥동,경상사고,0,0,1,0,차대사람 - 횡단중,보행자보호의무위반,건조,맑음,단일로 - 횡단보도상,승용,남,61세,상해없음,보행자,남,56세,경상
2014091100100457,2014년 9월 11일 18시,목요일,경상북도 포항시 남구 오천읍,경상사고,0,0,1,0,차대차 - 기타,교차로운행방법위반,건조,맑음,교차로 - 교차로안,이륜,여,32세,경상,승용,남,44세,상해없음
2014091100100496,2014년 9월 11일 19시,목요일,경상북도 경주시 노서동,경상사고,0,0,2,0,차대차 - 기타,안전운전불이행,건조,맑음,교차로 - 교차로안,승용,남,60세,상해없음,승합,남,59세,경상
2014091100100497,2014년 9월 11일 19시,목요일,경상북도 포항시 북구 흥해읍,중상사고,0,1,2,0,차대차 - 추돌 - 주정차중,안전운전불이행,건조,맑음,단일로 - 기타,승용,여,36세,경상,화물,남,31세,경상
2014091100100498,2014년 9월 11일 19시,목요일,경상북도 경산시 압량면,중상사고,0,1,0,0,차대사람 - 기타,안전운전불이행,건조,맑음,단일로 - 기타,화물,남,43세,상해없음,보행자,여,73세,중상
2014091100100499,2014년 9월 11일 19시,목요일,경상북도 영덕군 강구면,중상사고,0,1,0,0,차대차 - 기타,안전운전불이행,건조,맑음,단일로 - 기타,승합,남,48세,상해없음,자전거,여,59세,중상
2014091100100500,2014년 9월 11일 19시,목요일,경상북도 고령군 쌍림면,경상사고,0,0,1,0,차대차 - 측면직각충돌,교차로운행방법위반,건조,맑음,교차로 - 교차로부근,승용,남,61세,상해없음,화물,남,41세,경상
2014091100100528,2014년 9월 11일 20시,목요일,경상북도 경주시 황성동,중상사고,0,1,0,0,차대사람 - 횡단중,안전운전불이행,건조,맑음,단일로 - 기타,이륜,남,17세,상해없음,보행자,여,16세,중상
2014091100100529,2014년 9월 11일 20시,목요일,경상북도 김천시 평화동,중상사고,0,1,0,0,차대사람 - 기타,안전운전불이행,건조,맑음,단일로 - 기타,승용,여,40세,상해없음,보행자,여,67세,중상
2014091100100530,2014년 9월 11일 20시,목요일,경상북도 고령군 다산면,경상사고,0,0,1,0,차대차 - 추돌 - 주정차중,안전운전불이행,건조,맑음,기타 - 기타,자전거,남,13세,경상,승용,남,52세,기타불명
2014091100100558,2014년 9월 11일 21시,목요일,경상북도 안동시 옥야동,경상사고,0,0,4,0,차대차 - 추돌 - 주정차중,안전운전불이행,건조,맑음,교차로 - 교차로부근,승용,남,46세,상해없음,승용,남,39세,경상
2014091100100588,2014년 9월 11일 22시,목요일,경상북도 영천시 오수동,경상사고,0,0,1,0,차대차 - 기타,안전운전불이행,건조,맑음,단일로 - 기타,승용,남,22세,상해없음,승용,남,53세,상해없음
2014091100100589,2014년 9월 11일 22시,목요일,경상북도 문경시 흥덕동,중상사고,0,1,0,0,차대사람 - 횡단중,안전운전불이행,건조,맑음,단일로 - 기타,승용,여,62세,상해없음,보행자,남,52세,중상
2014091100100617,2014년 9월 11일 23시,목요일,경상북도 안동시 옥동,사망사고,1,0,0,0,차대차 - 정면충돌,직진우회전진행방해,건조,맑음,교차로 - 교차로안,승용,남,28세,상해없음,원동기,남,18세,사망
2014091100100618,2014년 9월 11일 23시,목요일,경상북도 김천시 구성면,사망사고,1,0,0,0,차량단독 - 공작물충돌,안전운전불이행,건조,맑음,단일로 - 기타,승용,남,29세,사망,,,,
2014091200100032,2014년 9월 12일 02시,금요일,경상북도 경주시 노동동,경상사고,0,0,1,0,차대차 - 기타,안전운전불이행,건조,맑음,교차로 - 교차로안,승용,남,56세,상해없음,승용,남,58세,경상
2014091200100086,2014년 9월 12일 07시,금요일,경상북도 상주시 내서면,부상신고사고,0,0,0,1,차량단독 - 공작물충돌,안전운전불이행,건조,맑음,단일로 - 기타,승용,남,49세,부상신고,,,,
2014091200100087,2014년 9월 12일 07시,금요일,경상북도 경산시 중방동,경상사고,0,0,1,0,차대차 - 기타,불법유턴,건조,맑음,단일로 - 기타,자전거,남,81세,경상,승용,남,59세,상해없음
2014091200100120,2014년 9월 12일 08시,금요일,경상북도 경주시 충효동,경상사고,0,0,1,0,차대차 - 기타,안전운전불이행,건조,맑음,단일로 - 기타,승용,여,51세,상해없음,승합,남,61세,상해없음
2014091200100121,2014년 9월 12일 08시,금요일,경상북도 안동시 태화동,경상사고,0,0,1,0,차대사람 - 길가장자리구역통행중,안전운전불이행,건조,맑음,기타 - 기타,원동기,남,17세,상해없음,보행자,여,78세,경상
2014091200100122,2014년 9월 12일 08시,금요일,경상북도 경산시 옥산동,경상사고,0,0,1,0,차대사람 - 기타,안전운전불이행,건조,맑음,단일로 - 기타,승용,여,44세,상해없음,보행자,남,4세,경상
2014091200100123,2014년 9월 12일 08시,금요일,경상북도 군위군 부계면,경상사고,0,0,1,0,차대차 - 정면충돌,중앙선침범,건조,맑음,단일로 - 기타,이륜,남,59세,경상,화물,남,57세,상해없음
2014091200100151,2014년 9월 12일 09시,금요일,경상북도 김천시 성내동,경상사고,0,0,1,0,차대차 - 측면직각충돌,신호위반,건조,흐림,교차로 - 교차로안,화물,남,56세,상해없음,승용,남,44세,경상
2014091200100152,2014년 9월 12일 09시,금요일,경상북도 성주군 성주읍,경상사고,0,0,1,0,차대차 - 추돌 - 주정차중,안전운전불이행,건조,맑음,기타 - 기타,승용,여,47세,상해없음,승용,남,56세,경상
2014091200100153,2014년 9월 12일 09시,금요일,경상북도 청송군 현서면,경상사고,0,0,3,0,차대차 - 측면직각충돌,안전운전불이행,건조,맑음,교차로 - 교차로안,승용,남,63세,경상,화물,남,56세,경상
2014091200100175,2014년 9월 12일 10시,금요일,경상북도 포항시 남구 대잠동,경상사고,0,0,1,0,차대차 - 기타,안전운전불이행,건조,맑음,단일로 - 기타,승용,남,61세,상해없음,승용,여,40세,경상
2014091200100211,2014년 9월 12일 11시,금요일,경상북도 경주시 구황동,경상사고,0,0,1,0,차대차 - 기타,안전운전불이행,건조,맑음,교차로 - 교차로안,자전거,남,61세,경상,화물,여,56세,상해없음
2014091200100212,2014년 9월 12일 11시,금요일,경상북도 영천시 고경면,경상사고,0,0,1,0,차대차 - 기타,차로위반,건조,맑음,단일로 - 기타,원동기,남,84세,경상,승용,여,31세,상해없음
2014091200100213,2014년 9월 12일 11시,금요일,경상북도 문경시 흥덕동,중상사고,0,1,0,0,차대사람 - 횡단중,보행자보호의무위반,건조,맑음,교차로 - 교차로안,승용,남,84세,상해없음,보행자,여,86세,중상
2014091200100214,2014년 9월 12일 11시,금요일,경상북도 경산시 와촌면,중상사고,0,1,0,0,차대차 - 기타,직진우회전진행방해,건조,맑음,교차로 - 교차로안,승용,여,45세,상해없음,자전거,여,73세,중상
2014091200100215,2014년 9월 12일 11시,금요일,경상북도 구미시 지산동,중상사고,0,1,2,0,차대차 - 기타,안전운전불이행,건조,맑음,교차로 - 교차로부근,화물,남,62세,상해없음,승용,여,52세,경상
2014091200100235,2014년 9월 12일 12시,금요일,경상북도 김천시 모암동,중상사고,0,1,0,0,차대차 - 측면직각충돌,중앙선침범,건조,맑음,교차로 - 교차로부근,자전거,남,84세,중상,승용,남,58세,상해없음
2014091200100236,2014년 9월 12일 12시,금요일,경상북도 영주시 부석면,중상사고,0,1,3,0,차대차 - 측면직각충돌,안전운전불이행,건조,맑음,교차로 - 교차로안,화물,남,62세,상해없음,승용,남,39세,경상
2014091200100265,2014년 9월 12일 13시,금요일,경상북도 경주시 동천동,중상사고,0,1,1,0,차대차 - 기타,안전운전불이행,건조,맑음,교차로 - 교차로부근,화물,남,66세,상해없음,승용,남,57세,경상
2014091200100266,2014년 9월 12일 13시,금요일,경상북도 경산시 자인면,중상사고,0,1,0,0,차대차 - 기타,직진우회전진행방해,건조,맑음,교차로 - 교차로안,화물,남,30세,상해없음,원동기,남,34세,중상
2014091200100290,2014년 9월 12일 14시,금요일,경상북도 경주시 용강동,경상사고,0,0,1,0,차대차 - 기타,안전운전불이행,건조,맑음,교차로 - 교차로부근,특수,남,56세,상해없음,승용,여,52세,상해없음
2014091200100312,2014년 9월 12일 15시,금요일,경상북도 포항시 북구 대신동,경상사고,0,0,1,0,차대차 - 기타,안전운전불이행,건조,맑음,단일로 - 기타,화물,남,48세,상해없음,자전거,남,70세,경상
2014091200100313,2014년 9월 12일 15시,금요일,경상북도 안동시 서후면,경상사고,0,0,1,0,차대차 - 측면직각충돌,안전운전불이행,건조,맑음,단일로 - 기타,이륜,남,52세,경상,승용,남,68세,상해없음
2014091200100314,2014년 9월 12일 15시,금요일,경상북도 김천시 아포읍,경상사고,0,0,2,0,차대차 - 측면직각충돌,안전운전불이행,건조,맑음,교차로 - 교차로안,승용,남,57세,경상,승용,남,61세,경상
2014091200100315,2014년 9월 12일 15시,금요일,경상북도 칠곡군 왜관읍,경상사고,0,0,2,0,차대차 - 기타,신호위반,건조,맑음,교차로 - 교차로안,화물,남,40세,경상,승합,남,68세,상해없음
2014091200100316,2014년 9월 12일 15시,금요일,경상북도 청송군 현서면,경상사고,0,0,1,0,차대차 - 추돌 - 진행중,기타,건조,맑음,교차로 - 교차로안,승용,여,60세,상해없음,화물,남,39세,경상
2014091200100385,2014년 9월 12일 17시,금요일,경상북도 경주시 서면,중상사고,0,1,0,0,차대차 - 기타,중앙선침범,건조,맑음,단일로 - 기타,승용,여,43세,상해없음,원동기,남,36세,중상
2014091200100386,2014년 9월 12일 17시,금요일,경상북도 경산시 삼북동,중상사고,0,1,0,0,차대사람 - 보도통행중,보행자보호의무위반,건조,맑음,교차로 - 교차로부근,화물,남,72세,상해없음,보행자,여,21세,중상
2014091200100387,2014년 9월 12일 17시,금요일,경상북도 울진군 울진읍,중상사고,0,1,0,0,차대사람 - 횡단중,안전운전불이행,건조,맑음,단일로 - 기타,승용,남,57세,상해없음,보행자,여,50세,중상
2014091200100419,2014년 9월 12일 18시,금요일,경상북도 경산시 삼북동,경상사고,0,0,1,0,차대차 - 기타,중앙선침범,건조,맑음,교차로 - 교차로부근,승용,남,60세,상해없음,승용,여,46세,경상
2014091200100461,2014년 9월 12일 19시,금요일,경상북도 경주시 안강읍,부상신고사고,0,0,0,1,차량단독 - 전도전복,안전운전불이행,건조,맑음,단일로 - 기타,원동기,남,66세,부상신고,,,,
2014091200100462,2014년 9월 12일 19시,금요일,경상북도 포항시 북구 남빈동,중상사고,0,1,0,0,차대차 - 기타,차로위반,건조,맑음,단일로 - 기타,승용,남,49세,상해없음,원동기,남,46세,중상
2014091200100510,2014년 9월 12일 20시,금요일,경상북도 포항시 북구 두호동,부상신고사고,0,0,0,1,차대차 - 기타,안전운전불이행,건조,맑음,단일로 - 기타,이륜,남,23세,부상신고,원동기,남,25세,상해없음
2014091200100511,2014년 9월 12일 20시,금요일,경상북도 포항시 북구 동빈2가,경상사고,0,0,2,0,차대차 - 기타,안전운전불이행,건조,맑음,단일로 - 기타,승용,여,41세,상해없음,승용,여,38세,경상
2014091200100553,2014년 9월 12일 21시,금요일,경상북도 포항시 북구 장성동,경상사고,0,0,2,0,차대차 - 기타,교차로운행방법위반,건조,맑음,교차로 - 교차로안,원동기,남,18세,경상,승용,여,45세,상해없음
2014091200100554,2014년 9월 12일 21시,금요일,경상북도 영주시 가흥동,경상사고,0,0,2,0,차대차 - 추돌 - 진행중,안전운전불이행,건조,맑음,교차로 - 교차로안,승용,여,50세,상해없음,승용,남,70세,경상
2014091200100604,2014년 9월 12일 23시,금요일,경상북도 경산시 임당동,경상사고,0,0,5,0,차대차 - 기타,안전운전불이행,건조,맑음,단일로 - 기타,승용,남,56세,상해없음,승용,여,54세,상해없음
2014091300100015,2014년 9월 13일 00시,토요일,경상북도 문경시 문경읍,경상사고,0,0,1,0,차량단독 - 공작물충돌,안전운전불이행,건조,맑음,단일로 - 기타,승용,남,32세,경상,,,,
2014091300100037,2014년 9월 13일 01시,토요일,경상북도 포항시 북구 두호동,중상사고,0,1,1,0,차량단독 - 전도전복,안전운전불이행,건조,맑음,기타 - 기타,원동기,남,22세,경상,,,,
2014091300100058,2014년 9월 13일 03시,토요일,경상북도 포항시 북구 항구동,경상사고,0,0,2,0,차대차 - 기타,보행자보호의무위반,건조,맑음,단일로 - 횡단보도상,원동기,남,17세,상해없음,승용,여,47세,상해없음
2014091300100093,2014년 9월 13일 06시,토요일,경상북도 김천시 삼락동,부상신고사고,0,0,0,1,차대차 - 측면직각충돌,안전운전불이행,건조,맑음,교차로 - 교차로부근,이륜,남,22세,부상신고,승용,남,49세,상해없음
2014091300100115,2014년 9월 13일 07시,토요일,경상북도 군위군 군위읍,부상신고사고,0,0,0,1,차대차 - 기타,교차로운행방법위반,건조,맑음,교차로 - 교차로안,승용,남,74세,부상신고,승용,남,48세,상해없음
2014091300100133,2014년 9월 13일 08시,토요일,경상북도 포항시 북구 대신동,중상사고,0,1,0,0,차대사람 - 횡단중,보행자보호의무위반,건조,맑음,단일로 - 기타,승용,남,61세,상해없음,보행자,여,43세,중상
2014091300100134,2014년 9월 13일 08시,토요일,경상북도 영주시 가흥동,중상사고,0,1,1,0,차대차 - 측면직각충돌,안전운전불이행,건조,맑음,교차로 - 교차로안,화물,남,56세,경상,승용,여,58세,중상
2014091300100165,2014년 9월 13일 09시,토요일,경상북도 경주시 내남면,경상사고,0,0,2,0,차대차 - 기타,안전운전불이행,건조,맑음,교차로 - 교차로안,승용,남,67세,상해없음,승용,남,63세,경상
2014091300100166,2014년 9월 13일 09시,토요일,경상북도 예천군 용궁면,중상사고,0,2,2,0,차대차 - 추돌 - 진행중,안전운전불이행,건조,맑음,교차로 - 교차로부근,승합,남,59세,상해없음,화물,여,56세,중상
2014091300100167,2014년 9월 13일 09시,토요일,경상북도 구미시 공단동,중상사고,0,1,0,0,차대차 - 기타,신호위반,습기,비,교차로 - 교차로안,승용,남,32세,상해없음,승용,남,28세,중상
2014091300100207,2014년 9월 13일 10시,토요일,경상북도 상주시 이안면,중상사고,0,3,2,0,차대차 - 측면직각충돌,교차로운행방법위반,건조,맑음,교차로 - 교차로안,승용,여,49세,중상,승용,남,33세,경상
2014091300100208,2014년 9월 13일 10시,토요일,경상북도 포항시 남구 해도동,경상사고,0,0,1,0,차대차 - 기타,안전운전불이행,건조,맑음,단일로 - 횡단보도상,승용,여,50세,상해없음,승용,남,27세,경상
2014091300100293,2014년 9월 13일 13시,토요일,경상북도 경주시 율동,중상사고,0,1,1,0,차대차 - 추돌 - 주정차중,안전운전불이행,건조,맑음,교차로 - 교차로부근,화물,남,61세,상해없음,승용,남,39세,경상
2014091300100294,2014년 9월 13일 13시,토요일,경상북도 포항시 북구 대흥동,경상사고,0,0,1,0,차대차 - 기타,불법유턴,건조,맑음,단일로 - 기타,승용,남,64세,상해없음,자전거,남,52세,경상
2014091300100295,2014년 9월 13일 13시,토요일,경상북도 김천시 성내동,중상사고,0,1,2,0,차대차 - 측면직각충돌,안전운전불이행,건조,맑음,단일로 - 기타,화물,여,65세,상해없음,승용,남,53세,경상
2014091300100332,2014년 9월 13일 14시,토요일,경상북도 포항시 북구 장성동,중상사고,0,1,0,0,차대차 - 기타,안전운전불이행,건조,맑음,단일로 - 기타,승용,남,43세,상해없음,화물,남,30세,중상
2014091300100333,2014년 9월 13일 14시,토요일,경상북도 칠곡군 석적읍,경상사고,0,0,1,0,차대차 - 기타,안전운전불이행,건조,맑음,교차로 - 교차로안,승용,남,36세,상해없음,자전거,남,9세,경상
2014091300100364,2014년 9월 13일 15시,토요일,경상북도 포항시 북구 흥해읍,경상사고,0,0,3,0,차대차 - 기타,교차로운행방법위반,건조,맑음,교차로 - 교차로안,화물,남,46세,경상,승용,남,35세,경상
2014091300100365,2014년 9월 13일 15시,토요일,경상북도 안동시 옥동,중상사고,0,1,0,0,차대사람 - 기타,기타,건조,맑음,단일로 - 기타,화물,남,36세,상해없음,보행자,여,72세,중상
2014091300100366,2014년 9월 13일 15시,토요일,경상북도 안동시 풍천면,중상사고,0,1,0,0,차대차 - 측면직각충돌,교차로운행방법위반,건조,맑음,교차로 - 교차로안,화물,남,76세,상해없음,농기계,남,84세,중상
2014091300100468,2014년 9월 13일 18시,토요일,경상북도 고령군 쌍림면,경상사고,0,0,1,0,차량단독 - 주차차량충돌,안전운전불이행,건조,맑음,단일로 - 기타,이륜,남,77세,경상,,,,
2014091300100509,2014년 9월 13일 19시,토요일,경상북도 경산시 대평동,경상사고,0,0,1,0,차대차 - 기타,교차로운행방법위반,건조,맑음,교차로 - 교차로안,승용,여,52세,상해없음,승용,남,27세,경상
2014091300100545,2014년 9월 13일 20시,토요일,경상북도 경주시 강동면,중상사고,0,1,0,0,차대차 - 기타,안전운전불이행,건조,맑음,기타 - 기타,자전거,남,50세,중상,승용,남,63세,상해없음
2014091300100546,2014년 9월 13일 20시,토요일,경상북도 경주시 남산동,중상사고,0,2,0,0,차대차 - 기타,중앙선침범,건조,맑음,단일로 - 기타,승용,남,42세,중상,승용,남,54세,중상
2014091300100569,2014년 9월 13일 21시,토요일,경상북도 포항시 북구 용흥동,경상사고,0,0,1,0,차대차 - 기타,중앙선침범,건조,맑음,교차로 - 교차로부근,원동기,남,19세,상해없음,자전거,남,52세,경상
2014091300100570,2014년 9월 13일 21시,토요일,경상북도 안동시 옥동,중상사고,0,1,1,0,차대차 - 기타,중앙선침범,건조,맑음,단일로 - 기타,승용,여,33세,경상,승용,여,41세,중상