사고번호,사고일시,요일,시군구,사고내용,사망자수,중상자수,경상자수,부상신고자수,사고유형,법규위반,노면상태,기상상태,도로형태,가해운전자 차종,가해운전자 성별,가해운전자 연령,가해운전자 상해정도,피해운전자 차종,피해운전자 성별,피해운전자 연령,피해운전자 상해정도
2014091300100571,2014년 9월 13일 21시,토요일,경상북도 김천시 신음동,경상사고,0,0,1,0,차대차 - 측면직각충돌,안전운전불이행,건조,맑음,기타 - 기타,승용,남,51세,상해없음,승용,남,35세,경상
2014091300100627,2014년 9월 13일 23시,토요일,경상북도 경주시 동천동,중상사고,0,1,0,0,차대사람 - 기타,안전운전불이행,건조,맑음,기타 - 기타,승용,남,52세,상해없음,보행자,남,42세,중상
2014091300100628,2014년 9월 13일 23시,토요일,경상북도 경산시 옥곡동,경상사고,0,0,1,0,차대사람 - 기타,안전운전불이행,건조,맑음,교차로 - 교차로안,승용,남,28세,상해없음,보행자,남,26세,경상
2014091300100629,2014년 9월 13일 23시,토요일,경상북도 구미시 선산읍,중상사고,0,1,0,0,차대차 - 추돌 - 진행중,안전운전불이행,건조,맑음,단일로 - 기타,화물,남,50세,상해없음,승용,남,46세,중상
2014091400100012,2014년 9월 14일 00시,일요일,경상북도 포항시 북구 죽도동,경상사고,0,0,2,0,차대차 - 기타,안전운전불이행,건조,맑음,교차로 - 교차로부근,승용,여,50세,상해없음,승용,남,29세,경상
2014091400100038,2014년 9월 14일 02시,일요일,경상북도 포항시 남구 대도동,경상사고,0,0,2,0,차대차 - 추돌 - 진행중,안전운전불이행,건조,맑음,단일로 - 기타,승용,남,47세,상해없음,승용,남,55세,경상
2014091400100049,2014년 9월 14일 03시,일요일,경상북도 포항시 북구 대흥동,경상사고,0,0,1,0,차대차 - 기타,교차로운행방법위반,건조,맑음,교차로 - 교차로안,승용,남,37세,상해없음,승용,남,51세,경상
2014091400100083,2014년 9월 14일 06시,일요일,경상북도 포항시 북구 두호동,경상사고,0,0,5,0,차대차 - 기타,중앙선침범,건조,맑음,단일로 - 기타,승용,여,65세,상해없음,승용,남,45세,경상
2014091400100084,2014년 9월 14일 06시,일요일,경상북도 구미시 옥계동,경상사고,0,0,2,0,차대차 - 측면직각충돌,신호위반,건조,맑음,교차로 - 교차로안,승용,여,29세,상해없음,승합,여,39세,경상
2014091400100097,2014년 9월 14일 07시,일요일,경상북도 청송군 현동면,중상사고,0,1,0,0,차대차 - 추돌 - 진행중,안전거리미확보,습기,안개,단일로 - 교량,이륜,남,32세,상해없음,이륜,남,25세,중상
2014091400100112,2014년 9월 14일 08시,일요일,경상북도 포항시 북구 죽도동,경상사고,0,0,1,0,차대사람 - 횡단중,안전운전불이행,건조,맑음,교차로 - 교차로부근,승용,남,50세,상해없음,보행자,여,57세,경상
2014091400100142,2014년 9월 14일 10시,일요일,경상북도 경주시 보문동,경상사고,0,0,5,0,차대차 - 추돌 - 진행중,안전운전불이행,건조,맑음,단일로 - 기타,승용,남,67세,경상,승용,남,40세,경상
2014091400100143,2014년 9월 14일 10시,일요일,경상북도 영천시 완산동,중상사고,0,1,1,0,차대차 - 측면직각충돌,중앙선침범,건조,맑음,단일로 - 기타,승용,남,55세,상해없음,승용,남,50세,중상
2014091400100163,2014년 9월 14일 11시,일요일,경상북도 포항시 북구 흥해읍,중상사고,0,1,3,0,차대차 - 기타,중앙선침범,건조,맑음,교차로 - 교차로안,승용,여,34세,경상,승용,여,39세,중상
2014091400100164,2014년 9월 14일 11시,일요일,경상북도 안동시 임동면,경상사고,0,0,1,0,차대차 - 기타,중앙선침범,건조,맑음,기타 - 기타,화물,남,50세,상해없음,승용,여,62세,경상
2014091400100165,2014년 9월 14일 11시,일요일,경상북도 문경시 문경읍,중상사고,0,1,0,0,차량단독 - 전도전복,안전운전불이행,건조,맑음,단일로 - 기타,승용,남,46세,상해없음,,,,
2014091400100166,2014년 9월 14일 11시,일요일,경상북도 청송군 부동면,중상사고,0,1,0,0,차대차 - 정면충돌,중앙선침범,건조,맑음,단일로 - 기타,승용,남,52세,상해없음,이륜,남,47세,중상
2014091400100189,2014년 9월 14일 12시,일요일,경상북도 구미시 송정동,경상사고,0,0,5,0,차대차 - 기타,안전거리미확보,습기,맑음,교차로 - 교차로안,승용,남,51세,상해없음,승용,여,31세,경상
2014091400100190,2014년 9월 14일 12시,일요일,경상북도 포항시 남구 오천읍,경상사고,0,0,7,0,차대차 - 기타,중앙선침범,건조,맑음,단일로 - 기타,승용,여,60세,상해없음,승용,남,27세,경상
2014091400100215,2014년 9월 14일 13시,일요일,경상북도 포항시 남구 대잠동,경상사고,0,0,6,0,차대차 - 추돌 - 진행중,안전거리미확보,건조,맑음,교차로 - 교차로부근,승용,남,36세,상해없음,승용,남,22세,경상
2014091400100216,2014년 9월 14일 13시,일요일,경상북도 경주시 서면,중상사고,0,1,1,0,차대차 - 추돌 - 진행중,안전운전불이행,건조,맑음,단일로 - 기타,승용,남,32세,상해없음,승용,남,62세,중상
2014091400100242,2014년 9월 14일 14시,일요일,경상북도 영주시 단산면,중상사고,0,1,0,0,차대차 - 추돌 - 주정차중,안전운전불이행,건조,맑음,단일로 - 기타,화물,남,59세,중상,화물,남,60세,기타불명
2014091400100243,2014년 9월 14일 14시,일요일,경상북도 구미시 거의동,중상사고,0,1,0,0,차대차 - 측면직각충돌,안전운전불이행,건조,맑음,단일로 - 기타,승용,남,36세,상해없음,자전거,여,39세,중상
2014091400100268,2014년 9월 14일 15시,일요일,경상북도 김천시 감호동,경상사고,0,0,1,0,차대차 - 측면직각충돌,직진우회전진행방해,건조,맑음,교차로 - 교차로안,이륜,남,74세,경상,승용,남,47세,상해없음
2014091400100305,2014년 9월 14일 16시,일요일,경상북도 구미시 도량동,경상사고,0,0,1,0,차대차 - 측면직각충돌,안전운전불이행,기타,기타,기타 - 기타,화물,남,49세,상해없음,승용,남,43세,경상
2014091400100373,2014년 9월 14일 18시,일요일,경상북도 경주시 서면,중상사고,0,1,0,0,차대차 - 기타,안전운전불이행,건조,맑음,교차로 - 교차로안,승용,남,56세,상해없음,원동기,남,77세,중상
2014091400100401,2014년 9월 14일 19시,일요일,경상북도 성주군 금수면,경상사고,0,0,1,0,차대차 - 기타,기타,건조,맑음,교차로 - 교차로안,승용,남,55세,상해없음,이륜,남,28세,경상
2014091400100420,2014년 9월 14일 20시,일요일,경상북도 칠곡군 동명면,중상사고,0,1,0,0,차대차 - 기타,안전운전불이행,건조,맑음,단일로 - 기타,화물,남,56세,상해없음,이륜,남,60세,중상
2014091400100441,2014년 9월 14일 21시,일요일,경상북도 포항시 북구 흥해읍,중상사고,0,2,1,0,차대차 - 기타,안전운전불이행,건조,맑음,단일로 - 기타,화물,남,53세,상해없음,승용,남,32세,경상
2014091400100465,2014년 9월 14일 22시,일요일,경상북도 포항시 북구 장성동,중상사고,0,1,1,0,차대차 - 기타,안전운전불이행,건조,맑음,교차로 - 교차로안,승용,여,51세,경상,승용,남,50세,중상
2014091400100466,2014년 9월 14일 22시,일요일,경상북도 안동시 금곡동,경상사고,0,0,2,0,차대차 - 측면직각충돌,차로위반,건조,맑음,교차로 - 교차로부근,승용,여,43세,상해없음,승용,남,32세,경상
2014091400100467,2014년 9월 14일 22시,일요일,경상북도 의성군 다인면,중상사고,0,1,0,0,차대사람 - 차도통행중,안전운전불이행,건조,맑음,교차로 - 교차로부근,승용,남,61세,상해없음,보행자,여,49세,중상
2014091400100484,2014년 9월 14일 23시,일요일,경상북도 구미시 신평동,경상사고,0,0,1,0,차대차 - 측면직각충돌,안전운전불이행,건조,맑음,단일로 - 기타,승용,남,28세,상해없음,승용,여,48세,경상
2014091400100485,2014년 9월 14일 23시,일요일,경상북도 구미시 인의동,경상사고,0,0,1,0,차대차 - 측면직각충돌,안전운전불이행,건조,맑음,단일로 - 기타,원동기,남,31세,경상,승용,여,50세,기타불명
2014091500100026,2014년 9월 15일 04시,월요일,경상북도 포항시 남구 해도동,중상사고,0,1,1,0,차대차 - 기타,신호위반,건조,맑음,교차로 - 교차로안,승용,남,43세,상해없음,화물,남,63세,경상
2014091500100027,2014년 9월 15일 05시,월요일,경상북도 구미시 도량동,중상사고,0,1,0,1,차대차 - 측면직각충돌,교차로운행방법위반,건조,맑음,교차로 - 교차로안,승용,남,21세,부상신고,승합,남,52세,중상
2014091500100039,2014년 9월 15일 06시,월요일,경상북도 경산시 정평동,경상사고,0,0,1,0,차대차 - 기타,교차로운행방법위반,건조,맑음,교차로 - 교차로안,승용,남,64세,상해없음,승용,남,72세,경상
2014091500100056,2014년 9월 15일 07시,월요일,경상북도 경주시 천북면,중상사고,0,1,0,0,차대차 - 기타,안전운전불이행,건조,맑음,단일로 - 기타,화물,남,45세,상해없음,자전거,남,77세,중상
2014091500100096,2014년 9월 15일 08시,월요일,경상북도 경주시 외동읍,경상사고,0,0,2,0,차대차 - 기타,안전운전불이행,건조,맑음,교차로 - 교차로안,화물,남,68세,상해없음,화물,여,46세,경상
2014091500100132,2014년 9월 15일 09시,월요일,경상북도 안동시 태화동,경상사고,0,0,2,0,차대차 - 기타,신호위반,건조,맑음,교차로 - 교차로안,화물,남,48세,상해없음,승합,남,44세,경상
2014091500100133,2014년 9월 15일 09시,월요일,경상북도 상주시 성동동,경상사고,0,0,1,0,차대차 - 측면직각충돌,안전운전불이행,건조,맑음,단일로 - 기타,승용,남,79세,상해없음,자전거,남,79세,경상
2014091500100134,2014년 9월 15일 09시,월요일,경상북도 구미시 비산동,중상사고,0,1,0,0,차대차 - 기타,안전운전불이행,건조,흐림,단일로 - 기타,자전거,남,26세,중상,승용,여,28세,상해없음
2014091500100160,2014년 9월 15일 10시,월요일,경상북도 포항시 북구 장성동,경상사고,0,0,1,0,차대차 - 기타,신호위반,건조,맑음,교차로 - 교차로안,승용,여,43세,상해없음,승용,남,44세,경상
2014091500100161,2014년 9월 15일 10시,월요일,경상북도 김천시 모암동,경상사고,0,0,1,0,차대차 - 측면직각충돌,안전운전불이행,건조,맑음,교차로 - 교차로안,화물,남,69세,상해없음,자전거,여,64세,경상
2014091500100190,2014년 9월 15일 11시,월요일,경상북도 김천시 신음동,중상사고,0,1,0,0,차대차 - 측면직각충돌,안전거리미확보,건조,맑음,단일로 - 기타,화물,남,72세,상해없음,화물,남,39세,중상
2014091500100191,2014년 9월 15일 11시,월요일,경상북도 봉화군 봉화읍,중상사고,0,1,0,0,차대차 - 측면직각충돌,안전운전불이행,건조,맑음,단일로 - 기타,승용,여,51세,상해없음,원동기,남,77세,중상
2014091500100192,2014년 9월 15일 11시,월요일,경상북도 청도군 청도읍,중상사고,0,1,0,0,차대차 - 기타,직진우회전진행방해,건조,맑음,교차로 - 교차로안,원동기,여,70세,중상,승용,남,76세,상해없음
2014091500100220,2014년 9월 15일 12시,월요일,경상북도 김천시 신음동,경상사고,0,0,1,0,차대차 - 측면직각충돌,안전거리미확보,건조,맑음,단일로 - 기타,화물,남,72세,상해없음,승용,남,53세,상해없음
2014091500100221,2014년 9월 15일 12시,월요일,경상북도 경산시 하양읍,경상사고,0,0,3,0,차대차 - 기타,교차로운행방법위반,건조,맑음,교차로 - 교차로안,승용,남,46세,경상,승용,남,53세,경상
2014091500100222,2014년 9월 15일 12시,월요일,경상북도 구미시 송정동,경상사고,0,0,1,0,차대차 - 기타,안전운전불이행,건조,맑음,교차로 - 교차로안,승용,남,73세,상해없음,승용,남,56세,경상
2014091500100248,2014년 9월 15일 13시,월요일,경상북도 성주군 초전면,중상사고,0,1,2,0,차대차 - 추돌 - 진행중,안전거리미확보,건조,맑음,교차로 - 교차로부근,화물,남,24세,상해없음,승용,남,50세,중상
2014091500100249,2014년 9월 15일 13시,월요일,경상북도 구미시 공단동,중상사고,0,1,0,0,차대차 - 기타,안전거리미확보,건조,맑음,교차로 - 교차로안,화물,남,51세,상해없음,승용,여,41세,중상
2014091500100272,2014년 9월 15일 14시,월요일,경상북도 김천시 남산동,경상사고,0,0,1,0,차대차 - 측면직각충돌,안전운전불이행,건조,맑음,교차로 - 교차로부근,승용,남,73세,상해없음,자전거,남,50세,경상
2014091500100273,2014년 9월 15일 14시,월요일,경상북도 영주시 휴천동,경상사고,0,0,1,0,차대차 - 측면직각충돌,안전운전불이행,건조,맑음,교차로 - 교차로안,승합,남,63세,상해없음,승용,남,65세,경상
2014091500100274,2014년 9월 15일 14시,월요일,경상북도 영양군 영양읍,중상사고,0,1,0,0,차대사람 - 기타,보행자보호의무위반,건조,맑음,교차로 - 교차로부근,승용,여,43세,상해없음,보행자,여,75세,중상
2014091500100275,2014년 9월 15일 14시,월요일,경상북도 구미시 옥계동,부상신고사고,0,0,0,1,차대사람 - 기타,안전운전불이행,건조,맑음,교차로 - 교차로안,승합,남,39세,상해없음,보행자,여,43세,부상신고
2014091500100307,2014년 9월 15일 15시,월요일,경상북도 포항시 남구 동촌동,중상사고,0,1,0,0,차대차 - 기타,안전운전불이행,건조,맑음,교차로 - 교차로안,자전거,남,61세,중상,승용,여,23세,상해없음
2014091500100337,2014년 9월 15일 16시,월요일,경상북도 포항시 북구 양덕동,경상사고,0,0,2,0,차대차 - 기타,안전운전불이행,건조,맑음,교차로 - 교차로안,승용,여,33세,상해없음,승용,여,49세,경상
2014091500100338,2014년 9월 15일 16시,월요일,경상북도 영주시 상망동,중상사고,0,1,1,0,차대차 - 측면직각충돌,안전운전불이행,건조,맑음,교차로 - 교차로안,승용,남,40세,경상,화물,남,40세,중상
2014091500100371,2014년 9월 15일 17시,월요일,경상북도 경주시 양남면,중상사고,0,2,1,0,차대차 - 기타,신호위반,건조,맑음,교차로 - 교차로안,승용,남,58세,경상,화물,남,63세,중상
2014091500100372,2014년 9월 15일 17시,월요일,경상북도 포항시 북구 양덕동,중상사고,0,1,2,0,차대차 - 기타,교차로운행방법위반,건조,맑음,교차로 - 교차로안,승용,여,41세,경상,승용,남,61세,중상
2014091500100373,2014년 9월 15일 17시,월요일,경상북도 포항시 북구 죽도동,중상사고,0,2,0,0,차대차 - 기타,안전운전불이행,건조,맑음,교차로 - 교차로부근,승용,남,61세,상해없음,원동기,남,19세,중상
2014091500100374,2014년 9월 15일 17시,월요일,경상북도 안동시 송현동,경상사고,0,0,1,0,차대차 - 추돌 - 진행중,안전운전불이행,건조,맑음,단일로 - 기타,승용,여,52세,상해없음,화물,남,39세,상해없음
2014091500100375,2014년 9월 15일 17시,월요일,경상북도 포항시 남구 대잠동,경상사고,0,0,1,0,차대차 - 기타,중앙선침범,건조,맑음,단일로 - 기타,승용,남,49세,상해없음,승용,남,66세,경상
2014091500100415,2014년 9월 15일 18시,월요일,경상북도 경산시 하양읍,중상사고,0,1,0,0,차대사람 - 기타,안전운전불이행,건조,맑음,교차로 - 교차로부근,승용,남,28세,상해없음,보행자,남,64세,중상
2014091500100416,2014년 9월 15일 18시,월요일,경상북도 포항시 남구 대잠동,경상사고,0,0,2,0,차대차 - 기타,신호위반,건조,맑음,교차로 - 교차로안,이륜,남,65세,경상,승용,여,53세,경상
2014091500100459,2014년 9월 15일 19시,월요일,경상북도 고령군 성산면,사망사고,1,0,0,0,차대사람 - 길가장자리구역통행중,안전운전불이행,건조,맑음,단일로 - 기타,화물,남,53세,상해없음,보행자,남,45세,사망
2014091500100460,2014년 9월 15일 19시,월요일,경상북도 구미시 고아읍,경상사고,0,0,1,0,차대차 - 기타,안전운전불이행,건조,맑음,단일로 - 기타,승용,남,55세,상해없음,자전거,남,16세,경상
2014091500100497,2014년 9월 15일 20시,월요일,경상북도 경주시 용강동,중상사고,0,2,1,0,차대차 - 기타,신호위반,건조,맑음,교차로 - 교차로안,승용,남,66세,중상,승합,여,56세,경상
2014091500100498,2014년 9월 15일 20시,월요일,경상북도 포항시 남구 연일읍,중상사고,0,1,0,0,차대차 - 기타,안전운전불이행,건조,맑음,교차로 - 교차로안,승용,여,49세,상해없음,이륜,남,67세,중상
2014091500100527,2014년 9월 15일 21시,월요일,경상북도 안동시 삼산동,중상사고,0,1,0,0,차대사람 - 길가장자리구역통행중,안전운전불이행,건조,맑음,교차로 - 교차로부근,승용,남,20세,상해없음,보행자,여,69세,중상
2014091500100528,2014년 9월 15일 21시,월요일,경상북도 문경시 산북면,경상사고,0,0,1,0,차대차 - 추돌 - 주정차중,안전운전불이행,건조,맑음,단일로 - 기타,승합,남,51세,상해없음,화물,남,29세,상해없음
2014091500100575,2014년 9월 15일 23시,월요일,경상북도 경주시 양남면,경상사고,0,0,3,0,차대차 - 기타,안전운전불이행,건조,맑음,단일로 - 기타,승용,남,47세,상해없음,승용,남,42세,경상
2014091600100032,2014년 9월 16일 01시,화요일,경상북도 경산시 계양동,경상사고,0,0,1,0,차대차 - 기타,안전운전불이행,건조,맑음,교차로 - 교차로부근,원동기,남,18세,경상,승용,남,51세,상해없음
2014091600100073,2014년 9월 16일 06시,화요일,경상북도 포항시 남구 오천읍,중상사고,0,1,0,0,차대차 - 기타,안전운전불이행,건조,맑음,교차로 - 교차로안,화물,남,71세,상해없음,자전거,남,42세,중상
2014091600100099,2014년 9월 16일 07시,화요일,경상북도 포항시 북구 양덕동,경상사고,0,0,1,0,차대사람 - 횡단중,안전운전불이행,건조,맑음,단일로 - 기타,승용,남,22세,상해없음,보행자,여,51세,경상
2014091600100100,2014년 9월 16일 07시,화요일,경상북도 청도군 화양읍,사망사고,1,0,0,0,차대사람 - 기타,안전운전불이행,기타,안개,교차로 - 교차로안,화물,남,45세,상해없음,보행자,여,75세,사망
2014091600100135,2014년 9월 16일 08시,화요일,경상북도 경산시 자인면,경상사고,0,0,1,0,차대사람 - 기타,안전운전불이행,건조,맑음,단일로 - 기타,승용,남,30세,상해없음,보행자,남,25세,경상
2014091600100178,2014년 9월 16일 09시,화요일,경상북도 경주시 안강읍,경상사고,0,0,2,0,차대차 - 기타,안전운전불이행,건조,맑음,교차로 - 교차로안,승용,남,34세,경상,승용,여,48세,경상
2014091600100179,2014년 9월 16일 09시,화요일,경상북도 포항시 북구 양덕동,경상사고,0,0,1,0,차대차 - 기타,직진우회전진행방해,건조,맑음,교차로 - 교차로안,승용,남,74세,상해없음,승용,남,59세,상해없음
2014091600100180,2014년 9월 16일 09시,화요일,경상북도 경산시 중방동,중상사고,0,1,0,0,차대차 - 기타,안전운전불이행,건조,기타,교차로 - 교차로부근,승용,여,31세,상해없음,승용,여,35세,중상
2014091600100181,2014년 9월 16일 09시,화요일,경상북도 울릉군 서면,경상사고,0,0,1,0,차량단독 - 기타,안전운전불이행,건조,맑음,단일로 - 터널,승용,남,42세,경상,,,,
2014091600100224,2014년 9월 16일 11시,화요일,경상북도 문경시 영순면,중상사고,0,1,0,0,차대차 - 기타,안전운전불이행,건조,맑음,단일로 - 기타,이륜,남,75세,상해없음,자전거,남,74세,중상
2014091600100241,2014년 9월 16일 12시,화요일,경상북도 영천시 금호읍,경상사고,0,0,1,0,차대사람 - 기타,기타,건조,맑음,단일로 - 기타,승합,남,56세,상해없음,보행자,여,63세,경상
2014091600100242,2014년 9월 16일 12시,화요일,경상북도 청송군 부동면,경상사고,0,0,1,0,차대차 - 기타,중앙선침범,건조,맑음,단일로 - 기타,화물,여,61세,상해없음,화물,남,37세,경상
2014091600100243,2014년 9월 16일 12시,화요일,경상북도 포항시 남구 오천읍,경상사고,0,0,1,0,차대차 - 기타,교차로운행방법위반,건조,맑음,교차로 - 교차로안,화물,남,49세,상해없음,이륜,남,59세,경상
2014091600100244,2014년 9월 16일 12시,화요일,경상북도 예천군 보문면,사망사고,1,0,0,0,차량단독 - 도로외이탈 - 추락,안전운전불이행,건조,맑음,단일로 - 기타,건설기계,남,40세,사망,,,,
2014091600100261,2014년 9월 16일 13시,화요일,경상북도 영천시 완산동,중상사고,0,1,0,0,차대사람 - 횡단중,보행자보호의무위반,건조,맑음,교차로 - 교차로부근,승용,남,66세,상해없음,보행자,여,69세,중상
2014091600100262,2014년 9월 16일 13시,화요일,경상북도 영천시 화남면,경상사고,0,0,1,0,차대차 - 추돌 - 진행중,안전운전불이행,건조,맑음,단일로 - 기타,원동기,여,27세,경상,승용,남,73세,상해없음
2014091600100317,2014년 9월 16일 15시,화요일,경상북도 영덕군 창수면,중상사고,0,1,0,0,차량단독 - 전도전복,안전운전불이행,건조,맑음,단일로 - 기타,이륜,남,58세,중상,,,,
2014091600100383,2014년 9월 16일 17시,화요일,경상북도 칠곡군 왜관읍,중상사고,0,1,0,1,차대차 - 기타,직진우회전진행방해,건조,맑음,교차로 - 교차로안,승용,남,61세,부상신고,승용,남,58세,중상
2014091600100384,2014년 9월 16일 17시,화요일,경상북도 경산시 자인면,경상사고,0,0,1,0,차량단독 - 전도전복,안전운전불이행,건조,맑음,단일로 - 기타,자전거,남,17세,경상,,,,
2014091600100385,2014년 9월 16일 17시,화요일,경상북도 경산시 중방동,경상사고,0,0,1,0,차대차 - 기타,직진우회전진행방해,건조,맑음,교차로 - 교차로안,이륜,남,19세,경상,승용,여,27세,상해없음
2014091600100386,2014년 9월 16일 17시,화요일,경상북도 예천군 예천읍,중상사고,0,2,0,0,차대차 - 측면직각충돌,안전거리미확보,건조,맑음,단일로 - 횡단보도부근,승용,남,55세,중상,승용,남,50세,중상
2014091600100427,2014년 9월 16일 18시,화요일,경상북도 영주시 단산면,경상사고,0,0,1,0,차대사람 - 기타,안전운전불이행,건조,맑음,단일로 - 기타,원동기,남,48세,상해없음,보행자,여,74세,경상
2014091600100428,2014년 9월 16일 18시,화요일,경상북도 영천시 금호읍,경상사고,0,0,1,0,차대차 - 기타,안전운전불이행,건조,맑음,교차로 - 교차로안,화물,남,66세,상해없음,원동기,남,39세,경상
2014091600100488,2014년 9월 16일 20시,화요일,경상북도 상주시 남성동,경상사고,0,0,1,0,차대차 - 측면직각충돌,교차로운행방법위반,건조,맑음,교차로 - 교차로안,승용,남,46세,상해없음,이륜,남,31세,경상
2014091600100489,2014년 9월 16일 20시,화요일,경상북도 구미시 구평동,부상신고사고,0,0,0,1,차대차 - 기타,안전운전불이행,건조,맑음,교차로 - 교차로부근,이륜,남,26세,부상신고,승합,남,60세,상해없음
2014091600100516,2014년 9월 16일 21시,화요일,경상북도 포항시 북구 두호동,중상사고,0,1,0,0,차대차 - 기타,신호위반,건조,맑음,교차로 - 교차로안,승용,남,54세,상해없음,원동기,남,21세,중상
2014091600100517,2014년 9월 16일 21시,화요일,경상북도 안동시 태화동,사망사고,1,0,0,0,차대사람 - 횡단중,안전운전불이행,건조,맑음,단일로 - 기타,승용,여,61세,상해없음,보행자,여,79세,사망
2014091600100518,2014년 9월 16일 21시,화요일,경상북도 경산시 대동,중상사고,0,2,0,0,차대차 - 기타,불법유턴,건조,맑음,단일로 - 기타,승용,여,22세,상해없음,이륜,남,22세,중상
2014091600100547,2014년 9월 16일 22시,화요일,경상북도 구미시 사곡동,경상사고,0,0,1,0,차대사람 - 기타,안전운전불이행,건조,맑음,기타 - 기타,기타불명,기타불명,기타불명,기타불명,보행자,남,14세,경상
2014091700100024,2014년 9월 17일 01시,수요일,경상북도 구미시 형곡동,부상신고사고,0,0,0,1,차대사람 - 기타,안전운전불이행,건조,맑음,단일로 - 기타,승합,남,43세,상해없음,보행자,남,54세,부상신고
2014091700100060,2014년 9월 17일 04시,수요일,경상북도 김천시 평화동,중상사고,0,1,0,0,차대차 - 측면직각충돌,안전거리미확보,건조,맑음,교차로 - 교차로부근,화물,남,54세,상해없음,승용,남,37세,중상
2014091700100061,2014년 9월 17일 04시,수요일,경상북도 칠곡군 북삼읍,사망사고,1,0,0,0,차대차 - 추돌 - 진행중,안전운전불이행,건조,맑음,단일로 - 기타,이륜,남,38세,사망,화물,남,57세,상해없음
2014091700100072,2014년 9월 17일 05시,수요일,경상북도 안동시 정하동,경상사고,0,0,3,0,차대차 - 측면직각충돌,안전운전불이행,건조,맑음,교차로 - 교차로안,승용,여,56세,경상,화물,남,71세,경상
2014091700100084,2014년 9월 17일 06시,수요일,경상북도 김천시 신음동,중상사고,0,1,0,0,차대사람 - 기타,보행자보호의무위반,건조,흐림,교차로 - 교차로부근,승용,여,50세,상해없음,보행자,남,61세,중상
2014091700100085,2014년 9월 17일 06시,수요일,경상북도 상주시 냉림동,부상신고사고,0,0,0,1,차대차 - 측면직각충돌,신호위반,건조,맑음,교차로 - 교차로안,이륜,남,74세,부상신고,승용,남,72세,상해없음
2014091700100086,2014년 9월 17일 06시,수요일,경상북도 경산시 진량읍,중상사고,0,1,0,0,차대사람 - 횡단중,안전운전불이행,건조,맑음,단일로 - 기타,승용,남,35세,상해없음,보행자,남,37세,중상
2014091700100105,2014년 9월 17일 07시,수요일,경상북도 포항시 남구 대도동,중상사고,0,1,0,0,차대차 - 기타,중앙선침범,건조,흐림,단일로 - 횡단보도상,승용,남,59세,상해없음,화물,남,32세,중상
2014091700100106,2014년 9월 17일 07시,수요일,경상북도 포항시 북구 장성동,경상사고,0,0,1,0,차대차 - 기타,안전운전불이행,건조,맑음,교차로 - 교차로안,승용,남,59세,상해없음,이륜,남,25세,경상
2014091700100107,2014년 9월 17일 07시,수요일,경상북도 안동시 용상동,경상사고,0,0,1,0,차대차 - 기타,안전운전불이행,건조,맑음,교차로 - 교차로부근,승용,여,25세,상해없음,자전거,남,13세,경상
2014091700100108,2014년 9월 17일 07시,수요일,경상북도 칠곡군 석적읍,경상사고,0,0,2,0,차대차 - 정면충돌,중앙선침범,습기,비,단일로 - 기타,화물,남,51세,상해없음,화물,남,52세,경상
2014091700100109,2014년 9월 17일 07시,수요일,경상북도 경산시 진량읍,경상사고,0,0,1,0,차대차 - 기타,안전운전불이행,건조,흐림,단일로 - 기타,건설기계,남,61세,상해없음,승용,여,55세,경상
2014091700100140,2014년 9월 17일 08시,수요일,경상북도 경주시 사정동,부상신고사고,0,0,0,1,차대차 - 기타,안전운전불이행,건조,맑음,교차로 - 교차로부근,기타불명,기타불명,기타불명,기타불명,자전거,남,19세,부상신고
2014091700100141,2014년 9월 17일 08시,수요일,경상북도 상주시 남성동,경상사고,0,0,1,0,차대차 - 측면직각충돌,신호위반,건조,맑음,교차로 - 교차로안,승용,여,32세,상해없음,자전거,여,57세,경상
2014091700100142,2014년 9월 17일 08시,수요일,경상북도 구미시 봉곡동,중상사고,0,1,0,0,차대차 - 기타,안전운전불이행,건조,맑음,교차로 - 교차로안,화물,남,38세,상해없음,자전거,남,32세,중상
2014091700100143,2014년 9월 17일 08시,수요일,경상북도 구미시 옥계동,경상사고,0,0,1,0,차대차 - 기타,안전운전불이행,건조,맑음,단일로 - 기타,승용,남,25세,상해없음,승용,남,42세,경상
2014091700100172,2014년 9월 17일 09시,수요일,경상북도 안동시 안기동,중상사고,0,1,0,0,차대사람 - 횡단중,신호위반,건조,맑음,단일로 - 기타,건설기계,남,59세,상해없음,보행자,여,77세,중상
2014091700100192,2014년 9월 17일 10시,수요일,경상북도 경주시 건천읍,경상사고,0,0,2,0,차량단독 - 기타,안전운전불이행,습기,비,단일로 - 기타,승용,남,20세,상해없음,,,,
2014091700100193,2014년 9월 17일 10시,수요일,경상북도 경주시 감포읍,경상사고,0,0,1,0,차대차 - 기타,안전운전불이행,건조,맑음,교차로 - 교차로안,건설기계,남,48세,상해없음,건설기계,남,44세,경상
2014091700100194,2014년 9월 17일 10시,수요일,경상북도 울진군 죽변면,중상사고,0,1,0,0,차대차 - 기타,안전운전불이행,건조,맑음,교차로 - 교차로안,화물,남,53세,상해없음,자전거,여,57세,중상
2014091700100221,2014년 9월 17일 11시,수요일,경상북도 안동시 용상동,경상사고,0,0,1,0,차대차 - 측면직각충돌,직진우회전진행방해,습기,비,교차로 - 교차로안,승용,남,59세,상해없음,승용,여,46세,경상