사고번호,사고일시,요일,시군구,사고내용,사망자수,중상자수,경상자수,부상신고자수,사고유형,법규위반,노면상태,기상상태,도로형태,가해운전자 차종,가해운전자 성별,가해운전자 연령,가해운전자 상해정도,피해운전자 차종,피해운전자 성별,피해운전자 연령,피해운전자 상해정도
2014092200100490,2014년 9월 22일 18시,월요일,경상북도 포항시 남구 오천읍,경상사고,0,0,1,0,차대차 - 기타,신호위반,건조,맑음,교차로 - 교차로안,이륜,남,78세,경상,화물,남,49세,상해없음
2014092200100491,2014년 9월 22일 18시,월요일,경상북도 포항시 남구 청림동,경상사고,0,0,2,0,차대차 - 기타,안전거리미확보,건조,맑음,단일로 - 기타,승용,여,52세,경상,승합,남,44세,경상
2014092200100525,2014년 9월 22일 19시,월요일,경상북도 김천시 대항면,중상사고,0,1,0,0,차대사람 - 기타,안전운전불이행,건조,맑음,교차로 - 교차로안,승용,남,44세,상해없음,보행자,남,67세,중상
2014092200100526,2014년 9월 22일 19시,월요일,경상북도 경산시 압량면,경상사고,0,0,2,0,차대차 - 기타,신호위반,건조,맑음,교차로 - 교차로안,승용,남,65세,상해없음,승용,남,59세,경상
2014092200100527,2014년 9월 22일 19시,월요일,경상북도 경산시 계양동,경상사고,0,0,1,0,차대차 - 기타,안전거리미확보,건조,맑음,교차로 - 교차로안,승용,여,41세,상해없음,승합,남,59세,상해없음
2014092200100528,2014년 9월 22일 19시,월요일,경상북도 영덕군 영덕읍,경상사고,0,0,1,0,차량단독 - 기타,안전운전불이행,건조,맑음,단일로 - 기타,자전거,남,51세,경상,,,,
2014092200100529,2014년 9월 22일 19시,월요일,경상북도 구미시 봉곡동,경상사고,0,0,1,0,차대차 - 기타,안전운전불이행,건조,흐림,교차로 - 교차로안,승용,남,56세,상해없음,자전거,남,11세,경상
2014092200100587,2014년 9월 22일 21시,월요일,경상북도 의성군 비안면,사망사고,1,0,0,0,차대사람 - 차도통행중,안전운전불이행,건조,기타,단일로 - 기타,승용,여,56세,상해없음,보행자,남,47세,사망
2014092200100589,2014년 9월 22일 21시,월요일,경상북도 경산시 중방동,경상사고,0,0,3,0,차대차 - 기타,신호위반,건조,맑음,교차로 - 교차로안,승용,남,80세,경상,승용,남,41세,경상
2014092200100615,2014년 9월 22일 22시,월요일,경상북도 김천시 모암동,경상사고,0,0,1,0,차대차 - 측면직각충돌,교차로운행방법위반,건조,맑음,교차로 - 교차로안,화물,남,41세,상해없음,승용,남,71세,경상
2014092200100616,2014년 9월 22일 22시,월요일,경상북도 포항시 남구 오천읍,경상사고,0,0,1,0,차대차 - 기타,중앙선침범,건조,맑음,단일로 - 기타,승용,여,51세,상해없음,이륜,남,20세,경상
2014092200100642,2014년 9월 22일 23시,월요일,경상북도 경산시 압량면,경상사고,0,0,1,1,차대차 - 기타,안전거리미확보,건조,흐림,단일로 - 기타,승용,남,45세,상해없음,승용,남,25세,상해없음
2014092200100643,2014년 9월 22일 23시,월요일,경상북도 상주시 내서면,중상사고,0,1,0,0,차대차 - 추돌 - 진행중,과속,건조,맑음,단일로 - 기타,화물,남,41세,상해없음,화물,남,40세,중상
2014092300100048,2014년 9월 23일 02시,화요일,경상북도 구미시 사곡동,경상사고,0,0,1,0,차대사람 - 기타,안전운전불이행,건조,맑음,기타 - 기타,기타불명,기타불명,기타불명,기타불명,보행자,남,19세,경상
2014092300100059,2014년 9월 23일 03시,화요일,경상북도 포항시 남구 송도동,경상사고,0,0,2,0,차대차 - 기타,안전운전불이행,건조,맑음,교차로 - 교차로안,승용,남,57세,상해없음,승용,남,33세,경상
2014092300100091,2014년 9월 23일 06시,화요일,경상북도 경주시 안강읍,사망사고,1,0,1,2,차대사람 - 기타,안전운전불이행,건조,맑음,단일로 - 기타,화물,남,60세,상해없음,보행자,여,63세,사망
2014092300100118,2014년 9월 23일 07시,화요일,경상북도 포항시 북구 장성동,중상사고,0,1,1,0,차대차 - 기타,차로위반,건조,맑음,단일로 - 기타,화물,남,61세,상해없음,승합,남,46세,상해없음
2014092300100160,2014년 9월 23일 08시,화요일,경상북도 영천시 대창면,경상사고,0,0,11,0,차대차 - 측면직각충돌,중앙선침범,건조,맑음,단일로 - 기타,승용,여,28세,경상,승합,남,39세,경상
2014092300100191,2014년 9월 23일 09시,화요일,경상북도 칠곡군 왜관읍,경상사고,0,0,1,0,차대차 - 측면직각충돌,직진우회전진행방해,건조,맑음,교차로 - 교차로안,이륜,여,48세,경상,승용,남,67세,상해없음
2014092300100192,2014년 9월 23일 09시,화요일,경상북도 예천군 예천읍,중상사고,0,1,1,0,차대차 - 측면직각충돌,안전운전불이행,건조,맑음,교차로 - 교차로안,화물,남,55세,상해없음,승용,여,52세,경상
2014092300100230,2014년 9월 23일 10시,화요일,경상북도 경산시 사동,경상사고,0,0,1,0,차대차 - 기타,직진우회전진행방해,건조,맑음,교차로 - 교차로안,승용,남,55세,경상,승합,남,45세,상해없음
2014092300100231,2014년 9월 23일 10시,화요일,경상북도 군위군 산성면,중상사고,0,1,1,0,차대차 - 추돌 - 진행중,안전운전불이행,건조,맑음,단일로 - 기타,화물,남,60세,중상,화물,남,50세,경상
2014092300100232,2014년 9월 23일 10시,화요일,경상북도 포항시 남구 구룡포읍,중상사고,0,1,0,0,차대사람 - 기타,안전운전불이행,건조,맑음,단일로 - 기타,승용,여,51세,상해없음,보행자,남,80세,중상
2014092300100250,2014년 9월 23일 11시,화요일,경상북도 경주시 양북면,경상사고,0,0,1,0,차대차 - 기타,안전운전불이행,건조,맑음,교차로 - 교차로부근,승용,여,47세,경상,건설기계,남,59세,상해없음
2014092300100251,2014년 9월 23일 11시,화요일,경상북도 구미시 송정동,중상사고,0,1,0,0,차대사람 - 기타,안전운전불이행,건조,맑음,교차로 - 교차로안,승용,여,55세,상해없음,보행자,여,72세,중상
2014092300100283,2014년 9월 23일 12시,화요일,경상북도 칠곡군 가산면,경상사고,0,0,2,1,차대차 - 기타,안전운전불이행,건조,맑음,교차로 - 교차로부근,화물,여,49세,부상신고,화물,남,54세,경상
2014092300100284,2014년 9월 23일 12시,화요일,경상북도 군위군 고로면,중상사고,0,1,0,0,차대사람 - 차도통행중,안전운전불이행,건조,맑음,단일로 - 기타,승용,남,78세,상해없음,보행자,남,73세,중상
2014092300100285,2014년 9월 23일 12시,화요일,경상북도 구미시 진평동,경상사고,0,0,1,0,차대차 - 기타,안전운전불이행,건조,맑음,교차로 - 교차로안,자전거,남,80세,경상,자전거,여,60세,상해없음
2014092300100309,2014년 9월 23일 13시,화요일,경상북도 칠곡군 왜관읍,중상사고,0,1,0,0,차대차 - 기타,교차로운행방법위반,건조,맑음,교차로 - 교차로안,화물,남,51세,상해없음,이륜,남,76세,중상
2014092300100310,2014년 9월 23일 13시,화요일,경상북도 구미시 고아읍,경상사고,0,0,1,0,차대차 - 기타,안전운전불이행,건조,맑음,단일로 - 기타,화물,남,25세,상해없음,승용,여,51세,경상
2014092300100342,2014년 9월 23일 14시,화요일,경상북도 구미시 송정동,경상사고,0,0,1,0,차대사람 - 기타,안전운전불이행,건조,맑음,교차로 - 교차로부근,승용,남,41세,상해없음,보행자,남,21세,경상
2014092300100343,2014년 9월 23일 14시,화요일,경상북도 포항시 남구 해도동,중상사고,0,1,0,0,차대차 - 기타,안전운전불이행,건조,맑음,단일로 - 기타,승용,남,61세,상해없음,승용,여,36세,중상
2014092300100344,2014년 9월 23일 14시,화요일,경상북도 포항시 남구 연일읍,경상사고,0,0,1,0,차대사람 - 기타,안전운전불이행,건조,맑음,단일로 - 기타,승용,여,46세,상해없음,보행자,여,50세,경상
2014092300100380,2014년 9월 23일 15시,화요일,경상북도 칠곡군 왜관읍,경상사고,0,0,2,0,차대차 - 기타,안전운전불이행,건조,흐림,교차로 - 교차로안,승용,여,42세,상해없음,승용,여,31세,경상
2014092300100381,2014년 9월 23일 15시,화요일,경상북도 구미시 송정동,경상사고,0,0,1,0,차대차 - 기타,안전운전불이행,건조,맑음,기타 - 기타,승용,여,52세,상해없음,승용,남,44세,경상
2014092300100382,2014년 9월 23일 15시,화요일,경상북도 포항시 남구 대도동,경상사고,0,0,2,0,차대차 - 기타,안전운전불이행,건조,맑음,단일로 - 기타,승용,남,29세,상해없음,승용,남,30세,경상
2014092300100416,2014년 9월 23일 16시,화요일,경상북도 칠곡군 왜관읍,경상사고,0,0,1,0,차대사람 - 기타,안전운전불이행,건조,맑음,교차로 - 교차로부근,승용,남,56세,상해없음,보행자,남,53세,경상
2014092300100417,2014년 9월 23일 16시,화요일,경상북도 경산시 하양읍,중상사고,0,1,0,0,차대차 - 기타,안전운전불이행,건조,맑음,교차로 - 교차로안,승용,남,22세,상해없음,자전거,남,19세,중상
2014092300100418,2014년 9월 23일 16시,화요일,경상북도 구미시 신평동,중상사고,0,1,0,0,차대사람 - 기타,안전운전불이행,건조,맑음,단일로 - 기타,승합,남,51세,상해없음,보행자,여,72세,중상
2014092300100455,2014년 9월 23일 17시,화요일,경상북도 의성군 사곡면,사망사고,1,0,0,0,차대차 - 추돌 - 진행중,안전운전불이행,건조,맑음,단일로 - 기타,화물,남,60세,상해없음,자전거,남,83세,사망
2014092300100456,2014년 9월 23일 17시,화요일,경상북도 청도군 각북면,사망사고,1,0,0,0,차량단독 - 전도전복,안전운전불이행,습기,비,단일로 - 기타,이륜,남,69세,사망,,,,
2014092300100500,2014년 9월 23일 18시,화요일,경상북도 포항시 북구 우현동,경상사고,0,0,1,0,차대차 - 기타,안전운전불이행,건조,맑음,교차로 - 교차로부근,승용,남,57세,상해없음,승용,여,40세,상해없음
2014092300100501,2014년 9월 23일 18시,화요일,경상북도 김천시 신음동,중상사고,0,1,0,0,차량단독 - 공작물충돌,안전운전불이행,건조,맑음,교차로 - 교차로부근,자전거,남,59세,중상,,,,
2014092300100502,2014년 9월 23일 18시,화요일,경상북도 울진군 평해읍,중상사고,0,1,0,0,차대차 - 추돌 - 주정차중,안전운전불이행,건조,맑음,단일로 - 기타,화물,남,56세,상해없음,화물,남,76세,중상
2014092300100552,2014년 9월 23일 19시,화요일,경상북도 경주시 황성동,중상사고,0,1,2,1,차대차 - 기타,신호위반,습기,비,교차로 - 교차로안,원동기,남,57세,부상신고,승용,남,52세,경상
2014092300100553,2014년 9월 23일 19시,화요일,경상북도 경주시 안강읍,중상사고,0,1,0,0,차대차 - 추돌 - 진행중,안전운전불이행,건조,맑음,단일로 - 기타,화물,여,53세,상해없음,이륜,남,74세,중상
2014092300100554,2014년 9월 23일 19시,화요일,경상북도 안동시 옥동,경상사고,0,0,1,0,차대사람 - 횡단중,신호위반,건조,맑음,교차로 - 교차로부근,승용,남,45세,상해없음,보행자,여,19세,경상
2014092300100604,2014년 9월 23일 20시,화요일,경상북도 경주시 황성동,경상사고,0,0,1,0,차대차 - 기타,안전운전불이행,습기,비,교차로 - 교차로부근,승용,기타불명,기타불명,기타불명,자전거,남,13세,경상
2014092300100605,2014년 9월 23일 20시,화요일,경상북도 포항시 북구 흥해읍,중상사고,0,1,0,0,차대차 - 기타,안전운전불이행,건조,흐림,단일로 - 기타,승용,남,24세,상해없음,자전거,남,20세,중상
2014092300100606,2014년 9월 23일 20시,화요일,경상북도 김천시 부곡동,중상사고,0,1,0,0,차대차 - 측면직각충돌,안전운전불이행,습기,비,단일로 - 기타,이륜,남,69세,중상,승용,남,52세,상해없음
2014092300100607,2014년 9월 23일 20시,화요일,경상북도 영천시 야사동,경상사고,0,0,1,0,차대차 - 기타,안전운전불이행,습기,맑음,교차로 - 교차로부근,승합,남,58세,상해없음,원동기,남,42세,경상
2014092300100608,2014년 9월 23일 20시,화요일,경상북도 예천군 예천읍,경상사고,0,0,3,0,차대차 - 추돌 - 진행중,안전운전불이행,습기,비,교차로 - 교차로부근,화물,여,65세,상해없음,승용,남,47세,경상
2014092300100609,2014년 9월 23일 20시,화요일,경상북도 구미시 인의동,중상사고,0,1,0,0,차대차 - 기타,안전운전불이행,습기,비,단일로 - 기타,승용,여,36세,상해없음,화물,남,53세,중상
2014092300100658,2014년 9월 23일 21시,화요일,경상북도 울진군 평해읍,중상사고,0,1,0,0,차량단독 - 공작물충돌,안전운전불이행,건조,맑음,단일로 - 기타,승용,여,44세,중상,,,,
2014092300100659,2014년 9월 23일 21시,화요일,경상북도 고령군 고령읍,경상사고,0,0,1,0,차대차 - 측면직각충돌,교차로운행방법위반,습기,비,교차로 - 교차로안,승용,여,53세,상해없음,승용,여,42세,경상
2014092300100705,2014년 9월 23일 22시,화요일,경상북도 경산시 중방동,경상사고,0,0,2,0,차대차 - 기타,신호위반,습기,비,교차로 - 교차로안,승용,남,28세,상해없음,승용,남,24세,경상
2014092300100706,2014년 9월 23일 22시,화요일,경상북도 구미시 고아읍,경상사고,0,0,1,0,차대차 - 기타,안전거리미확보,습기,비,교차로 - 교차로부근,원동기,남,76세,경상,승용,여,49세,상해없음
2014092300100707,2014년 9월 23일 22시,화요일,경상북도 포항시 남구 대잠동,경상사고,0,0,1,0,차대차 - 기타,안전운전불이행,건조,맑음,교차로 - 교차로안,자전거,남,62세,경상,승용,남,39세,상해없음
2014092300100749,2014년 9월 23일 23시,화요일,경상북도 포항시 북구 장성동,경상사고,0,0,1,0,차대사람 - 횡단중,안전운전불이행,습기,비,단일로 - 기타,승용,남,51세,상해없음,보행자,남,43세,경상
2014092300100750,2014년 9월 23일 23시,화요일,경상북도 포항시 북구 환호동,경상사고,0,0,1,0,차대차 - 기타,기타,습기,비,교차로 - 교차로부근,승용,남,44세,상해없음,승용,여,29세,경상
2014092300100751,2014년 9월 23일 23시,화요일,경상북도 경산시 백천동,경상사고,0,0,1,0,차대차 - 기타,중앙선침범,습기,비,단일로 - 기타,승용,남,36세,상해없음,승용,여,54세,경상
2014092400100018,2014년 9월 24일 00시,수요일,경상북도 영천시 화북면,중상사고,0,2,0,0,차량단독 - 공작물충돌,안전운전불이행,습기,비,단일로 - 기타,승용,남,41세,상해없음,,,,
2014092400100019,2014년 9월 24일 00시,수요일,경상북도 울진군 북면,중상사고,0,1,0,0,차량단독 - 전도전복,기타,습기,비,단일로 - 기타,이륜,남,41세,중상,,,,
2014092400100020,2014년 9월 24일 00시,수요일,경상북도 구미시 구평동,중상사고,0,1,0,0,차대차 - 기타,안전운전불이행,습기,비,교차로 - 교차로부근,승용,남,40세,상해없음,이륜,남,19세,중상
2014092400100021,2014년 9월 24일 00시,수요일,경상북도 구미시 신평동,부상신고사고,0,0,0,1,차량단독 - 기타,안전운전불이행,습기,비,단일로 - 기타,승용,남,48세,부상신고,,,,
2014092400100022,2014년 9월 24일 00시,수요일,경상북도 구미시 도량동,경상사고,0,0,1,0,차대차 - 기타,안전거리미확보,습기,비,단일로 - 기타,승용,남,47세,상해없음,승용,여,38세,경상
2014092400100023,2014년 9월 24일 00시,수요일,경상북도 구미시 원평동,중상사고,0,1,1,0,차대차 - 기타,안전운전불이행,습기,비,단일로 - 기타,승용,남,36세,상해없음,승용,여,40세,중상
2014092400100047,2014년 9월 24일 01시,수요일,경상북도 구미시 인의동,경상사고,0,0,1,0,차대차 - 기타,신호위반,습기,비,교차로 - 교차로안,승용,남,26세,상해없음,승용,남,41세,경상
2014092400100111,2014년 9월 24일 05시,수요일,경상북도 포항시 남구 송도동,중상사고,0,1,0,0,차대사람 - 기타,안전운전불이행,습기,비,기타 - 기타,화물,남,57세,상해없음,보행자,남,71세,중상
2014092400100154,2014년 9월 24일 07시,수요일,경상북도 영천시 금호읍,경상사고,0,0,3,0,차대차 - 추돌 - 주정차중,안전운전불이행,건조,맑음,단일로 - 기타,화물,남,21세,기타불명,승용,남,51세,경상
2014092400100187,2014년 9월 24일 08시,수요일,경상북도 칠곡군 지천면,사망사고,1,1,0,0,차량단독 - 기타,안전운전불이행,습기,비,단일로 - 기타,승용,남,32세,사망,,,,
2014092400100188,2014년 9월 24일 08시,수요일,경상북도 경산시 중방동,경상사고,0,0,1,0,차대차 - 기타,안전운전불이행,습기,비,교차로 - 교차로안,승용,남,70세,상해없음,화물,남,56세,경상
2014092400100189,2014년 9월 24일 08시,수요일,경상북도 구미시 공단동,경상사고,0,0,2,1,차대차 - 기타,안전운전불이행,습기,비,단일로 - 기타,승용,남,32세,부상신고,승용,남,35세,경상
2014092400100229,2014년 9월 24일 09시,수요일,경상북도 경주시 천군동,사망사고,1,0,0,0,차량단독 - 기타,안전운전불이행,습기,비,단일로 - 기타,승용,여,34세,사망,,,,
2014092400100230,2014년 9월 24일 09시,수요일,경상북도 경산시 정평동,중상사고,0,1,0,0,차대차 - 기타,교차로운행방법위반,건조,맑음,교차로 - 교차로안,승용,여,48세,상해없음,자전거,남,50세,중상
2014092400100231,2014년 9월 24일 09시,수요일,경상북도 포항시 남구 오천읍,경상사고,0,0,1,0,차대차 - 추돌 - 진행중,안전운전불이행,습기,비,단일로 - 기타,승용,남,46세,상해없음,승용,여,44세,경상
2014092400100232,2014년 9월 24일 09시,수요일,경상북도 칠곡군 지천면,중상사고,0,1,3,0,차대차 - 추돌 - 진행중,기타,습기,비,단일로 - 기타,특수,남,47세,상해없음,화물,남,42세,경상
2014092400100266,2014년 9월 24일 10시,수요일,경상북도 안동시 서후면,경상사고,0,0,2,3,차대차 - 기타,안전운전불이행,기타,비,단일로 - 기타,승용,남,25세,상해없음,승용,여,36세,경상
2014092400100267,2014년 9월 24일 10시,수요일,경상북도 구미시 공단동,경상사고,0,0,1,0,차대차 - 기타,안전운전불이행,습기,비,교차로 - 교차로안,기타불명,기타불명,기타불명,기타불명,이륜,남,30세,경상
2014092400100290,2014년 9월 24일 11시,수요일,경상북도 안동시 송천동,경상사고,0,0,2,0,차대차 - 기타,안전거리미확보,습기,비,교차로 - 교차로부근,화물,남,62세,상해없음,승용,남,28세,경상
2014092400100291,2014년 9월 24일 11시,수요일,경상북도 영주시 휴천동,경상사고,0,0,1,0,차대차 - 측면직각충돌,안전운전불이행,습기,비,교차로 - 교차로안,승용,여,44세,상해없음,승용,남,64세,경상
2014092400100321,2014년 9월 24일 12시,수요일,경상북도 안동시 화성동,경상사고,0,0,1,0,차대사람 - 기타,보행자보호의무위반,습기,비,단일로 - 기타,화물,남,51세,상해없음,보행자,여,69세,경상
2014092400100322,2014년 9월 24일 12시,수요일,경상북도 안동시 정하동,중상사고,0,1,0,0,차대차 - 기타,신호위반,습기,비,교차로 - 교차로부근,화물,남,69세,상해없음,승용,여,59세,중상
2014092400100353,2014년 9월 24일 13시,수요일,경상북도 경주시 효현동,중상사고,0,1,1,0,차대차 - 기타,중앙선침범,습기,비,단일로 - 기타,승용,남,47세,경상,승용,남,45세,중상
2014092400100354,2014년 9월 24일 13시,수요일,경상북도 경주시 성건동,경상사고,0,0,1,0,차대차 - 기타,안전운전불이행,습기,비,교차로 - 교차로안,원동기,남,42세,경상,승용,여,56세,상해없음
2014092400100355,2014년 9월 24일 13시,수요일,경상북도 안동시 성곡동,경상사고,0,0,2,0,차대차 - 기타,안전운전불이행,건조,맑음,단일로 - 기타,승용,남,45세,상해없음,승용,남,26세,경상
2014092400100356,2014년 9월 24일 13시,수요일,경상북도 청송군 청송읍,사망사고,1,3,0,0,차대차 - 정면충돌,중앙선침범,습기,비,단일로 - 기타,화물,남,69세,중상,화물,남,76세,사망
2014092400100395,2014년 9월 24일 14시,수요일,경상북도 경주시 구정동,경상사고,0,0,3,0,차대차 - 기타,안전운전불이행,습기,비,교차로 - 교차로부근,화물,남,44세,상해없음,승용,여,39세,경상
2014092400100396,2014년 9월 24일 14시,수요일,경상북도 영주시 가흥동,중상사고,0,1,1,0,차대차 - 측면직각충돌,안전운전불이행,건조,맑음,단일로 - 기타,화물,남,61세,중상,화물,남,41세,상해없음
2014092400100397,2014년 9월 24일 14시,수요일,경상북도 영천시 문내동,중상사고,0,1,0,0,차대차 - 측면직각충돌,교차로운행방법위반,건조,맑음,교차로 - 교차로안,승용,여,21세,상해없음,승용,여,44세,중상
2014092400100432,2014년 9월 24일 15시,수요일,경상북도 경주시 황성동,경상사고,0,0,2,0,차대차 - 측면직각충돌,안전운전불이행,건조,맑음,교차로 - 교차로안,승용,남,42세,상해없음,승용,여,36세,경상
2014092400100433,2014년 9월 24일 15시,수요일,경상북도 김천시 농소면,중상사고,0,1,0,0,차대차 - 측면직각충돌,중앙선침범,습기,비,단일로 - 기타,승합,남,59세,상해없음,승용,남,43세,중상
2014092400100470,2014년 9월 24일 16시,수요일,경상북도 상주시 남성동,경상사고,0,0,1,0,차대차 - 측면직각충돌,안전운전불이행,습기,비,단일로 - 기타,승용,여,60세,상해없음,승용,남,54세,경상
2014092400100471,2014년 9월 24일 16시,수요일,경상북도 영주시 상망동,중상사고,0,1,11,0,차대차 - 측면직각충돌,중앙선침범,습기,비,단일로 - 기타,승용,남,55세,중상,승합,남,49세,상해없음
2014092400100472,2014년 9월 24일 16시,수요일,경상북도 문경시 마성면,중상사고,0,2,0,0,차량단독 - 공작물충돌,안전운전불이행,습기,비,미분류 - 미분류,승용,남,40세,중상,,,,
2014092400100473,2014년 9월 24일 16시,수요일,경상북도 경산시 중방동,경상사고,0,0,2,0,차대차 - 기타,안전운전불이행,습기,비,단일로 - 기타,승용,남,49세,상해없음,승용,남,34세,경상
2014092400100474,2014년 9월 24일 16시,수요일,경상북도 구미시 형곡동,경상사고,0,0,1,0,차대차 - 측면직각충돌,중앙선침범,습기,비,교차로 - 교차로부근,승용,여,35세,상해없음,화물,남,64세,경상
2014092400100475,2014년 9월 24일 16시,수요일,경상북도 구미시 원평동,부상신고사고,0,0,0,1,차대차 - 기타,교차로운행방법위반,건조,맑음,교차로 - 교차로안,이륜,남,37세,부상신고,승용,남,34세,상해없음
2014092400100502,2014년 9월 24일 17시,수요일,경상북도 구미시 산동면,중상사고,0,1,0,0,차대차 - 측면직각충돌,안전운전불이행,습기,비,단일로 - 기타,승용,여,44세,상해없음,승용,남,31세,중상
2014092400100530,2014년 9월 24일 18시,수요일,경상북도 포항시 남구 대도동,중상사고,0,1,0,0,차대사람 - 횡단중,안전운전불이행,건조,맑음,교차로 - 교차로부근,승용,남,37세,상해없음,보행자,남,53세,중상
2014092400100589,2014년 9월 24일 19시,수요일,경상북도 경주시 성건동,경상사고,0,0,1,0,차대사람 - 기타,안전운전불이행,건조,맑음,단일로 - 기타,승용,남,63세,상해없음,보행자,여,20세,경상
2014092400100590,2014년 9월 24일 19시,수요일,경상북도 구미시 옥계동,경상사고,0,0,2,0,차대차 - 측면직각충돌,안전운전불이행,습기,비,단일로 - 기타,승용,남,29세,상해없음,승용,남,58세,경상
2014092400100634,2014년 9월 24일 20시,수요일,경상북도 경주시 노서동,중상사고,0,1,0,0,차대사람 - 기타,보행자보호의무위반,습기,비,단일로 - 횡단보도상,승용,여,54세,상해없음,보행자,여,55세,중상
2014092400100635,2014년 9월 24일 20시,수요일,경상북도 경산시 옥산동,중상사고,0,1,0,0,차대차 - 기타,안전운전불이행,습기,비,단일로 - 기타,화물,남,57세,상해없음,승용,여,46세,중상
2014092400100636,2014년 9월 24일 20시,수요일,경상북도 포항시 남구 상도동,중상사고,0,2,0,0,차대차 - 측면직각충돌,교차로운행방법위반,건조,맑음,교차로 - 교차로안,승용,남,66세,상해없음,승용,여,30세,중상
2014092400100637,2014년 9월 24일 20시,수요일,경상북도 포항시 남구 대잠동,경상사고,0,0,1,0,차대차 - 기타,안전운전불이행,습기,비,단일로 - 기타,화물,여,20세,상해없음,이륜,남,57세,경상
2014092400100662,2014년 9월 24일 21시,수요일,경상북도 구미시 옥계동,부상신고사고,0,0,0,1,차량단독 - 기타,안전운전불이행,습기,비,단일로 - 기타,원동기,남,22세,부상신고,,,,
2014092400100703,2014년 9월 24일 22시,수요일,경상북도 경주시 강동면,중상사고,0,2,0,0,차량단독 - 기타,안전운전불이행,습기,비,단일로 - 기타,화물,남,46세,중상,,,,
2014092400100704,2014년 9월 24일 22시,수요일,경상북도 안동시 옥동,경상사고,0,0,1,0,차대사람 - 차도통행중,안전운전불이행,건조,맑음,단일로 - 기타,승용,여,45세,상해없음,보행자,남,34세,경상
2014092400100705,2014년 9월 24일 22시,수요일,경상북도 경산시 정평동,경상사고,0,0,1,0,차대차 - 기타,안전운전불이행,건조,맑음,교차로 - 교차로부근,화물,여,57세,상해없음,승용,여,51세,경상
2014092400100731,2014년 9월 24일 23시,수요일,경상북도 경주시 안강읍,경상사고,0,0,1,0,차량단독 - 공작물충돌,안전운전불이행,습기,비,단일로 - 기타,화물,남,52세,경상,,,,
2014092500100036,2014년 9월 25일 02시,목요일,경상북도 경산시 정평동,중상사고,0,1,0,0,차대차 - 기타,안전운전불이행,건조,맑음,단일로 - 기타,승용,남,40세,기타불명,승용,남,31세,중상
2014092500100070,2014년 9월 25일 06시,목요일,경상북도 포항시 북구 창포동,중상사고,0,2,0,0,차대차 - 기타,신호위반,건조,맑음,교차로 - 교차로안,승용,여,46세,중상,승용,여,22세,중상
2014092500100071,2014년 9월 25일 06시,목요일,경상북도 포항시 남구 대잠동,경상사고,0,0,2,0,차대차 - 추돌 - 진행중,안전운전불이행,건조,맑음,교차로 - 교차로부근,승용,남,37세,상해없음,승용,남,70세,경상
2014092500100094,2014년 9월 25일 07시,목요일,경상북도 포항시 남구 대도동,경상사고,0,0,1,0,차대차 - 기타,안전운전불이행,건조,흐림,단일로 - 기타,승용,남,69세,상해없음,이륜,남,70세,경상
2014092500100130,2014년 9월 25일 08시,목요일,경상북도 경주시 용강동,중상사고,0,1,0,0,차대사람 - 차도통행중,안전운전불이행,건조,흐림,교차로 - 교차로부근,화물,남,56세,상해없음,보행자,여,40세,중상
2014092500100131,2014년 9월 25일 08시,목요일,경상북도 김천시 아포읍,중상사고,0,1,2,1,차대차 - 측면직각충돌,안전운전불이행,건조,맑음,교차로 - 교차로안,화물,남,70세,경상,승용,여,49세,중상
2014092500100132,2014년 9월 25일 08시,목요일,경상북도 경산시 자인면,중상사고,0,1,0,0,차대차 - 기타,안전운전불이행,건조,흐림,교차로 - 교차로안,화물,남,60세,상해없음,자전거,여,37세,중상
2014092500100133,2014년 9월 25일 08시,목요일,경상북도 군위군 의흥면,중상사고,0,1,0,0,차대사람 - 기타,안전운전불이행,건조,맑음,단일로 - 횡단보도부근,승용,여,42세,상해없음,보행자,여,77세,중상
2014092500100134,2014년 9월 25일 08시,목요일,경상북도 구미시 봉곡동,중상사고,0,1,0,0,차대차 - 기타,안전운전불이행,건조,맑음,교차로 - 교차로안,승합,남,55세,상해없음,자전거,남,15세,중상
2014092500100135,2014년 9월 25일 08시,목요일,경상북도 구미시 선산읍,중상사고,0,1,0,0,차대차 - 기타,안전운전불이행,건조,맑음,교차로 - 교차로안,화물,남,45세,상해없음,이륜,여,40세,중상
2014092500100211,2014년 9월 25일 10시,목요일,경상북도 경주시 보문동,중상사고,0,1,1,0,차대차 - 기타,신호위반,건조,맑음,교차로 - 교차로안,승용,남,67세,상해없음,화물,남,35세,경상
2014092500100212,2014년 9월 25일 10시,목요일,경상북도 안동시 풍산읍,사망사고,1,0,0,0,차대사람 - 기타,안전운전불이행,건조,맑음,단일로 - 기타,화물,남,27세,상해없음,보행자,남,72세,사망
2014092500100248,2014년 9월 25일 11시,목요일,경상북도 안동시 법흥동,중상사고,0,1,0,0,차대차 - 기타,안전운전불이행,건조,맑음,기타 - 기타,화물,남,44세,상해없음,자전거,남,83세,중상
2014092500100249,2014년 9월 25일 11시,목요일,경상북도 칠곡군 석적읍,중상사고,0,1,0,0,차대사람 - 기타,안전운전불이행,건조,맑음,단일로 - 기타,승용,남,44세,상해없음,보행자,여,67세,중상