사고번호,사고일시,요일,시군구,사고내용,사망자수,중상자수,경상자수,부상신고자수,사고유형,법규위반,노면상태,기상상태,도로형태,가해운전자 차종,가해운전자 성별,가해운전자 연령,가해운전자 상해정도,피해운전자 차종,피해운전자 성별,피해운전자 연령,피해운전자 상해정도
2014092500100273,2014년 9월 25일 12시,목요일,경상북도 김천시 양천동,경상사고,0,0,2,0,차대차 - 측면직각충돌,안전운전불이행,건조,맑음,단일로 - 기타,화물,남,42세,상해없음,승용,남,45세,경상
2014092500100296,2014년 9월 25일 13시,목요일,경상북도 영주시 안정면,경상사고,0,0,1,0,차대차 - 측면직각충돌,신호위반,건조,맑음,교차로 - 교차로안,승용,여,57세,상해없음,화물,남,50세,상해없음
2014092500100331,2014년 9월 25일 14시,목요일,경상북도 영주시 부석면,중상사고,0,1,2,0,차대차 - 정면충돌,중앙선침범,건조,맑음,단일로 - 기타,승용,남,60세,상해없음,화물,남,36세,중상
2014092500100332,2014년 9월 25일 14시,목요일,경상북도 포항시 남구 대송면,경상사고,0,0,1,0,차대차 - 기타,차로위반,건조,맑음,교차로 - 교차로부근,건설기계,남,58세,상해없음,화물,남,34세,경상
2014092500100333,2014년 9월 25일 14시,목요일,경상북도 칠곡군 가산면,사망사고,1,0,0,0,차량단독 - 공작물충돌,안전운전불이행,건조,맑음,단일로 - 기타,승용,남,55세,사망,,,,
2014092500100365,2014년 9월 25일 15시,목요일,경상북도 포항시 북구 흥해읍,경상사고,0,0,1,0,차대차 - 기타,안전운전불이행,건조,맑음,단일로 - 기타,승용,남,46세,상해없음,화물,남,55세,경상
2014092500100366,2014년 9월 25일 15시,목요일,경상북도 안동시 풍천면,중상사고,0,1,0,0,차대차 - 기타,안전운전불이행,건조,맑음,단일로 - 기타,화물,남,36세,상해없음,원동기,남,70세,중상
2014092500100367,2014년 9월 25일 15시,목요일,경상북도 문경시 모전동,경상사고,0,0,1,0,차대차 - 추돌 - 주정차중,안전운전불이행,건조,맑음,단일로 - 기타,승용,남,62세,상해없음,승용,여,48세,경상
2014092500100368,2014년 9월 25일 15시,목요일,경상북도 경산시 압량면,중상사고,0,3,1,0,차대차 - 기타,안전운전불이행,건조,맑음,교차로 - 교차로부근,승용,남,55세,상해없음,화물,남,54세,중상
2014092500100369,2014년 9월 25일 15시,목요일,경상북도 영덕군 남정면,중상사고,0,1,0,0,차대차 - 기타,안전운전불이행,건조,맑음,단일로 - 기타,승용,남,38세,상해없음,원동기,남,81세,중상
2014092500100394,2014년 9월 25일 16시,목요일,경상북도 경주시 안강읍,중상사고,0,1,0,0,차대사람 - 기타,보행자보호의무위반,건조,맑음,교차로 - 교차로안,승합,남,40세,상해없음,보행자,남,11세,중상
2014092500100395,2014년 9월 25일 16시,목요일,경상북도 구미시 송정동,중상사고,0,1,0,0,차대사람 - 기타,안전운전불이행,건조,맑음,교차로 - 교차로부근,승용,남,55세,상해없음,보행자,남,13세,중상
2014092500100440,2014년 9월 25일 17시,목요일,경상북도 경주시 신평동,중상사고,0,1,0,0,차량단독 - 전도전복,안전운전불이행,건조,맑음,단일로 - 기타,이륜,남,20세,중상,,,,
2014092500100441,2014년 9월 25일 17시,목요일,경상북도 문경시 가은읍,경상사고,0,0,1,0,차량단독 - 공작물충돌,안전운전불이행,건조,맑음,단일로 - 기타,이륜,남,44세,경상,,,,
2014092500100442,2014년 9월 25일 17시,목요일,경상북도 경산시 진량읍,중상사고,0,1,0,0,차대차 - 기타,안전운전불이행,건조,맑음,교차로 - 교차로안,자전거,여,65세,중상,승용,여,44세,상해없음
2014092500100443,2014년 9월 25일 17시,목요일,경상북도 영덕군 영해면,경상사고,0,0,2,0,차대차 - 측면직각충돌,안전운전불이행,건조,맑음,교차로 - 교차로부근,승용,여,38세,경상,화물,남,44세,상해없음
2014092500100444,2014년 9월 25일 17시,목요일,경상북도 구미시 도량동,중상사고,0,1,0,0,차대사람 - 기타,안전운전불이행,건조,맑음,기타 - 기타,승합,여,34세,상해없음,보행자,남,3세,중상
2014092500100469,2014년 9월 25일 18시,목요일,경상북도 영주시 가흥동,중상사고,0,1,0,0,차대차 - 정면충돌,신호위반,건조,맑음,교차로 - 교차로안,이륜,남,18세,중상,화물,남,37세,상해없음
2014092500100470,2014년 9월 25일 18시,목요일,경상북도 포항시 남구 해도동,경상사고,0,0,1,0,차대사람 - 기타,안전운전불이행,습기,맑음,단일로 - 기타,이륜,남,36세,상해없음,보행자,여,61세,경상
2014092500100471,2014년 9월 25일 18시,목요일,경상북도 포항시 남구 대잠동,경상사고,0,0,2,0,차대차 - 추돌 - 진행중,안전운전불이행,건조,맑음,단일로 - 기타,승용,남,53세,상해없음,승용,여,39세,경상
2014092500100512,2014년 9월 25일 19시,목요일,경상북도 안동시 신안동,경상사고,0,0,3,0,차대차 - 기타,교차로운행방법위반,건조,맑음,단일로 - 기타,승용,남,32세,상해없음,승합,여,30세,경상
2014092500100513,2014년 9월 25일 19시,목요일,경상북도 영주시 봉현면,중상사고,0,1,0,0,차대차 - 측면직각충돌,안전운전불이행,건조,맑음,교차로 - 교차로부근,화물,남,54세,상해없음,자전거,남,35세,중상
2014092500100514,2014년 9월 25일 19시,목요일,경상북도 칠곡군 석적읍,중상사고,0,1,0,0,차대차 - 기타,안전운전불이행,건조,맑음,교차로 - 교차로부근,승합,남,50세,상해없음,자전거,남,71세,중상
2014092500100515,2014년 9월 25일 19시,목요일,경상북도 포항시 남구 연일읍,경상사고,0,0,1,0,차대차 - 기타,안전거리미확보,건조,맑음,단일로 - 기타,화물,남,55세,상해없음,승용,남,54세,경상
2014092500100550,2014년 9월 25일 20시,목요일,경상북도 경주시 강동면,중상사고,0,1,0,0,차대차 - 기타,안전운전불이행,건조,맑음,단일로 - 기타,승용,여,34세,중상,화물,남,56세,상해없음
2014092500100551,2014년 9월 25일 20시,목요일,경상북도 포항시 남구 오천읍,중상사고,0,1,0,0,차대사람 - 횡단중,안전운전불이행,건조,맑음,단일로 - 기타,승용,남,57세,상해없음,보행자,여,60세,중상
2014092500100643,2014년 9월 25일 23시,목요일,경상북도 성주군 성주읍,사망사고,1,0,0,0,차대사람 - 기타,안전운전불이행,건조,맑음,단일로 - 기타,승용,남,51세,상해없음,보행자,남,63세,사망
2014092600100014,2014년 9월 26일 00시,금요일,경상북도 구미시 신평동,중상사고,0,1,0,0,차량단독 - 공작물충돌,안전운전불이행,건조,맑음,단일로 - 기타,이륜,남,38세,중상,,,,
2014092600100037,2014년 9월 26일 01시,금요일,경상북도 포항시 북구 죽장면,경상사고,0,0,1,0,차대차 - 기타,안전운전불이행,건조,맑음,단일로 - 기타,화물,남,52세,경상,특수,남,38세,상해없음
2014092600100038,2014년 9월 26일 01시,금요일,경상북도 포항시 남구 대송면,사망사고,1,0,0,0,차대차 - 기타,안전운전불이행,건조,맑음,단일로 - 기타,화물,남,56세,상해없음,승용,남,25세,사망
2014092600100051,2014년 9월 26일 02시,금요일,경상북도 경주시 양남면,경상사고,0,0,2,0,차대차 - 기타,안전운전불이행,건조,맑음,단일로 - 기타,승용,남,26세,경상,화물,남,36세,상해없음
2014092600100065,2014년 9월 26일 04시,금요일,경상북도 울진군 후포면,부상신고사고,0,0,0,1,차량단독 - 공작물충돌,안전운전불이행,건조,맑음,단일로 - 기타,승용,남,53세,부상신고,,,,
2014092600100078,2014년 9월 26일 05시,금요일,경상북도 경주시 외동읍,중상사고,0,1,0,0,차대차 - 기타,신호위반,건조,맑음,교차로 - 교차로안,승용,남,70세,상해없음,화물,남,50세,중상
2014092600100111,2014년 9월 26일 07시,금요일,경상북도 칠곡군 지천면,중상사고,0,1,0,0,차대차 - 기타,직진우회전진행방해,건조,맑음,교차로 - 교차로안,승용,남,47세,상해없음,자전거,남,14세,중상
2014092600100161,2014년 9월 26일 08시,금요일,경상북도 군위군 효령면,중상사고,0,1,0,0,차대차 - 기타,안전운전불이행,건조,맑음,단일로 - 기타,화물,남,76세,상해없음,원동기,남,82세,중상
2014092600100190,2014년 9월 26일 09시,금요일,경상북도 의성군 단촌면,중상사고,0,2,1,0,차대차 - 측면직각충돌,직진우회전진행방해,건조,맑음,교차로 - 교차로안,승용,남,62세,상해없음,승용,여,62세,경상
2014092600100191,2014년 9월 26일 09시,금요일,경상북도 영천시 완산동,경상사고,0,0,1,0,차대사람 - 횡단중,보행자보호의무위반,건조,맑음,단일로 - 기타,승용,여,59세,상해없음,보행자,남,56세,경상
2014092600100192,2014년 9월 26일 09시,금요일,경상북도 경산시 백천동,경상사고,0,0,1,0,차대사람 - 기타,보행자보호의무위반,건조,맑음,교차로 - 교차로안,승용,여,50세,상해없음,보행자,남,19세,경상
2014092600100193,2014년 9월 26일 09시,금요일,경상북도 성주군 월항면,경상사고,0,0,1,0,차대차 - 측면직각충돌,신호위반,건조,맑음,기타 - 기타,화물,남,48세,상해없음,화물,남,60세,경상
2014092600100222,2014년 9월 26일 10시,금요일,경상북도 울진군 근남면,경상사고,0,0,1,0,차량단독 - 공작물충돌,안전운전불이행,건조,맑음,단일로 - 기타,화물,남,52세,경상,,,,
2014092600100248,2014년 9월 26일 11시,금요일,경상북도 예천군 예천읍,중상사고,0,1,0,0,차대사람 - 보도통행중,안전운전불이행,건조,맑음,단일로 - 기타,화물,남,44세,상해없음,보행자,여,90세,중상
2014092600100305,2014년 9월 26일 13시,금요일,경상북도 김천시 율곡동,경상사고,0,0,3,0,차대차 - 측면직각충돌,교차로운행방법위반,건조,맑음,교차로 - 교차로안,화물,남,26세,상해없음,승합,남,24세,경상
2014092600100306,2014년 9월 26일 13시,금요일,경상북도 영천시 완산동,중상사고,0,1,0,0,차대사람 - 횡단중,안전운전불이행,건조,맑음,단일로 - 횡단보도상,승용,여,47세,상해없음,보행자,여,64세,중상
2014092600100307,2014년 9월 26일 13시,금요일,경상북도 영천시 고경면,경상사고,0,0,1,0,차대사람 - 기타,안전운전불이행,건조,맑음,단일로 - 기타,화물,남,46세,상해없음,보행자,남,60세,경상
2014092600100338,2014년 9월 26일 14시,금요일,경상북도 포항시 남구 해도동,경상사고,0,0,1,0,차대차 - 기타,안전운전불이행,건조,맑음,단일로 - 기타,화물,남,53세,경상,승합,여,45세,상해없음
2014092600100365,2014년 9월 26일 15시,금요일,경상북도 포항시 북구 흥해읍,경상사고,0,0,1,0,차대차 - 기타,안전거리미확보,건조,맑음,단일로 - 기타,승용,남,48세,상해없음,승용,남,51세,상해없음
2014092600100366,2014년 9월 26일 15시,금요일,경상북도 안동시 임하면,경상사고,0,0,1,0,차량단독 - 공작물충돌,안전운전불이행,건조,맑음,단일로 - 기타,화물,남,58세,경상,,,,
2014092600100367,2014년 9월 26일 15시,금요일,경상북도 영주시 단산면,중상사고,0,1,0,0,차대차 - 측면직각충돌,중앙선침범,건조,맑음,단일로 - 기타,이륜,남,42세,중상,승용,남,46세,상해없음
2014092600100368,2014년 9월 26일 15시,금요일,경상북도 고령군 고령읍,경상사고,0,0,1,0,차대차 - 측면직각충돌,신호위반,건조,맑음,교차로 - 교차로안,농기계,남,79세,경상,승합,남,46세,상해없음
2014092600100403,2014년 9월 26일 16시,금요일,경상북도 경주시 서면,경상사고,0,0,2,0,차대차 - 기타,안전운전불이행,건조,맑음,단일로 - 기타,승용,여,56세,경상,화물,남,44세,경상
2014092600100404,2014년 9월 26일 16시,금요일,경상북도 문경시 흥덕동,경상사고,0,0,1,0,차대차 - 추돌 - 진행중,안전거리미확보,건조,맑음,교차로 - 교차로안,승용,남,40세,상해없음,승용,남,55세,경상
2014092600100405,2014년 9월 26일 16시,금요일,경상북도 경산시 삼북동,중상사고,0,1,0,0,차대차 - 기타,안전운전불이행,건조,맑음,교차로 - 교차로안,승용,남,52세,상해없음,이륜,남,53세,중상
2014092600100443,2014년 9월 26일 17시,금요일,경상북도 포항시 북구 동빈2가,중상사고,0,1,0,0,차대사람 - 기타,안전운전불이행,건조,맑음,단일로 - 기타,승용,남,70세,상해없음,보행자,남,57세,중상
2014092600100444,2014년 9월 26일 17시,금요일,경상북도 포항시 남구 해도동,경상사고,0,0,1,0,차대차 - 기타,안전운전불이행,건조,맑음,교차로 - 교차로안,건설기계,남,61세,상해없음,화물,남,57세,경상
2014092600100497,2014년 9월 26일 18시,금요일,경상북도 영천시 금호읍,중상사고,0,1,0,0,차대사람 - 기타,안전운전불이행,건조,맑음,단일로 - 기타,화물,남,45세,상해없음,보행자,남,75세,중상
2014092600100498,2014년 9월 26일 18시,금요일,경상북도 경산시 압량면,중상사고,0,1,1,0,차대차 - 측면직각충돌,중앙선침범,건조,맑음,단일로 - 기타,원동기,남,60세,상해없음,승용,여,53세,경상
2014092600100499,2014년 9월 26일 18시,금요일,경상북도 구미시 사곡동,경상사고,0,0,1,0,차대사람 - 기타,안전운전불이행,건조,맑음,교차로 - 교차로안,화물,남,42세,상해없음,보행자,여,48세,경상
2014092600100557,2014년 9월 26일 19시,금요일,경상북도 경주시 동천동,중상사고,0,1,1,0,차대차 - 기타,안전운전불이행,건조,맑음,교차로 - 교차로안,승용,남,49세,중상,승용,남,47세,상해없음
2014092600100558,2014년 9월 26일 19시,금요일,경상북도 구미시 도량동,경상사고,0,0,1,0,차대차 - 기타,차로위반,건조,맑음,교차로 - 교차로부근,승용,여,40세,상해없음,이륜,남,17세,경상
2014092600100559,2014년 9월 26일 19시,금요일,경상북도 포항시 남구 오천읍,중상사고,0,1,0,0,차대사람 - 기타,안전운전불이행,건조,맑음,단일로 - 기타,승용,남,43세,상해없음,보행자,여,61세,중상
2014092600100602,2014년 9월 26일 20시,금요일,경상북도 경주시 외동읍,중상사고,0,2,0,0,차대차 - 기타,안전운전불이행,건조,맑음,단일로 - 기타,화물,남,46세,상해없음,승용,여,54세,중상
2014092600100603,2014년 9월 26일 20시,금요일,경상북도 포항시 북구 우현동,경상사고,0,0,2,0,차대차 - 기타,안전거리미확보,건조,맑음,단일로 - 횡단보도부근,승용,남,47세,상해없음,승용,남,62세,경상
2014092600100604,2014년 9월 26일 20시,금요일,경상북도 안동시 당북동,경상사고,0,0,1,0,차대차 - 측면직각충돌,안전운전불이행,건조,맑음,교차로 - 교차로안,이륜,남,17세,경상,승용,남,44세,상해없음
2014092600100605,2014년 9월 26일 20시,금요일,경상북도 경산시 대동,중상사고,0,1,0,0,차대차 - 추돌 - 주정차중,안전운전불이행,건조,맑음,단일로 - 기타,이륜,남,36세,중상,승용,남,26세,기타불명
2014092600100606,2014년 9월 26일 20시,금요일,경상북도 구미시 인의동,경상사고,0,0,2,0,차대차 - 기타,안전운전불이행,건조,흐림,교차로 - 교차로부근,승용,남,27세,상해없음,승용,남,25세,경상
2014092600100656,2014년 9월 26일 21시,금요일,경상북도 성주군 성주읍,경상사고,0,0,1,0,차대사람 - 기타,안전운전불이행,건조,맑음,기타 - 기타,승용,남,32세,상해없음,보행자,남,40세,경상
2014092600100657,2014년 9월 26일 21시,금요일,경상북도 구미시 형곡동,중상사고,0,1,0,0,차대차 - 기타,안전운전불이행,건조,맑음,단일로 - 기타,승용,여,49세,상해없음,이륜,남,23세,중상
2014092600100705,2014년 9월 26일 22시,금요일,경상북도 구미시 도량동,중상사고,0,1,0,0,차대차 - 기타,신호위반,건조,맑음,교차로 - 교차로안,승용,여,47세,상해없음,승용,여,28세,중상
2014092600100739,2014년 9월 26일 23시,금요일,경상북도 포항시 북구 두호동,경상사고,0,0,2,0,차대차 - 기타,신호위반,건조,맑음,교차로 - 교차로안,승용,남,49세,상해없음,승용,남,52세,경상
2014092600100740,2014년 9월 26일 23시,금요일,경상북도 칠곡군 왜관읍,중상사고,0,1,0,0,차대차 - 측면직각충돌,교차로운행방법위반,건조,맑음,교차로 - 교차로안,승용,남,26세,상해없음,화물,여,31세,중상
2014092600100741,2014년 9월 26일 23시,금요일,경상북도 영천시 망정동,경상사고,0,0,1,0,차대차 - 기타,안전운전불이행,건조,맑음,단일로 - 기타,승용,여,48세,상해없음,원동기,남,31세,경상
2014092700100015,2014년 9월 27일 00시,토요일,경상북도 영주시 가흥동,경상사고,0,0,2,0,차대차 - 추돌 - 진행중,안전운전불이행,건조,맑음,단일로 - 기타,승용,남,33세,상해없음,승용,남,55세,경상
2014092700100016,2014년 9월 27일 00시,토요일,경상북도 영주시 휴천동,경상사고,0,0,2,0,차대차 - 추돌 - 진행중,안전운전불이행,건조,맑음,교차로 - 교차로부근,승용,남,21세,상해없음,승용,남,19세,경상
2014092700100017,2014년 9월 27일 00시,토요일,경상북도 포항시 남구 대송면,경상사고,0,0,1,0,차대차 - 기타,신호위반,건조,맑음,교차로 - 교차로안,승용,남,71세,상해없음,승용,남,30세,경상
2014092700100055,2014년 9월 27일 02시,토요일,경상북도 문경시 마성면,경상사고,0,0,1,0,차량단독 - 공작물충돌,안전운전불이행,건조,맑음,교차로 - 교차로부근,승용,남,30세,경상,,,,
2014092700100056,2014년 9월 27일 02시,토요일,경상북도 구미시 광평동,사망사고,1,2,0,0,차대차 - 기타,중앙선침범,기타,기타,기타 - 기타,승용,여,45세,사망,승용,남,24세,중상
2014092700100079,2014년 9월 27일 03시,토요일,경상북도 경주시 동방동,중상사고,0,2,0,0,차대차 - 기타,안전운전불이행,건조,흐림,단일로 - 기타,화물,남,38세,중상,특수,남,52세,중상
2014092700100094,2014년 9월 27일 04시,토요일,경상북도 봉화군 소천면,중상사고,0,2,0,0,차량단독 - 공작물충돌,안전운전불이행,습기,안개,단일로 - 기타,승용,남,20세,상해없음,,,,
2014092700100095,2014년 9월 27일 04시,토요일,경상북도 포항시 남구 오천읍,중상사고,0,1,0,0,차대사람 - 횡단중,안전운전불이행,건조,맑음,교차로 - 교차로부근,화물,여,53세,상해없음,보행자,남,53세,중상
2014092700100127,2014년 9월 27일 06시,토요일,경상북도 포항시 북구 죽도동,경상사고,0,0,1,0,차대차 - 기타,안전거리미확보,건조,맑음,기타 - 기타,승용,남,28세,상해없음,승용,남,50세,경상
2014092700100128,2014년 9월 27일 06시,토요일,경상북도 경산시 중방동,경상사고,0,0,1,0,차대차 - 기타,안전운전불이행,건조,맑음,교차로 - 교차로안,승용,남,47세,상해없음,자전거,남,66세,경상
2014092700100147,2014년 9월 27일 07시,토요일,경상북도 경주시 내남면,중상사고,0,2,1,1,차대차 - 기타,안전운전불이행,건조,맑음,교차로 - 교차로안,승용,여,53세,부상신고,승용,남,18세,경상
2014092700100148,2014년 9월 27일 07시,토요일,경상북도 포항시 북구 환호동,경상사고,0,0,1,0,차대사람 - 기타,안전운전불이행,건조,맑음,단일로 - 기타,승용,남,37세,상해없음,보행자,여,70세,경상
2014092700100149,2014년 9월 27일 07시,토요일,경상북도 문경시 점촌동,중상사고,0,1,0,0,차대차 - 기타,안전운전불이행,건조,맑음,교차로 - 교차로안,승용,여,61세,상해없음,이륜,남,79세,중상
2014092700100212,2014년 9월 27일 09시,토요일,경상북도 경주시 천군동,경상사고,0,0,1,0,차대차 - 기타,안전운전불이행,건조,맑음,교차로 - 교차로안,자전거,남,43세,경상,승용,남,52세,상해없음
2014092700100213,2014년 9월 27일 09시,토요일,경상북도 안동시 송현동,경상사고,0,0,1,0,차대차 - 추돌 - 진행중,안전운전불이행,건조,맑음,단일로 - 기타,승용,남,51세,상해없음,승용,남,55세,경상
2014092700100214,2014년 9월 27일 09시,토요일,경상북도 청도군 청도읍,중상사고,0,1,0,0,차량단독 - 기타,안전운전불이행,건조,맑음,단일로 - 기타,승용,남,38세,상해없음,,,,
2014092700100247,2014년 9월 27일 10시,토요일,경상북도 울진군 울진읍,경상사고,0,0,1,0,차대사람 - 기타,안전운전불이행,건조,맑음,기타 - 기타,승용,남,46세,상해없음,보행자,여,54세,경상
2014092700100277,2014년 9월 27일 11시,토요일,경상북도 안동시 운안동,중상사고,0,1,3,0,차대차 - 추돌 - 진행중,안전운전불이행,건조,맑음,교차로 - 교차로부근,화물,남,63세,상해없음,승용,남,34세,중상
2014092700100278,2014년 9월 27일 11시,토요일,경상북도 상주시 죽전동,경상사고,0,0,1,0,차대차 - 기타,중앙선침범,건조,맑음,단일로 - 기타,승용,남,81세,경상,화물,남,47세,상해없음
2014092700100316,2014년 9월 27일 12시,토요일,경상북도 봉화군 봉화읍,경상사고,0,0,1,0,차대차 - 측면직각충돌,교차로운행방법위반,건조,맑음,교차로 - 교차로안,승용,남,46세,상해없음,자전거,남,12세,경상
2014092700100317,2014년 9월 27일 12시,토요일,경상북도 울진군 죽변면,경상사고,0,0,2,0,차대차 - 추돌 - 주정차중,안전운전불이행,건조,맑음,단일로 - 기타,원동기,남,55세,경상,승용,남,48세,상해없음
2014092700100318,2014년 9월 27일 12시,토요일,경상북도 포항시 남구 대잠동,경상사고,0,0,1,0,차대차 - 기타,안전운전불이행,건조,맑음,단일로 - 기타,승용,남,39세,상해없음,승용,여,44세,경상
2014092700100367,2014년 9월 27일 13시,토요일,경상북도 포항시 북구 남빈동,경상사고,0,0,2,0,차대차 - 기타,안전운전불이행,건조,맑음,단일로 - 기타,승용,여,41세,경상,화물,남,66세,경상
2014092700100368,2014년 9월 27일 13시,토요일,경상북도 안동시 태화동,경상사고,0,0,1,0,차대차 - 추돌 - 진행중,안전운전불이행,건조,맑음,단일로 - 기타,승용,남,24세,상해없음,승합,남,56세,경상
2014092700100369,2014년 9월 27일 13시,토요일,경상북도 안동시 명륜동,중상사고,0,1,1,0,차대차 - 측면직각충돌,기타,건조,맑음,교차로 - 교차로부근,승용,여,48세,중상,승용,남,62세,경상
2014092700100411,2014년 9월 27일 14시,토요일,경상북도 경산시 중산동,중상사고,0,1,0,0,차대차 - 기타,안전거리미확보,건조,맑음,단일로 - 기타,승용,여,47세,상해없음,승용,남,54세,상해없음
2014092700100412,2014년 9월 27일 14시,토요일,경상북도 구미시 선산읍,중상사고,0,1,0,0,차대차 - 기타,직진우회전진행방해,건조,맑음,교차로 - 교차로안,승용,여,52세,상해없음,원동기,남,73세,중상
2014092700100440,2014년 9월 27일 15시,토요일,경상북도 경주시 현곡면,경상사고,0,0,2,0,차대차 - 기타,안전운전불이행,건조,맑음,단일로 - 교량,화물,남,61세,상해없음,승용,여,49세,경상
2014092700100441,2014년 9월 27일 15시,토요일,경상북도 구미시 공단동,중상사고,0,1,1,1,차대차 - 기타,과속,건조,맑음,단일로 - 횡단보도상,승용,남,47세,상해없음,자전거,남,68세,중상
2014092700100484,2014년 9월 27일 16시,토요일,경상북도 영천시 야사동,중상사고,0,1,0,0,차대사람 - 기타,안전운전불이행,건조,맑음,단일로 - 기타,승용,여,42세,상해없음,보행자,남,53세,중상
2014092700100485,2014년 9월 27일 16시,토요일,경상북도 구미시 송정동,중상사고,0,1,0,0,차대차 - 기타,신호위반,건조,맑음,교차로 - 교차로안,승합,남,51세,상해없음,이륜,남,27세,중상
2014092700100486,2014년 9월 27일 16시,토요일,경상북도 포항시 남구 구룡포읍,경상사고,0,0,1,0,차대사람 - 횡단중,안전운전불이행,건조,맑음,교차로 - 교차로안,승용,여,24세,상해없음,보행자,여,71세,경상
2014092700100524,2014년 9월 27일 17시,토요일,경상북도 경주시 시래동,경상사고,0,0,1,0,차대사람 - 횡단중,보행자보호의무위반,건조,맑음,단일로 - 횡단보도상,승용,남,63세,상해없음,보행자,남,58세,경상
2014092700100525,2014년 9월 27일 17시,토요일,경상북도 포항시 북구 양덕동,경상사고,0,0,1,0,차대차 - 기타,불법유턴,건조,맑음,교차로 - 교차로부근,승용,여,40세,상해없음,원동기,남,18세,경상
2014092700100526,2014년 9월 27일 17시,토요일,경상북도 상주시 남성동,경상사고,0,0,1,0,차대사람 - 길가장자리구역통행중,안전운전불이행,건조,맑음,단일로 - 기타,승용,남,56세,상해없음,보행자,남,52세,경상
2014092700100561,2014년 9월 27일 18시,토요일,경상북도 경산시 중방동,경상사고,0,0,1,0,차대차 - 기타,안전운전불이행,건조,맑음,단일로 - 기타,승용,여,49세,상해없음,자전거,남,6세,경상
2014092700100562,2014년 9월 27일 18시,토요일,경상북도 영덕군 남정면,중상사고,0,3,1,0,차대차 - 추돌 - 주정차중,안전운전불이행,건조,맑음,교차로 - 교차로부근,승용,남,36세,상해없음,승용,남,58세,중상
2014092700100605,2014년 9월 27일 19시,토요일,경상북도 경주시 도지동,중상사고,0,2,0,0,차대차 - 기타,안전운전불이행,건조,맑음,단일로 - 기타,승용,남,26세,중상,승용,여,47세,상해없음
2014092700100606,2014년 9월 27일 19시,토요일,경상북도 안동시 송현동,경상사고,0,0,4,0,차대차 - 추돌 - 진행중,안전운전불이행,건조,맑음,단일로 - 기타,화물,남,43세,상해없음,승용,남,36세,경상
2014092700100607,2014년 9월 27일 19시,토요일,경상북도 포항시 남구 청림동,중상사고,0,1,0,0,차대차 - 기타,불법유턴,건조,맑음,교차로 - 교차로부근,승용,남,36세,상해없음,이륜,남,69세,중상
2014092700100647,2014년 9월 27일 20시,토요일,경상북도 칠곡군 석적읍,경상사고,0,0,1,0,차대사람 - 기타,안전운전불이행,건조,맑음,단일로 - 기타,이륜,남,71세,상해없음,보행자,남,6세,경상
2014092700100648,2014년 9월 27일 20시,토요일,경상북도 경산시 진량읍,중상사고,0,1,0,0,차량단독 - 공작물충돌,안전운전불이행,건조,맑음,단일로 - 기타,승용,여,44세,중상,,,,
2014092700100681,2014년 9월 27일 21시,토요일,경상북도 경주시 성건동,부상신고사고,0,0,0,1,차대차 - 기타,안전운전불이행,건조,맑음,교차로 - 교차로안,이륜,남,33세,부상신고,승용,남,51세,상해없음
2014092700100682,2014년 9월 27일 21시,토요일,경상북도 칠곡군 석적읍,경상사고,0,0,1,0,차대차 - 기타,안전운전불이행,건조,맑음,단일로 - 기타,승용,여,46세,상해없음,이륜,남,28세,경상
2014092700100713,2014년 9월 27일 22시,토요일,경상북도 경주시 건천읍,중상사고,0,1,0,0,차대차 - 기타,안전운전불이행,건조,맑음,단일로 - 기타,화물,남,62세,상해없음,자전거,남,52세,중상
2014092700100714,2014년 9월 27일 22시,토요일,경상북도 의성군 금성면,중상사고,0,5,2,0,차대차 - 측면직각충돌,중앙선침범,건조,맑음,교차로 - 교차로부근,승용,여,36세,상해없음,화물,남,68세,경상
2014092700100715,2014년 9월 27일 22시,토요일,경상북도 성주군 성주읍,경상사고,0,0,1,0,차량단독 - 전도전복,안전운전불이행,건조,맑음,기타 - 기타,승용,남,54세,상해없음,,,,
2014092700100739,2014년 9월 27일 23시,토요일,경상북도 안동시 옥동,중상사고,0,1,0,0,차대차 - 추돌 - 주정차중,안전운전불이행,건조,맑음,단일로 - 기타,이륜,남,16세,상해없음,승용,남,57세,상해없음
2014092800100043,2014년 9월 28일 02시,일요일,경상북도 경산시 하양읍,경상사고,0,0,1,0,차량단독 - 기타,안전운전불이행,건조,맑음,단일로 - 기타,이륜,남,16세,상해없음,,,,
2014092800100066,2014년 9월 28일 03시,일요일,경상북도 안동시 광석동,경상사고,0,0,2,0,차대차 - 측면직각충돌,교차로운행방법위반,건조,맑음,교차로 - 교차로안,승용,남,30세,상해없음,승용,여,29세,경상
2014092800100092,2014년 9월 28일 05시,일요일,경상북도 경산시 중방동,중상사고,0,1,0,0,차대사람 - 기타,안전운전불이행,건조,맑음,단일로 - 기타,승용,남,61세,상해없음,보행자,남,72세,중상
2014092800100113,2014년 9월 28일 07시,일요일,경상북도 경산시 자인면,중상사고,0,1,1,0,차대차 - 기타,신호위반,건조,맑음,교차로 - 교차로안,화물,남,53세,경상,승용,남,36세,중상
2014092800100114,2014년 9월 28일 07시,일요일,경상북도 구미시 원평동,중상사고,0,1,0,0,차대차 - 기타,안전운전불이행,건조,맑음,단일로 - 횡단보도상,원동기,남,20세,기타불명,이륜,여,66세,중상