사고번호,사고일시,요일,시군구,사고내용,사망자수,중상자수,경상자수,부상신고자수,사고유형,법규위반,노면상태,기상상태,도로형태,가해운전자 차종,가해운전자 성별,가해운전자 연령,가해운전자 상해정도,피해운전자 차종,피해운전자 성별,피해운전자 연령,피해운전자 상해정도
2014092800100128,2014년 9월 28일 08시,일요일,경상북도 성주군 선남면,경상사고,0,0,1,0,차대차 - 기타,안전운전불이행,건조,맑음,기타 - 기타,건설기계,남,54세,상해없음,승용,여,65세,경상
2014092800100158,2014년 9월 28일 10시,일요일,경상북도 칠곡군 석적읍,중상사고,0,1,1,0,차대사람 - 기타,안전운전불이행,건조,맑음,단일로 - 횡단보도상,승용,남,26세,상해없음,보행자,여,55세,중상
2014092800100159,2014년 9월 28일 10시,일요일,경상북도 구미시 장천면,중상사고,0,1,0,0,차대사람 - 기타,안전운전불이행,건조,맑음,단일로 - 기타,화물,남,50세,상해없음,보행자,여,81세,중상
2014092800100177,2014년 9월 28일 11시,일요일,경상북도 포항시 북구 우현동,경상사고,0,0,9,0,차대차 - 추돌 - 주정차중,안전거리미확보,건조,맑음,교차로 - 교차로부근,승합,남,65세,상해없음,승합,남,29세,경상
2014092800100178,2014년 9월 28일 11시,일요일,경상북도 성주군 수륜면,경상사고,0,0,1,0,차대차 - 정면충돌,중앙선침범,건조,맑음,기타 - 기타,승용,남,63세,상해없음,승용,남,60세,경상
2014092800100205,2014년 9월 28일 12시,일요일,경상북도 칠곡군 석적읍,경상사고,0,0,1,0,차대사람 - 기타,안전운전불이행,건조,맑음,단일로 - 기타,승용,남,70세,상해없음,보행자,남,18세,경상
2014092800100206,2014년 9월 28일 12시,일요일,경상북도 문경시 모전동,중상사고,0,1,0,0,차대사람 - 기타,안전운전불이행,건조,맑음,단일로 - 기타,승합,남,38세,상해없음,보행자,여,78세,중상
2014092800100232,2014년 9월 28일 13시,일요일,경상북도 영천시 금노동,중상사고,0,1,2,0,차대차 - 기타,안전운전불이행,건조,맑음,교차로 - 교차로안,승용,남,55세,상해없음,승용,남,58세,중상
2014092800100233,2014년 9월 28일 13시,일요일,경상북도 영천시 금호읍,경상사고,0,0,1,0,차대차 - 측면직각충돌,안전운전불이행,건조,맑음,단일로 - 기타,승용,남,72세,상해없음,자전거,남,40세,경상
2014092800100265,2014년 9월 28일 14시,일요일,경상북도 김천시 지좌동,경상사고,0,0,1,0,차대차 - 측면직각충돌,교차로운행방법위반,건조,맑음,교차로 - 교차로부근,승용,여,61세,상해없음,자전거,남,15세,경상
2014092800100266,2014년 9월 28일 14시,일요일,경상북도 문경시 모전동,중상사고,0,1,0,0,차대차 - 측면직각충돌,안전운전불이행,건조,맑음,교차로 - 교차로안,이륜,남,38세,중상,승용,남,53세,상해없음
2014092800100267,2014년 9월 28일 14시,일요일,경상북도 구미시 지산동,중상사고,0,1,0,0,차대차 - 기타,안전운전불이행,건조,맑음,교차로 - 교차로안,승용,남,28세,상해없음,승용,여,40세,중상
2014092800100296,2014년 9월 28일 15시,일요일,경상북도 경주시 외동읍,경상사고,0,0,1,0,차대차 - 기타,안전운전불이행,건조,맑음,단일로 - 기타,원동기,남,44세,경상,승용,남,64세,상해없음
2014092800100297,2014년 9월 28일 15시,일요일,경상북도 김천시 용두동,중상사고,0,1,0,0,차대차 - 측면직각충돌,교차로운행방법위반,건조,맑음,교차로 - 교차로안,이륜,남,82세,중상,승용,여,41세,상해없음
2014092800100298,2014년 9월 28일 15시,일요일,경상북도 문경시 마성면,중상사고,0,1,1,0,차대차 - 추돌 - 주정차중,안전운전불이행,건조,맑음,교차로 - 교차로안,이륜,남,44세,상해없음,이륜,남,48세,중상
2014092800100323,2014년 9월 28일 16시,일요일,경상북도 경산시 하양읍,경상사고,0,0,1,0,차대차 - 기타,안전운전불이행,건조,맑음,단일로 - 기타,승용,남,54세,상해없음,화물,남,66세,경상
2014092800100324,2014년 9월 28일 16시,일요일,경상북도 성주군 용암면,중상사고,0,1,0,0,차량단독 - 전도전복,안전운전불이행,건조,맑음,교차로 - 교차로안,이륜,남,16세,상해없음,,,,
2014092800100325,2014년 9월 28일 16시,일요일,경상북도 고령군 다산면,경상사고,0,0,3,0,차대차 - 추돌 - 진행중,안전운전불이행,건조,맑음,교차로 - 교차로부근,승용,여,37세,상해없음,승용,남,37세,경상
2014092800100352,2014년 9월 28일 17시,일요일,경상북도 경주시 황남동,경상사고,0,0,5,0,차대차 - 측면직각충돌,안전운전불이행,건조,맑음,단일로 - 횡단보도상,이륜,남,60세,상해없음,승용,여,25세,경상
2014092800100353,2014년 9월 28일 17시,일요일,경상북도 구미시 남통동,중상사고,0,1,0,0,차대사람 - 기타,보행자보호의무위반,건조,맑음,단일로 - 횡단보도상,승용,여,48세,상해없음,보행자,여,8세,중상
2014092800100396,2014년 9월 28일 18시,일요일,경상북도 경주시 감포읍,중상사고,0,4,2,0,차대차 - 정면충돌,중앙선침범,건조,맑음,단일로 - 기타,승용,남,45세,상해없음,승용,남,46세,중상
2014092800100397,2014년 9월 28일 18시,일요일,경상북도 칠곡군 북삼읍,중상사고,0,1,0,0,차량단독 - 공작물충돌,안전운전불이행,건조,맑음,단일로 - 기타,승용,남,41세,중상,,,,
2014092800100398,2014년 9월 28일 18시,일요일,경상북도 청송군 현서면,중상사고,0,1,0,0,차대차 - 기타,안전운전불이행,건조,맑음,단일로 - 기타,승용,남,46세,상해없음,농기계,남,62세,중상
2014092800100431,2014년 9월 28일 19시,일요일,경상북도 경주시 양북면,경상사고,0,0,2,0,차대차 - 기타,중앙선침범,건조,맑음,단일로 - 기타,승합,남,45세,상해없음,승용,남,41세,경상
2014092800100432,2014년 9월 28일 19시,일요일,경상북도 경주시 충효동,경상사고,0,0,4,0,차대차 - 기타,안전운전불이행,건조,맑음,단일로 - 기타,승합,남,52세,상해없음,승용,남,47세,경상
2014092800100433,2014년 9월 28일 19시,일요일,경상북도 안동시 태화동,중상사고,0,2,0,0,차대차 - 기타,교차로운행방법위반,건조,맑음,교차로 - 교차로부근,승용,남,36세,중상,승용,남,53세,중상
2014092800100434,2014년 9월 28일 19시,일요일,경상북도 구미시 인의동,중상사고,0,1,0,0,차대차 - 기타,중앙선침범,건조,맑음,단일로 - 기타,승용,여,37세,상해없음,화물,남,56세,중상
2014092800100498,2014년 9월 28일 21시,일요일,경상북도 경주시 동부동,중상사고,0,1,0,0,차대차 - 기타,안전운전불이행,건조,맑음,단일로 - 기타,승용,남,41세,상해없음,자전거,남,51세,중상
2014092800100499,2014년 9월 28일 21시,일요일,경상북도 포항시 남구 동해면,중상사고,0,1,1,0,차량단독 - 기타,안전운전불이행,건조,맑음,단일로 - 기타,화물,남,60세,경상,,,,
2014092800100521,2014년 9월 28일 22시,일요일,경상북도 경주시 외동읍,경상사고,0,0,3,0,차대차 - 측면직각충돌,안전운전불이행,건조,맑음,단일로 - 기타,승용,기타불명,기타불명,기타불명,승용,여,26세,경상
2014092800100522,2014년 9월 28일 22시,일요일,경상북도 상주시 함창읍,부상신고사고,0,0,0,1,차량단독 - 공작물충돌,안전운전불이행,건조,맑음,단일로 - 기타,화물,남,21세,부상신고,,,,
2014092800100523,2014년 9월 28일 22시,일요일,경상북도 경산시 진량읍,경상사고,0,0,1,0,차대차 - 기타,신호위반,건조,맑음,교차로 - 교차로안,승용,남,35세,기타불명,승용,남,23세,경상
2014092900100029,2014년 9월 29일 03시,월요일,경상북도 구미시 원평동,경상사고,0,0,1,0,차대차 - 기타,안전거리미확보,건조,흐림,단일로 - 기타,승용,남,37세,상해없음,승용,남,47세,경상
2014092900100067,2014년 9월 29일 06시,월요일,경상북도 고령군 다산면,중상사고,0,1,0,0,차대차 - 측면직각충돌,교차로운행방법위반,건조,맑음,교차로 - 교차로부근,이륜,남,87세,중상,건설기계,남,58세,상해없음
2014092900100123,2014년 9월 29일 08시,월요일,경상북도 영주시 휴천동,중상사고,0,1,0,0,차대사람 - 횡단중,안전운전불이행,습기,비,교차로 - 교차로부근,승용,남,41세,상해없음,보행자,남,52세,중상
2014092900100124,2014년 9월 29일 08시,월요일,경상북도 칠곡군 석적읍,부상신고사고,0,0,0,1,차대차 - 기타,중앙선침범,건조,흐림,단일로 - 기타,원동기,남,42세,상해없음,승용,남,26세,상해없음
2014092900100125,2014년 9월 29일 08시,월요일,경상북도 성주군 성주읍,중상사고,0,1,1,0,차대차 - 측면직각충돌,직진우회전진행방해,건조,맑음,기타 - 기타,화물,남,55세,상해없음,승용,여,37세,중상
2014092900100160,2014년 9월 29일 09시,월요일,경상북도 안동시 남선면,경상사고,0,0,1,0,차대차 - 기타,안전운전불이행,습기,비,교차로 - 교차로안,원동기,남,74세,경상,승용,남,70세,상해없음
2014092900100161,2014년 9월 29일 09시,월요일,경상북도 칠곡군 약목면,경상사고,0,0,1,0,차대사람 - 기타,안전운전불이행,건조,맑음,단일로 - 기타,승용,여,42세,상해없음,보행자,여,73세,경상
2014092900100162,2014년 9월 29일 09시,월요일,경상북도 고령군 운수면,사망사고,1,0,0,0,차량단독 - 도로외이탈 - 기타,안전운전불이행,건조,맑음,단일로 - 기타,이륜,남,52세,사망,,,,
2014092900100163,2014년 9월 29일 09시,월요일,경상북도 영천시 임고면,중상사고,0,2,0,0,차량단독 - 공작물충돌,안전운전불이행,건조,흐림,단일로 - 기타,화물,남,53세,중상,,,,
2014092900100195,2014년 9월 29일 10시,월요일,경상북도 안동시 태화동,경상사고,0,0,1,0,차대차 - 측면직각충돌,교차로운행방법위반,습기,비,교차로 - 교차로안,승용,남,61세,상해없음,승용,여,46세,상해없음
2014092900100196,2014년 9월 29일 10시,월요일,경상북도 칠곡군 석적읍,경상사고,0,0,1,0,차대차 - 측면직각충돌,교차로운행방법위반,건조,맑음,교차로 - 교차로안,화물,남,34세,상해없음,승용,남,31세,경상
2014092900100197,2014년 9월 29일 10시,월요일,경상북도 영천시 금호읍,경상사고,0,0,1,0,차대차 - 기타,안전운전불이행,건조,맑음,교차로 - 교차로안,자전거,여,58세,경상,화물,남,46세,상해없음
2014092900100222,2014년 9월 29일 11시,월요일,경상북도 문경시 산양면,경상사고,0,0,1,0,차대차 - 기타,안전운전불이행,습기,비,교차로 - 교차로부근,화물,남,35세,상해없음,자전거,남,79세,경상
2014092900100223,2014년 9월 29일 11시,월요일,경상북도 봉화군 봉화읍,부상신고사고,0,0,0,1,차량단독 - 도로외이탈 - 기타,안전운전불이행,습기,비,단일로 - 기타,원동기,남,76세,부상신고,,,,
2014092900100256,2014년 9월 29일 12시,월요일,경상북도 경주시 서면,경상사고,0,0,1,0,차대차 - 기타,안전운전불이행,건조,흐림,교차로 - 교차로안,농기계,남,74세,경상,화물,남,49세,상해없음
2014092900100257,2014년 9월 29일 12시,월요일,경상북도 문경시 호계면,경상사고,0,0,1,0,차대차 - 추돌 - 주정차중,안전운전불이행,습기,흐림,교차로 - 교차로안,화물,남,62세,상해없음,승용,남,52세,경상
2014092900100297,2014년 9월 29일 13시,월요일,경상북도 안동시 남문동,경상사고,0,0,1,0,차대사람 - 기타,보행자보호의무위반,습기,비,기타 - 기타,화물,남,34세,상해없음,보행자,여,26세,경상
2014092900100324,2014년 9월 29일 14시,월요일,경상북도 포항시 북구 죽도동,중상사고,0,1,0,0,차대사람 - 횡단중,안전운전불이행,습기,비,단일로 - 기타,승용,여,58세,상해없음,보행자,여,56세,중상
2014092900100325,2014년 9월 29일 14시,월요일,경상북도 문경시 모전동,경상사고,0,0,1,0,차대차 - 기타,안전운전불이행,습기,비,기타 - 기타,승용,남,35세,상해없음,승용,여,38세,경상
2014092900100326,2014년 9월 29일 14시,월요일,경상북도 구미시 공단동,경상사고,0,0,2,0,차대차 - 추돌 - 주정차중,안전운전불이행,건조,맑음,기타 - 기타,화물,기타불명,기타불명,기타불명,승용,여,34세,경상
2014092900100360,2014년 9월 29일 15시,월요일,경상북도 경주시 안강읍,중상사고,0,1,0,0,차대사람 - 기타,안전운전불이행,건조,맑음,단일로 - 기타,승용,남,72세,상해없음,보행자,여,73세,중상
2014092900100361,2014년 9월 29일 15시,월요일,경상북도 안동시 이천동,경상사고,0,0,1,0,차대차 - 기타,안전운전불이행,기타,맑음,단일로 - 기타,화물,남,52세,상해없음,이륜,남,75세,경상
2014092900100362,2014년 9월 29일 15시,월요일,경상북도 안동시 태화동,경상사고,0,0,2,0,차대차 - 기타,안전운전불이행,습기,흐림,단일로 - 기타,승용,남,27세,상해없음,승용,여,45세,경상
2014092900100363,2014년 9월 29일 15시,월요일,경상북도 청송군 현서면,경상사고,0,0,4,0,차대차 - 정면충돌,중앙선침범,습기,비,단일로 - 기타,화물,남,52세,상해없음,승용,여,49세,경상
2014092900100364,2014년 9월 29일 15시,월요일,경상북도 구미시 선산읍,경상사고,0,0,1,0,차대차 - 측면직각충돌,안전운전불이행,습기,비,단일로 - 기타,원동기,여,72세,경상,승용,여,48세,상해없음
2014092900100396,2014년 9월 29일 16시,월요일,경상북도 경주시 내남면,중상사고,0,1,0,0,차대사람 - 기타,안전운전불이행,습기,비,단일로 - 기타,기타불명,기타불명,기타불명,기타불명,보행자,남,74세,중상
2014092900100398,2014년 9월 29일 16시,월요일,경상북도 김천시 개령면,중상사고,0,1,0,0,차대차 - 측면직각충돌,교차로운행방법위반,습기,비,교차로 - 교차로안,승용,여,44세,상해없음,건설기계,남,37세,상해없음
2014092900100399,2014년 9월 29일 16시,월요일,경상북도 경산시 와촌면,중상사고,0,2,0,0,차대차 - 기타,신호위반,습기,비,교차로 - 교차로안,화물,여,61세,상해없음,승용,남,77세,중상
2014092900100400,2014년 9월 29일 16시,월요일,경상북도 영덕군 달산면,부상신고사고,0,0,0,1,차량단독 - 도로외이탈 - 추락,안전운전불이행,건조,맑음,교차로 - 교차로부근,화물,남,44세,부상신고,,,,
2014092900100401,2014년 9월 29일 16시,월요일,경상북도 포항시 남구 연일읍,경상사고,0,0,1,0,차대차 - 기타,안전운전불이행,습기,비,교차로 - 교차로안,승용,여,60세,상해없음,승용,남,58세,경상
2014092900100441,2014년 9월 29일 17시,월요일,경상북도 경주시 황성동,경상사고,0,0,1,0,차대차 - 기타,안전운전불이행,건조,맑음,교차로 - 교차로부근,승용,남,53세,상해없음,승용,여,27세,경상
2014092900100442,2014년 9월 29일 17시,월요일,경상북도 문경시 모전동,중상사고,0,1,0,0,차대차 - 측면직각충돌,안전운전불이행,건조,맑음,교차로 - 교차로안,승용,여,47세,상해없음,이륜,남,16세,중상
2014092900100443,2014년 9월 29일 17시,월요일,경상북도 구미시 장천면,경상사고,0,0,1,0,차대차 - 측면직각충돌,교차로운행방법위반,습기,흐림,교차로 - 교차로안,승합,여,19세,상해없음,승용,남,56세,경상
2014092900100444,2014년 9월 29일 17시,월요일,경상북도 구미시 형곡동,경상사고,0,0,2,0,차대차 - 기타,안전거리미확보,습기,비,단일로 - 기타,승용,남,52세,상해없음,승용,여,33세,경상
2014092900100484,2014년 9월 29일 18시,월요일,경상북도 상주시 서문동,경상사고,0,0,1,0,차대차 - 측면직각충돌,교차로운행방법위반,습기,비,교차로 - 교차로안,승용,남,58세,상해없음,이륜,남,21세,경상
2014092900100485,2014년 9월 29일 18시,월요일,경상북도 경산시 사동,경상사고,0,0,1,0,차대차 - 기타,안전운전불이행,건조,맑음,단일로 - 기타,승용,남,42세,상해없음,승용,남,48세,경상
2014092900100536,2014년 9월 29일 19시,월요일,경상북도 구미시 인의동,경상사고,0,0,2,0,차대차 - 측면직각충돌,안전운전불이행,건조,맑음,교차로 - 교차로안,승용,남,47세,상해없음,승합,남,57세,상해없음
2014092900100575,2014년 9월 29일 20시,월요일,경상북도 포항시 북구 대흥동,경상사고,0,0,1,0,차대차 - 기타,중앙선침범,건조,맑음,단일로 - 기타,승용,남,58세,상해없음,승용,여,26세,경상
2014092900100576,2014년 9월 29일 20시,월요일,경상북도 칠곡군 석적읍,경상사고,0,0,1,0,차량단독 - 공작물충돌,안전운전불이행,건조,맑음,단일로 - 기타,승용,남,29세,경상,,,,
2014092900100577,2014년 9월 29일 20시,월요일,경상북도 경산시 남산면,중상사고,0,1,0,0,차대차 - 기타,안전운전불이행,건조,맑음,단일로 - 기타,화물,남,26세,상해없음,자전거,남,41세,중상
2014092900100605,2014년 9월 29일 21시,월요일,경상북도 구미시 해평면,경상사고,0,0,2,0,차대차 - 측면직각충돌,중앙선침범,건조,흐림,단일로 - 기타,승용,남,32세,상해없음,승합,남,47세,상해없음
2014093000100014,2014년 9월 30일 00시,화요일,경상북도 영천시 금호읍,중상사고,0,3,2,0,차량단독 - 전도전복,안전운전불이행,건조,맑음,단일로 - 기타,승용,남,21세,중상,,,,
2014093000100039,2014년 9월 30일 02시,화요일,경상북도 경산시 계양동,경상사고,0,0,2,0,차대차 - 기타,기타,습기,흐림,교차로 - 교차로안,승용,여,46세,경상,승용,여,64세,경상
2014093000100051,2014년 9월 30일 03시,화요일,경상북도 포항시 북구 대흥동,중상사고,0,1,0,0,차대사람 - 기타,안전운전불이행,건조,맑음,교차로 - 교차로부근,승용,여,44세,상해없음,보행자,남,33세,중상
2014093000100108,2014년 9월 30일 07시,화요일,경상북도 경주시 현곡면,중상사고,0,1,0,0,차대차 - 기타,안전운전불이행,건조,맑음,교차로 - 교차로부근,승용,여,42세,상해없음,화물,남,64세,중상
2014093000100109,2014년 9월 30일 07시,화요일,경상북도 포항시 북구 남빈동,중상사고,0,1,0,0,차대차 - 기타,안전운전불이행,건조,흐림,단일로 - 기타,승용,여,59세,상해없음,자전거,남,81세,중상
2014093000100110,2014년 9월 30일 07시,화요일,경상북도 포항시 남구 대잠동,경상사고,0,0,2,0,차대차 - 기타,안전운전불이행,건조,맑음,교차로 - 교차로안,화물,남,58세,상해없음,승용,남,57세,경상
2014093000100152,2014년 9월 30일 08시,화요일,경상북도 경주시 효현동,중상사고,0,2,1,0,차대차 - 기타,안전운전불이행,건조,흐림,교차로 - 교차로안,화물,남,25세,경상,승용,남,32세,중상
2014093000100153,2014년 9월 30일 08시,화요일,경상북도 영주시 휴천동,경상사고,0,0,1,0,차대차 - 측면직각충돌,안전운전불이행,건조,맑음,단일로 - 기타,승용,여,45세,상해없음,자전거,남,13세,경상
2014093000100196,2014년 9월 30일 09시,화요일,경상북도 경주시 동천동,중상사고,0,1,1,0,차대차 - 기타,교차로운행방법위반,건조,맑음,교차로 - 교차로부근,승용,남,31세,상해없음,원동기,남,69세,중상
2014093000100197,2014년 9월 30일 09시,화요일,경상북도 칠곡군 석적읍,경상사고,0,0,1,0,차대차 - 기타,안전운전불이행,건조,맑음,교차로 - 교차로부근,승용,여,33세,상해없음,승용,남,44세,경상
2014093000100198,2014년 9월 30일 09시,화요일,경상북도 영천시 금호읍,중상사고,0,3,1,0,차대차 - 기타,교차로운행방법위반,건조,맑음,교차로 - 교차로안,화물,남,63세,경상,승합,여,41세,중상
2014093000100199,2014년 9월 30일 09시,화요일,경상북도 영덕군 강구면,경상사고,0,0,1,1,차대차 - 측면직각충돌,안전운전불이행,건조,맑음,교차로 - 교차로부근,원동기,남,49세,부상신고,승용,남,54세,상해없음
2014093000100284,2014년 9월 30일 11시,화요일,경상북도 구미시 공단동,경상사고,0,0,1,0,차대차 - 기타,안전운전불이행,건조,맑음,교차로 - 교차로부근,승용,남,28세,기타불명,승용,남,54세,경상
2014093000100314,2014년 9월 30일 12시,화요일,경상북도 포항시 남구 장기면,중상사고,0,1,0,0,차대차 - 기타,중앙선침범,건조,맑음,단일로 - 기타,승용,남,65세,중상,건설기계,남,61세,상해없음
2014093000100347,2014년 9월 30일 13시,화요일,경상북도 안동시 태화동,경상사고,0,0,1,0,차대차 - 측면직각충돌,신호위반,건조,맑음,교차로 - 교차로안,승용,남,63세,상해없음,승용,여,54세,경상
2014093000100348,2014년 9월 30일 13시,화요일,경상북도 울진군 북면,중상사고,0,1,0,0,차대차 - 기타,안전운전불이행,습기,비,교차로 - 교차로안,승용,여,39세,상해없음,승용,남,38세,중상
2014093000100349,2014년 9월 30일 13시,화요일,경상북도 군위군 부계면,중상사고,0,1,1,0,차대차 - 측면직각충돌,교차로운행방법위반,습기,비,교차로 - 교차로안,승용,남,51세,중상,화물,남,31세,경상
2014093000100428,2014년 9월 30일 15시,화요일,경상북도 포항시 북구 죽도동,중상사고,0,1,0,0,차대사람 - 기타,안전운전불이행,건조,맑음,교차로 - 교차로안,화물,여,48세,상해없음,보행자,여,55세,중상
2014093000100429,2014년 9월 30일 15시,화요일,경상북도 안동시 남문동,중상사고,0,1,0,0,차대사람 - 횡단중,안전운전불이행,건조,맑음,단일로 - 기타,화물,남,36세,상해없음,보행자,남,71세,중상
2014093000100430,2014년 9월 30일 15시,화요일,경상북도 문경시 모전동,경상사고,0,0,1,0,차대사람 - 횡단중,안전운전불이행,건조,맑음,교차로 - 교차로부근,화물,남,60세,상해없음,보행자,남,81세,경상
2014093000100464,2014년 9월 30일 16시,화요일,경상북도 영천시 금호읍,경상사고,0,0,1,0,차대차 - 추돌 - 주정차중,안전운전불이행,건조,맑음,단일로 - 기타,건설기계,남,53세,상해없음,승용,남,51세,경상
2014093000100465,2014년 9월 30일 16시,화요일,경상북도 문경시 마성면,경상사고,0,0,1,0,차대사람 - 기타,안전운전불이행,건조,맑음,단일로 - 기타,승합,남,47세,상해없음,보행자,남,56세,경상
2014093000100466,2014년 9월 30일 16시,화요일,경상북도 울진군 북면,경상사고,0,0,1,0,차대차 - 측면직각충돌,안전운전불이행,건조,맑음,단일로 - 기타,승용,여,56세,상해없음,승용,남,50세,경상
2014093000100503,2014년 9월 30일 17시,화요일,경상북도 포항시 남구 효자동,경상사고,0,0,2,0,차대차 - 기타,차로위반,건조,맑음,단일로 - 기타,승용,남,44세,상해없음,화물,남,33세,경상
2014093000100559,2014년 9월 30일 18시,화요일,경상북도 경주시 양북면,경상사고,0,0,1,0,차대차 - 측면직각충돌,안전운전불이행,습기,비,단일로 - 기타,승합,남,51세,상해없음,승용,여,57세,경상
2014093000100560,2014년 9월 30일 18시,화요일,경상북도 안동시 수상동,사망사고,1,0,0,0,차대차 - 추돌 - 진행중,안전운전불이행,건조,맑음,교차로 - 교차로부근,이륜,남,73세,사망,승용,남,40세,상해없음
2014093000100561,2014년 9월 30일 18시,화요일,경상북도 칠곡군 북삼읍,중상사고,0,1,0,0,차대차 - 기타,신호위반,건조,맑음,교차로 - 교차로안,화물,남,42세,상해없음,이륜,여,50세,중상
2014093000100562,2014년 9월 30일 18시,화요일,경상북도 군위군 산성면,중상사고,0,1,0,0,차량단독 - 전도전복,안전운전불이행,건조,맑음,단일로 - 기타,원동기,남,53세,중상,,,,
2014093000100619,2014년 9월 30일 19시,화요일,경상북도 경주시 내남면,경상사고,0,0,5,0,차대차 - 추돌 - 주정차중,안전운전불이행,건조,흐림,단일로 - 기타,화물,남,57세,상해없음,승합,남,43세,경상
2014093000100620,2014년 9월 30일 19시,화요일,경상북도 포항시 북구 양덕동,경상사고,0,0,3,0,차대차 - 기타,중앙선침범,건조,맑음,단일로 - 기타,승용,남,70세,상해없음,화물,남,41세,경상
2014093000100621,2014년 9월 30일 19시,화요일,경상북도 포항시 북구 장성동,경상사고,0,0,2,0,차대차 - 기타,안전운전불이행,건조,맑음,단일로 - 기타,화물,남,52세,상해없음,승용,남,44세,경상
2014093000100622,2014년 9월 30일 19시,화요일,경상북도 안동시 임하면,경상사고,0,0,1,0,차량단독 - 도로외이탈 - 추락,안전운전불이행,건조,맑음,단일로 - 기타,승용,남,56세,경상,,,,
2014093000100623,2014년 9월 30일 19시,화요일,경상북도 상주시 냉림동,중상사고,0,2,6,0,차대차 - 추돌 - 주정차중,안전운전불이행,건조,맑음,단일로 - 기타,화물,남,61세,경상,승합,여,42세,중상
2014093000100624,2014년 9월 30일 19시,화요일,경상북도 구미시 신평동,경상사고,0,0,3,0,차대차 - 기타,직진우회전진행방해,건조,맑음,교차로 - 교차로부근,승용,여,54세,기타불명,승용,여,26세,경상
2014093000100625,2014년 9월 30일 19시,화요일,경상북도 포항시 남구 인덕동,경상사고,0,0,2,0,차대차 - 기타,직진우회전진행방해,건조,맑음,교차로 - 교차로안,승용,남,54세,경상,승용,여,62세,경상
2014093000100651,2014년 9월 30일 20시,화요일,경상북도 경주시 양북면,중상사고,0,1,0,0,차대사람 - 기타,안전운전불이행,건조,흐림,단일로 - 기타,기타불명,기타불명,기타불명,기타불명,보행자,남,13세,중상
2014093000100652,2014년 9월 30일 20시,화요일,경상북도 영주시 가흥동,중상사고,0,1,0,0,차대사람 - 횡단중,안전운전불이행,건조,맑음,단일로 - 기타,승용,남,47세,상해없음,보행자,남,58세,중상
2014093000100693,2014년 9월 30일 21시,화요일,경상북도 칠곡군 약목면,경상사고,0,0,1,0,차대차 - 측면직각충돌,신호위반,습기,흐림,교차로 - 교차로안,승용,남,51세,상해없음,이륜,남,42세,경상
2014093000100694,2014년 9월 30일 21시,화요일,경상북도 경산시 중산동,중상사고,0,1,0,0,차대차 - 기타,안전운전불이행,건조,맑음,교차로 - 교차로부근,승용,남,45세,상해없음,승용,남,60세,상해없음
2014100100100041,2014년 10월 1일 02시,수요일,경상북도 포항시 남구 동해면,중상사고,0,1,0,0,차량단독 - 기타,안전운전불이행,건조,맑음,단일로 - 기타,승용,남,37세,상해없음,,,,
2014100100100080,2014년 10월 1일 06시,수요일,경상북도 포항시 남구 송내동,경상사고,0,0,1,0,차대차 - 정면충돌,안전운전불이행,습기,비,미분류 - 미분류,이륜,남,60세,상해없음,이륜,남,31세,경상
2014100100100104,2014년 10월 1일 07시,수요일,경상북도 칠곡군 석적읍,중상사고,0,1,0,0,차대차 - 측면직각충돌,신호위반,건조,맑음,교차로 - 교차로안,승합,남,51세,상해없음,화물,남,54세,중상
2014100100100177,2014년 10월 1일 09시,수요일,경상북도 경주시 성건동,경상사고,0,0,2,0,차대차 - 기타,중앙선침범,건조,맑음,단일로 - 기타,승합,남,66세,상해없음,승용,여,66세,경상
2014100100100178,2014년 10월 1일 09시,수요일,경상북도 포항시 북구 청하면,중상사고,0,1,0,0,차대사람 - 횡단중,안전운전불이행,건조,흐림,단일로 - 기타,이륜,여,76세,상해없음,보행자,여,69세,중상
2014100100100179,2014년 10월 1일 09시,수요일,경상북도 포항시 북구 죽도동,경상사고,0,0,1,0,차대사람 - 횡단중,안전운전불이행,건조,맑음,단일로 - 기타,원동기,남,60세,상해없음,보행자,여,64세,경상
2014100100100180,2014년 10월 1일 09시,수요일,경상북도 경산시 백천동,경상사고,0,0,1,0,차대차 - 추돌 - 주정차중,안전운전불이행,건조,맑음,단일로 - 기타,화물,남,40세,상해없음,승용,남,51세,경상
2014100100100181,2014년 10월 1일 09시,수요일,경상북도 경산시 대동,경상사고,0,0,2,0,차대사람 - 기타,안전운전불이행,건조,맑음,단일로 - 기타,이륜,남,25세,경상,보행자,여,22세,경상
2014100100100206,2014년 10월 1일 10시,수요일,경상북도 상주시 공성면,중상사고,0,2,4,0,차량단독 - 도로외이탈 - 추락,안전운전불이행,건조,맑음,단일로 - 기타,승합,남,56세,상해없음,,,,
2014100100100233,2014년 10월 1일 11시,수요일,경상북도 포항시 남구 대송면,중상사고,0,1,0,0,차대차 - 기타,직진우회전진행방해,건조,맑음,교차로 - 교차로부근,승용,여,49세,상해없음,이륜,남,76세,중상
2014100100100257,2014년 10월 1일 12시,수요일,경상북도 포항시 북구 양덕동,경상사고,0,0,1,0,차대차 - 기타,안전거리미확보,건조,맑음,단일로 - 기타,승용,남,45세,상해없음,승용,남,46세,경상
2014100100100258,2014년 10월 1일 12시,수요일,경상북도 안동시 당북동,부상신고사고,0,0,0,1,차대차 - 기타,안전운전불이행,건조,맑음,기타 - 기타,승용,남,57세,상해없음,자전거,남,14세,부상신고