사고번호,사고일시,요일,시군구,사고내용,사망자수,중상자수,경상자수,부상신고자수,사고유형,법규위반,노면상태,기상상태,도로형태,가해운전자 차종,가해운전자 성별,가해운전자 연령,가해운전자 상해정도,피해운전자 차종,피해운전자 성별,피해운전자 연령,피해운전자 상해정도
2014100100100259,2014년 10월 1일 12시,수요일,경상북도 영주시 가흥동,경상사고,0,0,3,0,차대차 - 정면충돌,안전운전불이행,건조,맑음,교차로 - 교차로안,승용,남,71세,경상,승용,남,24세,경상
2014100100100260,2014년 10월 1일 12시,수요일,경상북도 영주시 휴천동,경상사고,0,0,1,0,차대사람 - 횡단중,안전운전불이행,건조,맑음,단일로 - 기타,승용,남,43세,상해없음,보행자,여,13세,경상
2014100100100261,2014년 10월 1일 12시,수요일,경상북도 봉화군 재산면,중상사고,0,1,0,0,차대차 - 정면충돌,안전운전불이행,건조,맑음,단일로 - 기타,승용,여,68세,상해없음,원동기,남,35세,중상
2014100100100287,2014년 10월 1일 13시,수요일,경상북도 의성군 다인면,중상사고,0,1,0,0,차대사람 - 길가장자리구역통행중,안전운전불이행,건조,맑음,교차로 - 교차로부근,승용,남,53세,상해없음,보행자,여,90세 이상,중상
2014100100100288,2014년 10월 1일 13시,수요일,경상북도 영주시 하망동,중상사고,0,1,0,0,차대차 - 측면직각충돌,신호위반,건조,맑음,교차로 - 교차로안,자전거,남,83세,중상,승합,남,55세,상해없음
2014100100100289,2014년 10월 1일 13시,수요일,경상북도 문경시 흥덕동,경상사고,0,0,1,0,차대차 - 기타,안전운전불이행,건조,맑음,기타 - 기타,승용,여,45세,상해없음,자전거,남,71세,경상
2014100100100290,2014년 10월 1일 13시,수요일,경상북도 경산시 진량읍,경상사고,0,0,6,0,차대차 - 기타,교차로운행방법위반,건조,맑음,교차로 - 교차로안,승용,남,27세,경상,승용,남,77세,경상
2014100100100291,2014년 10월 1일 13시,수요일,경상북도 포항시 남구 구룡포읍,경상사고,0,0,1,0,차대사람 - 기타,안전운전불이행,건조,맑음,단일로 - 기타,승용,남,20세,상해없음,보행자,여,43세,경상
2014100100100324,2014년 10월 1일 14시,수요일,경상북도 청송군 안덕면,중상사고,0,1,0,0,차대사람 - 횡단중,안전운전불이행,건조,맑음,단일로 - 기타,승용,여,48세,상해없음,보행자,여,82세,중상
2014100100100355,2014년 10월 1일 15시,수요일,경상북도 경주시 외동읍,중상사고,0,1,0,0,차대사람 - 기타,안전운전불이행,기타,맑음,기타 - 기타,농기계,남,52세,상해없음,보행자,남,72세,중상
2014100100100356,2014년 10월 1일 15시,수요일,경상북도 예천군 용궁면,사망사고,1,0,1,0,차대차 - 측면직각충돌,안전운전불이행,건조,맑음,교차로 - 교차로안,화물,여,63세,상해없음,이륜,남,87세,경상
2014100100100357,2014년 10월 1일 15시,수요일,경상북도 봉화군 물야면,사망사고,1,0,0,0,차량단독 - 전도전복,안전운전불이행,건조,맑음,단일로 - 기타,화물,여,68세,사망,,,,
2014100100100358,2014년 10월 1일 15시,수요일,경상북도 포항시 남구 동해면,경상사고,0,0,1,0,차대사람 - 기타,안전운전불이행,건조,맑음,단일로 - 기타,화물,남,47세,상해없음,보행자,남,75세,경상
2014100100100389,2014년 10월 1일 16시,수요일,경상북도 영주시 가흥동,경상사고,0,0,1,0,차대차 - 측면직각충돌,안전운전불이행,건조,맑음,단일로 - 기타,승용,여,34세,상해없음,자전거,여,41세,경상
2014100100100390,2014년 10월 1일 16시,수요일,경상북도 영천시 문외동,중상사고,0,1,0,0,차대사람 - 횡단중,보행자보호의무위반,건조,맑음,단일로 - 횡단보도상,승용,남,50세,상해없음,보행자,여,9세,중상
2014100100100391,2014년 10월 1일 16시,수요일,경상북도 경산시 와촌면,경상사고,0,0,1,0,차대사람 - 기타,안전운전불이행,건조,맑음,단일로 - 기타,화물,남,69세,상해없음,보행자,남,58세,경상
2014100100100421,2014년 10월 1일 17시,수요일,경상북도 경주시 황남동,중상사고,0,1,0,0,차대차 - 기타,안전운전불이행,건조,맑음,교차로 - 교차로안,이륜,여,60세,중상,이륜,여,32세,상해없음
2014100100100422,2014년 10월 1일 17시,수요일,경상북도 안동시 옥동,중상사고,0,1,0,0,차대사람 - 기타,보행자보호의무위반,건조,맑음,교차로 - 교차로안,승용,여,28세,상해없음,보행자,여,39세,중상
2014100100100423,2014년 10월 1일 17시,수요일,경상북도 영주시 부석면,경상사고,0,0,1,0,차량단독 - 전도전복,안전운전불이행,건조,맑음,단일로 - 기타,건설기계,남,44세,경상,,,,
2014100100100424,2014년 10월 1일 17시,수요일,경상북도 구미시 선산읍,사망사고,2,0,0,0,차대차 - 측면직각충돌,교차로운행방법위반,건조,맑음,교차로 - 교차로안,이륜,남,87세,사망,화물,남,52세,상해없음
2014100100100425,2014년 10월 1일 17시,수요일,경상북도 포항시 남구 대도동,중상사고,0,1,0,0,차대차 - 기타,교차로운행방법위반,건조,맑음,교차로 - 교차로안,승용,남,71세,상해없음,기타불명,남,80세,중상
2014100100100468,2014년 10월 1일 18시,수요일,경상북도 포항시 북구 흥해읍,경상사고,0,0,1,0,차대차 - 기타,안전운전불이행,건조,맑음,단일로 - 기타,승용,남,26세,상해없음,승용,남,59세,상해없음
2014100100100469,2014년 10월 1일 18시,수요일,경상북도 안동시 태화동,경상사고,0,0,1,0,차대차 - 기타,교차로운행방법위반,건조,맑음,교차로 - 교차로안,승용,여,40세,상해없음,승용,남,74세,상해없음
2014100100100470,2014년 10월 1일 18시,수요일,경상북도 칠곡군 왜관읍,부상신고사고,0,0,0,1,차대차 - 기타,중앙선침범,건조,맑음,교차로 - 교차로안,자전거,남,21세,부상신고,승용,남,32세,상해없음
2014100100100471,2014년 10월 1일 18시,수요일,경상북도 청송군 청송읍,중상사고,0,1,0,0,차대차 - 정면충돌,중앙선침범,건조,맑음,단일로 - 기타,승용,여,49세,상해없음,화물,남,62세,중상
2014100100100509,2014년 10월 1일 19시,수요일,경상북도 안동시 남선면,중상사고,0,1,1,0,차대차 - 기타,안전운전불이행,건조,맑음,단일로 - 기타,승용,여,55세,중상,건설기계,남,41세,경상
2014100100100510,2014년 10월 1일 19시,수요일,경상북도 안동시 송현동,중상사고,0,1,0,0,차대사람 - 기타,안전운전불이행,건조,맑음,단일로 - 기타,승용,남,44세,상해없음,보행자,남,54세,중상
2014100100100511,2014년 10월 1일 19시,수요일,경상북도 김천시 신음동,경상사고,0,0,2,0,차대차 - 측면직각충돌,안전운전불이행,건조,맑음,교차로 - 교차로부근,승용,남,34세,상해없음,승용,남,28세,경상
2014100100100512,2014년 10월 1일 19시,수요일,경상북도 예천군 용궁면,경상사고,0,0,1,0,차대차 - 추돌 - 진행중,안전운전불이행,건조,맑음,교차로 - 교차로부근,승용,남,50세,상해없음,승용,여,45세,경상
2014100100100513,2014년 10월 1일 19시,수요일,경상북도 청도군 청도읍,중상사고,0,1,0,0,차대차 - 기타,안전운전불이행,건조,맑음,기타 - 기타,화물,남,60세,상해없음,원동기,남,20세,중상
2014100100100514,2014년 10월 1일 19시,수요일,경상북도 구미시 신평동,중상사고,0,2,1,0,차대차 - 측면직각충돌,차로위반,건조,맑음,단일로 - 기타,승용,여,60세,상해없음,승합,남,44세,상해없음
2014100100100547,2014년 10월 1일 20시,수요일,경상북도 안동시 태화동,경상사고,0,0,1,0,차대사람 - 기타,안전운전불이행,건조,맑음,단일로 - 기타,승용,남,50세,상해없음,보행자,남,55세,경상
2014100100100548,2014년 10월 1일 20시,수요일,경상북도 안동시 풍산읍,경상사고,0,0,2,1,차대차 - 기타,안전운전불이행,건조,맑음,단일로 - 기타,승용,남,29세,부상신고,승용,남,42세,경상
2014100100100549,2014년 10월 1일 20시,수요일,경상북도 안동시 길안면,부상신고사고,0,0,0,1,차량단독 - 공작물충돌,안전운전불이행,건조,맑음,단일로 - 기타,승용,여,47세,부상신고,,,,
2014100100100550,2014년 10월 1일 20시,수요일,경상북도 김천시 부곡동,경상사고,0,0,1,0,차대사람 - 기타,보행자보호의무위반,건조,맑음,교차로 - 교차로부근,기타불명,기타불명,기타불명,기타불명,보행자,여,54세,경상
2014100100100551,2014년 10월 1일 20시,수요일,경상북도 칠곡군 왜관읍,중상사고,0,1,0,0,차대차 - 측면직각충돌,신호위반,건조,맑음,교차로 - 교차로안,승용,남,28세,상해없음,승용,여,47세,중상
2014100100100552,2014년 10월 1일 20시,수요일,경상북도 경산시 중방동,경상사고,0,0,1,0,차대차 - 측면직각충돌,안전운전불이행,건조,맑음,단일로 - 기타,특수,남,31세,상해없음,자전거,남,14세,경상
2014100100100609,2014년 10월 1일 22시,수요일,경상북도 포항시 남구 연일읍,경상사고,0,0,2,0,차대차 - 추돌 - 진행중,안전운전불이행,건조,맑음,단일로 - 기타,승합,남,59세,상해없음,승용,여,55세,경상
2014100100100629,2014년 10월 1일 23시,수요일,경상북도 경산시 하양읍,중상사고,0,1,0,0,차대사람 - 기타,안전운전불이행,건조,맑음,교차로 - 교차로안,승용,남,64세,상해없음,보행자,남,35세,중상
2014100100100630,2014년 10월 1일 23시,수요일,경상북도 영덕군 남정면,중상사고,0,1,0,0,차대사람 - 횡단중,신호위반,건조,맑음,교차로 - 교차로안,승용,남,46세,상해없음,보행자,여,40세,중상
2014100200100070,2014년 10월 2일 06시,목요일,경상북도 포항시 북구 흥해읍,중상사고,0,2,1,0,차대차 - 추돌 - 진행중,안전운전불이행,건조,맑음,단일로 - 기타,화물,남,35세,상해없음,화물,남,62세,경상
2014100200100098,2014년 10월 2일 07시,목요일,경상북도 울진군 죽변면,중상사고,0,1,0,0,차대사람 - 기타,안전운전불이행,건조,맑음,기타 - 기타,승용,남,70세,상해없음,보행자,남,83세,중상
2014100200100138,2014년 10월 2일 08시,목요일,경상북도 상주시 공성면,중상사고,0,1,0,0,차대차 - 측면직각충돌,안전운전불이행,건조,맑음,기타 - 기타,화물,남,62세,상해없음,원동기,여,56세,중상
2014100200100139,2014년 10월 2일 08시,목요일,경상북도 영주시 가흥동,중상사고,0,1,0,0,차대차 - 측면직각충돌,안전운전불이행,건조,맑음,교차로 - 교차로안,승용,남,59세,상해없음,이륜,여,64세,중상
2014100200100140,2014년 10월 2일 08시,목요일,경상북도 칠곡군 왜관읍,경상사고,0,0,1,0,차대차 - 기타,직진우회전진행방해,건조,맑음,교차로 - 교차로안,승용,여,41세,상해없음,승용,남,60세,경상
2014100200100141,2014년 10월 2일 08시,목요일,경상북도 경산시 진량읍,경상사고,0,0,1,0,차대차 - 기타,안전운전불이행,건조,맑음,단일로 - 기타,승용,남,54세,상해없음,승용,남,35세,상해없음
2014100200100142,2014년 10월 2일 08시,목요일,경상북도 구미시 진평동,부상신고사고,0,0,0,1,차대차 - 기타,안전운전불이행,건조,맑음,단일로 - 기타,승용,남,49세,상해없음,승용,남,50세,부상신고
2014100200100175,2014년 10월 2일 09시,목요일,경상북도 청송군 진보면,중상사고,0,1,0,0,차대차 - 기타,교차로운행방법위반,건조,맑음,교차로 - 교차로안,화물,남,31세,상해없음,원동기,남,57세,중상
2014100200100198,2014년 10월 2일 10시,목요일,경상북도 경주시 현곡면,중상사고,0,1,0,0,차대사람 - 기타,보행자보호의무위반,건조,맑음,교차로 - 교차로부근,승용,남,51세,상해없음,보행자,여,85세,중상
2014100200100199,2014년 10월 2일 10시,목요일,경상북도 김천시 지좌동,경상사고,0,0,1,0,차대차 - 측면직각충돌,안전운전불이행,건조,흐림,단일로 - 기타,화물,남,32세,상해없음,승용,여,28세,경상
2014100200100231,2014년 10월 2일 11시,목요일,경상북도 경주시 외동읍,중상사고,0,3,0,0,차대차 - 기타,중앙선침범,건조,맑음,단일로 - 기타,화물,남,43세,상해없음,승용,남,22세,중상
2014100200100232,2014년 10월 2일 11시,목요일,경상북도 경산시 진량읍,경상사고,0,0,1,0,차대사람 - 기타,안전운전불이행,건조,맑음,기타 - 기타,화물,남,37세,상해없음,보행자,남,68세,경상
2014100200100233,2014년 10월 2일 11시,목요일,경상북도 구미시 원평동,중상사고,0,2,0,0,차대차 - 기타,교차로운행방법위반,건조,맑음,교차로 - 교차로안,이륜,남,78세,중상,화물,남,34세,상해없음
2014100200100262,2014년 10월 2일 12시,목요일,경상북도 구미시 공단동,중상사고,0,2,0,0,차대차 - 기타,교차로운행방법위반,건조,맑음,교차로 - 교차로안,승용,남,43세,상해없음,승용,남,44세,중상
2014100200100292,2014년 10월 2일 13시,목요일,경상북도 경주시 양북면,경상사고,0,0,1,0,차대차 - 기타,중앙선침범,건조,맑음,단일로 - 기타,화물,남,61세,상해없음,승용,남,56세,경상
2014100200100293,2014년 10월 2일 13시,목요일,경상북도 경산시 하양읍,부상신고사고,0,0,0,1,차대차 - 측면직각충돌,안전거리미확보,건조,맑음,단일로 - 기타,자전거,남,54세,부상신고,승용,여,56세,상해없음
2014100200100322,2014년 10월 2일 14시,목요일,경상북도 구미시 임수동,경상사고,0,0,1,0,차대차 - 기타,안전거리미확보,건조,맑음,교차로 - 교차로부근,승용,여,31세,상해없음,화물,여,56세,경상
2014100200100352,2014년 10월 2일 15시,목요일,경상북도 포항시 북구 학산동,경상사고,0,0,1,0,차대사람 - 횡단중,보행자보호의무위반,건조,맑음,단일로 - 기타,이륜,기타불명,기타불명,기타불명,보행자,여,10세,경상
2014100200100353,2014년 10월 2일 15시,목요일,경상북도 성주군 초전면,경상사고,0,0,1,0,차대차 - 기타,안전운전불이행,건조,맑음,기타 - 기타,기타불명,기타불명,기타불명,기타불명,자전거,여,76세,경상
2014100200100354,2014년 10월 2일 15시,목요일,경상북도 포항시 남구 송내동,중상사고,0,2,2,0,차대차 - 추돌 - 진행중,안전운전불이행,건조,맑음,단일로 - 기타,승용,여,51세,상해없음,승용,남,58세,경상
2014100200100379,2014년 10월 2일 16시,목요일,경상북도 경주시 내남면,중상사고,0,1,0,0,차대차 - 기타,중앙선침범,건조,맑음,단일로 - 기타,이륜,남,70세,중상,화물,남,41세,상해없음
2014100200100380,2014년 10월 2일 16시,목요일,경상북도 영천시 화북면,경상사고,0,0,2,0,차대차 - 측면직각충돌,교차로운행방법위반,건조,맑음,교차로 - 교차로안,승용,여,47세,경상,승용,남,61세,경상
2014100200100381,2014년 10월 2일 16시,목요일,경상북도 영양군 청기면,중상사고,0,1,0,0,차대사람 - 횡단중,안전운전불이행,건조,맑음,단일로 - 기타,승용,여,44세,상해없음,보행자,여,76세,중상
2014100200100418,2014년 10월 2일 17시,목요일,경상북도 구미시 송정동,중상사고,0,1,0,0,차대차 - 기타,안전운전불이행,건조,맑음,단일로 - 횡단보도상,승용,여,51세,상해없음,자전거,남,13세,중상
2014100200100419,2014년 10월 2일 17시,목요일,경상북도 포항시 남구 송도동,경상사고,0,0,1,0,차대차 - 기타,안전운전불이행,건조,맑음,단일로 - 횡단보도상,이륜,남,65세,상해없음,자전거,남,53세,경상
2014100200100420,2014년 10월 2일 17시,목요일,경상북도 포항시 남구 오천읍,경상사고,0,0,3,0,차대차 - 기타,신호위반,건조,맑음,교차로 - 교차로안,승용,여,26세,경상,승용,남,72세,경상
2014100200100479,2014년 10월 2일 18시,목요일,경상북도 경주시 황성동,경상사고,0,0,1,0,차대차 - 기타,신호위반,건조,맑음,교차로 - 교차로안,원동기,남,21세,경상,승용,남,39세,상해없음
2014100200100480,2014년 10월 2일 18시,목요일,경상북도 포항시 북구 흥해읍,경상사고,0,0,3,0,차대차 - 기타,안전운전불이행,건조,맑음,교차로 - 교차로안,화물,남,63세,상해없음,승용,남,29세,경상
2014100200100481,2014년 10월 2일 18시,목요일,경상북도 안동시 옥동,경상사고,0,0,1,0,차대차 - 기타,안전거리미확보,건조,맑음,단일로 - 기타,승용,남,68세,상해없음,화물,남,34세,경상
2014100200100482,2014년 10월 2일 18시,목요일,경상북도 경산시 진량읍,경상사고,0,0,1,0,차대차 - 기타,안전운전불이행,건조,맑음,단일로 - 기타,승용,남,58세,상해없음,승용,남,51세,경상
2014100200100483,2014년 10월 2일 18시,목요일,경상북도 성주군 성주읍,경상사고,0,0,1,0,차대차 - 기타,안전운전불이행,건조,맑음,기타 - 기타,화물,남,41세,상해없음,자전거,남,79세,경상
2014100200100484,2014년 10월 2일 18시,목요일,경상북도 구미시 봉곡동,중상사고,0,2,1,0,차대차 - 추돌 - 주정차중,안전운전불이행,건조,맑음,단일로 - 기타,화물,남,60세,상해없음,승용,여,46세,경상
2014100200100485,2014년 10월 2일 18시,목요일,경상북도 포항시 남구 오천읍,경상사고,0,0,3,0,차대차 - 추돌 - 진행중,안전운전불이행,건조,맑음,교차로 - 교차로부근,승용,여,45세,상해없음,승용,남,25세,경상
2014100200100486,2014년 10월 2일 18시,목요일,경상북도 상주시 지천동,사망사고,1,5,0,0,차대차 - 추돌 - 진행중,안전운전불이행,건조,맑음,단일로 - 기타,화물,남,45세,상해없음,승용,남,52세,중상
2014100200100543,2014년 10월 2일 19시,목요일,경상북도 경주시 노서동,중상사고,0,2,0,0,차대사람 - 횡단중,안전운전불이행,건조,맑음,단일로 - 기타,원동기,남,25세,중상,보행자,여,71세,중상
2014100200100544,2014년 10월 2일 19시,목요일,경상북도 포항시 북구 신흥동,중상사고,0,1,0,0,차대사람 - 기타,안전운전불이행,습기,맑음,단일로 - 기타,승용,남,65세,상해없음,보행자,여,74세,중상
2014100200100545,2014년 10월 2일 19시,목요일,경상북도 포항시 북구 장성동,경상사고,0,0,1,0,차대차 - 기타,안전운전불이행,건조,맑음,단일로 - 기타,화물,남,57세,상해없음,승용,여,56세,경상
2014100200100546,2014년 10월 2일 19시,목요일,경상북도 영주시 상망동,중상사고,0,1,3,0,차대차 - 추돌 - 주정차중,안전운전불이행,건조,맑음,단일로 - 기타,승용,남,72세,상해없음,화물,남,74세,경상
2014100200100571,2014년 10월 2일 20시,목요일,경상북도 영천시 완산동,경상사고,0,0,1,0,차대차 - 추돌 - 주정차중,교차로운행방법위반,건조,맑음,교차로 - 교차로부근,승용,남,51세,상해없음,승용,남,46세,상해없음
2014100200100572,2014년 10월 2일 20시,목요일,경상북도 구미시 옥계동,경상사고,0,0,1,0,차대차 - 기타,신호위반,건조,맑음,교차로 - 교차로안,승용,남,40세,상해없음,승용,남,37세,경상
2014100200100606,2014년 10월 2일 21시,목요일,경상북도 경주시 동천동,경상사고,0,0,1,0,차대차 - 측면직각충돌,안전운전불이행,건조,맑음,교차로 - 교차로안,승용,남,60세,상해없음,원동기,남,32세,경상
2014100200100608,2014년 10월 2일 21시,목요일,경상북도 경산시 진량읍,경상사고,0,0,1,0,차대사람 - 기타,보행자보호의무위반,건조,맑음,교차로 - 교차로부근,기타불명,기타불명,기타불명,기타불명,보행자,여,32세,경상
2014100200100609,2014년 10월 2일 21시,목요일,경상북도 경산시 중방동,경상사고,0,0,1,0,차대차 - 기타,중앙선침범,건조,맑음,단일로 - 기타,자전거,남,15세,경상,승용,남,39세,상해없음
2014100200100610,2014년 10월 2일 21시,목요일,경상북도 구미시 구평동,경상사고,0,0,1,0,차대사람 - 기타,보행자보호의무위반,건조,맑음,교차로 - 교차로부근,승용,여,38세,상해없음,보행자,남,11세,경상
2014100200100611,2014년 10월 2일 21시,목요일,경상북도 구미시 선산읍,경상사고,0,0,1,0,차대차 - 추돌 - 주정차중,안전운전불이행,건조,맑음,단일로 - 기타,승용,남,46세,상해없음,승용,남,31세,경상
2014100200100644,2014년 10월 2일 22시,목요일,경상북도 의성군 의성읍,경상사고,0,0,1,0,차량단독 - 공작물충돌,안전운전불이행,건조,맑음,교차로 - 교차로안,승용,남,57세,경상,,,,
2014100200100645,2014년 10월 2일 22시,목요일,경상북도 영천시 성내동,경상사고,0,0,1,0,차대차 - 기타,안전운전불이행,건조,맑음,교차로 - 교차로부근,승용,남,46세,상해없음,승용,남,61세,경상
2014100200100678,2014년 10월 2일 23시,목요일,경상북도 경산시 중방동,중상사고,0,1,2,0,차대차 - 정면충돌,중앙선침범,건조,맑음,단일로 - 기타,승용,여,51세,경상,승용,남,51세,경상
2014100200100679,2014년 10월 2일 23시,목요일,경상북도 경산시 하양읍,경상사고,0,0,1,0,차대사람 - 기타,안전운전불이행,건조,맑음,단일로 - 기타,승용,남,36세,상해없음,보행자,여,35세,경상
2014100200100680,2014년 10월 2일 23시,목요일,경상북도 구미시 공단동,경상사고,0,0,1,0,차대차 - 기타,안전운전불이행,건조,맑음,교차로 - 교차로부근,승용,여,18세,상해없음,승용,여,22세,경상
2014100300100020,2014년 10월 3일 00시,금요일,경상북도 안동시 금곡동,중상사고,0,1,0,0,차대차 - 추돌 - 진행중,안전운전불이행,건조,맑음,단일로 - 기타,승용,남,39세,상해없음,자전거,남,79세,중상
2014100300100021,2014년 10월 3일 00시,금요일,경상북도 구미시 황상동,경상사고,0,0,2,0,차대차 - 기타,안전운전불이행,건조,맑음,교차로 - 교차로부근,승용,남,38세,상해없음,승용,남,27세,경상
2014100300100022,2014년 10월 3일 00시,금요일,경상북도 포항시 남구 송도동,경상사고,0,0,1,0,차대사람 - 기타,안전운전불이행,건조,맑음,단일로 - 기타,화물,남,78세,상해없음,보행자,남,46세,경상
2014100300100042,2014년 10월 3일 01시,금요일,경상북도 안동시 운흥동,경상사고,0,0,2,0,차대차 - 기타,교차로운행방법위반,건조,맑음,교차로 - 교차로안,승용,남,28세,상해없음,승용,남,23세,경상
2014100300100058,2014년 10월 3일 02시,금요일,경상북도 영덕군 남정면,경상사고,0,0,1,0,차대차 - 측면직각충돌,신호위반,건조,맑음,교차로 - 교차로안,승용,여,43세,상해없음,건설기계,남,41세,경상
2014100300100077,2014년 10월 3일 03시,금요일,경상북도 포항시 북구 두호동,경상사고,0,0,1,0,차대차 - 기타,신호위반,건조,맑음,교차로 - 교차로안,승용,남,44세,상해없음,자전거,남,19세,경상
2014100300100091,2014년 10월 3일 04시,금요일,경상북도 상주시 가장동,중상사고,0,1,0,0,차대차 - 기타,안전운전불이행,건조,맑음,단일로 - 교량,화물,남,70세,상해없음,화물,남,43세,중상
2014100300100092,2014년 10월 3일 04시,금요일,경상북도 포항시 남구 대잠동,중상사고,0,2,0,0,차대차 - 기타,교차로운행방법위반,건조,맑음,단일로 - 기타,승합,남,46세,상해없음,이륜,남,16세,중상
2014100300100105,2014년 10월 3일 05시,금요일,경상북도 포항시 북구 죽도동,중상사고,0,1,0,0,차대사람 - 기타,안전운전불이행,건조,맑음,교차로 - 교차로안,승용,남,61세,상해없음,보행자,여,76세,중상
2014100300100106,2014년 10월 3일 05시,금요일,경상북도 고령군 다산면,중상사고,0,2,0,0,차량단독 - 공작물충돌,안전운전불이행,건조,맑음,단일로 - 기타,승용,남,33세,중상,,,,
2014100300100117,2014년 10월 3일 06시,금요일,경상북도 경주시 동방동,경상사고,0,0,1,0,차량단독 - 도로외이탈 - 추락,안전운전불이행,건조,맑음,단일로 - 기타,승용,여,28세,경상,,,,
2014100300100118,2014년 10월 3일 06시,금요일,경상북도 구미시 공단동,경상사고,0,0,2,0,차대차 - 기타,중앙선침범,건조,맑음,교차로 - 교차로부근,승용,남,25세,상해없음,승용,남,49세,경상
2014100300100132,2014년 10월 3일 07시,금요일,경상북도 구미시 임은동,중상사고,0,1,1,0,차대차 - 측면직각충돌,안전운전불이행,건조,맑음,단일로 - 기타,화물,남,64세,기타불명,승용,여,56세,중상
2014100300100178,2014년 10월 3일 09시,금요일,경상북도 문경시 흥덕동,사망사고,1,0,0,0,차대차 - 기타,안전운전불이행,건조,맑음,단일로 - 기타,원동기,남,62세,상해없음,자전거,남,92세,사망
2014100300100239,2014년 10월 3일 11시,금요일,경상북도 칠곡군 가산면,경상사고,0,0,5,0,차대차 - 기타,교차로운행방법위반,건조,맑음,교차로 - 교차로안,승용,남,55세,상해없음,승용,여,41세,경상
2014100300100240,2014년 10월 3일 11시,금요일,경상북도 칠곡군 지천면,경상사고,0,0,1,0,차대차 - 측면직각충돌,안전운전불이행,건조,맑음,단일로 - 기타,화물,남,40세,상해없음,승용,남,32세,상해없음
2014100300100273,2014년 10월 3일 12시,금요일,경상북도 영덕군 지품면,중상사고,0,1,2,0,차대차 - 측면직각충돌,직진우회전진행방해,건조,맑음,교차로 - 교차로안,승용,남,74세,상해없음,승용,여,46세,경상
2014100300100274,2014년 10월 3일 12시,금요일,경상북도 포항시 남구 동촌동,경상사고,0,0,2,0,차대차 - 기타,중앙선침범,건조,맑음,단일로 - 기타,화물,남,38세,상해없음,화물,여,56세,경상
2014100300100307,2014년 10월 3일 13시,금요일,경상북도 경주시 신평동,경상사고,0,0,1,0,차대차 - 기타,안전운전불이행,건조,맑음,단일로 - 횡단보도상,승용,남,39세,상해없음,자전거,남,60세,경상
2014100300100308,2014년 10월 3일 13시,금요일,경상북도 포항시 북구 흥해읍,경상사고,0,0,2,0,차대차 - 기타,안전거리미확보,건조,맑음,단일로 - 기타,원동기,여,32세,상해없음,승용,여,42세,경상
2014100300100309,2014년 10월 3일 13시,금요일,경상북도 안동시 풍산읍,중상사고,0,1,0,0,차대차 - 기타,안전운전불이행,건조,맑음,단일로 - 기타,승용,남,42세,상해없음,이륜,남,75세,중상
2014100300100310,2014년 10월 3일 13시,금요일,경상북도 김천시 감문면,중상사고,0,1,0,0,차대사람 - 기타,기타,건조,맑음,단일로 - 기타,승합,남,56세,상해없음,보행자,여,77세,중상
2014100300100345,2014년 10월 3일 14시,금요일,경상북도 포항시 남구 해도동,경상사고,0,0,1,0,차대차 - 기타,안전운전불이행,건조,맑음,단일로 - 기타,이륜,남,15세,경상,승용,남,46세,상해없음
2014100300100372,2014년 10월 3일 15시,금요일,경상북도 울진군 평해읍,경상사고,0,0,2,0,차대차 - 추돌 - 주정차중,안전운전불이행,건조,맑음,교차로 - 교차로부근,승용,여,36세,경상,승용,남,57세,상해없음
2014100300100373,2014년 10월 3일 15시,금요일,경상북도 포항시 남구 효자동,경상사고,0,0,1,0,차대사람 - 기타,기타,건조,맑음,단일로 - 기타,승용,여,44세,상해없음,보행자,여,6세,경상
2014100300100374,2014년 10월 3일 15시,금요일,경상북도 포항시 남구 오천읍,중상사고,0,1,1,0,차대차 - 기타,직진우회전진행방해,건조,맑음,교차로 - 교차로안,건설기계,남,52세,상해없음,승용,여,49세,경상
2014100300100422,2014년 10월 3일 16시,금요일,경상북도 경주시 외동읍,경상사고,0,0,3,0,차대차 - 기타,안전운전불이행,건조,맑음,교차로 - 교차로부근,승용,여,35세,상해없음,승용,남,43세,경상
2014100300100423,2014년 10월 3일 16시,금요일,경상북도 울진군 근남면,경상사고,0,0,1,0,차대차 - 기타,안전운전불이행,건조,흐림,단일로 - 기타,이륜,남,68세,경상,화물,남,64세,상해없음
2014100300100513,2014년 10월 3일 18시,금요일,경상북도 상주시 무양동,경상사고,0,0,2,0,차대차 - 정면충돌,안전운전불이행,건조,맑음,단일로 - 기타,승용,남,51세,상해없음,승용,남,30세,경상
2014100300100559,2014년 10월 3일 19시,금요일,경상북도 경주시 현곡면,경상사고,0,0,1,0,차량단독 - 기타,안전운전불이행,건조,맑음,단일로 - 기타,승용,남,37세,경상,,,,
2014100300100560,2014년 10월 3일 19시,금요일,경상북도 경주시 배반동,중상사고,0,2,2,0,차대차 - 추돌 - 주정차중,안전운전불이행,건조,흐림,교차로 - 교차로안,승합,남,65세,상해없음,승용,남,66세,경상
2014100300100561,2014년 10월 3일 19시,금요일,경상북도 영주시 가흥동,중상사고,0,1,0,0,차량단독 - 기타,안전운전불이행,건조,맑음,단일로 - 기타,이륜,남,54세,중상,,,,
2014100300100562,2014년 10월 3일 19시,금요일,경상북도 영천시 임고면,중상사고,0,1,0,0,차량단독 - 전도전복,안전운전불이행,건조,맑음,단일로 - 기타,승용,남,54세,상해없음,,,,