사고번호,사고일시,요일,시군구,사고내용,사망자수,중상자수,경상자수,부상신고자수,사고유형,법규위반,노면상태,기상상태,도로형태,가해운전자 차종,가해운전자 성별,가해운전자 연령,가해운전자 상해정도,피해운전자 차종,피해운전자 성별,피해운전자 연령,피해운전자 상해정도
2014100300100563,2014년 10월 3일 19시,금요일,경상북도 영천시 완산동,경상사고,0,0,3,0,차대차 - 기타,교차로운행방법위반,건조,맑음,교차로 - 교차로안,승용,남,52세,경상,승용,남,52세,경상
2014100300100597,2014년 10월 3일 20시,금요일,경상북도 포항시 북구 남빈동,경상사고,0,0,1,0,차대사람 - 횡단중,신호위반,건조,맑음,교차로 - 교차로부근,승용,여,57세,상해없음,보행자,여,42세,경상
2014100300100598,2014년 10월 3일 20시,금요일,경상북도 울진군 죽변면,경상사고,0,0,1,0,차대차 - 기타,중앙선침범,습기,비,단일로 - 기타,승용,여,52세,경상,승용,남,42세,상해없음
2014100300100599,2014년 10월 3일 20시,금요일,경상북도 구미시 도량동,경상사고,0,0,1,0,차대차 - 추돌 - 진행중,안전운전불이행,건조,맑음,교차로 - 교차로부근,승용,남,23세,기타불명,승용,여,42세,경상
2014100300100633,2014년 10월 3일 21시,금요일,경상북도 경주시 성건동,중상사고,0,1,0,0,차대차 - 기타,안전운전불이행,건조,맑음,교차로 - 교차로부근,승용,여,49세,상해없음,자전거,남,63세,중상
2014100300100634,2014년 10월 3일 21시,금요일,경상북도 경주시 황성동,경상사고,0,0,2,0,차대차 - 추돌 - 주정차중,안전운전불이행,건조,맑음,교차로 - 교차로부근,승용,여,38세,상해없음,화물,남,27세,경상
2014100300100635,2014년 10월 3일 21시,금요일,경상북도 문경시 문경읍,경상사고,0,0,1,0,차대차 - 측면직각충돌,교차로운행방법위반,건조,맑음,교차로 - 교차로안,승용,남,71세,상해없음,화물,남,54세,상해없음
2014100300100636,2014년 10월 3일 21시,금요일,경상북도 구미시 산동면,중상사고,0,1,0,0,차대차 - 추돌 - 진행중,안전운전불이행,건조,맑음,단일로 - 기타,승용,남,39세,상해없음,승용,여,28세,중상
2014100400100016,2014년 10월 4일 00시,토요일,경상북도 문경시 모전동,중상사고,0,1,0,0,차대사람 - 기타,안전운전불이행,건조,맑음,단일로 - 기타,승용,남,26세,상해없음,보행자,남,62세,중상
2014100400100017,2014년 10월 4일 00시,토요일,경상북도 포항시 남구 해도동,경상사고,0,0,2,0,차대차 - 기타,안전운전불이행,습기,비,단일로 - 기타,화물,남,41세,상해없음,승용,남,66세,경상
2014100400100030,2014년 10월 4일 01시,토요일,경상북도 영주시 휴천동,중상사고,0,1,0,0,차대사람 - 횡단중,보행자보호의무위반,건조,맑음,교차로 - 교차로안,화물,남,53세,상해없음,보행자,남,52세,중상
2014100400100050,2014년 10월 4일 03시,토요일,경상북도 포항시 남구 오천읍,경상사고,0,0,1,0,차대차 - 기타,불법유턴,건조,맑음,단일로 - 기타,승용,남,24세,상해없음,승용,남,22세,경상
2014100400100074,2014년 10월 4일 05시,토요일,경상북도 포항시 남구 장기면,중상사고,0,1,0,0,차대차 - 추돌 - 진행중,안전거리미확보,건조,맑음,단일로 - 기타,승용,남,29세,상해없음,농기계,남,65세,중상
2014100400100095,2014년 10월 4일 07시,토요일,경상북도 포항시 북구 두호동,경상사고,0,0,1,0,차대차 - 기타,신호위반,건조,맑음,교차로 - 교차로안,승용,남,51세,상해없음,승용,남,48세,경상
2014100400100118,2014년 10월 4일 08시,토요일,경상북도 문경시 문경읍,경상사고,0,0,6,0,차대차 - 기타,안전운전불이행,건조,맑음,교차로 - 교차로안,승용,남,62세,상해없음,승용,남,58세,경상
2014100400100168,2014년 10월 4일 10시,토요일,경상북도 포항시 북구 장성동,중상사고,0,1,1,0,차대차 - 기타,차로위반,건조,맑음,교차로 - 교차로부근,농기계,남,63세,중상,승합,남,54세,상해없음
2014100400100169,2014년 10월 4일 10시,토요일,경상북도 포항시 북구 죽도동,중상사고,0,2,0,0,차대차 - 기타,안전운전불이행,건조,맑음,단일로 - 기타,화물,남,44세,상해없음,화물,남,33세,중상
2014100400100170,2014년 10월 4일 10시,토요일,경상북도 상주시 냉림동,경상사고,0,0,1,0,차대차 - 측면직각충돌,교차로운행방법위반,건조,맑음,교차로 - 교차로안,승용,여,38세,상해없음,농기계,남,84세,경상
2014100400100171,2014년 10월 4일 10시,토요일,경상북도 영주시 풍기읍,경상사고,0,0,3,0,차대차 - 측면직각충돌,안전운전불이행,건조,맑음,교차로 - 교차로안,화물,남,50세,경상,승용,여,45세,경상
2014100400100172,2014년 10월 4일 10시,토요일,경상북도 칠곡군 석적읍,경상사고,0,0,1,0,차대차 - 기타,신호위반,건조,맑음,교차로 - 교차로안,화물,남,56세,상해없음,승용,여,43세,경상
2014100400100173,2014년 10월 4일 10시,토요일,경상북도 포항시 남구 오천읍,경상사고,0,0,1,0,차대차 - 기타,안전운전불이행,건조,맑음,교차로 - 교차로부근,승용,남,29세,상해없음,승용,여,22세,경상
2014100400100242,2014년 10월 4일 12시,토요일,경상북도 의성군 의성읍,중상사고,0,1,0,0,차대차 - 추돌 - 주정차중,안전운전불이행,건조,맑음,교차로 - 교차로부근,원동기,남,27세,중상,승용,남,31세,상해없음
2014100400100243,2014년 10월 4일 12시,토요일,경상북도 영주시 가흥동,중상사고,0,2,0,0,차대차 - 추돌 - 진행중,안전운전불이행,건조,맑음,단일로 - 기타,화물,남,72세,상해없음,화물,남,71세,중상
2014100400100244,2014년 10월 4일 12시,토요일,경상북도 문경시 점촌동,경상사고,0,0,1,0,차대차 - 측면직각충돌,안전운전불이행,건조,맑음,교차로 - 교차로안,승용,여,45세,상해없음,승용,남,40세,경상
2014100400100280,2014년 10월 4일 13시,토요일,경상북도 안동시 광석동,중상사고,0,2,0,0,차대사람 - 횡단중,안전운전불이행,건조,맑음,교차로 - 교차로부근,이륜,남,18세,상해없음,보행자,여,65세,중상
2014100400100281,2014년 10월 4일 13시,토요일,경상북도 경산시 사정동,경상사고,0,0,1,0,차대차 - 기타,안전운전불이행,건조,맑음,단일로 - 기타,승용,여,63세,상해없음,승용,남,53세,경상
2014100400100320,2014년 10월 4일 14시,토요일,경상북도 포항시 북구 용흥동,경상사고,0,0,2,0,차대차 - 기타,교차로운행방법위반,건조,맑음,교차로 - 교차로안,승용,여,48세,상해없음,승용,여,33세,경상
2014100400100321,2014년 10월 4일 14시,토요일,경상북도 영주시 하망동,경상사고,0,0,1,0,차대차 - 추돌 - 주정차중,안전운전불이행,건조,맑음,단일로 - 기타,이륜,남,68세,상해없음,승용,남,48세,상해없음
2014100400100351,2014년 10월 4일 15시,토요일,경상북도 김천시 아포읍,중상사고,0,1,0,0,차대차 - 측면직각충돌,안전거리미확보,건조,맑음,단일로 - 기타,승용,남,62세,상해없음,승용,남,51세,중상
2014100400100352,2014년 10월 4일 15시,토요일,경상북도 군위군 소보면,중상사고,0,1,0,0,차량단독 - 도로외이탈 - 추락,안전운전불이행,건조,맑음,단일로 - 기타,화물,남,58세,중상,,,,
2014100400100353,2014년 10월 4일 15시,토요일,경상북도 영양군 영양읍,경상사고,0,0,1,0,차대차 - 측면직각충돌,안전운전불이행,건조,맑음,단일로 - 기타,승용,남,60세,상해없음,이륜,여,56세,경상
2014100400100354,2014년 10월 4일 15시,토요일,경상북도 포항시 남구 대도동,경상사고,0,0,1,0,차대차 - 추돌 - 진행중,안전운전불이행,건조,맑음,단일로 - 기타,승용,남,35세,상해없음,승용,남,35세,경상
2014100400100388,2014년 10월 4일 16시,토요일,경상북도 김천시 지좌동,경상사고,0,0,2,0,차대차 - 측면직각충돌,안전거리미확보,건조,맑음,기타 - 기타,승용,남,54세,상해없음,승용,여,58세,경상
2014100400100389,2014년 10월 4일 16시,토요일,경상북도 구미시 오태동,경상사고,0,0,1,0,차대사람 - 기타,안전운전불이행,건조,맑음,교차로 - 교차로부근,기타불명,기타불명,기타불명,기타불명,보행자,여,18세,경상
2014100400100425,2014년 10월 4일 17시,토요일,경상북도 칠곡군 왜관읍,중상사고,0,1,0,0,차량단독 - 전도전복,안전운전불이행,건조,맑음,단일로 - 기타,이륜,남,74세,중상,,,,
2014100400100426,2014년 10월 4일 17시,토요일,경상북도 경산시 와촌면,경상사고,0,0,1,0,차대차 - 기타,안전거리미확보,건조,맑음,단일로 - 기타,승용,남,51세,상해없음,이륜,남,31세,경상
2014100400100427,2014년 10월 4일 17시,토요일,경상북도 예천군 예천읍,중상사고,0,1,0,0,차대사람 - 보도통행중,안전운전불이행,건조,맑음,단일로 - 기타,승용,남,56세,상해없음,보행자,여,91세,중상
2014100400100465,2014년 10월 4일 18시,토요일,경상북도 경주시 인왕동,경상사고,0,0,3,0,차대차 - 추돌 - 진행중,안전운전불이행,건조,맑음,단일로 - 기타,승합,남,34세,상해없음,승용,남,40세,경상
2014100400100466,2014년 10월 4일 18시,토요일,경상북도 영천시 화북면,중상사고,0,1,0,0,차대차 - 기타,안전운전불이행,건조,맑음,교차로 - 교차로부근,승용,여,52세,상해없음,농기계,남,81세,중상
2014100400100467,2014년 10월 4일 18시,토요일,경상북도 문경시 흥덕동,경상사고,0,0,1,0,차대차 - 기타,안전운전불이행,건조,맑음,단일로 - 기타,승용,여,51세,상해없음,자전거,남,60세,경상
2014100400100468,2014년 10월 4일 18시,토요일,경상북도 울진군 북면,중상사고,0,1,0,0,차대사람 - 횡단중,안전운전불이행,건조,맑음,교차로 - 교차로부근,승용,남,66세,상해없음,보행자,남,64세,중상
2014100400100469,2014년 10월 4일 18시,토요일,경상북도 울진군 원남면,경상사고,0,0,1,0,차대차 - 추돌 - 진행중,안전운전불이행,건조,맑음,단일로 - 기타,승용,남,28세,경상,특수,남,46세,상해없음
2014100400100470,2014년 10월 4일 18시,토요일,경상북도 고령군 고령읍,경상사고,0,0,1,0,차대차 - 측면직각충돌,안전운전불이행,건조,맑음,단일로 - 기타,승용,여,42세,상해없음,자전거,여,59세,경상
2014100400100471,2014년 10월 4일 18시,토요일,경상북도 구미시 송정동,중상사고,0,1,1,0,차대차 - 측면직각충돌,안전운전불이행,건조,맑음,교차로 - 교차로부근,승합,남,71세,상해없음,승용,남,35세,상해없음
2014100400100472,2014년 10월 4일 18시,토요일,경상북도 고령군 개진면,경상사고,0,0,1,0,차대차 - 기타,안전운전불이행,건조,맑음,단일로 - 기타,화물,남,63세,기타불명,승용,남,71세,경상
2014100400100473,2014년 10월 4일 18시,토요일,경상북도 고령군 쌍림면,중상사고,0,1,4,0,차대차 - 측면직각충돌,중앙선침범,건조,맑음,단일로 - 기타,화물,남,50세,상해없음,승용,남,61세,경상
2014100400100503,2014년 10월 4일 19시,토요일,경상북도 경주시 동천동,중상사고,0,1,0,0,차대사람 - 기타,안전운전불이행,건조,맑음,교차로 - 교차로부근,승용,남,55세,상해없음,보행자,남,12세,중상
2014100400100504,2014년 10월 4일 19시,토요일,경상북도 영주시 하망동,경상사고,0,0,1,0,차대차 - 측면직각충돌,안전운전불이행,건조,맑음,단일로 - 기타,승용,남,33세,상해없음,자전거,남,59세,경상
2014100400100505,2014년 10월 4일 19시,토요일,경상북도 예천군 예천읍,중상사고,0,1,0,0,차대차 - 기타,안전운전불이행,건조,맑음,교차로 - 교차로안,승용,여,38세,상해없음,자전거,남,62세,중상
2014100400100506,2014년 10월 4일 19시,토요일,경상북도 청도군 청도읍,경상사고,0,0,3,0,차대차 - 기타,직진우회전진행방해,건조,맑음,교차로 - 교차로안,화물,남,58세,상해없음,승용,남,62세,경상
2014100400100507,2014년 10월 4일 19시,토요일,경상북도 구미시 임은동,경상사고,0,0,1,0,차대차 - 기타,안전거리미확보,건조,맑음,교차로 - 교차로부근,승용,남,43세,상해없음,승용,남,41세,경상
2014100400100526,2014년 10월 4일 20시,토요일,경상북도 경주시 노서동,중상사고,0,1,0,0,차대차 - 기타,안전운전불이행,건조,맑음,교차로 - 교차로안,승용,여,50세,상해없음,자전거,남,58세,중상
2014100400100527,2014년 10월 4일 20시,토요일,경상북도 안동시 태화동,중상사고,0,3,1,0,차대차 - 추돌 - 주정차중,안전운전불이행,건조,맑음,교차로 - 교차로부근,승용,남,42세,상해없음,승용,여,43세,중상
2014100400100560,2014년 10월 4일 21시,토요일,경상북도 경주시 천군동,중상사고,0,1,0,0,차대차 - 기타,안전운전불이행,건조,맑음,단일로 - 기타,승용,남,67세,상해없음,승용,남,43세,상해없음
2014100400100561,2014년 10월 4일 21시,토요일,경상북도 경주시 동방동,경상사고,0,0,1,0,차대차 - 추돌 - 주정차중,안전운전불이행,건조,맑음,교차로 - 교차로부근,승용,남,30세,상해없음,승용,남,56세,경상
2014100400100562,2014년 10월 4일 21시,토요일,경상북도 청도군 화양읍,경상사고,0,0,1,0,차량단독 - 전도전복,안전운전불이행,건조,맑음,단일로 - 기타,원동기,남,81세,경상,,,,
2014100400100624,2014년 10월 4일 23시,토요일,경상북도 칠곡군 석적읍,중상사고,0,1,0,0,차대차 - 기타,안전운전불이행,건조,맑음,단일로 - 기타,승용,남,33세,중상,화물,남,52세,기타불명
2014100500100012,2014년 10월 5일 00시,일요일,경상북도 안동시 남부동,경상사고,0,0,5,0,차대차 - 기타,교차로운행방법위반,건조,맑음,교차로 - 교차로안,승용,남,54세,상해없음,승용,남,32세,경상
2014100500100044,2014년 10월 5일 02시,일요일,경상북도 봉화군 명호면,경상사고,0,0,1,0,차량단독 - 공작물충돌,안전운전불이행,건조,맑음,단일로 - 기타,승용,남,28세,경상,,,,
2014100500100096,2014년 10월 5일 07시,일요일,경상북도 경주시 강동면,경상사고,0,0,1,0,차대차 - 기타,안전운전불이행,건조,맑음,교차로 - 교차로안,승용,여,56세,상해없음,승용,여,58세,경상
2014100500100121,2014년 10월 5일 09시,일요일,경상북도 포항시 북구 장성동,경상사고,0,0,1,0,차대사람 - 기타,신호위반,건조,맑음,단일로 - 횡단보도상,승용,남,58세,상해없음,보행자,여,22세,경상
2014100500100137,2014년 10월 5일 10시,일요일,경상북도 경산시 중방동,경상사고,0,0,1,0,차대사람 - 기타,안전운전불이행,건조,맑음,단일로 - 기타,승용,남,49세,상해없음,보행자,남,31세,경상
2014100500100138,2014년 10월 5일 10시,일요일,경상북도 울진군 평해읍,사망사고,1,0,0,0,차량단독 - 전도전복,안전운전불이행,건조,맑음,단일로 - 기타,이륜,기타불명,58세,사망,,,,
2014100500100169,2014년 10월 5일 11시,일요일,경상북도 문경시 산북면,경상사고,0,0,1,0,차대차 - 기타,중앙선침범,건조,맑음,단일로 - 기타,원동기,남,22세,경상,승용,남,54세,상해없음
2014100500100170,2014년 10월 5일 11시,일요일,경상북도 구미시 남통동,경상사고,0,0,1,0,차대사람 - 기타,안전운전불이행,건조,맑음,단일로 - 기타,승용,여,38세,상해없음,보행자,여,26세,경상
2014100500100171,2014년 10월 5일 11시,일요일,경상북도 김천시 아포읍,중상사고,0,1,5,0,차대차 - 추돌 - 주정차중,안전거리미확보,건조,맑음,단일로 - 기타,화물,남,55세,상해없음,승용,여,40세,경상
2014100500100220,2014년 10월 5일 13시,일요일,경상북도 포항시 북구 용흥동,중상사고,0,1,0,0,차대사람 - 기타,안전운전불이행,건조,맑음,단일로 - 기타,승용,남,30세,상해없음,보행자,남,5세,중상
2014100500100221,2014년 10월 5일 13시,일요일,경상북도 문경시 산양면,중상사고,0,1,0,0,차대차 - 측면직각충돌,안전운전불이행,건조,맑음,교차로 - 교차로안,승용,남,54세,상해없음,이륜,남,71세,중상
2014100500100241,2014년 10월 5일 14시,일요일,경상북도 포항시 북구 우현동,경상사고,0,0,2,0,차대차 - 기타,차로위반,건조,맑음,단일로 - 횡단보도부근,승용,남,61세,상해없음,승용,남,44세,경상
2014100500100242,2014년 10월 5일 14시,일요일,경상북도 영주시 영주동,중상사고,0,1,0,0,차대사람 - 횡단중,안전운전불이행,건조,맑음,단일로 - 기타,승용,남,44세,상해없음,보행자,여,49세,중상
2014100500100273,2014년 10월 5일 15시,일요일,경상북도 경주시 황오동,경상사고,0,0,1,0,차대사람 - 길가장자리구역통행중,안전운전불이행,건조,맑음,단일로 - 기타,승용,남,63세,상해없음,보행자,남,9세,경상
2014100500100274,2014년 10월 5일 15시,일요일,경상북도 경주시 양남면,중상사고,0,1,0,0,차대사람 - 횡단중,안전운전불이행,건조,맑음,교차로 - 교차로안,승용,남,52세,상해없음,보행자,남,55세,중상
2014100500100275,2014년 10월 5일 15시,일요일,경상북도 포항시 북구 용흥동,경상사고,0,0,1,0,차대차 - 기타,안전운전불이행,건조,맑음,미분류 - 미분류,화물,남,66세,상해없음,승용,여,43세,경상
2014100500100276,2014년 10월 5일 15시,일요일,경상북도 예천군 개포면,중상사고,0,2,2,0,차대차 - 추돌 - 진행중,안전운전불이행,건조,맑음,단일로 - 기타,승용,남,60세,상해없음,승용,남,55세,중상
2014100500100277,2014년 10월 5일 15시,일요일,경상북도 청도군 운문면,중상사고,0,3,1,0,차대차 - 기타,중앙선침범,건조,맑음,단일로 - 기타,승용,남,48세,경상,승용,남,42세,중상
2014100500100278,2014년 10월 5일 15시,일요일,경상북도 청송군 진보면,경상사고,0,0,2,0,차대차 - 기타,기타,건조,맑음,교차로 - 교차로안,승용,남,54세,상해없음,승용,남,53세,경상
2014100500100324,2014년 10월 5일 16시,일요일,경상북도 김천시 구성면,중상사고,0,1,0,0,차대사람 - 기타,안전운전불이행,건조,맑음,단일로 - 기타,승용,남,63세,상해없음,보행자,남,59세,중상
2014100500100325,2014년 10월 5일 16시,일요일,경상북도 영주시 풍기읍,중상사고,0,1,1,0,차대차 - 측면직각충돌,교차로운행방법위반,건조,맑음,교차로 - 교차로안,승용,남,46세,경상,승용,여,57세,중상
2014100500100326,2014년 10월 5일 16시,일요일,경상북도 영천시 화산면,중상사고,0,1,0,0,차대사람 - 기타,안전운전불이행,건조,맑음,단일로 - 기타,화물,남,54세,상해없음,보행자,여,77세,중상
2014100500100327,2014년 10월 5일 16시,일요일,경상북도 포항시 남구 오천읍,경상사고,0,0,3,0,차대차 - 기타,불법유턴,건조,맑음,교차로 - 교차로안,승용,남,73세,상해없음,승용,여,32세,경상
2014100500100328,2014년 10월 5일 16시,일요일,경상북도 포항시 남구 청림동,경상사고,0,0,1,0,차대차 - 기타,안전운전불이행,건조,맑음,단일로 - 기타,승합,남,55세,상해없음,자전거,남,14세,경상
2014100500100329,2014년 10월 5일 16시,일요일,경상북도 영천시 임고면,경상사고,0,0,1,0,차대차 - 추돌 - 주정차중,안전운전불이행,건조,흐림,단일로 - 기타,승용,남,38세,상해없음,승용,남,39세,경상
2014100500100330,2014년 10월 5일 16시,일요일,경상북도 경산시 와촌면,경상사고,0,0,2,0,차대차 - 추돌 - 주정차중,안전운전불이행,건조,맑음,단일로 - 기타,화물,남,48세,상해없음,승용,남,27세,경상
2014100500100362,2014년 10월 5일 17시,일요일,경상북도 안동시 태화동,경상사고,0,0,1,0,차대차 - 기타,안전운전불이행,건조,맑음,교차로 - 교차로부근,원동기,남,74세,경상,승용,남,59세,상해없음
2014100500100363,2014년 10월 5일 17시,일요일,경상북도 경산시 조영동,경상사고,0,0,1,0,차대차 - 기타,안전운전불이행,건조,맑음,기타 - 기타,승용,남,27세,상해없음,승용,남,53세,경상
2014100500100364,2014년 10월 5일 17시,일요일,경상북도 포항시 남구 상도동,경상사고,0,0,1,0,차대차 - 기타,차로위반,건조,맑음,교차로 - 교차로부근,승용,남,70세,상해없음,승용,남,26세,경상
2014100500100386,2014년 10월 5일 18시,일요일,경상북도 경주시 조양동,경상사고,0,0,2,0,차대차 - 추돌 - 주정차중,안전운전불이행,건조,맑음,교차로 - 교차로부근,화물,남,55세,상해없음,승용,남,59세,경상
2014100500100387,2014년 10월 5일 18시,일요일,경상북도 경주시 외동읍,경상사고,0,0,1,0,차대차 - 기타,안전운전불이행,건조,맑음,기타 - 기타,승용,여,40세,상해없음,원동기,남,55세,경상
2014100500100388,2014년 10월 5일 18시,일요일,경상북도 안동시 대석동,경상사고,0,0,1,0,차대사람 - 보도통행중,기타,건조,맑음,기타 - 기타,원동기,여,38세,상해없음,보행자,여,52세,경상
2014100500100389,2014년 10월 5일 18시,일요일,경상북도 칠곡군 약목면,중상사고,0,2,0,1,차대차 - 기타,신호위반,건조,맑음,교차로 - 교차로안,승용,남,54세,부상신고,승용,여,35세,중상
2014100500100390,2014년 10월 5일 18시,일요일,경상북도 칠곡군 약목면,중상사고,0,1,0,0,차대차 - 기타,안전운전불이행,건조,맑음,단일로 - 기타,승용,기타불명,기타불명,기타불명,승용,남,57세,중상
2014100500100391,2014년 10월 5일 18시,일요일,경상북도 청도군 매전면,중상사고,0,1,1,1,차대차 - 기타,안전운전불이행,건조,맑음,단일로 - 기타,화물,남,55세,부상신고,화물,여,60세,중상
2014100500100425,2014년 10월 5일 19시,일요일,경상북도 안동시 송현동,경상사고,0,0,2,0,차대차 - 측면직각충돌,안전거리미확보,건조,맑음,교차로 - 교차로부근,승용,남,34세,상해없음,승용,남,54세,경상
2014100500100426,2014년 10월 5일 19시,일요일,경상북도 김천시 봉산면,경상사고,0,0,2,0,차대차 - 측면직각충돌,안전운전불이행,건조,맑음,단일로 - 기타,승용,여,43세,상해없음,승용,남,44세,경상
2014100500100458,2014년 10월 5일 20시,일요일,경상북도 영천시 성내동,경상사고,0,0,3,0,차대차 - 추돌 - 주정차중,안전운전불이행,건조,맑음,단일로 - 기타,승용,남,34세,상해없음,승용,여,23세,경상
2014100500100459,2014년 10월 5일 20시,일요일,경상북도 영천시 망정동,중상사고,0,1,0,0,차대차 - 기타,직진우회전진행방해,건조,맑음,교차로 - 교차로안,승용,남,48세,상해없음,원동기,남,22세,중상
2014100500100482,2014년 10월 5일 21시,일요일,경상북도 포항시 남구 청림동,중상사고,0,1,0,0,차대차 - 기타,안전운전불이행,건조,맑음,교차로 - 교차로부근,기타불명,기타불명,기타불명,기타불명,자전거,남,57세,중상
2014100500100498,2014년 10월 5일 22시,일요일,경상북도 안동시 옥동,경상사고,0,0,1,0,차대차 - 기타,안전운전불이행,건조,맑음,단일로 - 기타,승용,남,41세,상해없음,원동기,남,51세,경상
2014100600100019,2014년 10월 6일 01시,월요일,경상북도 영주시 풍기읍,중상사고,0,1,0,0,차량단독 - 공작물충돌,안전운전불이행,건조,맑음,교차로 - 교차로부근,승용,남,54세,중상,,,,
2014100600100043,2014년 10월 6일 05시,월요일,경상북도 경주시 외동읍,경상사고,0,0,1,0,차대사람 - 기타,안전운전불이행,건조,맑음,단일로 - 기타,승용,남,21세,상해없음,보행자,여,23세,경상
2014100600100085,2014년 10월 6일 07시,월요일,경상북도 경산시 갑제동,중상사고,0,4,1,0,차대차 - 기타,신호위반,건조,맑음,교차로 - 교차로안,승용,남,51세,상해없음,승용,남,27세,중상
2014100600100086,2014년 10월 6일 07시,월요일,경상북도 군위군 군위읍,경상사고,0,0,2,0,차대차 - 기타,중앙선침범,건조,맑음,단일로 - 기타,화물,남,67세,경상,화물,남,61세,경상
2014100600100131,2014년 10월 6일 08시,월요일,경상북도 구미시 비산동,중상사고,0,1,0,0,차대사람 - 기타,보행자보호의무위반,건조,맑음,교차로 - 교차로안,승용,남,47세,상해없음,보행자,여,72세,중상
2014100600100132,2014년 10월 6일 08시,월요일,경상북도 포항시 남구 오천읍,경상사고,0,0,1,0,차대차 - 측면직각충돌,안전운전불이행,건조,흐림,교차로 - 교차로부근,기타불명,기타불명,기타불명,기타불명,승용,남,36세,경상
2014100600100183,2014년 10월 6일 09시,월요일,경상북도 포항시 북구 장성동,경상사고,0,0,1,0,차대차 - 기타,안전거리미확보,건조,맑음,단일로 - 기타,승용,남,50세,상해없음,승용,남,62세,상해없음
2014100600100184,2014년 10월 6일 09시,월요일,경상북도 김천시 구성면,경상사고,0,0,1,0,차대차 - 측면직각충돌,중앙선침범,건조,맑음,단일로 - 기타,승용,여,58세,상해없음,화물,남,35세,경상
2014100600100185,2014년 10월 6일 09시,월요일,경상북도 영천시 성내동,중상사고,0,1,1,0,차대차 - 추돌 - 주정차중,안전운전불이행,건조,맑음,단일로 - 기타,승용,남,44세,상해없음,승용,남,70세,경상
2014100600100186,2014년 10월 6일 09시,월요일,경상북도 문경시 문경읍,중상사고,0,1,0,0,차량단독 - 공작물충돌,안전운전불이행,건조,맑음,단일로 - 기타,승용,남,37세,중상,,,,
2014100600100187,2014년 10월 6일 09시,월요일,경상북도 영덕군 강구면,중상사고,0,3,0,0,차대차 - 추돌 - 진행중,안전운전불이행,건조,맑음,단일로 - 기타,건설기계,남,40세,상해없음,승용,남,75세,중상
2014100600100188,2014년 10월 6일 09시,월요일,경상북도 영양군 영양읍,경상사고,0,0,1,0,차대차 - 측면직각충돌,안전운전불이행,건조,맑음,단일로 - 기타,이륜,남,76세,경상,승용,남,24세,상해없음
2014100600100219,2014년 10월 6일 10시,월요일,경상북도 경주시 현곡면,경상사고,0,0,1,0,차대차 - 측면직각충돌,안전운전불이행,건조,맑음,교차로 - 교차로안,건설기계,남,65세,상해없음,승용,여,49세,경상
2014100600100220,2014년 10월 6일 10시,월요일,경상북도 경주시 외동읍,중상사고,0,1,0,0,차대차 - 기타,안전운전불이행,건조,맑음,교차로 - 교차로안,원동기,남,65세,중상,승용,남,71세,상해없음
2014100600100221,2014년 10월 6일 10시,월요일,경상북도 의성군 안사면,중상사고,0,1,0,0,차대차 - 측면직각충돌,안전운전불이행,건조,맑음,단일로 - 기타,화물,남,70세,상해없음,승용,남,69세,중상
2014100600100222,2014년 10월 6일 10시,월요일,경상북도 경산시 대동,경상사고,0,0,1,0,차대차 - 기타,안전운전불이행,건조,맑음,단일로 - 기타,승용,남,48세,기타불명,화물,남,50세,경상
2014100600100254,2014년 10월 6일 11시,월요일,경상북도 칠곡군 왜관읍,경상사고,0,0,1,0,차대사람 - 기타,안전운전불이행,건조,맑음,교차로 - 교차로안,화물,남,64세,상해없음,보행자,여,57세,경상
2014100600100287,2014년 10월 6일 12시,월요일,경상북도 영주시 풍기읍,중상사고,0,4,5,0,차대차 - 측면직각충돌,안전운전불이행,건조,맑음,교차로 - 교차로안,이륜,남,56세,중상,승합,남,63세,중상
2014100600100288,2014년 10월 6일 12시,월요일,경상북도 문경시 산양면,경상사고,0,0,6,0,차대차 - 추돌 - 진행중,안전거리미확보,건조,맑음,단일로 - 기타,승용,남,44세,상해없음,승용,남,26세,상해없음
2014100600100289,2014년 10월 6일 12시,월요일,경상북도 고령군 다산면,중상사고,0,1,0,0,차대사람 - 기타,교차로운행방법위반,건조,맑음,교차로 - 교차로부근,화물,남,24세,상해없음,보행자,여,74세,중상
2014100600100320,2014년 10월 6일 13시,월요일,경상북도 상주시 서문동,부상신고사고,0,0,0,1,차대차 - 측면직각충돌,교차로운행방법위반,건조,맑음,교차로 - 교차로안,이륜,여,53세,부상신고,승용,남,66세,상해없음
2014100600100353,2014년 10월 6일 14시,월요일,경상북도 안동시 송현동,경상사고,0,0,2,0,차대차 - 기타,교차로운행방법위반,건조,맑음,단일로 - 기타,화물,남,47세,상해없음,승용,여,52세,경상
2014100600100354,2014년 10월 6일 14시,월요일,경상북도 문경시 문경읍,경상사고,0,0,1,0,차대차 - 측면직각충돌,직진우회전진행방해,건조,맑음,교차로 - 교차로안,이륜,여,74세,경상,승용,남,56세,상해없음
2014100600100389,2014년 10월 6일 15시,월요일,경상북도 안동시 북후면,중상사고,0,1,1,0,차대차 - 측면직각충돌,안전운전불이행,건조,맑음,단일로 - 기타,이륜,남,59세,중상,승용,남,40세,경상
2014100600100424,2014년 10월 6일 16시,월요일,경상북도 안동시 길안면,경상사고,0,0,2,0,차대차 - 기타,중앙선침범,건조,맑음,단일로 - 기타,승용,남,80세,경상,승합,남,60세,상해없음