사고번호,사고일시,요일,시군구,사고내용,사망자수,중상자수,경상자수,부상신고자수,사고유형,법규위반,노면상태,기상상태,도로형태,가해운전자 차종,가해운전자 성별,가해운전자 연령,가해운전자 상해정도,피해운전자 차종,피해운전자 성별,피해운전자 연령,피해운전자 상해정도
2014100600100425,2014년 10월 6일 16시,월요일,경상북도 영주시 영주동,중상사고,0,1,0,0,차대사람 - 횡단중,보행자보호의무위반,건조,맑음,단일로 - 기타,승용,여,32세,상해없음,보행자,남,74세,중상
2014100600100426,2014년 10월 6일 16시,월요일,경상북도 문경시 모전동,경상사고,0,0,1,0,차대차 - 기타,안전운전불이행,건조,맑음,기타 - 기타,승용,여,59세,상해없음,승용,남,30세,상해없음
2014100600100427,2014년 10월 6일 16시,월요일,경상북도 청송군 진보면,중상사고,0,4,3,0,차대차 - 기타,안전거리미확보,건조,맑음,단일로 - 기타,건설기계,남,64세,상해없음,화물,남,54세,중상
2014100600100467,2014년 10월 6일 17시,월요일,경상북도 포항시 북구 양덕동,경상사고,0,0,1,0,차대차 - 기타,안전운전불이행,건조,맑음,교차로 - 교차로안,화물,남,52세,상해없음,승용,여,50세,경상
2014100600100468,2014년 10월 6일 17시,월요일,경상북도 안동시 길안면,사망사고,1,1,2,0,차대차 - 정면충돌,중앙선침범,건조,맑음,단일로 - 기타,화물,여,57세,사망,승합,남,48세,경상
2014100600100469,2014년 10월 6일 17시,월요일,경상북도 영천시 완산동,중상사고,0,1,0,0,차대사람 - 기타,안전운전불이행,건조,맑음,단일로 - 기타,승용,남,61세,상해없음,보행자,여,67세,중상
2014100600100470,2014년 10월 6일 17시,월요일,경상북도 청도군 각남면,사망사고,1,0,0,0,차량단독 - 전도전복,안전운전불이행,건조,맑음,단일로 - 기타,원동기,여,64세,사망,,,,
2014100600100471,2014년 10월 6일 17시,월요일,경상북도 성주군 성주읍,경상사고,0,0,1,0,차대차 - 기타,안전운전불이행,건조,맑음,교차로 - 교차로안,화물,남,54세,경상,승용,여,23세,상해없음
2014100600100472,2014년 10월 6일 17시,월요일,경상북도 구미시 임은동,중상사고,0,1,0,0,차대차 - 기타,안전운전불이행,건조,맑음,교차로 - 교차로안,승용,여,46세,상해없음,자전거,남,14세,중상
2014100600100473,2014년 10월 6일 17시,월요일,경상북도 구미시 시미동,부상신고사고,0,0,0,1,차대차 - 기타,안전운전불이행,건조,맑음,교차로 - 교차로부근,화물,남,45세,부상신고,화물,남,54세,상해없음
2014100600100523,2014년 10월 6일 18시,월요일,경상북도 포항시 북구 득량동,부상신고사고,0,0,0,1,차대사람 - 횡단중,안전운전불이행,건조,맑음,교차로 - 교차로안,기타불명,기타불명,기타불명,기타불명,보행자,여,76세,부상신고
2014100600100524,2014년 10월 6일 18시,월요일,경상북도 영천시 야사동,사망사고,1,0,0,0,차대차 - 기타,신호위반,건조,맑음,교차로 - 교차로안,원동기,남,79세,사망,승용,남,45세,상해없음
2014100600100525,2014년 10월 6일 18시,월요일,경상북도 경산시 사동,중상사고,0,1,0,0,차대사람 - 보도통행중,보행자보호의무위반,건조,맑음,교차로 - 교차로안,승용,남,43세,상해없음,보행자,남,16세,중상
2014100600100526,2014년 10월 6일 18시,월요일,경상북도 예천군 예천읍,중상사고,0,1,0,0,차대차 - 측면직각충돌,안전거리미확보,건조,맑음,단일로 - 기타,승용,남,71세,상해없음,원동기,남,82세,중상
2014100600100527,2014년 10월 6일 18시,월요일,경상북도 청송군 진보면,경상사고,0,0,1,0,차대차 - 추돌 - 진행중,안전운전불이행,건조,맑음,단일로 - 기타,원동기,남,67세,경상,승용,여,44세,상해없음
2014100600100528,2014년 10월 6일 18시,월요일,경상북도 포항시 남구 송도동,경상사고,0,0,1,0,차대차 - 기타,직진우회전진행방해,건조,맑음,교차로 - 교차로안,승용,남,26세,상해없음,이륜,남,57세,경상
2014100600100564,2014년 10월 6일 19시,월요일,경상북도 상주시 무양동,중상사고,0,1,0,0,차대사람 - 기타,안전운전불이행,건조,맑음,단일로 - 기타,승용,남,50세,상해없음,보행자,여,71세,중상
2014100600100599,2014년 10월 6일 20시,월요일,경상북도 경주시 외동읍,중상사고,0,1,0,0,차대차 - 기타,안전운전불이행,건조,맑음,교차로 - 교차로안,이륜,여,56세,중상,승용,남,52세,상해없음
2014100600100600,2014년 10월 6일 20시,월요일,경상북도 구미시 옥계동,중상사고,0,1,0,0,차대사람 - 보도통행중,안전운전불이행,건조,맑음,단일로 - 기타,승용,남,46세,상해없음,보행자,여,21세,중상
2014100600100638,2014년 10월 6일 21시,월요일,경상북도 안동시 옥동,중상사고,0,1,0,0,차대차 - 측면직각충돌,안전운전불이행,건조,맑음,교차로 - 교차로안,승용,남,32세,상해없음,승용,남,47세,중상
2014100600100639,2014년 10월 6일 21시,월요일,경상북도 상주시 개운동,경상사고,0,0,4,0,차대차 - 기타,차로위반,건조,맑음,단일로 - 기타,승용,여,52세,상해없음,승용,남,49세,상해없음
2014100600100640,2014년 10월 6일 21시,월요일,경상북도 포항시 남구 대도동,경상사고,0,0,1,0,차대차 - 기타,안전운전불이행,건조,맑음,단일로 - 기타,승용,남,57세,상해없음,이륜,남,39세,경상
2014100600100665,2014년 10월 6일 22시,월요일,경상북도 경주시 성건동,경상사고,0,0,1,0,차대차 - 추돌 - 주정차중,안전운전불이행,건조,맑음,단일로 - 기타,승용,남,52세,상해없음,승용,여,27세,경상
2014100600100666,2014년 10월 6일 22시,월요일,경상북도 경주시 감포읍,중상사고,0,1,0,0,차대차 - 기타,안전운전불이행,건조,맑음,단일로 - 기타,화물,여,48세,상해없음,이륜,남,17세,중상
2014100600100687,2014년 10월 6일 23시,월요일,경상북도 경산시 옥산동,경상사고,0,0,1,0,차대사람 - 기타,보행자보호의무위반,건조,맑음,교차로 - 교차로안,승용,남,40세,상해없음,보행자,남,33세,경상
2014100700100008,2014년 10월 7일 00시,화요일,경상북도 포항시 북구 두호동,중상사고,0,1,0,0,차대차 - 기타,중앙선침범,건조,맑음,단일로 - 기타,승용,남,50세,중상,승용,남,57세,상해없음
2014100700100009,2014년 10월 7일 00시,화요일,경상북도 성주군 선남면,경상사고,0,0,1,0,차량단독 - 공작물충돌,안전운전불이행,건조,맑음,교차로 - 교차로부근,화물,여,32세,상해없음,,,,
2014100700100010,2014년 10월 7일 00시,화요일,경상북도 포항시 남구 구룡포읍,부상신고사고,0,0,0,1,차대차 - 기타,안전운전불이행,건조,맑음,교차로 - 교차로부근,기타불명,기타불명,기타불명,기타불명,승용,여,26세,부상신고
2014100700100028,2014년 10월 7일 02시,화요일,경상북도 포항시 북구 양덕동,경상사고,0,0,2,0,차대차 - 기타,직진우회전진행방해,건조,맑음,교차로 - 교차로안,승용,남,57세,경상,승용,남,43세,경상
2014100700100029,2014년 10월 7일 02시,화요일,경상북도 경산시 진량읍,사망사고,1,0,0,0,차량단독 - 공작물충돌,안전운전불이행,건조,맑음,단일로 - 기타,승용,남,35세,사망,,,,
2014100700100047,2014년 10월 7일 05시,화요일,경상북도 칠곡군 동명면,중상사고,0,1,0,0,차대차 - 기타,안전운전불이행,건조,맑음,단일로 - 기타,승용,여,33세,상해없음,화물,남,71세,중상
2014100700100048,2014년 10월 7일 05시,화요일,경상북도 군위군 의흥면,중상사고,0,1,0,0,차대차 - 추돌 - 주정차중,교차로운행방법위반,습기,안개,교차로 - 교차로안,승합,남,54세,상해없음,농기계,남,62세,중상
2014100700100093,2014년 10월 7일 07시,화요일,경상북도 김천시 덕곡동,경상사고,0,0,1,0,차대차 - 측면직각충돌,신호위반,건조,맑음,교차로 - 교차로안,승용,여,41세,상해없음,승용,남,44세,경상
2014100700100094,2014년 10월 7일 07시,화요일,경상북도 경산시 하양읍,중상사고,0,1,0,1,차대차 - 기타,안전운전불이행,건조,맑음,단일로 - 기타,승용,남,49세,중상,승용,남,54세,부상신고
2014100700100129,2014년 10월 7일 08시,화요일,경상북도 경주시 천군동,경상사고,0,0,2,0,차대차 - 기타,안전운전불이행,건조,맑음,교차로 - 교차로부근,승용,남,79세,상해없음,승용,남,58세,경상
2014100700100131,2014년 10월 7일 08시,화요일,경상북도 김천시 구성면,경상사고,0,0,3,0,차대차 - 측면직각충돌,중앙선침범,건조,맑음,단일로 - 기타,승용,여,33세,상해없음,화물,남,39세,상해없음
2014100700100132,2014년 10월 7일 08시,화요일,경상북도 청도군 화양읍,중상사고,0,1,0,0,차대차 - 기타,직진우회전진행방해,건조,맑음,교차로 - 교차로안,승용,남,27세,상해없음,승용,남,33세,중상
2014100700100172,2014년 10월 7일 09시,화요일,경상북도 예천군 지보면,중상사고,0,1,0,0,차대차 - 측면직각충돌,직진우회전진행방해,건조,맑음,교차로 - 교차로안,승용,여,25세,상해없음,이륜,남,78세,중상
2014100700100173,2014년 10월 7일 09시,화요일,경상북도 울진군 후포면,중상사고,0,1,0,0,차대차 - 측면직각충돌,안전운전불이행,건조,맑음,교차로 - 교차로안,승용,남,42세,상해없음,원동기,남,71세,중상
2014100700100227,2014년 10월 7일 11시,화요일,경상북도 예천군 감천면,경상사고,0,0,1,0,차대차 - 측면직각충돌,안전운전불이행,건조,맑음,교차로 - 교차로안,승용,남,53세,상해없음,화물,남,65세,경상
2014100700100258,2014년 10월 7일 12시,화요일,경상북도 김천시 평화동,중상사고,0,1,0,0,차대차 - 측면직각충돌,안전운전불이행,건조,맑음,교차로 - 교차로부근,승용,남,59세,상해없음,자전거,남,71세,중상
2014100700100259,2014년 10월 7일 12시,화요일,경상북도 예천군 예천읍,중상사고,0,1,0,0,차대사람 - 차도통행중,안전운전불이행,건조,맑음,단일로 - 기타,이륜,남,71세,상해없음,보행자,여,69세,중상
2014100700100260,2014년 10월 7일 12시,화요일,경상북도 구미시 고아읍,중상사고,0,1,0,0,차대차 - 기타,신호위반,건조,맑음,교차로 - 교차로안,승용,여,42세,상해없음,승용,여,36세,중상
2014100700100290,2014년 10월 7일 13시,화요일,경상북도 의성군 의성읍,중상사고,0,1,1,0,차대차 - 측면직각충돌,교차로운행방법위반,건조,맑음,교차로 - 교차로안,화물,남,63세,중상,승용,여,55세,경상
2014100700100291,2014년 10월 7일 13시,화요일,경상북도 영덕군 축산면,경상사고,0,0,2,0,차대차 - 측면직각충돌,직진우회전진행방해,건조,맑음,교차로 - 교차로안,승용,남,39세,상해없음,화물,남,53세,경상
2014100700100292,2014년 10월 7일 13시,화요일,경상북도 봉화군 소천면,경상사고,0,0,2,0,차대차 - 정면충돌,안전운전불이행,건조,맑음,단일로 - 기타,승용,남,48세,경상,화물,남,46세,경상
2014100700100293,2014년 10월 7일 13시,화요일,경상북도 고령군 고령읍,중상사고,0,1,0,0,차대차 - 측면직각충돌,교차로운행방법위반,건조,맑음,교차로 - 교차로안,화물,남,54세,상해없음,원동기,남,75세,중상
2014100700100318,2014년 10월 7일 14시,화요일,경상북도 경주시 동천동,경상사고,0,0,1,0,차대차 - 기타,안전운전불이행,건조,맑음,교차로 - 교차로안,자전거,남,15세,경상,승용,남,44세,상해없음
2014100700100319,2014년 10월 7일 14시,화요일,경상북도 문경시 흥덕동,경상사고,0,0,1,0,차대차 - 기타,안전운전불이행,건조,맑음,단일로 - 기타,자전거,여,60세,경상,화물,남,41세,상해없음
2014100700100320,2014년 10월 7일 14시,화요일,경상북도 봉화군 춘양면,사망사고,1,0,0,0,차량단독 - 전도전복,안전운전불이행,건조,맑음,단일로 - 기타,이륜,남,70세,사망,,,,
2014100700100321,2014년 10월 7일 14시,화요일,경상북도 군위군 군위읍,중상사고,0,3,1,0,차대차 - 측면직각충돌,직진우회전진행방해,건조,맑음,교차로 - 교차로안,승합,남,43세,경상,승용,여,36세,중상
2014100700100322,2014년 10월 7일 14시,화요일,경상북도 구미시 도량동,경상사고,0,0,1,0,차대차 - 기타,교차로운행방법위반,건조,맑음,교차로 - 교차로안,이륜,남,80세,경상,승용,여,51세,상해없음
2014100700100358,2014년 10월 7일 15시,화요일,경상북도 경주시 용강동,중상사고,0,2,1,0,차량단독 - 기타,안전운전불이행,건조,맑음,단일로 - 기타,승용,남,15세,기타불명,,,,
2014100700100359,2014년 10월 7일 15시,화요일,경상북도 경주시 서부동,경상사고,0,0,1,0,차대사람 - 기타,보행자보호의무위반,건조,맑음,교차로 - 교차로안,승용,남,64세,상해없음,보행자,여,76세,경상
2014100700100360,2014년 10월 7일 15시,화요일,경상북도 경산시 중방동,중상사고,0,1,0,0,차량단독 - 기타,안전운전불이행,건조,맑음,교차로 - 교차로부근,승용,남,38세,상해없음,,,,
2014100700100361,2014년 10월 7일 15시,화요일,경상북도 청도군 금천면,중상사고,0,1,1,0,차대차 - 기타,안전운전불이행,건조,맑음,단일로 - 기타,승용,여,43세,경상,이륜,남,73세,중상
2014100700100362,2014년 10월 7일 15시,화요일,경상북도 성주군 성주읍,경상사고,0,0,1,0,차대차 - 기타,안전운전불이행,건조,맑음,기타 - 기타,승용,여,35세,상해없음,승용,여,47세,경상
2014100700100396,2014년 10월 7일 16시,화요일,경상북도 안동시 수상동,경상사고,0,0,2,0,차대차 - 측면직각충돌,안전운전불이행,건조,맑음,단일로 - 기타,승용,여,70세,경상,승용,남,37세,경상
2014100700100397,2014년 10월 7일 16시,화요일,경상북도 경산시 조영동,중상사고,0,1,0,0,차대차 - 기타,안전거리미확보,건조,맑음,교차로 - 교차로부근,승용,남,81세,상해없음,이륜,남,29세,중상
2014100700100398,2014년 10월 7일 16시,화요일,경상북도 군위군 군위읍,중상사고,0,1,0,0,차대사람 - 횡단중,안전운전불이행,건조,맑음,단일로 - 기타,승용,남,47세,상해없음,보행자,여,70세,중상
2014100700100399,2014년 10월 7일 16시,화요일,경상북도 청송군 현서면,경상사고,0,0,1,0,차대차 - 기타,안전운전불이행,건조,맑음,단일로 - 기타,승용,여,46세,상해없음,자전거,남,15세,경상
2014100700100400,2014년 10월 7일 16시,화요일,경상북도 포항시 남구 송도동,경상사고,0,0,1,0,차대차 - 기타,안전운전불이행,건조,맑음,교차로 - 교차로안,승용,여,68세,상해없음,자전거,여,64세,경상
2014100700100436,2014년 10월 7일 17시,화요일,경상북도 경주시 외동읍,부상신고사고,0,0,0,1,차량단독 - 공작물충돌,안전운전불이행,건조,맑음,단일로 - 기타,승용,남,44세,부상신고,,,,
2014100700100437,2014년 10월 7일 17시,화요일,경상북도 성주군 성주읍,경상사고,0,0,2,0,차대차 - 기타,안전운전불이행,건조,맑음,기타 - 기타,화물,남,59세,상해없음,기타불명,여,79세,경상
2014100700100480,2014년 10월 7일 18시,화요일,경상북도 경주시 동부동,사망사고,1,0,0,0,차대차 - 기타,안전운전불이행,건조,맑음,교차로 - 교차로안,승용,남,41세,상해없음,자전거,남,78세,사망
2014100700100481,2014년 10월 7일 18시,화요일,경상북도 김천시 성내동,중상사고,0,1,0,0,차대사람 - 기타,보행자보호의무위반,건조,맑음,단일로 - 횡단보도상,승용,여,44세,상해없음,보행자,남,79세,중상
2014100700100482,2014년 10월 7일 18시,화요일,경상북도 예천군 예천읍,중상사고,0,1,0,0,차대차 - 측면직각충돌,안전운전불이행,건조,맑음,교차로 - 교차로안,화물,여,42세,상해없음,원동기,여,54세,중상
2014100700100483,2014년 10월 7일 18시,화요일,경상북도 구미시 도량동,중상사고,0,1,0,0,차대사람 - 기타,보행자보호의무위반,건조,맑음,단일로 - 횡단보도상,승용,남,32세,상해없음,보행자,여,50세,중상
2014100700100523,2014년 10월 7일 19시,화요일,경상북도 구미시 장천면,중상사고,0,1,0,0,차대차 - 기타,안전운전불이행,건조,맑음,단일로 - 기타,화물,남,49세,상해없음,화물,남,52세,중상
2014100700100556,2014년 10월 7일 20시,화요일,경상북도 경주시 인왕동,경상사고,0,0,1,0,차대차 - 측면직각충돌,신호위반,건조,맑음,교차로 - 교차로안,화물,남,70세,상해없음,승용,남,31세,경상
2014100700100581,2014년 10월 7일 21시,화요일,경상북도 포항시 남구 이동,경상사고,0,0,1,0,차대차 - 기타,안전운전불이행,건조,맑음,단일로 - 기타,승용,여,31세,상해없음,이륜,남,70세,경상
2014100700100606,2014년 10월 7일 22시,화요일,경상북도 경주시 사정동,경상사고,0,0,2,0,차대차 - 추돌 - 진행중,안전운전불이행,건조,맑음,교차로 - 교차로부근,승용,남,36세,상해없음,승용,여,20세,경상
2014100700100607,2014년 10월 7일 22시,화요일,경상북도 포항시 북구 장성동,중상사고,0,1,0,0,차대차 - 기타,안전운전불이행,건조,맑음,교차로 - 교차로안,승용,남,27세,상해없음,승용,남,50세,중상
2014100700100608,2014년 10월 7일 22시,화요일,경상북도 경산시 압량면,중상사고,0,1,0,0,차대사람 - 기타,안전운전불이행,건조,맑음,단일로 - 기타,승용,남,44세,상해없음,보행자,남,25세,중상
2014100700100609,2014년 10월 7일 22시,화요일,경상북도 영덕군 지품면,경상사고,0,0,2,0,차대차 - 측면직각충돌,안전운전불이행,건조,맑음,단일로 - 기타,승용,남,24세,경상,승용,남,33세,상해없음
2014100700100610,2014년 10월 7일 22시,화요일,경상북도 포항시 남구 상도동,경상사고,0,0,1,0,차대차 - 기타,안전운전불이행,건조,맑음,교차로 - 교차로부근,승용,여,48세,상해없음,승용,남,51세,상해없음
2014100700100639,2014년 10월 7일 23시,화요일,경상북도 경산시 사정동,중상사고,0,1,0,0,차량단독 - 공작물충돌,안전운전불이행,건조,맑음,기타 - 기타,승합,남,47세,상해없음,,,,
2014100700100640,2014년 10월 7일 23시,화요일,경상북도 포항시 남구 이동,중상사고,0,1,0,0,차대사람 - 길가장자리구역통행중,안전운전불이행,건조,맑음,단일로 - 기타,승용,남,31세,상해없음,보행자,남,31세,중상
2014100800100026,2014년 10월 8일 01시,수요일,경상북도 경주시 동천동,경상사고,0,0,1,0,차대차 - 추돌 - 진행중,안전운전불이행,건조,맑음,교차로 - 교차로부근,승용,남,35세,상해없음,승용,남,47세,경상
2014100800100045,2014년 10월 8일 04시,수요일,경상북도 칠곡군 약목면,중상사고,0,1,1,0,차대차 - 측면직각충돌,신호위반,건조,맑음,교차로 - 교차로안,화물,남,66세,상해없음,승용,여,47세,중상
2014100800100046,2014년 10월 8일 04시,수요일,경상북도 구미시 구평동,경상사고,0,0,1,0,차대차 - 기타,교차로운행방법위반,건조,흐림,교차로 - 교차로부근,승용,남,58세,상해없음,자전거,여,40세,경상
2014100800100055,2014년 10월 8일 05시,수요일,경상북도 구미시 황상동,경상사고,0,0,1,0,차대차 - 기타,중앙선침범,건조,맑음,교차로 - 교차로부근,승용,남,34세,상해없음,승용,남,52세,경상
2014100800100087,2014년 10월 8일 07시,수요일,경상북도 경주시 성건동,부상신고사고,0,0,0,1,차대차 - 기타,안전운전불이행,건조,맑음,교차로 - 교차로부근,자전거,남,14세,부상신고,승용,여,43세,상해없음
2014100800100088,2014년 10월 8일 07시,수요일,경상북도 포항시 북구 창포동,경상사고,0,0,1,0,차대차 - 기타,안전운전불이행,건조,맑음,교차로 - 교차로안,화물,남,55세,상해없음,승용,여,51세,경상
2014100800100089,2014년 10월 8일 07시,수요일,경상북도 경산시 자인면,경상사고,0,0,1,0,차대차 - 추돌 - 진행중,안전운전불이행,건조,맑음,단일로 - 기타,승용,남,38세,상해없음,승용,남,36세,경상
2014100800100090,2014년 10월 8일 07시,수요일,경상북도 포항시 남구 오천읍,중상사고,0,1,0,0,차대차 - 기타,안전운전불이행,건조,맑음,단일로 - 기타,자전거,남,74세,중상,이륜,남,58세,상해없음
2014100800100129,2014년 10월 8일 08시,수요일,경상북도 구미시 고아읍,중상사고,0,1,0,0,차대차 - 기타,안전거리미확보,건조,맑음,교차로 - 교차로부근,건설기계,남,47세,상해없음,이륜,여,55세,중상
2014100800100163,2014년 10월 8일 09시,수요일,경상북도 봉화군 법전면,경상사고,0,0,1,0,차량단독 - 기타,안전운전불이행,건조,맑음,교차로 - 교차로안,승합,남,45세,상해없음,,,,
2014100800100191,2014년 10월 8일 10시,수요일,경상북도 포항시 북구 기계면,중상사고,0,1,0,0,차대차 - 기타,기타,건조,맑음,교차로 - 교차로안,특수,남,48세,상해없음,승용,남,44세,중상
2014100800100221,2014년 10월 8일 11시,수요일,경상북도 칠곡군 북삼읍,경상사고,0,0,1,0,차대차 - 기타,교차로운행방법위반,건조,맑음,교차로 - 교차로안,이륜,남,82세,경상,승용,여,53세,상해없음
2014100800100259,2014년 10월 8일 12시,수요일,경상북도 칠곡군 지천면,부상신고사고,0,0,0,1,차대차 - 기타,안전운전불이행,건조,맑음,교차로 - 교차로부근,화물,남,46세,부상신고,화물,남,50세,상해없음
2014100800100292,2014년 10월 8일 13시,수요일,경상북도 경주시 양남면,부상신고사고,0,0,0,1,차량단독 - 기타,안전운전불이행,건조,맑음,단일로 - 기타,원동기,남,64세,부상신고,,,,
2014100800100293,2014년 10월 8일 13시,수요일,경상북도 안동시 태화동,경상사고,0,0,2,0,차대차 - 기타,중앙선침범,건조,맑음,교차로 - 교차로부근,승용,여,42세,상해없음,승용,여,37세,경상
2014100800100294,2014년 10월 8일 13시,수요일,경상북도 영덕군 영덕읍,부상신고사고,0,0,0,1,차량단독 - 공작물충돌,안전운전불이행,건조,맑음,단일로 - 기타,이륜,남,71세,부상신고,,,,
2014100800100295,2014년 10월 8일 13시,수요일,경상북도 청도군 청도읍,경상사고,0,0,3,0,차대차 - 기타,안전거리미확보,건조,맑음,교차로 - 교차로부근,원동기,여,66세,경상,원동기,남,17세,경상
2014100800100296,2014년 10월 8일 13시,수요일,경상북도 구미시 사곡동,부상신고사고,0,0,0,1,차대차 - 기타,안전운전불이행,건조,맑음,단일로 - 기타,기타불명,기타불명,기타불명,기타불명,이륜,남,40세,부상신고
2014100800100297,2014년 10월 8일 13시,수요일,경상북도 구미시 황상동,중상사고,0,1,0,0,차대사람 - 기타,안전운전불이행,건조,맑음,단일로 - 기타,승용,여,46세,상해없음,보행자,여,45세,중상
2014100800100298,2014년 10월 8일 13시,수요일,경상북도 구미시 형곡동,부상신고사고,0,0,0,1,차대사람 - 기타,안전운전불이행,건조,맑음,단일로 - 기타,승용,여,54세,상해없음,보행자,여,46세,부상신고
2014100800100299,2014년 10월 8일 13시,수요일,경상북도 포항시 남구 대도동,경상사고,0,0,1,0,차대차 - 측면직각충돌,안전운전불이행,건조,맑음,단일로 - 기타,승용,여,59세,상해없음,자전거,여,9세,경상
2014100800100321,2014년 10월 8일 14시,수요일,경상북도 상주시 청리면,경상사고,0,0,1,0,차대차 - 기타,교차로운행방법위반,건조,맑음,교차로 - 교차로안,이륜,남,70세,경상,화물,남,72세,상해없음
2014100800100322,2014년 10월 8일 14시,수요일,경상북도 상주시 중덕동,중상사고,0,3,1,0,차대차 - 측면직각충돌,교차로운행방법위반,건조,맑음,교차로 - 교차로안,화물,남,53세,상해없음,화물,남,62세,경상
2014100800100323,2014년 10월 8일 14시,수요일,경상북도 칠곡군 가산면,사망사고,1,0,0,0,차대차 - 추돌 - 진행중,안전운전불이행,건조,맑음,단일로 - 기타,화물,남,43세,상해없음,원동기,남,74세,사망
2014100800100324,2014년 10월 8일 14시,수요일,경상북도 봉화군 소천면,경상사고,0,0,3,0,차대차 - 측면직각충돌,중앙선침범,건조,맑음,단일로 - 기타,화물,남,36세,경상,특수,남,51세,상해없음
2014100800100353,2014년 10월 8일 15시,수요일,경상북도 영주시 봉현면,중상사고,0,1,0,0,차대차 - 측면직각충돌,교차로운행방법위반,건조,맑음,교차로 - 교차로안,이륜,남,63세,중상,화물,남,46세,상해없음
2014100800100386,2014년 10월 8일 16시,수요일,경상북도 안동시 평화동,부상신고사고,0,0,0,1,차대차 - 기타,안전운전불이행,건조,맑음,단일로 - 기타,이륜,남,17세,부상신고,승용,남,40세,상해없음
2014100800100388,2014년 10월 8일 16시,수요일,경상북도 영주시 가흥동,경상사고,0,0,1,0,차대차 - 측면직각충돌,안전운전불이행,건조,맑음,단일로 - 기타,승용,남,59세,상해없음,자전거,남,12세,경상
2014100800100428,2014년 10월 8일 17시,수요일,경상북도 경주시 성동동,중상사고,0,1,1,0,차대차 - 기타,교차로운행방법위반,건조,맑음,교차로 - 교차로부근,승용,남,39세,상해없음,승용,남,55세,중상
2014100800100429,2014년 10월 8일 17시,수요일,경상북도 포항시 북구 죽도동,경상사고,0,0,1,0,차대차 - 기타,안전거리미확보,건조,맑음,단일로 - 기타,승용,여,47세,상해없음,원동기,남,21세,경상
2014100800100430,2014년 10월 8일 17시,수요일,경상북도 김천시 모암동,경상사고,0,0,2,0,차대차 - 측면직각충돌,교차로운행방법위반,건조,맑음,교차로 - 교차로안,화물,남,48세,상해없음,승용,여,45세,경상
2014100800100431,2014년 10월 8일 17시,수요일,경상북도 칠곡군 왜관읍,경상사고,0,0,1,0,차량단독 - 공작물충돌,안전운전불이행,건조,맑음,교차로 - 교차로안,이륜,남,59세,경상,,,,
2014100800100432,2014년 10월 8일 17시,수요일,경상북도 경산시 중산동,경상사고,0,0,1,0,차대차 - 추돌 - 주정차중,안전운전불이행,건조,맑음,교차로 - 교차로부근,승용,여,43세,상해없음,승용,남,41세,경상
2014100800100434,2014년 10월 8일 17시,수요일,경상북도 포항시 남구 이동,경상사고,0,0,1,0,차대차 - 기타,중앙선침범,건조,맑음,단일로 - 기타,승용,남,58세,상해없음,승용,여,45세,경상
2014100800100489,2014년 10월 8일 18시,수요일,경상북도 김천시 황금동,경상사고,0,0,1,0,차대사람 - 기타,안전운전불이행,건조,맑음,교차로 - 교차로부근,화물,남,44세,상해없음,보행자,여,59세,경상
2014100800100490,2014년 10월 8일 18시,수요일,경상북도 영천시 금호읍,중상사고,0,1,0,0,차대사람 - 횡단중,안전운전불이행,건조,맑음,단일로 - 기타,화물,남,68세,상해없음,보행자,여,70세,중상
2014100800100491,2014년 10월 8일 18시,수요일,경상북도 문경시 모전동,경상사고,0,0,1,0,차대차 - 기타,안전거리미확보,건조,맑음,교차로 - 교차로안,기타불명,기타불명,기타불명,기타불명,이륜,남,58세,경상
2014100800100492,2014년 10월 8일 18시,수요일,경상북도 군위군 효령면,중상사고,0,1,0,0,차대차 - 추돌 - 진행중,안전운전불이행,건조,맑음,단일로 - 기타,화물,남,66세,상해없음,농기계,남,82세,중상
2014100800100546,2014년 10월 8일 19시,수요일,경상북도 경주시 건천읍,중상사고,0,1,0,0,차대사람 - 기타,안전운전불이행,건조,맑음,단일로 - 기타,승용,여,23세,상해없음,보행자,남,73세,중상
2014100800100547,2014년 10월 8일 19시,수요일,경상북도 의성군 안평면,경상사고,0,0,2,0,차대차 - 측면직각충돌,중앙선침범,건조,맑음,단일로 - 기타,화물,남,61세,상해없음,화물,남,63세,경상
2014100800100548,2014년 10월 8일 19시,수요일,경상북도 봉화군 봉성면,중상사고,0,2,0,0,차대차 - 추돌 - 진행중,안전운전불이행,건조,맑음,단일로 - 기타,화물,남,70세,상해없음,화물,남,63세,중상
2014100800100549,2014년 10월 8일 19시,수요일,경상북도 구미시 고아읍,중상사고,0,1,4,0,차대차 - 기타,신호위반,건조,맑음,교차로 - 교차로안,이륜,남,43세,중상,승용,남,35세,경상
2014100800100550,2014년 10월 8일 19시,수요일,경상북도 포항시 남구 연일읍,중상사고,0,1,0,0,차대사람 - 횡단중,보행자보호의무위반,건조,맑음,교차로 - 교차로부근,승용,남,42세,상해없음,보행자,남,8세,중상
2014100800100580,2014년 10월 8일 20시,수요일,경상북도 포항시 북구 흥해읍,경상사고,0,0,1,0,차대차 - 기타,중앙선침범,건조,맑음,단일로 - 기타,승용,여,35세,상해없음,승용,남,54세,경상
2014100800100581,2014년 10월 8일 20시,수요일,경상북도 경산시 와촌면,경상사고,0,0,1,0,차대차 - 기타,신호위반,건조,맑음,교차로 - 교차로안,승용,남,63세,상해없음,화물,여,58세,경상