사고번호,사고일시,요일,시군구,사고내용,사망자수,중상자수,경상자수,부상신고자수,사고유형,법규위반,노면상태,기상상태,도로형태,가해운전자 차종,가해운전자 성별,가해운전자 연령,가해운전자 상해정도,피해운전자 차종,피해운전자 성별,피해운전자 연령,피해운전자 상해정도
2014100800100582,2014년 10월 8일 20시,수요일,경상북도 경산시 하양읍,중상사고,0,1,0,0,차대차 - 기타,안전거리미확보,건조,맑음,단일로 - 기타,이륜,남,61세,중상,승용,여,48세,상해없음
2014100800100583,2014년 10월 8일 20시,수요일,경상북도 포항시 남구 오천읍,경상사고,0,0,1,0,차대사람 - 기타,안전운전불이행,건조,맑음,단일로 - 기타,승용,여,19세,상해없음,보행자,여,36세,경상
2014100800100625,2014년 10월 8일 21시,수요일,경상북도 경주시 건천읍,중상사고,0,1,0,0,차대차 - 기타,안전운전불이행,건조,맑음,단일로 - 기타,이륜,남,67세,중상,승용,여,71세,상해없음
2014100800100626,2014년 10월 8일 21시,수요일,경상북도 안동시 태화동,중상사고,0,1,0,0,차대사람 - 기타,신호위반,건조,맑음,교차로 - 교차로안,승용,여,54세,상해없음,보행자,여,63세,중상
2014100800100627,2014년 10월 8일 21시,수요일,경상북도 영천시 대전동,중상사고,0,1,2,0,차대차 - 기타,안전운전불이행,건조,맑음,교차로 - 교차로안,승용,남,51세,경상,승용,남,20세,경상
2014100800100628,2014년 10월 8일 21시,수요일,경상북도 구미시 원평동,경상사고,0,0,1,0,차대차 - 기타,안전운전불이행,건조,맑음,단일로 - 기타,승용,여,43세,상해없음,승용,여,54세,경상
2014100900100022,2014년 10월 9일 00시,목요일,경상북도 경산시 진량읍,중상사고,0,1,0,0,차대사람 - 기타,안전운전불이행,건조,맑음,교차로 - 교차로안,승용,남,21세,상해없음,보행자,남,38세,중상
2014100900100023,2014년 10월 9일 00시,목요일,경상북도 구미시 남통동,중상사고,0,1,0,0,차량단독 - 기타,안전운전불이행,건조,맑음,단일로 - 기타,원동기,남,27세,상해없음,,,,
2014100900100071,2014년 10월 9일 02시,목요일,경상북도 경주시 외동읍,경상사고,0,0,3,0,차대차 - 기타,안전운전불이행,건조,맑음,교차로 - 교차로부근,화물,남,44세,상해없음,승용,남,24세,경상
2014100900100098,2014년 10월 9일 04시,목요일,경상북도 구미시 도량동,중상사고,0,1,0,1,차대차 - 기타,안전운전불이행,건조,맑음,단일로 - 기타,승용,남,32세,부상신고,승합,남,65세,상해없음
2014100900100135,2014년 10월 9일 06시,목요일,경상북도 안동시 남문동,사망사고,1,0,0,0,차대사람 - 횡단중,안전운전불이행,건조,맑음,단일로 - 기타,승용,남,33세,상해없음,보행자,여,69세,사망
2014100900100148,2014년 10월 9일 07시,목요일,경상북도 포항시 북구 죽도동,경상사고,0,0,1,0,차량단독 - 기타,안전운전불이행,건조,맑음,단일로 - 기타,승합,남,49세,상해없음,,,,
2014100900100149,2014년 10월 9일 07시,목요일,경상북도 포항시 남구 장흥동,경상사고,0,0,3,0,차대차 - 기타,신호위반,건조,맑음,교차로 - 교차로안,승용,남,35세,상해없음,화물,남,41세,경상
2014100900100175,2014년 10월 9일 08시,목요일,경상북도 경주시 동천동,경상사고,0,0,1,0,차대차 - 기타,신호위반,건조,맑음,교차로 - 교차로안,승용,남,67세,상해없음,승용,여,45세,경상
2014100900100176,2014년 10월 9일 08시,목요일,경상북도 구미시 광평동,중상사고,0,1,0,0,차대차 - 측면직각충돌,안전운전불이행,건조,맑음,교차로 - 교차로안,승용,여,45세,상해없음,승용,여,27세,중상
2014100900100177,2014년 10월 9일 08시,목요일,경상북도 포항시 남구 장흥동,경상사고,0,0,2,0,차대차 - 기타,안전운전불이행,건조,맑음,단일로 - 기타,화물,남,48세,상해없음,승용,남,35세,경상
2014100900100213,2014년 10월 9일 10시,목요일,경상북도 영주시 가흥동,경상사고,0,0,1,0,차대차 - 추돌 - 진행중,안전운전불이행,건조,맑음,교차로 - 교차로부근,승용,남,57세,상해없음,화물,남,42세,경상
2014100900100245,2014년 10월 9일 11시,목요일,경상북도 경주시 광명동,경상사고,0,0,2,0,차대차 - 기타,안전운전불이행,건조,맑음,교차로 - 교차로부근,승용,남,54세,기타불명,승용,여,25세,경상
2014100900100247,2014년 10월 9일 11시,목요일,경상북도 포항시 북구 우현동,경상사고,0,0,1,0,차대차 - 기타,안전운전불이행,건조,맑음,단일로 - 기타,건설기계,남,55세,상해없음,승용,여,42세,경상
2014100900100248,2014년 10월 9일 11시,목요일,경상북도 영양군 영양읍,경상사고,0,0,1,0,차대사람 - 횡단중,안전운전불이행,건조,맑음,단일로 - 횡단보도부근,화물,남,43세,상해없음,보행자,남,4세,경상
2014100900100271,2014년 10월 9일 12시,목요일,경상북도 김천시 부곡동,경상사고,0,0,1,0,차대차 - 측면직각충돌,차로위반,건조,맑음,단일로 - 기타,승용,여,43세,상해없음,승용,남,53세,경상
2014100900100272,2014년 10월 9일 12시,목요일,경상북도 영덕군 병곡면,중상사고,0,1,1,0,차대차 - 추돌 - 주정차중,안전운전불이행,건조,맑음,교차로 - 교차로부근,승용,여,45세,경상,승용,여,52세,중상
2014100900100273,2014년 10월 9일 12시,목요일,경상북도 예천군 용궁면,중상사고,0,1,0,0,차대차 - 기타,중앙선침범,건조,맑음,단일로 - 기타,화물,남,59세,중상,화물,남,69세,상해없음
2014100900100274,2014년 10월 9일 12시,목요일,경상북도 청송군 안덕면,중상사고,0,1,0,0,차대차 - 측면직각충돌,교차로운행방법위반,건조,맑음,교차로 - 교차로안,화물,남,54세,상해없음,승용,여,31세,중상
2014100900100302,2014년 10월 9일 13시,목요일,경상북도 경주시 외동읍,경상사고,0,0,1,0,차대차 - 기타,중앙선침범,건조,맑음,단일로 - 기타,화물,남,53세,상해없음,화물,남,48세,경상
2014100900100303,2014년 10월 9일 13시,목요일,경상북도 경산시 자인면,중상사고,0,1,0,0,차대차 - 기타,안전운전불이행,건조,맑음,단일로 - 기타,승용,남,64세,상해없음,자전거,여,75세,중상
2014100900100304,2014년 10월 9일 13시,목요일,경상북도 포항시 남구 효자동,경상사고,0,0,1,0,차대차 - 기타,안전운전불이행,건조,맑음,교차로 - 교차로안,승용,여,51세,상해없음,승용,남,38세,상해없음
2014100900100337,2014년 10월 9일 14시,목요일,경상북도 구미시 형곡동,경상사고,0,0,3,0,차대차 - 추돌 - 진행중,안전운전불이행,기타,기타,기타 - 기타,승용,남,70세,상해없음,승용,남,29세,경상
2014100900100362,2014년 10월 9일 15시,목요일,경상북도 경주시 성동동,부상신고사고,0,0,0,1,차량단독 - 전도전복,안전운전불이행,건조,맑음,교차로 - 교차로부근,원동기,남,24세,부상신고,,,,
2014100900100363,2014년 10월 9일 15시,목요일,경상북도 상주시 지천동,중상사고,0,1,0,0,차량단독 - 기타,안전운전불이행,건조,맑음,단일로 - 기타,원동기,남,54세,중상,,,,
2014100900100364,2014년 10월 9일 15시,목요일,경상북도 구미시 사곡동,경상사고,0,0,1,0,차대차 - 추돌 - 주정차중,안전운전불이행,건조,맑음,기타 - 기타,화물,남,39세,상해없음,승용,남,53세,경상
2014100900100399,2014년 10월 9일 16시,목요일,경상북도 포항시 북구 용흥동,중상사고,0,1,0,0,차대사람 - 횡단중,안전운전불이행,건조,맑음,미분류 - 미분류,승용,남,67세,상해없음,보행자,남,74세,중상
2014100900100400,2014년 10월 9일 16시,목요일,경상북도 포항시 북구 죽도동,중상사고,0,2,0,0,차대차 - 기타,신호위반,건조,맑음,교차로 - 교차로안,원동기,남,28세,중상,승용,남,58세,중상
2014100900100401,2014년 10월 9일 16시,목요일,경상북도 의성군 점곡면,중상사고,0,1,0,0,차대차 - 측면직각충돌,안전운전불이행,건조,맑음,단일로 - 기타,농기계,남,67세,중상,승용,남,31세,상해없음
2014100900100402,2014년 10월 9일 16시,목요일,경상북도 예천군 풍양면,경상사고,0,0,1,0,차대사람 - 기타,안전운전불이행,건조,맑음,교차로 - 교차로안,승용,남,42세,상해없음,보행자,남,46세,경상
2014100900100403,2014년 10월 9일 16시,목요일,경상북도 포항시 남구 호미곶면,경상사고,0,0,2,0,차대차 - 기타,신호위반,건조,맑음,교차로 - 교차로안,이륜,남,62세,상해없음,승용,여,54세,경상
2014100900100430,2014년 10월 9일 17시,목요일,경상북도 안동시 광석동,중상사고,0,2,1,0,차대차 - 기타,안전운전불이행,건조,맑음,교차로 - 교차로부근,승용,남,36세,상해없음,승용,남,52세,중상
2014100900100431,2014년 10월 9일 17시,목요일,경상북도 상주시 무양동,경상사고,0,0,1,0,차대차 - 추돌 - 진행중,안전거리미확보,건조,맑음,단일로 - 교량,승용,남,82세,상해없음,승용,남,22세,경상
2014100900100478,2014년 10월 9일 18시,목요일,경상북도 안동시 수상동,경상사고,0,0,6,0,차대차 - 기타,안전운전불이행,건조,맑음,교차로 - 교차로부근,화물,남,78세,상해없음,승용,남,41세,경상
2014100900100479,2014년 10월 9일 18시,목요일,경상북도 영천시 야사동,경상사고,0,0,1,0,차대차 - 추돌 - 진행중,안전운전불이행,건조,맑음,단일로 - 기타,원동기,남,52세,경상,승용,남,48세,상해없음
2014100900100480,2014년 10월 9일 18시,목요일,경상북도 영천시 망정동,중상사고,0,2,0,0,차대차 - 추돌 - 주정차중,안전운전불이행,건조,맑음,교차로 - 교차로안,승용,남,67세,상해없음,승용,남,33세,중상
2014100900100519,2014년 10월 9일 19시,목요일,경상북도 경주시 천북면,중상사고,0,1,0,0,차대사람 - 기타,안전운전불이행,건조,맑음,단일로 - 기타,원동기,남,62세,상해없음,보행자,여,59세,중상
2014100900100579,2014년 10월 9일 21시,목요일,경상북도 안동시 수상동,중상사고,0,2,0,0,차대차 - 기타,안전운전불이행,건조,맑음,교차로 - 교차로안,승용,남,54세,상해없음,승용,남,43세,중상
2014100900100580,2014년 10월 9일 21시,목요일,경상북도 포항시 남구 대잠동,경상사고,0,0,3,0,차대차 - 기타,신호위반,건조,맑음,교차로 - 교차로안,승용,여,47세,상해없음,승용,여,60세,경상
2014101000100003,2014년 10월 10일 00시,금요일,경상북도 포항시 북구 대신동,경상사고,0,0,3,0,차대차 - 기타,신호위반,건조,맑음,교차로 - 교차로안,승용,남,59세,상해없음,승용,여,39세,경상
2014101000100064,2014년 10월 10일 05시,금요일,경상북도 구미시 인의동,중상사고,0,1,0,0,차대차 - 측면직각충돌,안전운전불이행,건조,맑음,교차로 - 교차로안,승용,남,24세,상해없음,자전거,남,25세,중상
2014101000100065,2014년 10월 10일 05시,금요일,경상북도 포항시 남구 대도동,사망사고,1,0,0,0,차량단독 - 기타,안전운전불이행,건조,맑음,단일로 - 기타,이륜,남,29세,사망,,,,
2014101000100079,2014년 10월 10일 06시,금요일,경상북도 포항시 북구 흥해읍,중상사고,0,1,0,0,차대차 - 기타,교차로운행방법위반,건조,맑음,교차로 - 교차로안,화물,남,54세,상해없음,자전거,남,39세,중상
2014101000100106,2014년 10월 10일 07시,금요일,경상북도 경주시 동천동,경상사고,0,0,1,0,차대차 - 기타,안전운전불이행,건조,맑음,교차로 - 교차로부근,승용,남,47세,상해없음,승용,남,52세,경상
2014101000100107,2014년 10월 10일 07시,금요일,경상북도 성주군 선남면,중상사고,0,2,0,0,차대차 - 기타,안전운전불이행,건조,맑음,기타 - 기타,승용,남,55세,상해없음,원동기,남,78세,중상
2014101000100108,2014년 10월 10일 07시,금요일,경상북도 포항시 남구 해도동,경상사고,0,0,1,0,차대차 - 기타,안전운전불이행,건조,맑음,단일로 - 기타,이륜,남,47세,경상,승용,남,30세,상해없음
2014101000100157,2014년 10월 10일 08시,금요일,경상북도 포항시 북구 신광면,중상사고,0,1,0,0,차대차 - 기타,기타,건조,맑음,교차로 - 교차로안,승용,여,42세,상해없음,원동기,남,65세,중상
2014101000100197,2014년 10월 10일 09시,금요일,경상북도 상주시 함창읍,경상사고,0,0,1,0,차대차 - 기타,안전운전불이행,습기,안개,단일로 - 기타,화물,남,62세,상해없음,자전거,여,26세,경상
2014101000100198,2014년 10월 10일 09시,금요일,경상북도 경산시 중방동,경상사고,0,0,1,0,차대차 - 기타,안전운전불이행,건조,맑음,교차로 - 교차로부근,자전거,남,12세,경상,승용,남,36세,상해없음
2014101000100199,2014년 10월 10일 09시,금요일,경상북도 군위군 효령면,경상사고,0,0,1,0,차대차 - 측면직각충돌,교차로운행방법위반,건조,맑음,교차로 - 교차로안,승용,남,52세,상해없음,건설기계,남,48세,경상
2014101000100239,2014년 10월 10일 10시,금요일,경상북도 김천시 부항면,경상사고,0,0,1,0,차대차 - 측면직각충돌,안전운전불이행,건조,맑음,단일로 - 기타,승용,남,49세,상해없음,농기계,남,77세,경상
2014101000100240,2014년 10월 10일 10시,금요일,경상북도 상주시 함창읍,경상사고,0,0,3,0,차대차 - 측면직각충돌,교차로운행방법위반,건조,맑음,교차로 - 교차로안,승용,남,46세,상해없음,승합,남,63세,상해없음
2014101000100241,2014년 10월 10일 10시,금요일,경상북도 영천시 신령면,중상사고,0,1,2,0,차대차 - 기타,안전운전불이행,건조,맑음,단일로 - 기타,승용,남,63세,경상,건설기계,남,41세,경상
2014101000100242,2014년 10월 10일 10시,금요일,경상북도 구미시 송정동,중상사고,0,1,0,0,차대차 - 기타,기타,건조,맑음,교차로 - 교차로안,승용,여,24세,상해없음,자전거,남,25세,중상
2014101000100243,2014년 10월 10일 10시,금요일,경상북도 성주군 용암면,중상사고,0,2,0,0,차대차 - 측면직각충돌,안전운전불이행,건조,맑음,단일로 - 기타,건설기계,남,28세,상해없음,승용,남,77세,중상
2014101000100276,2014년 10월 10일 11시,금요일,경상북도 안동시 송현동,중상사고,0,1,0,0,차대차 - 추돌 - 진행중,안전거리미확보,건조,맑음,단일로 - 기타,승용,여,46세,상해없음,승용,남,56세,중상
2014101000100277,2014년 10월 10일 11시,금요일,경상북도 안동시 당북동,경상사고,0,0,1,0,차대차 - 추돌 - 진행중,안전거리미확보,건조,맑음,교차로 - 교차로안,승용,남,57세,상해없음,화물,남,46세,상해없음
2014101000100303,2014년 10월 10일 12시,금요일,경상북도 안동시 옥동,경상사고,0,0,1,0,차대차 - 추돌 - 진행중,안전운전불이행,건조,맑음,단일로 - 횡단보도부근,화물,남,67세,상해없음,승용,여,53세,경상
2014101000100304,2014년 10월 10일 12시,금요일,경상북도 포항시 남구 대도동,경상사고,0,0,1,0,차대차 - 기타,안전운전불이행,건조,맑음,단일로 - 기타,승용,남,36세,상해없음,승용,남,73세,경상
2014101000100305,2014년 10월 10일 12시,금요일,경상북도 포항시 남구 송도동,경상사고,0,0,1,0,차대차 - 기타,신호위반,건조,맑음,교차로 - 교차로안,승용,남,80세,상해없음,승용,남,57세,경상
2014101000100363,2014년 10월 10일 14시,금요일,경상북도 김천시 부곡동,중상사고,0,1,0,0,차대차 - 측면직각충돌,안전운전불이행,건조,맑음,교차로 - 교차로안,승용,남,43세,상해없음,자전거,여,20세,중상
2014101000100364,2014년 10월 10일 14시,금요일,경상북도 영주시 부석면,중상사고,0,2,3,0,차대차 - 추돌 - 진행중,안전운전불이행,건조,맑음,단일로 - 기타,승용,여,59세,중상,승용,남,43세,경상
2014101000100365,2014년 10월 10일 14시,금요일,경상북도 영덕군 영덕읍,경상사고,0,0,1,0,차대차 - 추돌 - 주정차중,안전운전불이행,건조,맑음,단일로 - 기타,승용,남,37세,상해없음,승용,여,39세,상해없음
2014101000100366,2014년 10월 10일 14시,금요일,경상북도 군위군 군위읍,중상사고,0,1,0,0,차대차 - 기타,안전운전불이행,건조,맑음,교차로 - 교차로안,승용,남,22세,상해없음,원동기,남,46세,중상
2014101000100405,2014년 10월 10일 15시,금요일,경상북도 경주시 용강동,중상사고,0,1,0,0,차대차 - 기타,안전운전불이행,건조,맑음,단일로 - 기타,승용,남,41세,상해없음,승합,남,47세,상해없음
2014101000100406,2014년 10월 10일 15시,금요일,경상북도 칠곡군 지천면,중상사고,0,1,0,0,차대차 - 기타,중앙선침범,건조,맑음,단일로 - 기타,승용,남,76세,상해없음,승용,남,49세,중상
2014101000100407,2014년 10월 10일 15시,금요일,경상북도 영천시 채신동,경상사고,0,0,2,0,차대차 - 측면직각충돌,안전운전불이행,건조,맑음,교차로 - 교차로안,승용,남,67세,경상,화물,남,52세,경상
2014101000100408,2014년 10월 10일 15시,금요일,경상북도 경산시 자인면,경상사고,0,0,1,0,차대차 - 기타,안전운전불이행,건조,맑음,교차로 - 교차로안,승용,여,52세,상해없음,자전거,남,21세,경상
2014101000100453,2014년 10월 10일 16시,금요일,경상북도 안동시 태화동,중상사고,0,1,0,0,차대차 - 기타,중앙선침범,건조,맑음,단일로 - 기타,자전거,남,59세,중상,승용,남,50세,상해없음
2014101000100454,2014년 10월 10일 16시,금요일,경상북도 안동시 와룡면,중상사고,0,1,0,0,차량단독 - 공작물충돌,안전운전불이행,건조,맑음,단일로 - 기타,특수,남,26세,중상,,,,
2014101000100455,2014년 10월 10일 16시,금요일,경상북도 경산시 하양읍,경상사고,0,0,1,0,차대사람 - 기타,안전운전불이행,건조,맑음,단일로 - 기타,승용,남,65세,상해없음,보행자,여,21세,경상
2014101000100456,2014년 10월 10일 16시,금요일,경상북도 구미시 도량동,경상사고,0,0,1,0,차대차 - 기타,교차로운행방법위반,건조,맑음,교차로 - 교차로부근,승용,남,39세,상해없음,자전거,남,12세,경상
2014101000100457,2014년 10월 10일 16시,금요일,경상북도 구미시 인의동,경상사고,0,0,1,0,차대사람 - 횡단중,안전운전불이행,건조,맑음,교차로 - 교차로부근,승용,남,47세,상해없음,보행자,남,22세,경상
2014101000100458,2014년 10월 10일 16시,금요일,경상북도 포항시 남구 해도동,경상사고,0,0,2,0,차대차 - 추돌 - 진행중,안전거리미확보,건조,맑음,단일로 - 기타,승용,남,62세,상해없음,이륜,남,62세,경상
2014101000100501,2014년 10월 10일 17시,금요일,경상북도 상주시 낙양동,중상사고,0,1,0,0,차대차 - 측면직각충돌,교차로운행방법위반,건조,맑음,단일로 - 기타,승용,남,28세,상해없음,승용,남,45세,중상
2014101000100502,2014년 10월 10일 17시,금요일,경상북도 군위군 군위읍,부상신고사고,0,0,0,1,차량단독 - 전도전복,안전운전불이행,건조,맑음,단일로 - 기타,승용,여,67세,부상신고,,,,
2014101000100503,2014년 10월 10일 17시,금요일,경상북도 구미시 송정동,경상사고,0,0,1,0,차대차 - 기타,교차로운행방법위반,건조,맑음,교차로 - 교차로안,승용,남,59세,상해없음,자전거,여,23세,경상
2014101000100546,2014년 10월 10일 18시,금요일,경상북도 경주시 시래동,중상사고,0,1,0,0,차대사람 - 기타,중앙선침범,건조,맑음,단일로 - 기타,승용,여,51세,상해없음,보행자,여,33세,중상
2014101000100547,2014년 10월 10일 18시,금요일,경상북도 상주시 낙양동,경상사고,0,0,3,0,차대차 - 기타,교차로운행방법위반,건조,맑음,교차로 - 교차로안,승용,남,55세,상해없음,승합,남,59세,상해없음
2014101000100548,2014년 10월 10일 18시,금요일,경상북도 상주시 부원동,중상사고,0,1,0,0,차대차 - 측면직각충돌,교차로운행방법위반,건조,맑음,교차로 - 교차로안,화물,남,57세,상해없음,자전거,남,49세,중상
2014101000100549,2014년 10월 10일 18시,금요일,경상북도 영주시 가흥동,경상사고,0,0,1,0,차대차 - 측면직각충돌,안전운전불이행,건조,맑음,교차로 - 교차로안,승용,남,62세,상해없음,승용,남,61세,상해없음
2014101000100550,2014년 10월 10일 18시,금요일,경상북도 영주시 상망동,경상사고,0,0,1,0,차대차 - 측면직각충돌,안전운전불이행,건조,맑음,단일로 - 기타,승용,여,40세,상해없음,승용,여,49세,경상
2014101000100551,2014년 10월 10일 18시,금요일,경상북도 영덕군 축산면,중상사고,0,1,0,0,차대차 - 정면충돌,중앙선침범,건조,맑음,단일로 - 기타,원동기,남,51세,중상,승용,여,41세,상해없음
2014101000100608,2014년 10월 10일 19시,금요일,경상북도 경주시 안강읍,중상사고,0,2,2,0,차대차 - 기타,중앙선침범,건조,맑음,단일로 - 기타,승용,남,36세,상해없음,승용,여,35세,경상
2014101000100609,2014년 10월 10일 19시,금요일,경상북도 구미시 옥계동,경상사고,0,0,1,0,차대차 - 기타,교차로운행방법위반,습기,비,교차로 - 교차로안,승용,남,46세,상해없음,이륜,남,38세,경상
2014101000100610,2014년 10월 10일 19시,금요일,경상북도 구미시 원평동,경상사고,0,0,2,0,차대차 - 기타,안전운전불이행,건조,맑음,단일로 - 기타,이륜,남,18세,경상,승용,여,30세,경상
2014101000100611,2014년 10월 10일 19시,금요일,경상북도 포항시 남구 오천읍,경상사고,0,0,2,0,차대차 - 추돌 - 진행중,안전운전불이행,건조,맑음,단일로 - 기타,승용,남,46세,기타불명,승용,남,55세,경상
2014101000100650,2014년 10월 10일 20시,금요일,경상북도 포항시 북구 대흥동,중상사고,0,1,0,0,차대차 - 기타,안전운전불이행,건조,맑음,교차로 - 교차로안,원동기,남,46세,중상,원동기,남,32세,상해없음
2014101000100675,2014년 10월 10일 21시,금요일,경상북도 경주시 성건동,경상사고,0,0,1,0,차대차 - 기타,신호위반,건조,맑음,교차로 - 교차로안,승합,남,66세,상해없음,승용,남,51세,경상
2014101000100676,2014년 10월 10일 21시,금요일,경상북도 경산시 계양동,경상사고,0,0,2,0,차대차 - 기타,차로위반,건조,맑음,교차로 - 교차로안,승용,여,52세,기타불명,승용,여,33세,경상
2014101000100708,2014년 10월 10일 22시,금요일,경상북도 포항시 북구 장성동,경상사고,0,0,3,0,차대차 - 측면직각충돌,직진우회전진행방해,건조,맑음,교차로 - 교차로안,승용,남,42세,상해없음,승용,남,58세,경상
2014101000100709,2014년 10월 10일 22시,금요일,경상북도 구미시 공단동,경상사고,0,0,1,2,차대차 - 기타,안전운전불이행,건조,맑음,교차로 - 교차로안,승용,남,46세,상해없음,승용,남,54세,경상
2014101000100710,2014년 10월 10일 22시,금요일,경상북도 구미시 옥계동,중상사고,0,1,0,0,차대차 - 기타,안전운전불이행,건조,맑음,교차로 - 교차로안,화물,남,20세,상해없음,승용,남,26세,중상
2014101000100743,2014년 10월 10일 23시,금요일,경상북도 경산시 사정동,중상사고,0,1,0,0,차대차 - 기타,안전운전불이행,건조,맑음,단일로 - 기타,승용,남,37세,상해없음,이륜,남,18세,중상
2014101000100744,2014년 10월 10일 23시,금요일,경상북도 예천군 예천읍,중상사고,0,1,0,0,차대차 - 기타,안전운전불이행,건조,맑음,교차로 - 교차로안,화물,남,56세,상해없음,승용,남,38세,중상
2014101100100020,2014년 10월 11일 00시,토요일,경상북도 포항시 북구 대흥동,중상사고,0,1,0,0,차대차 - 기타,신호위반,건조,맑음,교차로 - 교차로안,승용,남,55세,상해없음,원동기,남,42세,중상
2014101100100118,2014년 10월 11일 07시,토요일,경상북도 경산시 남산면,사망사고,1,0,1,0,차대차 - 측면직각충돌,기타,건조,맑음,교차로 - 교차로안,화물,여,42세,상해없음,이륜,남,76세,사망
2014101100100140,2014년 10월 11일 08시,토요일,경상북도 청송군 청송읍,경상사고,0,0,2,0,차대차 - 기타,안전거리미확보,건조,맑음,단일로 - 기타,승합,남,55세,상해없음,승용,남,33세,경상
2014101100100163,2014년 10월 11일 09시,토요일,경상북도 상주시 무양동,중상사고,0,1,0,0,차대차 - 측면직각충돌,기타,건조,맑음,단일로 - 기타,승용,여,56세,상해없음,자전거,여,70세,중상
2014101100100164,2014년 10월 11일 09시,토요일,경상북도 경산시 와촌면,경상사고,0,0,2,0,차대차 - 기타,안전운전불이행,건조,맑음,교차로 - 교차로안,화물,남,50세,기타불명,승용,남,73세,경상
2014101100100193,2014년 10월 11일 10시,토요일,경상북도 포항시 북구 흥해읍,중상사고,0,2,0,0,차대차 - 추돌 - 주정차중,직진우회전진행방해,건조,맑음,단일로 - 기타,승용,남,62세,상해없음,원동기,남,66세,중상
2014101100100194,2014년 10월 11일 10시,토요일,경상북도 상주시 무양동,경상사고,0,0,2,0,차대차 - 추돌 - 진행중,교차로운행방법위반,건조,맑음,교차로 - 교차로안,승용,남,83세,상해없음,승용,여,62세,경상
2014101100100195,2014년 10월 11일 10시,토요일,경상북도 봉화군 법전면,경상사고,0,0,3,0,차대차 - 추돌 - 주정차중,안전운전불이행,건조,맑음,단일로 - 기타,승용,남,75세,상해없음,화물,남,52세,상해없음
2014101100100229,2014년 10월 11일 11시,토요일,경상북도 경주시 내남면,부상신고사고,0,0,0,1,차량단독 - 전도전복,안전운전불이행,건조,맑음,단일로 - 기타,기타불명,남,61세,부상신고,,,,
2014101100100230,2014년 10월 11일 11시,토요일,경상북도 포항시 북구 대흥동,경상사고,0,0,1,0,차대차 - 기타,차로위반,건조,맑음,단일로 - 기타,승용,남,59세,상해없음,원동기,남,59세,경상
2014101100100231,2014년 10월 11일 11시,토요일,경상북도 영주시 가흥동,중상사고,0,1,0,0,차대사람 - 횡단중,안전운전불이행,건조,맑음,단일로 - 기타,화물,남,56세,상해없음,보행자,여,2세,중상
2014101100100232,2014년 10월 11일 11시,토요일,경상북도 영천시 완산동,경상사고,0,0,2,0,차대차 - 추돌 - 진행중,안전운전불이행,건조,맑음,교차로 - 교차로안,승용,남,40세,상해없음,승용,남,26세,경상
2014101100100233,2014년 10월 11일 11시,토요일,경상북도 고령군 성산면,중상사고,0,1,1,0,차대차 - 기타,중앙선침범,건조,맑음,단일로 - 기타,화물,남,62세,상해없음,승용,남,38세,중상
2014101100100266,2014년 10월 11일 12시,토요일,경상북도 영주시 봉현면,경상사고,0,0,1,0,차대차 - 측면직각충돌,안전운전불이행,건조,맑음,교차로 - 교차로안,승용,여,30세,상해없음,이륜,남,65세,경상
2014101100100300,2014년 10월 11일 13시,토요일,경상북도 경주시 북군동,경상사고,0,0,1,0,차대사람 - 기타,안전운전불이행,건조,맑음,단일로 - 기타,승용,남,25세,상해없음,보행자,여,1세,경상
2014101100100301,2014년 10월 11일 13시,토요일,경상북도 구미시 고아읍,경상사고,0,0,1,0,차대차 - 기타,안전운전불이행,건조,맑음,단일로 - 기타,승용,여,66세,상해없음,이륜,남,49세,경상
2014101100100331,2014년 10월 11일 14시,토요일,경상북도 경주시 감포읍,중상사고,0,1,0,0,차대사람 - 기타,안전운전불이행,건조,맑음,단일로 - 기타,승용,여,32세,상해없음,보행자,여,48세,중상
2014101100100332,2014년 10월 11일 14시,토요일,경상북도 문경시 문경읍,중상사고,0,1,0,0,차대차 - 기타,안전운전불이행,건조,맑음,교차로 - 교차로안,승용,남,40세,상해없음,자전거,남,69세,중상
2014101100100379,2014년 10월 11일 15시,토요일,경상북도 봉화군 봉화읍,경상사고,0,0,2,0,차대차 - 측면직각충돌,중앙선침범,건조,맑음,교차로 - 교차로부근,화물,남,42세,상해없음,화물,남,61세,경상
2014101100100380,2014년 10월 11일 15시,토요일,경상북도 구미시 거의동,중상사고,0,1,0,0,차대차 - 기타,안전운전불이행,건조,맑음,단일로 - 기타,승용,남,42세,상해없음,자전거,남,16세,중상
2014101100100425,2014년 10월 11일 16시,토요일,경상북도 경주시 조양동,중상사고,0,1,1,0,차대차 - 기타,안전운전불이행,건조,맑음,단일로 - 기타,화물,남,57세,상해없음,승용,남,25세,중상
2014101100100426,2014년 10월 11일 16시,토요일,경상북도 경주시 인왕동,경상사고,0,0,1,0,차대차 - 기타,안전운전불이행,건조,맑음,단일로 - 기타,화물,남,65세,상해없음,승용,남,42세,경상
2014101100100427,2014년 10월 11일 16시,토요일,경상북도 포항시 북구 덕수동,중상사고,0,1,2,0,차대차 - 기타,안전운전불이행,건조,맑음,단일로 - 횡단보도부근,건설기계,남,52세,상해없음,승용,남,65세,중상