사고번호,사고일시,요일,시군구,사고내용,사망자수,중상자수,경상자수,부상신고자수,사고유형,법규위반,노면상태,기상상태,도로형태,가해운전자 차종,가해운전자 성별,가해운전자 연령,가해운전자 상해정도,피해운전자 차종,피해운전자 성별,피해운전자 연령,피해운전자 상해정도
2014101400100422,2014년 10월 14일 16시,화요일,경상북도 고령군 덕곡면,중상사고,0,2,0,0,차대차 - 측면직각충돌,중앙선침범,건조,맑음,단일로 - 기타,농기계,남,73세,중상,화물,남,62세,중상
2014101400100423,2014년 10월 14일 16시,화요일,경상북도 포항시 남구 구룡포읍,사망사고,1,0,0,0,차량단독 - 도로외이탈 - 추락,안전운전불이행,건조,맑음,단일로 - 기타,승용,남,66세,사망,,,,
2014101400100463,2014년 10월 14일 17시,화요일,경상북도 경주시 서면,경상사고,0,0,1,0,차대차 - 측면직각충돌,안전운전불이행,건조,맑음,교차로 - 교차로안,승용,여,54세,상해없음,화물,남,75세,경상
2014101400100464,2014년 10월 14일 17시,화요일,경상북도 경주시 동천동,경상사고,0,0,1,1,차대차 - 기타,안전운전불이행,건조,맑음,교차로 - 교차로안,승용,여,41세,부상신고,승용,여,43세,경상
2014101400100465,2014년 10월 14일 17시,화요일,경상북도 안동시 옥동,경상사고,0,0,1,0,차대차 - 기타,안전운전불이행,건조,맑음,단일로 - 기타,승용,남,23세,상해없음,승용,남,57세,경상
2014101400100466,2014년 10월 14일 17시,화요일,경상북도 청도군 청도읍,중상사고,0,1,0,0,차량단독 - 전도전복,안전운전불이행,건조,맑음,단일로 - 기타,승용,여,53세,중상,,,,
2014101400100467,2014년 10월 14일 17시,화요일,경상북도 성주군 성주읍,경상사고,0,0,1,0,차대차 - 기타,안전운전불이행,건조,맑음,기타 - 기타,자전거,남,72세,경상,승용,남,51세,상해없음
2014101400100468,2014년 10월 14일 17시,화요일,경상북도 구미시 고아읍,중상사고,0,2,3,0,차대차 - 측면직각충돌,중앙선침범,건조,맑음,단일로 - 기타,화물,남,32세,상해없음,승합,남,45세,경상
2014101400100510,2014년 10월 14일 18시,화요일,경상북도 영천시 화북면,부상신고사고,0,0,0,1,차대차 - 추돌 - 진행중,중앙선침범,건조,맑음,단일로 - 기타,승용,여,67세,부상신고,화물,기타불명,기타불명,기타불명
2014101400100561,2014년 10월 14일 19시,화요일,경상북도 포항시 북구 용흥동,중상사고,0,1,0,0,차대차 - 기타,교차로운행방법위반,건조,맑음,교차로 - 교차로안,승용,여,49세,상해없음,자전거,남,13세,중상
2014101400100601,2014년 10월 14일 20시,화요일,경상북도 경주시 노서동,중상사고,0,1,1,0,차대차 - 기타,안전운전불이행,건조,맑음,교차로 - 교차로부근,승용,여,23세,중상,승용,남,24세,경상
2014101400100602,2014년 10월 14일 20시,화요일,경상북도 안동시 당북동,중상사고,0,1,0,0,차대차 - 정면충돌,중앙선침범,건조,맑음,기타 - 기타,화물,남,43세,상해없음,승용,남,55세,중상
2014101400100625,2014년 10월 14일 21시,화요일,경상북도 영천시 금호읍,중상사고,0,1,1,0,차대차 - 추돌 - 주정차중,안전운전불이행,건조,맑음,교차로 - 교차로부근,승용,남,44세,상해없음,승용,남,32세,중상
2014101400100626,2014년 10월 14일 21시,화요일,경상북도 경산시 옥산동,중상사고,0,1,1,0,차대차 - 기타,안전거리미확보,건조,맑음,단일로 - 기타,승용,여,52세,경상,승용,남,35세,중상
2014101400100648,2014년 10월 14일 22시,화요일,경상북도 경산시 백천동,경상사고,0,0,1,1,차대차 - 기타,중앙선침범,건조,맑음,단일로 - 기타,승용,여,48세,상해없음,승용,남,53세,경상
2014101500100018,2014년 10월 15일 00시,수요일,경상북도 상주시 복룡동,사망사고,1,0,0,0,차대차 - 추돌 - 진행중,안전운전불이행,건조,맑음,단일로 - 기타,승용,남,46세,상해없음,이륜,남,26세,사망
2014101500100031,2014년 10월 15일 01시,수요일,경상북도 영천시 완산동,경상사고,0,0,2,0,차대차 - 측면직각충돌,교차로운행방법위반,건조,맑음,교차로 - 교차로안,승용,남,32세,경상,승용,여,46세,경상
2014101500100072,2014년 10월 15일 05시,수요일,경상북도 경주시 탑동,중상사고,0,1,1,0,차대차 - 기타,신호위반,건조,흐림,교차로 - 교차로안,승용,여,56세,중상,화물,남,38세,경상
2014101500100087,2014년 10월 15일 06시,수요일,경상북도 안동시 수상동,중상사고,0,1,0,0,차대차 - 추돌 - 진행중,안전운전불이행,습기,안개,단일로 - 기타,화물,남,51세,상해없음,승용,여,64세,중상
2014101500100111,2014년 10월 15일 07시,수요일,경상북도 경산시 하양읍,경상사고,0,0,1,0,차대사람 - 기타,안전운전불이행,건조,맑음,단일로 - 기타,승용,기타불명,기타불명,기타불명,보행자,여,65세,경상
2014101500100112,2014년 10월 15일 07시,수요일,경상북도 포항시 남구 인덕동,경상사고,0,0,1,0,차대차 - 기타,안전운전불이행,건조,맑음,교차로 - 교차로안,승용,남,26세,상해없음,이륜,남,49세,경상
2014101500100146,2014년 10월 15일 08시,수요일,경상북도 경주시 황성동,경상사고,0,0,1,0,차대차 - 기타,안전운전불이행,건조,맑음,교차로 - 교차로안,화물,남,59세,기타불명,승합,남,35세,경상
2014101500100177,2014년 10월 15일 09시,수요일,경상북도 구미시 도개면,중상사고,0,1,1,0,차대차 - 기타,중앙선침범,기타,안개,단일로 - 기타,화물,남,28세,경상,승합,남,52세,중상
2014101500100178,2014년 10월 15일 09시,수요일,경상북도 포항시 남구 장흥동,중상사고,0,2,0,0,차대차 - 기타,교차로운행방법위반,건조,맑음,교차로 - 교차로부근,승용,남,26세,상해없음,화물,남,54세,중상
2014101500100201,2014년 10월 15일 10시,수요일,경상북도 상주시 공성면,경상사고,0,0,2,0,차대차 - 추돌 - 주정차중,안전운전불이행,건조,맑음,교차로 - 교차로부근,건설기계,남,45세,상해없음,승용,여,46세,경상
2014101500100202,2014년 10월 15일 10시,수요일,경상북도 경산시 압량면,중상사고,0,1,0,0,차대차 - 기타,안전운전불이행,건조,맑음,교차로 - 교차로부근,승합,남,47세,상해없음,자전거,남,40세,중상
2014101500100203,2014년 10월 15일 10시,수요일,경상북도 구미시 고아읍,부상신고사고,0,0,0,1,차대차 - 기타,안전운전불이행,건조,맑음,단일로 - 기타,이륜,남,72세,부상신고,승용,여,67세,상해없음
2014101500100204,2014년 10월 15일 10시,수요일,경상북도 안동시 풍산읍,중상사고,0,3,0,0,차대차 - 추돌 - 진행중,안전거리미확보,건조,맑음,단일로 - 기타,화물,남,71세,상해없음,승용,남,55세,중상
2014101500100235,2014년 10월 15일 11시,수요일,경상북도 경주시 율동,경상사고,0,0,2,0,차대차 - 기타,안전운전불이행,건조,맑음,단일로 - 기타,화물,남,64세,상해없음,승용,남,62세,경상
2014101500100236,2014년 10월 15일 11시,수요일,경상북도 안동시 옥동,경상사고,0,0,1,0,차대차 - 추돌 - 진행중,안전거리미확보,건조,맑음,교차로 - 교차로부근,승용,여,59세,상해없음,승용,여,42세,경상
2014101500100237,2014년 10월 15일 11시,수요일,경상북도 성주군 성주읍,중상사고,0,2,0,0,차대차 - 기타,안전운전불이행,건조,맑음,기타 - 기타,승용,남,41세,상해없음,원동기,남,86세,중상
2014101500100238,2014년 10월 15일 11시,수요일,경상북도 포항시 남구 대잠동,경상사고,0,0,1,0,차대차 - 추돌 - 진행중,안전운전불이행,건조,맑음,단일로 - 기타,기타불명,기타불명,기타불명,기타불명,승용,남,55세,경상
2014101500100261,2014년 10월 15일 12시,수요일,경상북도 경산시 삼북동,중상사고,0,1,0,0,차대사람 - 기타,안전운전불이행,건조,맑음,단일로 - 기타,기타불명,기타불명,기타불명,기타불명,보행자,여,48세,중상
2014101500100262,2014년 10월 15일 12시,수요일,경상북도 경산시 갑제동,중상사고,0,1,1,0,차대차 - 추돌 - 진행중,안전운전불이행,건조,맑음,단일로 - 기타,승용,남,49세,경상,승용,남,41세,중상
2014101500100286,2014년 10월 15일 13시,수요일,경상북도 상주시 복룡동,중상사고,0,2,0,0,차대차 - 측면직각충돌,안전거리미확보,건조,맑음,교차로 - 교차로부근,이륜,남,88세,중상,화물,남,43세,상해없음
2014101500100287,2014년 10월 15일 13시,수요일,경상북도 성주군 대가면,경상사고,0,0,1,0,차대차 - 기타,안전운전불이행,건조,맑음,기타 - 기타,승용,여,51세,상해없음,자전거,남,88세,경상
2014101500100288,2014년 10월 15일 13시,수요일,경상북도 포항시 남구 동촌동,중상사고,0,1,0,0,차대차 - 기타,신호위반,건조,맑음,단일로 - 기타,자전거,남,38세,중상,승용,남,73세,상해없음
2014101500100320,2014년 10월 15일 14시,수요일,경상북도 상주시 공성면,경상사고,0,0,1,0,차대사람 - 기타,안전운전불이행,건조,맑음,단일로 - 기타,화물,남,62세,상해없음,보행자,여,79세,경상
2014101500100321,2014년 10월 15일 14시,수요일,경상북도 영덕군 병곡면,중상사고,0,1,1,0,차대차 - 추돌 - 주정차중,중앙선침범,건조,맑음,단일로 - 기타,승용,여,55세,중상,화물,남,60세,기타불명
2014101500100322,2014년 10월 15일 14시,수요일,경상북도 구미시 도량동,중상사고,0,2,0,0,차대차 - 기타,신호위반,건조,맑음,교차로 - 교차로부근,화물,남,34세,상해없음,승용,남,44세,중상
2014101500100349,2014년 10월 15일 15시,수요일,경상북도 김천시 용두동,중상사고,0,1,0,0,차대사람 - 기타,안전운전불이행,건조,맑음,교차로 - 교차로안,승용,여,45세,상해없음,보행자,남,84세,중상
2014101500100350,2014년 10월 15일 15시,수요일,경상북도 문경시 문경읍,경상사고,0,0,1,0,차대차 - 측면직각충돌,안전운전불이행,건조,맑음,교차로 - 교차로안,승용,남,39세,경상,승용,남,46세,상해없음
2014101500100396,2014년 10월 15일 16시,수요일,경상북도 경주시 북군동,중상사고,0,2,5,0,차대차 - 기타,안전운전불이행,건조,맑음,단일로 - 기타,승용,남,51세,상해없음,승용,남,54세,경상
2014101500100428,2014년 10월 15일 17시,수요일,경상북도 안동시 풍산읍,중상사고,0,1,0,0,차대사람 - 기타,안전운전불이행,건조,맑음,단일로 - 횡단보도부근,승용,여,39세,상해없음,보행자,여,54세,중상
2014101500100429,2014년 10월 15일 17시,수요일,경상북도 칠곡군 왜관읍,경상사고,0,0,1,0,차대차 - 측면직각충돌,직진우회전진행방해,건조,맑음,교차로 - 교차로안,화물,남,32세,상해없음,자전거,남,65세,경상
2014101500100430,2014년 10월 15일 17시,수요일,경상북도 구미시 원평동,중상사고,0,1,0,0,차대차 - 기타,안전운전불이행,건조,맑음,교차로 - 교차로부근,승용,남,52세,상해없음,자전거,남,22세,중상
2014101500100478,2014년 10월 15일 18시,수요일,경상북도 김천시 교동,사망사고,1,0,0,0,차대사람 - 기타,안전운전불이행,건조,맑음,단일로 - 기타,승용,남,64세,상해없음,보행자,남,50세,사망
2014101500100479,2014년 10월 15일 18시,수요일,경상북도 칠곡군 지천면,중상사고,0,1,0,0,차대사람 - 길가장자리구역통행중,안전운전불이행,건조,맑음,단일로 - 기타,승용,남,52세,상해없음,보행자,여,66세,중상
2014101500100480,2014년 10월 15일 18시,수요일,경상북도 영천시 화남면,경상사고,0,0,3,0,차대차 - 기타,안전운전불이행,건조,맑음,교차로 - 교차로부근,화물,남,56세,경상,승용,남,46세,상해없음
2014101500100481,2014년 10월 15일 18시,수요일,경상북도 구미시 지산동,중상사고,0,1,0,0,차대차 - 기타,안전운전불이행,건조,맑음,미분류 - 미분류,승용,남,59세,상해없음,승용,남,59세,중상
2014101500100482,2014년 10월 15일 18시,수요일,경상북도 구미시 원평동,경상사고,0,0,1,0,차대사람 - 기타,안전운전불이행,건조,맑음,교차로 - 교차로안,승용,남,28세,상해없음,보행자,여,56세,경상
2014101500100539,2014년 10월 15일 19시,수요일,경상북도 영천시 문외동,중상사고,0,1,0,0,차대사람 - 횡단중,보행자보호의무위반,건조,맑음,단일로 - 기타,승용,남,48세,상해없음,보행자,남,11세,중상
2014101500100540,2014년 10월 15일 19시,수요일,경상북도 경산시 중방동,중상사고,0,1,0,0,차대차 - 기타,안전운전불이행,건조,맑음,단일로 - 기타,기타불명,기타불명,기타불명,기타불명,승합,남,40세,상해없음
2014101500100541,2014년 10월 15일 19시,수요일,경상북도 예천군 호명면,중상사고,0,1,0,0,차량단독 - 기타,안전운전불이행,건조,맑음,단일로 - 기타,이륜,남,48세,중상,,,,
2014101500100542,2014년 10월 15일 19시,수요일,경상북도 포항시 남구 지곡동,중상사고,0,1,0,0,차대사람 - 기타,보행자보호의무위반,건조,맑음,단일로 - 기타,승용,남,39세,상해없음,보행자,여,17세,중상
2014101500100570,2014년 10월 15일 20시,수요일,경상북도 경주시 외동읍,중상사고,0,1,2,0,차대차 - 기타,안전운전불이행,건조,맑음,단일로 - 기타,승합,남,56세,상해없음,승용,남,65세,경상
2014101500100600,2014년 10월 15일 21시,수요일,경상북도 영주시 가흥동,중상사고,0,1,0,0,차대차 - 측면직각충돌,신호위반,건조,맑음,교차로 - 교차로안,이륜,남,19세,중상,승용,여,51세,상해없음
2014101600100024,2014년 10월 16일 00시,목요일,경상북도 칠곡군 석적읍,중상사고,0,1,0,0,차대사람 - 기타,안전운전불이행,건조,맑음,단일로 - 기타,승용,남,58세,상해없음,보행자,여,25세,중상
2014101600100025,2014년 10월 16일 00시,목요일,경상북도 경산시 대정동,경상사고,0,0,1,0,차량단독 - 공작물충돌,안전운전불이행,건조,맑음,단일로 - 기타,승용,남,64세,경상,,,,
2014101600100045,2014년 10월 16일 01시,목요일,경상북도 영주시 휴천동,경상사고,0,0,6,0,차대차 - 기타,안전운전불이행,건조,맑음,교차로 - 교차로안,화물,남,59세,상해없음,승용,남,21세,경상
2014101600100081,2014년 10월 16일 05시,목요일,경상북도 경주시 현곡면,사망사고,1,0,1,0,차대차 - 기타,중앙선침범,건조,맑음,단일로 - 기타,승용,남,46세,사망,화물,남,38세,경상
2014101600100103,2014년 10월 16일 06시,목요일,경상북도 포항시 남구 대도동,중상사고,0,1,0,0,차대사람 - 횡단중,신호위반,건조,맑음,교차로 - 교차로안,건설기계,남,51세,상해없음,보행자,여,53세,중상
2014101600100127,2014년 10월 16일 07시,목요일,경상북도 고령군 다산면,중상사고,0,2,1,0,차대차 - 측면직각충돌,안전운전불이행,건조,맑음,단일로 - 기타,승용,남,32세,경상,승용,여,39세,중상
2014101600100128,2014년 10월 16일 07시,목요일,경상북도 포항시 남구 연일읍,경상사고,0,0,1,0,차대차 - 기타,안전운전불이행,건조,맑음,교차로 - 교차로안,화물,남,64세,상해없음,승용,여,47세,경상
2014101600100169,2014년 10월 16일 08시,목요일,경상북도 경주시 시래동,경상사고,0,0,1,0,차대차 - 기타,안전운전불이행,건조,맑음,단일로 - 기타,승용,여,42세,상해없음,승용,남,39세,경상
2014101600100170,2014년 10월 16일 08시,목요일,경상북도 포항시 북구 청하면,중상사고,0,2,0,0,차대차 - 기타,교차로운행방법위반,건조,맑음,교차로 - 교차로안,승용,여,43세,상해없음,원동기,남,72세,중상
2014101600100201,2014년 10월 16일 09시,목요일,경상북도 포항시 남구 연일읍,경상사고,0,0,1,0,차대차 - 추돌 - 진행중,안전운전불이행,건조,맑음,단일로 - 기타,승용,남,33세,상해없음,승용,여,28세,경상
2014101600100233,2014년 10월 16일 10시,목요일,경상북도 포항시 북구 흥해읍,경상사고,0,0,1,0,차대차 - 기타,교차로운행방법위반,건조,맑음,교차로 - 교차로안,승용,여,60세,상해없음,승용,남,49세,경상
2014101600100257,2014년 10월 16일 11시,목요일,경상북도 안동시 송현동,경상사고,0,0,1,0,차대차 - 기타,차로위반,건조,맑음,기타 - 기타,승용,여,52세,상해없음,승용,남,38세,상해없음
2014101600100258,2014년 10월 16일 11시,목요일,경상북도 예천군 예천읍,중상사고,0,1,0,0,차대사람 - 보도통행중,안전운전불이행,건조,맑음,교차로 - 교차로부근,승용,남,65세,상해없음,보행자,여,74세,중상
2014101600100290,2014년 10월 16일 12시,목요일,경상북도 청도군 각북면,경상사고,0,0,2,0,차대차 - 기타,안전운전불이행,건조,맑음,단일로 - 기타,화물,남,57세,상해없음,원동기,남,79세,경상
2014101600100347,2014년 10월 16일 14시,목요일,경상북도 경주시 동천동,중상사고,0,1,1,0,차대차 - 기타,안전운전불이행,건조,맑음,교차로 - 교차로부근,승용,남,67세,상해없음,승용,남,33세,중상
2014101600100348,2014년 10월 16일 14시,목요일,경상북도 안동시 북후면,경상사고,0,0,2,0,차대차 - 정면충돌,안전운전불이행,건조,맑음,단일로 - 기타,승용,여,30세,상해없음,승용,여,49세,경상
2014101600100349,2014년 10월 16일 14시,목요일,경상북도 김천시 구성면,경상사고,0,0,1,0,차대차 - 측면직각충돌,교차로운행방법위반,건조,맑음,교차로 - 교차로안,화물,남,46세,상해없음,승용,남,42세,경상
2014101600100350,2014년 10월 16일 14시,목요일,경상북도 청도군 매전면,중상사고,0,1,0,0,차대차 - 기타,직진우회전진행방해,건조,맑음,교차로 - 교차로부근,농기계,남,77세,중상,승용,남,52세,상해없음
2014101600100351,2014년 10월 16일 14시,목요일,경상북도 구미시 광평동,경상사고,0,0,4,0,차대차 - 기타,안전운전불이행,건조,맑음,교차로 - 교차로부근,승용,남,73세,상해없음,승용,남,42세,경상
2014101600100387,2014년 10월 16일 15시,목요일,경상북도 경주시 현곡면,경상사고,0,0,1,0,차대차 - 기타,안전운전불이행,건조,맑음,기타 - 기타,자전거,남,11세,경상,승용,남,54세,상해없음
2014101600100388,2014년 10월 16일 15시,목요일,경상북도 구미시 신평동,사망사고,1,0,0,0,차량단독 - 기타,안전운전불이행,건조,맑음,단일로 - 교량,자전거,남,62세,사망,,,,
2014101600100389,2014년 10월 16일 15시,목요일,경상북도 포항시 남구 연일읍,경상사고,0,0,1,0,차대차 - 측면직각충돌,안전운전불이행,건조,맑음,단일로 - 기타,화물,남,68세,상해없음,승용,여,35세,경상
2014101600100488,2014년 10월 16일 17시,목요일,경상북도 영덕군 달산면,중상사고,0,2,0,0,차대차 - 측면직각충돌,직진우회전진행방해,건조,맑음,단일로 - 기타,농기계,남,71세,중상,화물,남,62세,상해없음
2014101600100489,2014년 10월 16일 17시,목요일,경상북도 포항시 남구 연일읍,경상사고,0,0,1,0,차대차 - 기타,안전운전불이행,건조,맑음,교차로 - 교차로안,기타불명,기타불명,기타불명,기타불명,자전거,남,9세,경상
2014101600100542,2014년 10월 16일 18시,목요일,경상북도 경산시 하양읍,중상사고,0,1,0,0,차대사람 - 횡단중,안전운전불이행,건조,맑음,단일로 - 기타,승용,남,49세,상해없음,보행자,여,19세,중상
2014101600100543,2014년 10월 16일 18시,목요일,경상북도 성주군 선남면,중상사고,0,1,0,0,차량단독 - 기타,안전운전불이행,건조,맑음,기타 - 기타,원동기,남,68세,중상,,,,
2014101600100583,2014년 10월 16일 19시,목요일,경상북도 경주시 안강읍,경상사고,0,0,2,0,차대차 - 추돌 - 진행중,안전운전불이행,건조,맑음,단일로 - 기타,승용,남,59세,상해없음,승용,남,36세,경상
2014101600100584,2014년 10월 16일 19시,목요일,경상북도 경주시 외동읍,경상사고,0,0,1,0,차대차 - 기타,안전운전불이행,건조,기타,단일로 - 기타,승용,남,61세,상해없음,승용,남,32세,경상
2014101600100585,2014년 10월 16일 19시,목요일,경상북도 구미시 공단동,경상사고,0,0,1,0,차대차 - 기타,교차로운행방법위반,건조,맑음,교차로 - 교차로안,화물,남,50세,상해없음,승합,남,51세,상해없음
2014101600100586,2014년 10월 16일 19시,목요일,경상북도 상주시 헌신동,경상사고,0,0,1,0,차대차 - 기타,안전운전불이행,건조,맑음,단일로 - 기타,승용,남,49세,기타불명,승용,남,27세,경상
2014101600100646,2014년 10월 16일 21시,목요일,경상북도 문경시 점촌동,중상사고,0,1,0,0,차대사람 - 기타,안전운전불이행,건조,맑음,교차로 - 교차로안,승용,여,52세,상해없음,보행자,여,53세,중상
2014101600100673,2014년 10월 16일 22시,목요일,경상북도 상주시 서성동,경상사고,0,0,1,0,차대차 - 측면직각충돌,교차로운행방법위반,건조,맑음,교차로 - 교차로안,화물,남,47세,상해없음,자전거,남,15세,경상
2014101600100674,2014년 10월 16일 22시,목요일,경상북도 영주시 하망동,경상사고,0,0,4,0,차대차 - 측면직각충돌,직진우회전진행방해,건조,맑음,교차로 - 교차로안,승용,여,45세,상해없음,승용,남,63세,경상
2014101600100707,2014년 10월 16일 23시,목요일,경상북도 구미시 구평동,경상사고,0,0,2,0,차대차 - 기타,안전운전불이행,건조,맑음,교차로 - 교차로부근,승용,여,39세,상해없음,승용,남,40세,경상
2014101600100708,2014년 10월 16일 23시,목요일,경상북도 구미시 시미동,경상사고,0,0,1,0,차대차 - 기타,안전운전불이행,건조,맑음,교차로 - 교차로부근,승용,남,27세,상해없음,승용,남,29세,경상
2014101700100036,2014년 10월 17일 01시,금요일,경상북도 포항시 북구 우현동,경상사고,0,0,2,0,차대차 - 기타,안전거리미확보,건조,흐림,교차로 - 교차로부근,승용,남,70세,상해없음,화물,남,66세,경상
2014101700100037,2014년 10월 17일 01시,금요일,경상북도 영천시 망정동,부상신고사고,0,0,0,1,차대차 - 기타,안전운전불이행,건조,맑음,단일로 - 기타,기타불명,기타불명,기타불명,기타불명,자전거,남,36세,부상신고
2014101700100082,2014년 10월 17일 05시,금요일,경상북도 안동시 정하동,중상사고,0,5,3,0,차대차 - 기타,직진우회전진행방해,건조,맑음,교차로 - 교차로안,승용,남,51세,경상,화물,남,42세,중상
2014101700100083,2014년 10월 17일 05시,금요일,경상북도 영천시 화북면,경상사고,0,0,1,0,차대차 - 정면충돌,중앙선침범,기타,안개,단일로 - 기타,승용,남,73세,기타불명,승용,남,66세,경상
2014101700100106,2014년 10월 17일 06시,금요일,경상북도 구미시 공단동,경상사고,0,0,1,0,차대차 - 기타,안전운전불이행,건조,맑음,교차로 - 교차로부근,이륜,남,20세,상해없음,승용,남,51세,경상
2014101700100141,2014년 10월 17일 07시,금요일,경상북도 군위군 의흥면,중상사고,0,1,0,0,차량단독 - 기타,안전운전불이행,건조,맑음,단일로 - 기타,승합,남,57세,상해없음,,,,
2014101700100192,2014년 10월 17일 08시,금요일,경상북도 경주시 양북면,경상사고,0,0,2,1,차대차 - 기타,안전운전불이행,건조,맑음,단일로 - 기타,승용,남,59세,부상신고,화물,남,34세,경상
2014101700100193,2014년 10월 17일 08시,금요일,경상북도 포항시 남구 오천읍,경상사고,0,0,3,0,차대차 - 기타,직진우회전진행방해,건조,맑음,교차로 - 교차로안,승용,여,36세,경상,승용,여,47세,경상
2014101700100194,2014년 10월 17일 08시,금요일,경상북도 포항시 남구 오천읍,경상사고,0,0,1,0,차대차 - 측면직각충돌,안전운전불이행,건조,흐림,단일로 - 기타,승용,여,32세,상해없음,승용,여,30세,경상
2014101700100239,2014년 10월 17일 09시,금요일,경상북도 영주시 풍기읍,중상사고,0,1,2,0,차대차 - 측면직각충돌,안전운전불이행,건조,맑음,교차로 - 교차로안,승용,여,49세,경상,승합,남,32세,경상
2014101700100240,2014년 10월 17일 09시,금요일,경상북도 영양군 일월면,경상사고,0,0,1,0,차대차 - 추돌 - 진행중,안전거리미확보,건조,맑음,단일로 - 기타,화물,남,72세,상해없음,화물,남,66세,경상
2014101700100272,2014년 10월 17일 10시,금요일,경상북도 포항시 북구 동빈1가,경상사고,0,0,1,0,차대차 - 기타,안전거리미확보,건조,맑음,교차로 - 교차로부근,승용,남,18세,상해없음,승용,남,37세,경상
2014101700100273,2014년 10월 17일 10시,금요일,경상북도 봉화군 봉화읍,중상사고,0,1,0,0,차대차 - 측면직각충돌,직진우회전진행방해,건조,맑음,교차로 - 교차로안,승용,남,74세,중상,승용,남,64세,상해없음
2014101700100309,2014년 10월 17일 11시,금요일,경상북도 경주시 외동읍,사망사고,1,0,0,0,차대사람 - 기타,안전운전불이행,건조,맑음,단일로 - 기타,화물,남,27세,상해없음,보행자,남,45세,사망
2014101700100310,2014년 10월 17일 11시,금요일,경상북도 경주시 서부동,중상사고,0,1,0,0,차대사람 - 기타,안전운전불이행,건조,맑음,단일로 - 기타,승용,남,77세,상해없음,보행자,여,57세,중상
2014101700100311,2014년 10월 17일 11시,금요일,경상북도 성주군 벽진면,중상사고,0,1,0,0,차대차 - 기타,안전운전불이행,건조,맑음,기타 - 기타,기타불명,기타불명,기타불명,기타불명,원동기,남,70세,중상
2014101700100342,2014년 10월 17일 12시,금요일,경상북도 포항시 북구 용흥동,경상사고,0,0,1,0,차대차 - 기타,기타,건조,맑음,교차로 - 교차로안,승용,남,48세,상해없음,승용,여,32세,경상
2014101700100343,2014년 10월 17일 12시,금요일,경상북도 안동시 용상동,경상사고,0,0,3,0,차대차 - 기타,안전거리미확보,건조,맑음,단일로 - 기타,승용,남,73세,상해없음,승용,여,46세,경상
2014101700100344,2014년 10월 17일 12시,금요일,경상북도 구미시 시미동,경상사고,0,0,1,0,차대차 - 기타,안전운전불이행,건조,맑음,교차로 - 교차로부근,승용,남,24세,상해없음,승용,여,35세,경상
2014101700100383,2014년 10월 17일 13시,금요일,경상북도 의성군 춘산면,중상사고,0,1,0,0,차대차 - 측면직각충돌,안전운전불이행,건조,맑음,단일로 - 기타,화물,남,60세,상해없음,원동기,남,55세,중상
2014101700100414,2014년 10월 17일 14시,금요일,경상북도 경주시 안강읍,부상신고사고,0,0,0,1,차대차 - 기타,안전운전불이행,건조,맑음,교차로 - 교차로부근,자전거,남,65세,부상신고,승용,여,60세,상해없음
2014101700100415,2014년 10월 17일 14시,금요일,경상북도 상주시 가장동,경상사고,0,0,1,0,차대차 - 기타,안전운전불이행,건조,맑음,교차로 - 교차로부근,화물,남,46세,상해없음,승합,남,67세,경상
2014101700100416,2014년 10월 17일 14시,금요일,경상북도 문경시 흥덕동,경상사고,0,0,1,0,차대사람 - 횡단중,중앙선침범,건조,맑음,단일로 - 기타,화물,남,75세,상해없음,보행자,남,61세,경상
2014101700100445,2014년 10월 17일 15시,금요일,경상북도 문경시 모전동,중상사고,0,1,0,0,차대차 - 측면직각충돌,안전운전불이행,건조,맑음,단일로 - 기타,승용,여,41세,상해없음,자전거,남,76세,중상
2014101700100446,2014년 10월 17일 15시,금요일,경상북도 봉화군 법전면,중상사고,0,1,0,0,차량단독 - 전도전복,안전운전불이행,건조,맑음,단일로 - 기타,원동기,남,71세,중상,,,,
2014101700100447,2014년 10월 17일 15시,금요일,경상북도 포항시 남구 호동,중상사고,0,1,0,0,차대차 - 추돌 - 진행중,안전거리미확보,건조,맑음,교차로 - 교차로안,이륜,남,67세,중상,화물,남,44세,상해없음
2014101700100526,2014년 10월 17일 17시,금요일,경상북도 포항시 북구 용흥동,경상사고,0,0,1,0,차대차 - 기타,중앙선침범,건조,맑음,단일로 - 기타,자전거,남,73세,경상,원동기,남,41세,상해없음
2014101700100527,2014년 10월 17일 17시,금요일,경상북도 안동시 풍산읍,중상사고,0,1,0,0,차대사람 - 기타,보행자보호의무위반,건조,맑음,단일로 - 기타,화물,남,54세,상해없음,보행자,여,72세,중상
2014101700100528,2014년 10월 17일 17시,금요일,경상북도 안동시 송현동,경상사고,0,0,4,0,차대차 - 기타,안전운전불이행,건조,맑음,교차로 - 교차로부근,승용,남,45세,상해없음,승용,남,54세,경상
2014101700100529,2014년 10월 17일 17시,금요일,경상북도 김천시 성내동,경상사고,0,0,1,0,차대차 - 측면직각충돌,기타,건조,맑음,단일로 - 기타,화물,남,54세,상해없음,자전거,남,13세,경상