사고번호,사고일시,요일,시군구,사고내용,사망자수,중상자수,경상자수,부상신고자수,사고유형,법규위반,노면상태,기상상태,도로형태,가해운전자 차종,가해운전자 성별,가해운전자 연령,가해운전자 상해정도,피해운전자 차종,피해운전자 성별,피해운전자 연령,피해운전자 상해정도
2014101700100530,2014년 10월 17일 17시,금요일,경상북도 의성군 의성읍,경상사고,0,0,1,0,차대차 - 측면직각충돌,안전운전불이행,건조,맑음,교차로 - 교차로부근,화물,남,58세,상해없음,화물,남,77세,경상
2014101700100531,2014년 10월 17일 17시,금요일,경상북도 영주시 휴천동,경상사고,0,0,1,0,차대차 - 측면직각충돌,안전운전불이행,건조,맑음,단일로 - 기타,화물,남,29세,상해없음,자전거,남,39세,경상
2014101700100532,2014년 10월 17일 17시,금요일,경상북도 경산시 진량읍,경상사고,0,0,2,0,차대차 - 기타,안전거리미확보,건조,맑음,단일로 - 기타,승합,여,47세,상해없음,승용,남,56세,경상
2014101700100592,2014년 10월 17일 18시,금요일,경상북도 경주시 천북면,중상사고,0,2,0,0,차대차 - 기타,안전운전불이행,건조,맑음,교차로 - 교차로안,승용,여,46세,상해없음,승용,남,53세,중상
2014101700100593,2014년 10월 17일 18시,금요일,경상북도 포항시 북구 득량동,중상사고,0,1,0,0,차대차 - 기타,안전운전불이행,건조,맑음,교차로 - 교차로안,승용,남,48세,상해없음,원동기,남,19세,중상
2014101700100594,2014년 10월 17일 18시,금요일,경상북도 안동시 태화동,경상사고,0,0,1,0,차대차 - 기타,신호위반,건조,맑음,교차로 - 교차로안,승용,여,39세,상해없음,원동기,남,46세,경상
2014101700100595,2014년 10월 17일 18시,금요일,경상북도 안동시 정하동,경상사고,0,0,1,1,차대차 - 기타,신호위반,건조,맑음,교차로 - 교차로안,특수,남,28세,부상신고,화물,남,50세,경상
2014101700100596,2014년 10월 17일 18시,금요일,경상북도 경산시 대평동,경상사고,0,0,1,0,차대차 - 기타,신호위반,건조,맑음,교차로 - 교차로안,이륜,남,74세,경상,승용,남,38세,상해없음
2014101700100669,2014년 10월 17일 19시,금요일,경상북도 경주시 내남면,중상사고,0,1,1,0,차대차 - 기타,신호위반,건조,맑음,교차로 - 교차로안,승용,남,24세,상해없음,승용,남,38세,경상
2014101700100670,2014년 10월 17일 19시,금요일,경상북도 포항시 북구 흥해읍,중상사고,0,1,0,0,차대차 - 기타,안전거리미확보,건조,맑음,단일로 - 기타,화물,남,52세,상해없음,승용,남,59세,중상
2014101700100671,2014년 10월 17일 19시,금요일,경상북도 구미시 고아읍,중상사고,0,1,0,0,차대차 - 기타,안전운전불이행,건조,맑음,단일로 - 기타,승용,남,18세,상해없음,승용,여,51세,중상
2014101700100720,2014년 10월 17일 20시,금요일,경상북도 경주시 노서동,중상사고,0,1,0,0,차대차 - 기타,안전운전불이행,건조,맑음,교차로 - 교차로부근,이륜,여,23세,상해없음,승용,남,42세,상해없음
2014101700100753,2014년 10월 17일 21시,금요일,경상북도 경산시 진량읍,경상사고,0,0,1,0,차대차 - 기타,안전운전불이행,건조,맑음,단일로 - 기타,승용,남,40세,상해없음,승용,여,44세,경상
2014101700100754,2014년 10월 17일 21시,금요일,경상북도 경산시 삼북동,경상사고,0,0,1,0,차대차 - 기타,안전운전불이행,건조,맑음,교차로 - 교차로안,자전거,남,76세,경상,승용,남,54세,상해없음
2014101700100755,2014년 10월 17일 21시,금요일,경상북도 청도군 청도읍,경상사고,0,0,1,0,차대사람 - 횡단중,보행자보호의무위반,건조,맑음,단일로 - 횡단보도상,승용,여,52세,상해없음,보행자,남,43세,경상
2014101700100756,2014년 10월 17일 21시,금요일,경상북도 구미시 공단동,경상사고,0,0,2,0,차대차 - 기타,신호위반,건조,맑음,교차로 - 교차로안,승용,남,27세,경상,승용,여,32세,경상
2014101700100757,2014년 10월 17일 21시,금요일,경상북도 포항시 남구 동촌동,부상신고사고,0,0,0,1,차대차 - 추돌 - 진행중,안전운전불이행,건조,맑음,단일로 - 기타,승용,남,51세,상해없음,승용,여,57세,부상신고
2014101700100790,2014년 10월 17일 22시,금요일,경상북도 구미시 봉곡동,사망사고,1,0,0,0,차대사람 - 기타,안전운전불이행,건조,맑음,단일로 - 기타,원동기,남,50세,상해없음,보행자,남,61세,사망
2014101700100822,2014년 10월 17일 23시,금요일,경상북도 포항시 남구 효자동,경상사고,0,0,1,0,차대차 - 기타,신호위반,건조,맑음,단일로 - 기타,이륜,남,41세,경상,이륜,남,35세,상해없음
2014101800100044,2014년 10월 18일 01시,토요일,경상북도 경주시 용강동,중상사고,0,1,0,0,차대차 - 기타,신호위반,건조,맑음,교차로 - 교차로안,승용,남,27세,상해없음,승용,남,37세,중상
2014101800100045,2014년 10월 18일 01시,토요일,경상북도 구미시 봉곡동,경상사고,0,0,1,0,차대차 - 기타,안전운전불이행,건조,맑음,단일로 - 기타,승용,남,42세,상해없음,승용,남,56세,경상
2014101800100086,2014년 10월 18일 04시,토요일,경상북도 포항시 북구 장성동,중상사고,0,1,0,0,차대차 - 기타,신호위반,건조,맑음,교차로 - 교차로안,승용,남,23세,상해없음,승용,여,57세,중상
2014101800100100,2014년 10월 18일 05시,토요일,경상북도 안동시 법흥동,경상사고,0,0,3,0,차대차 - 측면직각충돌,교차로운행방법위반,건조,흐림,교차로 - 교차로안,승용,여,41세,상해없음,승용,여,60세,경상
2014101800100101,2014년 10월 18일 05시,토요일,경상북도 김천시 부곡동,경상사고,0,0,1,0,차대차 - 측면직각충돌,안전운전불이행,건조,맑음,기타 - 기타,승용,남,38세,상해없음,승용,남,65세,경상
2014101800100102,2014년 10월 18일 05시,토요일,경상북도 김천시 남면,경상사고,0,0,1,0,차대차 - 측면직각충돌,안전운전불이행,건조,맑음,단일로 - 교량,승용,남,21세,상해없음,승용,여,43세,경상
2014101800100103,2014년 10월 18일 05시,토요일,경상북도 봉화군 봉화읍,경상사고,0,0,2,0,차대차 - 측면직각충돌,신호위반,건조,맑음,교차로 - 교차로안,화물,남,73세,상해없음,화물,남,59세,경상
2014101800100156,2014년 10월 18일 08시,토요일,경상북도 경주시 황성동,중상사고,0,1,0,0,차대차 - 기타,안전운전불이행,건조,맑음,단일로 - 기타,승용,여,53세,상해없음,자전거,여,69세,중상
2014101800100157,2014년 10월 18일 08시,토요일,경상북도 영주시 휴천동,경상사고,0,0,1,0,차대사람 - 횡단중,안전운전불이행,건조,맑음,교차로 - 교차로부근,화물,여,45세,상해없음,보행자,여,66세,경상
2014101800100190,2014년 10월 18일 09시,토요일,경상북도 포항시 북구 학잠동,경상사고,0,0,1,0,차대차 - 기타,안전운전불이행,건조,맑음,단일로 - 기타,승용,여,41세,상해없음,승합,여,47세,경상
2014101800100191,2014년 10월 18일 09시,토요일,경상북도 문경시 신기동,경상사고,0,0,2,0,차대차 - 기타,안전운전불이행,건조,맑음,단일로 - 기타,화물,남,48세,상해없음,승용,남,46세,경상
2014101800100192,2014년 10월 18일 09시,토요일,경상북도 포항시 남구 효자동,경상사고,0,0,2,0,차대차 - 추돌 - 진행중,안전운전불이행,건조,맑음,단일로 - 기타,승용,남,33세,상해없음,승용,남,60세,경상
2014101800100227,2014년 10월 18일 10시,토요일,경상북도 경산시 계양동,중상사고,0,1,1,0,차대차 - 측면직각충돌,신호위반,건조,맑음,교차로 - 교차로안,승용,여,58세,경상,승용,남,75세,중상
2014101800100293,2014년 10월 18일 12시,토요일,경상북도 경주시 서부동,중상사고,0,1,0,0,차대차 - 기타,안전운전불이행,건조,맑음,단일로 - 기타,승용,남,26세,상해없음,자전거,남,14세,중상
2014101800100294,2014년 10월 18일 12시,토요일,경상북도 포항시 북구 죽도동,중상사고,0,1,0,0,차대차 - 기타,안전운전불이행,건조,맑음,단일로 - 기타,자전거,남,53세,중상,승용,남,57세,상해없음
2014101800100295,2014년 10월 18일 12시,토요일,경상북도 칠곡군 왜관읍,중상사고,0,3,0,1,차대차 - 기타,안전운전불이행,건조,맑음,단일로 - 기타,화물,남,62세,부상신고,화물,남,41세,중상
2014101800100296,2014년 10월 18일 12시,토요일,경상북도 구미시 고아읍,중상사고,0,1,0,0,차대차 - 기타,중앙선침범,건조,맑음,단일로 - 기타,화물,남,39세,상해없음,이륜,여,56세,중상
2014101800100323,2014년 10월 18일 13시,토요일,경상북도 경주시 강동면,부상신고사고,0,0,0,1,차대차 - 기타,안전운전불이행,건조,맑음,단일로 - 기타,원동기,여,60세,부상신고,승용,남,55세,상해없음
2014101800100324,2014년 10월 18일 13시,토요일,경상북도 칠곡군 지천면,부상신고사고,0,0,0,1,차량단독 - 공작물충돌,안전운전불이행,건조,맑음,단일로 - 기타,화물,남,43세,부상신고,,,,
2014101800100325,2014년 10월 18일 13시,토요일,경상북도 청송군 안덕면,경상사고,0,0,1,0,차대차 - 기타,기타,건조,맑음,교차로 - 교차로안,원동기,남,80세,경상,승용,여,53세,상해없음
2014101800100326,2014년 10월 18일 13시,토요일,경상북도 포항시 남구 대잠동,경상사고,0,0,2,0,차대차 - 기타,안전거리미확보,건조,맑음,단일로 - 기타,승용,남,50세,상해없음,화물,남,38세,경상
2014101800100365,2014년 10월 18일 14시,토요일,경상북도 포항시 북구 두호동,부상신고사고,0,0,0,1,차대사람 - 횡단중,보행자보호의무위반,건조,맑음,단일로 - 횡단보도상,원동기,남,18세,상해없음,보행자,남,8세,부상신고
2014101800100366,2014년 10월 18일 14시,토요일,경상북도 의성군 금성면,중상사고,0,1,0,0,차대차 - 추돌 - 진행중,안전운전불이행,건조,맑음,교차로 - 교차로안,이륜,남,57세,중상,화물,남,47세,상해없음
2014101800100367,2014년 10월 18일 14시,토요일,경상북도 경산시 삼북동,경상사고,0,0,1,0,차대차 - 기타,직진우회전진행방해,건조,맑음,교차로 - 교차로안,승용,여,51세,상해없음,이륜,남,17세,경상
2014101800100412,2014년 10월 18일 15시,토요일,경상북도 경주시 사정동,경상사고,0,0,2,0,차대차 - 기타,안전운전불이행,건조,맑음,단일로 - 기타,승용,남,56세,상해없음,승용,여,26세,경상
2014101800100413,2014년 10월 18일 15시,토요일,경상북도 안동시 와룡면,중상사고,0,1,0,0,차대차 - 추돌 - 진행중,안전운전불이행,건조,맑음,단일로 - 기타,승용,여,57세,상해없음,이륜,여,76세,중상
2014101800100414,2014년 10월 18일 15시,토요일,경상북도 경산시 자인면,경상사고,0,0,1,0,차대사람 - 기타,안전운전불이행,건조,맑음,단일로 - 기타,승용,남,72세,상해없음,보행자,여,82세,경상
2014101800100466,2014년 10월 18일 16시,토요일,경상북도 예천군 하리면,경상사고,0,0,1,0,차대차 - 기타,중앙선침범,건조,맑음,단일로 - 기타,화물,남,54세,경상,화물,남,34세,상해없음
2014101800100467,2014년 10월 18일 16시,토요일,경상북도 포항시 남구 송도동,경상사고,0,0,1,0,차대차 - 기타,중앙선침범,건조,맑음,교차로 - 교차로안,이륜,남,16세,경상,승용,남,38세,상해없음
2014101800100468,2014년 10월 18일 16시,토요일,경상북도 경산시 와촌면,중상사고,0,1,0,0,차대사람 - 기타,안전운전불이행,건조,맑음,단일로 - 기타,승용,남,34세,상해없음,보행자,남,5세,중상
2014101800100561,2014년 10월 18일 18시,토요일,경상북도 포항시 북구 죽도동,경상사고,0,0,1,0,차대사람 - 횡단중,안전운전불이행,건조,맑음,단일로 - 기타,승용,남,23세,상해없음,보행자,여,58세,경상
2014101800100562,2014년 10월 18일 18시,토요일,경상북도 상주시 함창읍,중상사고,0,1,0,0,차대차 - 측면직각충돌,교차로운행방법위반,건조,맑음,교차로 - 교차로안,화물,남,43세,상해없음,자전거,남,51세,중상
2014101800100563,2014년 10월 18일 18시,토요일,경상북도 구미시 도량동,중상사고,0,1,0,0,차대차 - 기타,교차로운행방법위반,건조,맑음,교차로 - 교차로안,승용,여,41세,상해없음,자전거,남,14세,중상
2014101800100602,2014년 10월 18일 19시,토요일,경상북도 영양군 석보면,중상사고,0,1,0,0,차량단독 - 도로외이탈 - 추락,안전운전불이행,건조,맑음,단일로 - 기타,승용,남,55세,상해없음,,,,
2014101800100603,2014년 10월 18일 19시,토요일,경상북도 포항시 남구 인덕동,중상사고,0,2,0,0,차대차 - 추돌 - 진행중,안전운전불이행,건조,맑음,단일로 - 기타,화물,남,42세,상해없음,승용,남,27세,중상
2014101800100604,2014년 10월 18일 19시,토요일,경상북도 포항시 남구 대도동,중상사고,0,1,3,0,차대사람 - 횡단중,신호위반,건조,맑음,교차로 - 교차로안,이륜,남,34세,상해없음,보행자,남,34세,중상
2014101800100649,2014년 10월 18일 20시,토요일,경상북도 경주시 감포읍,중상사고,0,3,2,0,차대차 - 기타,안전운전불이행,건조,맑음,교차로 - 교차로안,승용,여,65세,중상,화물,남,45세,중상
2014101800100650,2014년 10월 18일 20시,토요일,경상북도 안동시 정하동,경상사고,0,0,2,0,차대차 - 추돌 - 진행중,안전운전불이행,건조,맑음,교차로 - 교차로안,승용,남,51세,상해없음,승용,남,35세,경상
2014101800100690,2014년 10월 18일 21시,토요일,경상북도 칠곡군 동명면,중상사고,0,4,1,1,차대차 - 측면직각충돌,불법유턴,건조,맑음,단일로 - 기타,승용,여,59세,부상신고,승용,남,62세,중상
2014101800100691,2014년 10월 18일 21시,토요일,경상북도 영천시 조교동,경상사고,0,0,1,0,차대차 - 기타,안전운전불이행,건조,맑음,교차로 - 교차로안,승용,여,25세,상해없음,승용,남,44세,경상
2014101800100692,2014년 10월 18일 21시,토요일,경상북도 문경시 마성면,경상사고,0,0,2,0,차대차 - 기타,안전운전불이행,건조,맑음,교차로 - 교차로안,화물,남,51세,상해없음,승용,남,52세,경상
2014101800100722,2014년 10월 18일 22시,토요일,경상북도 경주시 성건동,중상사고,0,1,0,0,차대사람 - 횡단중,안전운전불이행,건조,맑음,단일로 - 기타,승용,남,32세,상해없음,보행자,남,30세,중상
2014101800100723,2014년 10월 18일 22시,토요일,경상북도 안동시 당북동,경상사고,0,0,2,0,차대차 - 측면직각충돌,직진우회전진행방해,건조,맑음,교차로 - 교차로안,승용,남,64세,상해없음,승용,남,30세,경상
2014101800100724,2014년 10월 18일 22시,토요일,경상북도 상주시 병성동,중상사고,0,2,0,0,차대차 - 추돌 - 주정차중,안전운전불이행,건조,맑음,단일로 - 기타,승용,남,33세,상해없음,승용,여,24세,상해없음
2014101900100014,2014년 10월 19일 00시,일요일,경상북도 포항시 북구 상원동,경상사고,0,0,1,0,차대차 - 기타,안전거리미확보,습기,흐림,단일로 - 기타,승용,남,19세,상해없음,승용,남,35세,경상
2014101900100015,2014년 10월 19일 00시,일요일,경상북도 경산시 중방동,경상사고,0,0,1,1,차대차 - 추돌 - 진행중,안전운전불이행,건조,맑음,단일로 - 기타,승용,남,58세,상해없음,승용,남,49세,상해없음
2014101900100016,2014년 10월 19일 00시,일요일,경상북도 구미시 공단동,중상사고,0,1,0,0,차대차 - 기타,안전운전불이행,건조,맑음,교차로 - 교차로안,승용,남,51세,상해없음,승용,남,32세,중상
2014101900100075,2014년 10월 19일 04시,일요일,경상북도 경주시 성건동,중상사고,0,1,1,0,차대사람 - 횡단중,안전운전불이행,건조,맑음,단일로 - 기타,승용,여,30세,상해없음,보행자,남,21세,중상
2014101900100097,2014년 10월 19일 05시,일요일,경상북도 경주시 강동면,중상사고,0,1,0,0,차대차 - 추돌 - 주정차중,안전운전불이행,건조,맑음,단일로 - 기타,화물,남,59세,상해없음,승용,남,51세,중상
2014101900100111,2014년 10월 19일 06시,일요일,경상북도 청도군 이서면,중상사고,0,2,0,0,차대사람 - 횡단중,안전운전불이행,습기,안개,교차로 - 교차로부근,승용,여,65세,상해없음,보행자,여,72세,중상
2014101900100131,2014년 10월 19일 07시,일요일,경상북도 경주시 외동읍,경상사고,0,0,2,0,차대차 - 기타,안전운전불이행,건조,맑음,교차로 - 교차로부근,승용,남,39세,상해없음,승용,남,25세,경상
2014101900100132,2014년 10월 19일 07시,일요일,경상북도 울진군 울진읍,중상사고,0,1,0,0,차대차 - 기타,안전운전불이행,건조,맑음,교차로 - 교차로안,승용,남,29세,상해없음,자전거,여,55세,중상
2014101900100133,2014년 10월 19일 07시,일요일,경상북도 영양군 영양읍,중상사고,0,1,0,0,차대사람 - 기타,안전운전불이행,건조,맑음,단일로 - 기타,승합,남,57세,상해없음,보행자,여,62세,중상
2014101900100163,2014년 10월 19일 09시,일요일,경상북도 경주시 충효동,경상사고,0,0,1,0,차량단독 - 공작물충돌,안전운전불이행,건조,맑음,단일로 - 기타,승용,남,18세,경상,,,,
2014101900100164,2014년 10월 19일 09시,일요일,경상북도 청송군 파천면,경상사고,0,0,2,0,차대차 - 추돌 - 진행중,안전거리미확보,건조,맑음,교차로 - 교차로안,승용,남,62세,상해없음,승용,남,24세,경상
2014101900100165,2014년 10월 19일 09시,일요일,경상북도 구미시 선산읍,중상사고,0,1,0,0,차대차 - 측면직각충돌,신호위반,건조,맑음,교차로 - 교차로안,원동기,남,78세,중상,화물,남,45세,상해없음
2014101900100182,2014년 10월 19일 10시,일요일,경상북도 경주시 외동읍,중상사고,0,1,0,0,차대차 - 기타,안전운전불이행,건조,맑음,교차로 - 교차로안,화물,남,63세,상해없음,화물,남,35세,중상
2014101900100183,2014년 10월 19일 10시,일요일,경상북도 안동시 송천동,경상사고,0,0,1,0,차대차 - 기타,안전운전불이행,건조,맑음,단일로 - 기타,승용,남,72세,상해없음,이륜,남,33세,경상
2014101900100184,2014년 10월 19일 10시,일요일,경상북도 문경시 문경읍,중상사고,0,1,0,0,차대차 - 추돌 - 진행중,안전운전불이행,건조,맑음,교차로 - 교차로안,승합,남,53세,상해없음,승용,남,47세,상해없음
2014101900100185,2014년 10월 19일 10시,일요일,경상북도 청송군 부동면,경상사고,0,0,1,0,차대사람 - 길가장자리구역통행중,안전운전불이행,건조,맑음,단일로 - 기타,승용,남,61세,상해없음,보행자,남,25세,경상
2014101900100219,2014년 10월 19일 11시,일요일,경상북도 경주시 암곡동,경상사고,0,0,1,0,차대사람 - 기타,안전운전불이행,건조,맑음,단일로 - 기타,승합,남,58세,상해없음,보행자,여,87세,경상
2014101900100220,2014년 10월 19일 11시,일요일,경상북도 포항시 남구 해도동,경상사고,0,0,1,0,차대차 - 기타,안전거리미확보,건조,맑음,교차로 - 교차로부근,승용,남,76세,상해없음,승용,남,37세,경상
2014101900100251,2014년 10월 19일 12시,일요일,경상북도 김천시 구성면,경상사고,0,0,1,0,차대사람 - 기타,안전운전불이행,건조,맑음,단일로 - 기타,승용,남,50세,상해없음,보행자,남,58세,경상
2014101900100252,2014년 10월 19일 12시,일요일,경상북도 봉화군 석포면,중상사고,0,1,2,0,차대차 - 측면직각충돌,안전운전불이행,건조,맑음,단일로 - 기타,이륜,여,25세,중상,화물,남,46세,경상
2014101900100253,2014년 10월 19일 12시,일요일,경상북도 구미시 고아읍,경상사고,0,0,1,0,차대차 - 측면직각충돌,안전운전불이행,건조,맑음,교차로 - 교차로부근,화물,남,36세,상해없음,승용,여,28세,경상
2014101900100279,2014년 10월 19일 13시,일요일,경상북도 포항시 북구 덕수동,경상사고,0,0,1,0,차대차 - 기타,신호위반,건조,맑음,교차로 - 교차로안,승용,남,59세,상해없음,승용,남,72세,경상
2014101900100280,2014년 10월 19일 13시,일요일,경상북도 포항시 북구 장성동,중상사고,0,1,0,0,차대사람 - 횡단중,안전운전불이행,건조,맑음,단일로 - 기타,승용,여,52세,상해없음,보행자,남,51세,중상
2014101900100281,2014년 10월 19일 13시,일요일,경상북도 안동시 옥동,경상사고,0,0,1,0,차대차 - 측면직각충돌,안전운전불이행,건조,맑음,단일로 - 기타,이륜,남,37세,경상,승용,여,38세,상해없음
2014101900100282,2014년 10월 19일 13시,일요일,경상북도 상주시 남장동,중상사고,0,3,1,0,차량단독 - 도로외이탈 - 추락,안전운전불이행,건조,맑음,단일로 - 기타,승용,남,58세,중상,,,,
2014101900100310,2014년 10월 19일 14시,일요일,경상북도 경주시 보문동,중상사고,0,1,1,0,차량단독 - 전도전복,안전운전불이행,습기,맑음,기타 - 기타,이륜,여,36세,경상,,,,
2014101900100311,2014년 10월 19일 14시,일요일,경상북도 칠곡군 가산면,경상사고,0,0,1,1,차대차 - 기타,안전운전불이행,건조,맑음,교차로 - 교차로안,승용,여,53세,부상신고,승용,여,38세,경상
2014101900100312,2014년 10월 19일 14시,일요일,경상북도 영덕군 영덕읍,경상사고,0,0,1,0,차대차 - 측면직각충돌,안전거리미확보,건조,맑음,단일로 - 기타,승용,여,46세,상해없음,승용,남,76세,경상
2014101900100313,2014년 10월 19일 14시,일요일,경상북도 청도군 청도읍,중상사고,0,1,1,0,차대차 - 기타,안전운전불이행,건조,맑음,단일로 - 기타,승용,남,65세,상해없음,원동기,남,29세,경상
2014101900100343,2014년 10월 19일 15시,일요일,경상북도 경주시 건천읍,경상사고,0,0,1,0,차대차 - 기타,중앙선침범,건조,맑음,단일로 - 기타,승용,여,53세,상해없음,승용,남,53세,경상
2014101900100344,2014년 10월 19일 15시,일요일,경상북도 영주시 봉현면,중상사고,0,2,2,0,차량단독 - 공작물충돌,안전운전불이행,건조,맑음,교차로 - 교차로안,승합,남,64세,상해없음,,,,
2014101900100345,2014년 10월 19일 15시,일요일,경상북도 문경시 마성면,중상사고,0,3,2,0,차대차 - 측면직각충돌,안전운전불이행,건조,맑음,단일로 - 기타,승용,남,51세,경상,승용,남,41세,중상
2014101900100370,2014년 10월 19일 16시,일요일,경상북도 경주시 양남면,부상신고사고,0,0,0,2,차대차 - 기타,안전운전불이행,건조,맑음,교차로 - 교차로안,승용,남,25세,상해없음,승용,남,34세,부상신고
2014101900100371,2014년 10월 19일 16시,일요일,경상북도 의성군 비안면,중상사고,0,1,0,0,차대사람 - 기타,안전운전불이행,건조,맑음,단일로 - 기타,승용,남,69세,상해없음,보행자,남,67세,중상
2014101900100408,2014년 10월 19일 17시,일요일,경상북도 영주시 가흥동,사망사고,1,0,0,0,차대사람 - 횡단중,안전운전불이행,건조,맑음,단일로 - 기타,승용,남,58세,상해없음,보행자,여,90세 이상,사망
2014101900100409,2014년 10월 19일 17시,일요일,경상북도 문경시 흥덕동,경상사고,0,0,2,1,차대차 - 기타,안전운전불이행,건조,맑음,교차로 - 교차로안,승용,여,53세,경상,승용,여,39세,경상
2014101900100458,2014년 10월 19일 18시,일요일,경상북도 포항시 북구 흥해읍,경상사고,0,0,4,0,차대차 - 기타,안전거리미확보,건조,맑음,단일로 - 기타,승용,남,47세,상해없음,승용,남,40세,경상
2014101900100459,2014년 10월 19일 18시,일요일,경상북도 상주시 모동면,사망사고,1,0,0,0,차대사람 - 횡단중,안전운전불이행,건조,맑음,단일로 - 기타,화물,남,56세,상해없음,보행자,여,85세,사망
2014101900100460,2014년 10월 19일 18시,일요일,경상북도 영천시 북안면,중상사고,0,2,2,0,차대차 - 측면직각충돌,교차로운행방법위반,건조,맑음,교차로 - 교차로안,승용,남,32세,상해없음,승합,남,42세,상해없음
2014101900100461,2014년 10월 19일 18시,일요일,경상북도 경산시 중방동,경상사고,0,0,1,0,차대차 - 기타,안전운전불이행,건조,맑음,단일로 - 기타,승용,여,30세,상해없음,이륜,남,30세,경상
2014101900100503,2014년 10월 19일 19시,일요일,경상북도 포항시 북구 대흥동,중상사고,0,1,0,0,차대차 - 기타,안전운전불이행,건조,맑음,교차로 - 교차로부근,승용,여,54세,상해없음,자전거,남,71세,중상
2014101900100504,2014년 10월 19일 19시,일요일,경상북도 경산시 임당동,경상사고,0,0,1,0,차대사람 - 보도통행중,보행자보호의무위반,건조,맑음,교차로 - 교차로안,승용,남,44세,상해없음,보행자,남,3세,경상
2014101900100505,2014년 10월 19일 19시,일요일,경상북도 청도군 청도읍,경상사고,0,0,2,0,차대차 - 기타,안전운전불이행,건조,흐림,단일로 - 기타,승용,남,44세,상해없음,화물,남,26세,경상
2014101900100532,2014년 10월 19일 20시,일요일,경상북도 경주시 황성동,중상사고,0,1,0,0,차대차 - 기타,중앙선침범,건조,맑음,단일로 - 기타,승용,남,60세,상해없음,원동기,남,30세,중상
2014101900100533,2014년 10월 19일 20시,일요일,경상북도 경산시 중방동,경상사고,0,0,3,0,차대차 - 기타,교차로운행방법위반,건조,맑음,교차로 - 교차로안,승용,남,58세,상해없음,승용,여,34세,경상
2014101900100564,2014년 10월 19일 21시,일요일,경상북도 김천시 아포읍,중상사고,0,1,0,0,차량단독 - 공작물충돌,안전운전불이행,건조,맑음,단일로 - 기타,이륜,남,26세,상해없음,,,,
2014101900100605,2014년 10월 19일 23시,일요일,경상북도 포항시 남구 대잠동,중상사고,0,1,0,0,차대사람 - 횡단중,안전운전불이행,습기,비,단일로 - 기타,승용,남,39세,상해없음,보행자,남,16세,중상
2014102000100012,2014년 10월 20일 00시,월요일,경상북도 영주시 안정면,중상사고,0,2,0,0,차대차 - 기타,과속,건조,맑음,단일로 - 기타,승용,남,32세,중상,승용,여,42세,상해없음
2014102000100013,2014년 10월 20일 00시,월요일,경상북도 구미시 원평동,부상신고사고,0,0,0,1,차대차 - 추돌 - 진행중,기타,습기,흐림,교차로 - 교차로부근,승용,남,34세,상해없음,승용,남,52세,부상신고
2014102000100052,2014년 10월 20일 03시,월요일,경상북도 경주시 노서동,경상사고,0,0,1,0,차대차 - 기타,안전운전불이행,건조,흐림,단일로 - 기타,승용,남,23세,기타불명,승용,남,36세,경상
2014102000100091,2014년 10월 20일 06시,월요일,경상북도 경산시 옥산동,중상사고,0,1,0,0,차대차 - 기타,안전운전불이행,습기,비,단일로 - 기타,승용,남,44세,상해없음,자전거,여,58세,중상
2014102000100092,2014년 10월 20일 06시,월요일,경상북도 포항시 남구 해도동,경상사고,0,0,1,0,차량단독 - 기타,교차로운행방법위반,습기,비,교차로 - 교차로부근,승용,남,44세,상해없음,,,,
2014102000100167,2014년 10월 20일 08시,월요일,경상북도 안동시 운흥동,중상사고,0,2,1,0,차대차 - 기타,안전운전불이행,습기,비,단일로 - 횡단보도부근,승용,남,45세,경상,승합,남,49세,중상
2014102000100168,2014년 10월 20일 08시,월요일,경상북도 영주시 영주동,중상사고,0,1,2,0,차대차 - 정면충돌,안전운전불이행,습기,비,교차로 - 교차로부근,승용,여,43세,중상,화물,남,51세,경상
2014102000100169,2014년 10월 20일 08시,월요일,경상북도 군위군 효령면,중상사고,0,1,0,0,차대차 - 추돌 - 주정차중,안전운전불이행,습기,안개,단일로 - 기타,승용,남,44세,상해없음,승용,여,41세,중상
2014102000100170,2014년 10월 20일 08시,월요일,경상북도 구미시 공단동,경상사고,0,0,1,0,차대차 - 기타,안전거리미확보,습기,비,교차로 - 교차로부근,승용,남,22세,상해없음,승용,남,57세,경상
2014102000100208,2014년 10월 20일 09시,월요일,경상북도 경주시 외동읍,중상사고,0,1,0,0,차대사람 - 기타,안전운전불이행,습기,비,기타 - 기타,승합,남,45세,상해없음,보행자,여,57세,중상
2014102000100209,2014년 10월 20일 09시,월요일,경상북도 경주시 용강동,경상사고,0,0,1,0,차대차 - 기타,안전운전불이행,습기,비,교차로 - 교차로부근,화물,남,45세,상해없음,승용,남,33세,경상
2014102000100210,2014년 10월 20일 09시,월요일,경상북도 포항시 북구 흥해읍,경상사고,0,0,1,0,차량단독 - 공작물충돌,안전운전불이행,습기,비,단일로 - 기타,승용,여,19세,상해없음,,,,
2014102000100211,2014년 10월 20일 09시,월요일,경상북도 안동시 옥동,경상사고,0,0,2,0,차대차 - 추돌 - 진행중,직진우회전진행방해,습기,비,교차로 - 교차로안,승용,남,70세,상해없음,승용,남,42세,경상