사고번호,사고일시,요일,시군구,사고내용,사망자수,중상자수,경상자수,부상신고자수,사고유형,법규위반,노면상태,기상상태,도로형태,가해운전자 차종,가해운전자 성별,가해운전자 연령,가해운전자 상해정도,피해운전자 차종,피해운전자 성별,피해운전자 연령,피해운전자 상해정도
2014102200100687,2014년 10월 22일 23시,수요일,경상북도 경주시 시래동,경상사고,0,0,1,0,차량단독 - 공작물충돌,안전운전불이행,건조,맑음,단일로 - 기타,화물,남,52세,경상,,,,
2014102200100688,2014년 10월 22일 23시,수요일,경상북도 칠곡군 지천면,경상사고,0,0,1,0,차대차 - 추돌 - 진행중,안전운전불이행,건조,맑음,단일로 - 기타,승용,남,36세,상해없음,화물,남,53세,경상
2014102300100024,2014년 10월 23일 01시,목요일,경상북도 구미시 시미동,부상신고사고,0,0,0,1,차대차 - 기타,교차로운행방법위반,건조,맑음,교차로 - 교차로안,승용,남,22세,상해없음,승용,남,42세,부상신고
2014102300100042,2014년 10월 23일 03시,목요일,경상북도 포항시 남구 대도동,경상사고,0,0,1,0,차대차 - 기타,기타,건조,맑음,단일로 - 기타,승용,남,62세,상해없음,승용,남,54세,경상
2014102300100067,2014년 10월 23일 06시,목요일,경상북도 울진군 원남면,경상사고,0,0,1,0,차량단독 - 전도전복,안전운전불이행,건조,맑음,단일로 - 기타,화물,남,27세,경상,,,,
2014102300100090,2014년 10월 23일 07시,목요일,경상북도 경산시 압량면,경상사고,0,0,1,0,차대차 - 기타,안전운전불이행,건조,맑음,교차로 - 교차로부근,화물,여,44세,상해없음,이륜,남,55세,경상
2014102300100143,2014년 10월 23일 08시,목요일,경상북도 경주시 충효동,중상사고,0,1,0,0,차대차 - 기타,안전운전불이행,건조,맑음,단일로 - 기타,승합,남,54세,상해없음,승용,여,47세,중상
2014102300100144,2014년 10월 23일 08시,목요일,경상북도 안동시 풍산읍,경상사고,0,0,1,0,차대사람 - 횡단중,보행자보호의무위반,건조,맑음,단일로 - 횡단보도상,승용,남,65세,상해없음,보행자,여,11세,경상
2014102300100145,2014년 10월 23일 08시,목요일,경상북도 영주시 하망동,경상사고,0,0,2,0,차대차 - 측면직각충돌,안전운전불이행,건조,맑음,교차로 - 교차로안,승용,남,42세,경상,승용,남,66세,경상
2014102300100146,2014년 10월 23일 08시,목요일,경상북도 포항시 남구 장흥동,중상사고,0,1,0,0,차대차 - 기타,직진우회전진행방해,건조,맑음,교차로 - 교차로안,화물,남,59세,상해없음,승용,남,38세,중상
2014102300100178,2014년 10월 23일 09시,목요일,경상북도 경주시 감포읍,부상신고사고,0,0,0,1,차대차 - 기타,안전운전불이행,건조,맑음,교차로 - 교차로안,승합,남,46세,상해없음,승용,남,44세,부상신고
2014102300100179,2014년 10월 23일 09시,목요일,경상북도 포항시 북구 두호동,경상사고,0,0,1,0,차대차 - 기타,안전운전불이행,건조,맑음,단일로 - 기타,승용,여,48세,상해없음,자전거,남,71세,경상
2014102300100180,2014년 10월 23일 09시,목요일,경상북도 안동시 태화동,경상사고,0,0,4,0,차대차 - 기타,안전운전불이행,건조,맑음,교차로 - 교차로안,승용,여,59세,경상,승용,남,34세,경상
2014102300100181,2014년 10월 23일 09시,목요일,경상북도 경산시 압량면,경상사고,0,0,1,0,차대차 - 기타,안전운전불이행,건조,맑음,교차로 - 교차로안,건설기계,남,44세,상해없음,승용,남,76세,경상
2014102300100218,2014년 10월 23일 10시,목요일,경상북도 포항시 북구 상원동,경상사고,0,0,1,0,차대차 - 기타,안전운전불이행,건조,맑음,교차로 - 교차로안,승용,여,59세,상해없음,승용,남,50세,경상
2014102300100254,2014년 10월 23일 11시,목요일,경상북도 경주시 성동동,중상사고,0,3,1,0,차대차 - 기타,안전운전불이행,건조,흐림,교차로 - 교차로부근,승용,남,31세,상해없음,승용,남,51세,경상
2014102300100286,2014년 10월 23일 12시,목요일,경상북도 구미시 구평동,중상사고,0,1,0,0,차대차 - 기타,교차로운행방법위반,건조,맑음,교차로 - 교차로안,승용,남,45세,상해없음,이륜,여,44세,중상
2014102300100316,2014년 10월 23일 13시,목요일,경상북도 경주시 노서동,부상신고사고,0,0,0,1,차대차 - 기타,안전운전불이행,건조,맑음,교차로 - 교차로안,이륜,여,29세,부상신고,승용,남,31세,상해없음
2014102300100317,2014년 10월 23일 13시,목요일,경상북도 포항시 북구 항구동,중상사고,0,1,0,0,차대차 - 기타,신호위반,건조,맑음,단일로 - 횡단보도상,승용,남,61세,상해없음,자전거,여,31세,중상
2014102300100318,2014년 10월 23일 13시,목요일,경상북도 포항시 북구 양덕동,경상사고,0,0,3,0,차대차 - 기타,안전운전불이행,건조,맑음,교차로 - 교차로부근,승용,남,47세,상해없음,화물,여,36세,경상
2014102300100352,2014년 10월 23일 14시,목요일,경상북도 포항시 북구 두호동,경상사고,0,0,1,0,차대차 - 기타,불법유턴,건조,맑음,교차로 - 교차로안,승용,남,74세,상해없음,승용,남,48세,경상
2014102300100353,2014년 10월 23일 14시,목요일,경상북도 칠곡군 왜관읍,중상사고,0,1,0,1,차대차 - 기타,교차로운행방법위반,건조,맑음,교차로 - 교차로안,화물,남,62세,부상신고,승용,남,31세,중상
2014102300100354,2014년 10월 23일 14시,목요일,경상북도 구미시 고아읍,경상사고,0,0,1,0,차대차 - 기타,교차로운행방법위반,건조,맑음,교차로 - 교차로부근,승합,남,79세,상해없음,승용,남,46세,경상
2014102300100391,2014년 10월 23일 15시,목요일,경상북도 의성군 단북면,중상사고,0,1,0,0,차대차 - 추돌 - 진행중,안전운전불이행,건조,맑음,단일로 - 기타,원동기,남,60세,중상,화물,여,52세,상해없음
2014102300100392,2014년 10월 23일 15시,목요일,경상북도 고령군 우곡면,중상사고,0,1,0,0,차대차 - 측면직각충돌,안전운전불이행,건조,맑음,교차로 - 교차로안,농기계,남,78세,중상,특수,남,51세,상해없음
2014102300100393,2014년 10월 23일 15시,목요일,경상북도 구미시 산동면,경상사고,0,0,1,0,차대차 - 기타,교차로운행방법위반,건조,맑음,교차로 - 교차로안,화물,남,35세,상해없음,승용,남,34세,경상
2014102300100394,2014년 10월 23일 15시,목요일,경상북도 포항시 남구 호동,경상사고,0,0,1,0,차대차 - 기타,안전운전불이행,건조,맑음,교차로 - 교차로안,화물,남,27세,상해없음,화물,남,28세,경상
2014102300100430,2014년 10월 23일 16시,목요일,경상북도 포항시 남구 지곡동,중상사고,0,1,0,0,차대사람 - 횡단중,보행자보호의무위반,건조,맑음,단일로 - 횡단보도상,승용,여,38세,상해없음,보행자,여,23세,중상
2014102300100481,2014년 10월 23일 17시,목요일,경상북도 김천시 지좌동,경상사고,0,0,1,0,차대차 - 측면직각충돌,안전운전불이행,건조,맑음,교차로 - 교차로안,승용,남,18세,상해없음,이륜,남,51세,경상
2014102300100482,2014년 10월 23일 17시,목요일,경상북도 상주시 신봉동,중상사고,0,1,1,0,차대차 - 추돌 - 진행중,안전운전불이행,건조,맑음,단일로 - 기타,승용,남,71세,상해없음,화물,남,29세,경상
2014102300100483,2014년 10월 23일 17시,목요일,경상북도 영천시 완산동,부상신고사고,0,0,0,1,차대차 - 추돌 - 진행중,불법유턴,건조,맑음,교차로 - 교차로안,원동기,남,73세,상해없음,승용,여,48세,상해없음
2014102300100484,2014년 10월 23일 17시,목요일,경상북도 문경시 모전동,경상사고,0,0,1,0,차량단독 - 공작물충돌,안전운전불이행,건조,맑음,기타 - 기타,승용,여,40세,경상,,,,
2014102300100485,2014년 10월 23일 17시,목요일,경상북도 구미시 고아읍,부상신고사고,0,0,0,1,차대차 - 측면직각충돌,안전운전불이행,건조,맑음,교차로 - 교차로부근,이륜,남,84세,부상신고,승용,여,40세,상해없음
2014102300100530,2014년 10월 23일 18시,목요일,경상북도 경주시 동천동,경상사고,0,0,1,0,차대차 - 기타,교차로운행방법위반,건조,맑음,교차로 - 교차로부근,승용,남,50세,상해없음,자전거,남,69세,경상
2014102300100531,2014년 10월 23일 18시,목요일,경상북도 김천시 아포읍,경상사고,0,0,1,0,차대차 - 측면직각충돌,교차로운행방법위반,건조,맑음,교차로 - 교차로안,승합,남,50세,상해없음,농기계,남,79세,경상
2014102300100532,2014년 10월 23일 18시,목요일,경상북도 영주시 휴천동,경상사고,0,0,1,0,차대사람 - 횡단중,보행자보호의무위반,건조,맑음,교차로 - 교차로부근,화물,남,51세,상해없음,보행자,남,55세,경상
2014102300100533,2014년 10월 23일 18시,목요일,경상북도 영천시 신령면,중상사고,0,1,0,0,차대사람 - 기타,안전운전불이행,건조,맑음,교차로 - 교차로안,화물,남,77세,상해없음,보행자,여,85세,중상
2014102300100534,2014년 10월 23일 18시,목요일,경상북도 군위군 군위읍,중상사고,0,1,0,0,차대사람 - 길가장자리구역통행중,안전운전불이행,건조,맑음,단일로 - 기타,승용,남,45세,상해없음,보행자,남,69세,중상
2014102300100578,2014년 10월 23일 19시,목요일,경상북도 안동시 태화동,경상사고,0,0,1,0,차대차 - 기타,신호위반,건조,맑음,교차로 - 교차로부근,승용,여,57세,상해없음,승용,여,46세,경상
2014102300100579,2014년 10월 23일 19시,목요일,경상북도 안동시 옥동,경상사고,0,0,1,0,차대차 - 기타,안전운전불이행,건조,맑음,교차로 - 교차로부근,승용,남,28세,상해없음,자전거,남,27세,경상
2014102300100580,2014년 10월 23일 19시,목요일,경상북도 안동시 송현동,중상사고,0,1,0,0,차대차 - 기타,안전운전불이행,건조,맑음,교차로 - 교차로부근,승용,남,45세,상해없음,화물,여,42세,중상
2014102300100617,2014년 10월 23일 20시,목요일,경상북도 경주시 황남동,경상사고,0,0,1,0,차량단독 - 공작물충돌,안전운전불이행,건조,맑음,교차로 - 교차로부근,승용,남,46세,상해없음,,,,
2014102300100618,2014년 10월 23일 20시,목요일,경상북도 칠곡군 가산면,경상사고,0,0,1,0,차량단독 - 전도전복,안전운전불이행,건조,맑음,단일로 - 기타,승용,남,43세,경상,,,,
2014102300100619,2014년 10월 23일 20시,목요일,경상북도 경산시 중방동,중상사고,0,1,0,0,차대사람 - 기타,신호위반,건조,맑음,단일로 - 기타,승합,남,50세,상해없음,보행자,여,59세,중상
2014102300100620,2014년 10월 23일 20시,목요일,경상북도 포항시 남구 오천읍,경상사고,0,0,1,0,차대차 - 기타,직진우회전진행방해,건조,맑음,교차로 - 교차로안,승용,남,60세,상해없음,승용,남,31세,경상
2014102300100681,2014년 10월 23일 22시,목요일,경상북도 포항시 남구 오천읍,중상사고,0,1,0,0,차대차 - 기타,안전운전불이행,건조,맑음,단일로 - 기타,승용,남,30세,상해없음,이륜,남,17세,중상
2014102300100682,2014년 10월 23일 22시,목요일,경상북도 포항시 남구 동해면,경상사고,0,0,1,0,차대사람 - 기타,안전운전불이행,건조,맑음,단일로 - 기타,승용,남,26세,상해없음,보행자,여,48세,경상
2014102300100705,2014년 10월 23일 23시,목요일,경상북도 경주시 외동읍,사망사고,1,0,0,0,차대사람 - 기타,안전운전불이행,건조,맑음,단일로 - 교량,화물,남,48세,상해없음,보행자,남,51세,사망
2014102300100706,2014년 10월 23일 23시,목요일,경상북도 경산시 옥산동,중상사고,0,1,0,0,차량단독 - 전도전복,안전운전불이행,건조,맑음,교차로 - 교차로부근,이륜,남,26세,중상,,,,
2014102400100015,2014년 10월 24일 00시,금요일,경상북도 구미시 광평동,경상사고,0,0,2,0,차대차 - 기타,안전운전불이행,건조,맑음,교차로 - 교차로안,승용,남,32세,상해없음,승용,남,55세,경상
2014102400100032,2014년 10월 24일 01시,금요일,경상북도 포항시 남구 대잠동,중상사고,0,1,0,0,차량단독 - 공작물충돌,안전운전불이행,건조,맑음,단일로 - 기타,승용,여,47세,중상,,,,
2014102400100051,2014년 10월 24일 03시,금요일,경상북도 구미시 원평동,경상사고,0,0,1,0,차대사람 - 기타,안전운전불이행,건조,맑음,단일로 - 기타,승용,남,47세,상해없음,보행자,남,29세,경상
2014102400100094,2014년 10월 24일 06시,금요일,경상북도 안동시 광석동,중상사고,0,1,0,0,차대사람 - 기타,안전운전불이행,습기,안개,교차로 - 교차로부근,승용,여,64세,상해없음,보행자,남,72세,중상
2014102400100110,2014년 10월 24일 07시,금요일,경상북도 경주시 외동읍,경상사고,0,0,1,0,차대차 - 기타,중앙선침범,건조,맑음,교차로 - 교차로부근,승용,남,67세,상해없음,승용,남,48세,경상
2014102400100111,2014년 10월 24일 07시,금요일,경상북도 영천시 화북면,경상사고,0,0,1,0,차대차 - 기타,안전운전불이행,건조,맑음,단일로 - 기타,화물,남,63세,상해없음,화물,남,53세,경상
2014102400100146,2014년 10월 24일 08시,금요일,경상북도 포항시 북구 장성동,중상사고,0,1,0,0,차대사람 - 횡단중,보행자보호의무위반,건조,맑음,단일로 - 횡단보도상,승합,여,26세,상해없음,보행자,여,55세,중상
2014102400100147,2014년 10월 24일 08시,금요일,경상북도 포항시 북구 대흥동,경상사고,0,0,1,0,차대사람 - 보도통행중,기타,건조,맑음,기타 - 기타,승용,여,37세,상해없음,보행자,여,21세,경상
2014102400100148,2014년 10월 24일 08시,금요일,경상북도 안동시 안막동,중상사고,0,1,0,0,차대차 - 측면직각충돌,안전운전불이행,건조,맑음,단일로 - 기타,승용,남,60세,상해없음,화물,남,22세,중상
2014102400100149,2014년 10월 24일 08시,금요일,경상북도 영주시 상망동,중상사고,0,1,0,0,차량단독 - 기타,안전운전불이행,건조,맑음,단일로 - 기타,농기계,남,75세,중상,,,,
2014102400100150,2014년 10월 24일 08시,금요일,경상북도 칠곡군 석적읍,경상사고,0,0,3,0,차대차 - 기타,직진우회전진행방해,건조,맑음,교차로 - 교차로안,승용,남,51세,상해없음,승용,여,38세,경상
2014102400100151,2014년 10월 24일 08시,금요일,경상북도 영천시 완산동,경상사고,0,0,1,0,차대차 - 추돌 - 진행중,안전운전불이행,건조,맑음,단일로 - 기타,승용,여,43세,상해없음,화물,남,50세,경상
2014102400100187,2014년 10월 24일 09시,금요일,경상북도 경주시 동천동,경상사고,0,0,1,0,차대차 - 측면직각충돌,신호위반,건조,맑음,교차로 - 교차로안,화물,남,60세,상해없음,승용,여,37세,경상
2014102400100188,2014년 10월 24일 09시,금요일,경상북도 포항시 남구 오천읍,중상사고,0,1,0,0,차대차 - 기타,안전운전불이행,건조,맑음,교차로 - 교차로부근,이륜,남,76세,중상,승합,남,41세,상해없음
2014102400100222,2014년 10월 24일 10시,금요일,경상북도 상주시 모동면,중상사고,0,3,0,0,차대차 - 측면직각충돌,교차로운행방법위반,건조,맑음,교차로 - 교차로안,승용,여,53세,중상,승용,남,52세,중상
2014102400100223,2014년 10월 24일 10시,금요일,경상북도 의성군 의성읍,중상사고,0,1,0,0,차대차 - 추돌 - 진행중,기타,건조,맑음,교차로 - 교차로안,화물,남,46세,상해없음,원동기,남,71세,중상
2014102400100251,2014년 10월 24일 11시,금요일,경상북도 경주시 강동면,경상사고,0,0,1,0,차대차 - 추돌 - 진행중,안전운전불이행,건조,맑음,교차로 - 교차로부근,화물,남,62세,상해없음,화물,남,62세,경상
2014102400100252,2014년 10월 24일 11시,금요일,경상북도 경주시 산내면,경상사고,0,0,2,1,차대차 - 기타,안전운전불이행,건조,맑음,단일로 - 기타,승용,남,23세,경상,화물,남,44세,경상
2014102400100253,2014년 10월 24일 11시,금요일,경상북도 안동시 옥동,경상사고,0,0,2,0,차대차 - 기타,안전운전불이행,건조,맑음,교차로 - 교차로부근,승용,여,57세,경상,승용,여,21세,경상
2014102400100254,2014년 10월 24일 11시,금요일,경상북도 영천시 금호읍,중상사고,0,1,0,0,차대차 - 기타,안전운전불이행,건조,맑음,단일로 - 교량,화물,남,48세,상해없음,원동기,남,77세,중상
2014102400100255,2014년 10월 24일 11시,금요일,경상북도 문경시 호계면,경상사고,0,0,1,0,차대차 - 측면직각충돌,신호위반,건조,맑음,교차로 - 교차로안,승용,남,53세,상해없음,승용,남,53세,경상
2014102400100256,2014년 10월 24일 11시,금요일,경상북도 칠곡군 동명면,경상사고,0,0,2,0,차대차 - 추돌 - 주정차중,안전운전불이행,건조,맑음,단일로 - 기타,승용,남,33세,상해없음,승용,남,46세,경상
2014102400100319,2014년 10월 24일 13시,금요일,경상북도 경주시 인왕동,경상사고,0,0,4,0,차대차 - 기타,안전운전불이행,건조,맑음,단일로 - 기타,화물,남,56세,상해없음,승용,여,22세,경상
2014102400100320,2014년 10월 24일 13시,금요일,경상북도 경주시 성건동,중상사고,0,1,0,0,차대사람 - 기타,안전운전불이행,건조,맑음,교차로 - 교차로부근,원동기,남,69세,상해없음,보행자,여,80세,중상
2014102400100321,2014년 10월 24일 13시,금요일,경상북도 영주시 하망동,중상사고,0,1,0,0,차량단독 - 기타,안전운전불이행,건조,맑음,단일로 - 기타,승용,남,52세,상해없음,,,,
2014102400100322,2014년 10월 24일 13시,금요일,경상북도 영양군 영양읍,중상사고,0,1,0,0,차대사람 - 횡단중,안전운전불이행,건조,맑음,단일로 - 기타,승용,여,55세,상해없음,보행자,남,72세,중상
2014102400100323,2014년 10월 24일 13시,금요일,경상북도 포항시 남구 장기면,중상사고,0,3,0,0,차대차 - 기타,교차로운행방법위반,건조,맑음,교차로 - 교차로안,승용,여,44세,상해없음,승용,남,76세,중상
2014102400100344,2014년 10월 24일 14시,금요일,경상북도 경주시 양북면,중상사고,0,1,0,0,차대차 - 정면충돌,중앙선침범,건조,맑음,단일로 - 기타,승합,남,53세,상해없음,화물,남,50세,중상
2014102400100345,2014년 10월 24일 14시,금요일,경상북도 구미시 형곡동,중상사고,0,1,0,0,차대차 - 기타,안전거리미확보,건조,맑음,교차로 - 교차로부근,승용,여,36세,상해없음,승용,남,46세,중상
2014102400100378,2014년 10월 24일 15시,금요일,경상북도 경주시 노동동,중상사고,0,1,0,0,차대사람 - 기타,보행자보호의무위반,건조,맑음,단일로 - 횡단보도상,승용,여,66세,상해없음,보행자,남,78세,중상
2014102400100379,2014년 10월 24일 15시,금요일,경상북도 경산시 진량읍,중상사고,0,1,0,0,차대사람 - 기타,보행자보호의무위반,건조,맑음,단일로 - 횡단보도상,건설기계,남,66세,상해없음,보행자,여,84세,중상
2014102400100426,2014년 10월 24일 16시,금요일,경상북도 포항시 남구 오천읍,경상사고,0,0,1,0,차대사람 - 횡단중,안전운전불이행,건조,맑음,단일로 - 기타,승합,남,75세,상해없음,보행자,남,7세,경상
2014102400100459,2014년 10월 24일 17시,금요일,경상북도 포항시 북구 장성동,경상사고,0,0,1,0,차대차 - 기타,직진우회전진행방해,건조,맑음,교차로 - 교차로안,승용,남,56세,경상,승용,남,67세,상해없음
2014102400100460,2014년 10월 24일 17시,금요일,경상북도 안동시 용상동,경상사고,0,0,1,0,차대차 - 추돌 - 진행중,안전운전불이행,건조,맑음,기타 - 기타,화물,남,42세,상해없음,승용,남,79세,경상
2014102400100461,2014년 10월 24일 17시,금요일,경상북도 상주시 무양동,중상사고,0,1,0,0,차대차 - 기타,안전운전불이행,건조,맑음,단일로 - 기타,승용,여,54세,상해없음,승용,여,50세,상해없음
2014102400100462,2014년 10월 24일 17시,금요일,경상북도 의성군 안계면,중상사고,0,1,0,0,차량단독 - 전도전복,안전운전불이행,건조,맑음,교차로 - 교차로부근,원동기,남,57세,중상,,,,
2014102400100463,2014년 10월 24일 17시,금요일,경상북도 포항시 남구 대도동,경상사고,0,0,2,0,차대차 - 기타,신호위반,건조,맑음,교차로 - 교차로안,승용,남,39세,상해없음,승합,여,45세,경상
2014102400100464,2014년 10월 24일 17시,금요일,경상북도 포항시 남구 연일읍,경상사고,0,0,1,0,차대사람 - 기타,안전운전불이행,건조,맑음,단일로 - 기타,승용,남,57세,상해없음,보행자,여,38세,경상
2014102400100465,2014년 10월 24일 17시,금요일,경상북도 포항시 남구 연일읍,중상사고,0,1,0,0,차대차 - 추돌 - 진행중,안전운전불이행,건조,맑음,단일로 - 기타,이륜,남,70세,상해없음,자전거,여,57세,중상
2014102400100514,2014년 10월 24일 18시,금요일,경상북도 포항시 북구 흥해읍,중상사고,0,1,0,0,차대차 - 기타,교차로운행방법위반,건조,맑음,교차로 - 교차로안,승용,남,59세,상해없음,승용,여,46세,중상
2014102400100515,2014년 10월 24일 18시,금요일,경상북도 안동시 옥동,경상사고,0,0,2,0,차대차 - 추돌 - 주정차중,안전운전불이행,건조,맑음,단일로 - 횡단보도부근,승용,여,46세,상해없음,승용,남,39세,경상
2014102400100516,2014년 10월 24일 18시,금요일,경상북도 의성군 의성읍,경상사고,0,0,1,0,차대사람 - 차도통행중,안전운전불이행,건조,맑음,교차로 - 교차로부근,화물,남,66세,상해없음,보행자,여,52세,경상
2014102400100517,2014년 10월 24일 18시,금요일,경상북도 구미시 광평동,중상사고,0,1,3,0,차대사람 - 기타,신호위반,건조,맑음,단일로 - 횡단보도상,승용,여,35세,상해없음,보행자,여,13세,경상
2014102400100518,2014년 10월 24일 18시,금요일,경상북도 포항시 남구 오천읍,경상사고,0,0,1,0,차대차 - 기타,안전운전불이행,건조,맑음,교차로 - 교차로부근,승합,여,44세,상해없음,승용,남,49세,경상
2014102400100571,2014년 10월 24일 19시,금요일,경상북도 청송군 청송읍,경상사고,0,0,1,0,차대사람 - 기타,안전운전불이행,건조,맑음,단일로 - 기타,기타불명,기타불명,기타불명,기타불명,보행자,여,76세,경상
2014102400100572,2014년 10월 24일 19시,금요일,경상북도 포항시 남구 해도동,경상사고,0,0,1,0,차대차 - 기타,안전운전불이행,건조,맑음,단일로 - 기타,승용,여,46세,상해없음,이륜,남,54세,경상
2014102400100573,2014년 10월 24일 19시,금요일,경상북도 포항시 남구 이동,경상사고,0,0,1,0,차대차 - 기타,차로위반,건조,맑음,단일로 - 기타,승용,남,41세,상해없음,승용,남,32세,경상
2014102400100605,2014년 10월 24일 20시,금요일,경상북도 구미시 오태동,경상사고,0,0,1,0,차대차 - 측면직각충돌,안전운전불이행,건조,맑음,교차로 - 교차로부근,승용,여,25세,상해없음,승용,여,45세,경상
2014102400100637,2014년 10월 24일 21시,금요일,경상북도 안동시 풍산읍,경상사고,0,0,2,0,차대차 - 정면충돌,중앙선침범,건조,맑음,단일로 - 기타,화물,남,61세,상해없음,승용,남,28세,상해없음
2014102400100638,2014년 10월 24일 21시,금요일,경상북도 경산시 점촌동,경상사고,0,0,1,0,차대사람 - 기타,안전운전불이행,건조,맑음,교차로 - 교차로안,승합,남,42세,상해없음,보행자,남,23세,경상
2014102400100639,2014년 10월 24일 21시,금요일,경상북도 구미시 황상동,중상사고,0,1,0,0,차대사람 - 기타,안전운전불이행,건조,맑음,단일로 - 기타,승용,남,27세,상해없음,보행자,여,68세,중상
2014102400100640,2014년 10월 24일 21시,금요일,경상북도 구미시 봉곡동,중상사고,0,1,0,1,차대차 - 측면직각충돌,안전거리미확보,건조,맑음,단일로 - 기타,승용,여,27세,부상신고,승용,남,22세,중상
2014102400100661,2014년 10월 24일 22시,금요일,경상북도 포항시 북구 장성동,경상사고,0,0,1,0,차대차 - 기타,신호위반,건조,맑음,교차로 - 교차로안,승용,여,24세,상해없음,승용,남,28세,경상
2014102400100662,2014년 10월 24일 22시,금요일,경상북도 안동시 풍산읍,중상사고,0,1,0,0,차대사람 - 횡단중,안전운전불이행,건조,맑음,단일로 - 기타,승용,남,42세,상해없음,보행자,남,68세,중상
2014102400100663,2014년 10월 24일 22시,금요일,경상북도 칠곡군 가산면,중상사고,0,1,0,0,차대차 - 기타,안전운전불이행,건조,맑음,단일로 - 기타,화물,남,24세,상해없음,승용,남,29세,중상
2014102400100697,2014년 10월 24일 23시,금요일,경상북도 구미시 신동,경상사고,0,0,1,0,차대차 - 측면직각충돌,안전운전불이행,건조,맑음,단일로 - 기타,승용,남,31세,기타불명,승용,남,28세,경상
2014102500100019,2014년 10월 25일 00시,토요일,경상북도 경산시 대평동,경상사고,0,0,1,0,차대차 - 기타,안전운전불이행,건조,맑음,단일로 - 기타,이륜,남,25세,기타불명,승용,남,52세,상해없음
2014102500100020,2014년 10월 25일 00시,토요일,경상북도 경산시 진량읍,경상사고,0,0,1,0,차량단독 - 공작물충돌,안전운전불이행,건조,맑음,단일로 - 기타,승용,남,54세,상해없음,,,,
2014102500100140,2014년 10월 25일 07시,토요일,경상북도 상주시 중동면,부상신고사고,0,0,0,1,차대차 - 정면충돌,안전운전불이행,습기,안개,단일로 - 기타,승용,여,28세,부상신고,화물,남,50세,상해없음
2014102500100165,2014년 10월 25일 08시,토요일,경상북도 김천시 조마면,경상사고,0,0,1,0,차대차 - 측면직각충돌,안전운전불이행,건조,맑음,단일로 - 기타,이륜,남,75세,경상,화물,남,49세,상해없음
2014102500100166,2014년 10월 25일 08시,토요일,경상북도 상주시 함창읍,중상사고,0,1,0,0,차대차 - 추돌 - 진행중,안전운전불이행,기타,안개,단일로 - 기타,승용,남,48세,상해없음,화물,남,52세,중상
2014102500100197,2014년 10월 25일 09시,토요일,경상북도 상주시 만산동,경상사고,0,0,1,0,차대차 - 기타,안전거리미확보,건조,맑음,단일로 - 기타,승용,남,35세,상해없음,화물,남,43세,경상
2014102500100198,2014년 10월 25일 09시,토요일,경상북도 영덕군 병곡면,중상사고,0,1,0,0,차량단독 - 공작물충돌,안전운전불이행,건조,맑음,단일로 - 기타,승용,여,20세,중상,,,,
2014102500100199,2014년 10월 25일 09시,토요일,경상북도 포항시 남구 대잠동,중상사고,0,2,0,0,차대차 - 기타,안전운전불이행,건조,맑음,교차로 - 교차로안,승용,여,46세,중상,승용,남,54세,중상
2014102500100221,2014년 10월 25일 10시,토요일,경상북도 안동시 수상동,중상사고,0,2,0,0,차대차 - 측면직각충돌,안전운전불이행,건조,맑음,교차로 - 교차로안,승용,남,53세,상해없음,승용,여,49세,중상
2014102500100222,2014년 10월 25일 10시,토요일,경상북도 김천시 감호동,중상사고,0,1,0,0,차대차 - 측면직각충돌,안전운전불이행,건조,맑음,단일로 - 기타,승용,남,56세,상해없음,화물,남,49세,중상
2014102500100223,2014년 10월 25일 10시,토요일,경상북도 경산시 압량면,경상사고,0,0,4,0,차대차 - 기타,안전거리미확보,건조,맑음,교차로 - 교차로부근,승용,남,25세,상해없음,승용,여,19세,상해없음
2014102500100224,2014년 10월 25일 10시,토요일,경상북도 청송군 현동면,중상사고,0,1,0,0,차대차 - 추돌 - 진행중,안전운전불이행,건조,맑음,단일로 - 기타,화물,남,41세,상해없음,원동기,남,68세,중상
2014102500100296,2014년 10월 25일 12시,토요일,경상북도 포항시 북구 청하면,경상사고,0,0,6,0,차대차 - 추돌 - 진행중,안전거리미확보,건조,맑음,단일로 - 기타,화물,남,57세,경상,화물,남,62세,상해없음
2014102500100297,2014년 10월 25일 12시,토요일,경상북도 상주시 내서면,경상사고,0,0,2,0,차대차 - 추돌 - 진행중,안전운전불이행,건조,맑음,단일로 - 기타,승용,남,56세,상해없음,승합,남,54세,상해없음
2014102500100298,2014년 10월 25일 12시,토요일,경상북도 청도군 매전면,경상사고,0,0,3,0,차대차 - 기타,직진우회전진행방해,건조,맑음,교차로 - 교차로안,화물,남,43세,경상,화물,남,55세,경상
2014102500100299,2014년 10월 25일 12시,토요일,경상북도 구미시 도개면,부상신고사고,0,0,0,1,차량단독 - 도로외이탈 - 기타,안전운전불이행,건조,맑음,단일로 - 기타,건설기계,남,28세,부상신고,,,,
2014102500100333,2014년 10월 25일 13시,토요일,경상북도 경주시 건천읍,사망사고,1,0,1,0,차대차 - 추돌 - 진행중,안전운전불이행,건조,맑음,단일로 - 기타,승용,남,62세,사망,건설기계,남,66세,경상
2014102500100334,2014년 10월 25일 13시,토요일,경상북도 포항시 남구 대잠동,중상사고,0,1,0,0,차대차 - 기타,신호위반,건조,맑음,교차로 - 교차로안,원동기,남,19세,상해없음,원동기,남,26세,중상