사고번호,사고일시,요일,시군구,사고내용,사망자수,중상자수,경상자수,부상신고자수,사고유형,법규위반,노면상태,기상상태,도로형태,가해운전자 차종,가해운전자 성별,가해운전자 연령,가해운전자 상해정도,피해운전자 차종,피해운전자 성별,피해운전자 연령,피해운전자 상해정도
2014110500100383,2014년 11월 5일 14시,수요일,경상북도 경주시 인왕동,경상사고,0,0,1,0,차대사람 - 기타,신호위반,건조,맑음,단일로 - 기타,이륜,남,69세,상해없음,보행자,여,58세,경상
2014110500100384,2014년 11월 5일 14시,수요일,경상북도 경주시 천북면,부상신고사고,0,0,0,1,차대차 - 기타,안전운전불이행,건조,맑음,단일로 - 기타,승용,남,66세,부상신고,화물,남,36세,상해없음
2014110500100385,2014년 11월 5일 14시,수요일,경상북도 포항시 북구 죽도동,경상사고,0,0,1,0,차대사람 - 횡단중,안전운전불이행,건조,맑음,단일로 - 기타,승용,여,31세,상해없음,보행자,남,58세,경상
2014110500100386,2014년 11월 5일 14시,수요일,경상북도 영천시 청통면,경상사고,0,0,5,0,차대차 - 기타,중앙선침범,건조,맑음,교차로 - 교차로부근,화물,남,21세,상해없음,승용,여,50세,경상
2014110500100387,2014년 11월 5일 14시,수요일,경상북도 문경시 점촌동,경상사고,0,0,1,0,차대차 - 추돌 - 주정차중,안전운전불이행,건조,맑음,단일로 - 기타,원동기,남,51세,경상,승용,남,62세,상해없음
2014110500100388,2014년 11월 5일 14시,수요일,경상북도 군위군 우보면,중상사고,0,1,0,0,차대차 - 기타,안전운전불이행,기타,맑음,단일로 - 기타,화물,남,48세,상해없음,자전거,남,94세,중상
2014110500100389,2014년 11월 5일 14시,수요일,경상북도 청송군 현서면,중상사고,0,1,0,0,차대사람 - 차도통행중,교차로운행방법위반,건조,맑음,교차로 - 교차로안,승용,남,44세,상해없음,보행자,여,70세,중상
2014110500100390,2014년 11월 5일 14시,수요일,경상북도 구미시 인의동,경상사고,0,0,1,0,차대차 - 기타,안전운전불이행,건조,맑음,단일로 - 기타,승용,남,35세,상해없음,승용,남,25세,경상
2014110500100416,2014년 11월 5일 15시,수요일,경상북도 포항시 북구 동빈1가,중상사고,0,1,1,0,차대차 - 기타,교차로운행방법위반,건조,맑음,교차로 - 교차로안,승용,남,58세,중상,승용,남,59세,상해없음
2014110500100417,2014년 11월 5일 15시,수요일,경상북도 상주시 서문동,중상사고,0,1,0,0,차대사람 - 횡단중,안전운전불이행,건조,맑음,교차로 - 교차로안,승용,여,44세,상해없음,보행자,여,57세,중상
2014110500100455,2014년 11월 5일 16시,수요일,경상북도 경주시 율동,경상사고,0,0,1,0,차대차 - 기타,안전거리미확보,건조,맑음,단일로 - 기타,화물,남,65세,기타불명,화물,남,34세,경상
2014110500100456,2014년 11월 5일 16시,수요일,경상북도 봉화군 명호면,부상신고사고,0,0,0,1,차량단독 - 공작물충돌,안전운전불이행,건조,맑음,단일로 - 기타,승용,남,44세,부상신고,,,,
2014110500100494,2014년 11월 5일 17시,수요일,경상북도 경산시 계양동,경상사고,0,0,1,0,차대차 - 기타,신호위반,건조,맑음,교차로 - 교차로안,승용,남,53세,상해없음,원동기,남,22세,경상
2014110500100495,2014년 11월 5일 17시,수요일,경상북도 울진군 울진읍,중상사고,0,1,0,0,차대사람 - 기타,안전운전불이행,건조,맑음,단일로 - 기타,화물,남,49세,상해없음,보행자,여,6세,중상
2014110500100496,2014년 11월 5일 17시,수요일,경상북도 고령군 고령읍,경상사고,0,0,1,0,차대사람 - 횡단중,안전운전불이행,건조,맑음,단일로 - 기타,이륜,남,15세,상해없음,보행자,여,72세,경상
2014110500100497,2014년 11월 5일 17시,수요일,경상북도 구미시 장천면,사망사고,1,0,0,0,차대사람 - 기타,안전운전불이행,건조,맑음,기타 - 기타,승용,남,57세,상해없음,보행자,여,76세,사망
2014110500100548,2014년 11월 5일 18시,수요일,경상북도 의성군 다인면,중상사고,0,1,0,0,차대차 - 측면직각충돌,중앙선침범,건조,맑음,단일로 - 기타,승용,남,38세,상해없음,화물,남,44세,상해없음
2014110500100549,2014년 11월 5일 18시,수요일,경상북도 의성군 안평면,사망사고,1,1,0,0,차대차 - 정면충돌,안전운전불이행,건조,맑음,단일로 - 기타,화물,남,54세,사망,화물,남,51세,중상
2014110500100550,2014년 11월 5일 18시,수요일,경상북도 청송군 청송읍,중상사고,0,1,0,0,차대차 - 기타,안전운전불이행,건조,맑음,단일로 - 기타,원동기,남,81세,중상,승용,남,52세,상해없음
2014110500100551,2014년 11월 5일 18시,수요일,경상북도 구미시 지산동,중상사고,0,1,0,0,차량단독 - 기타,안전운전불이행,건조,맑음,단일로 - 기타,승용,남,35세,상해없음,,,,
2014110500100552,2014년 11월 5일 18시,수요일,경상북도 포항시 남구 오천읍,중상사고,0,1,0,0,차대차 - 추돌 - 주정차중,안전운전불이행,건조,맑음,단일로 - 기타,승용,남,57세,상해없음,이륜,남,17세,중상
2014110500100600,2014년 11월 5일 19시,수요일,경상북도 포항시 북구 남빈동,중상사고,0,1,0,0,차대차 - 기타,안전운전불이행,건조,맑음,단일로 - 기타,승용,남,53세,상해없음,자전거,남,75세,중상
2014110500100601,2014년 11월 5일 19시,수요일,경상북도 김천시 지례면,사망사고,1,0,0,0,차대사람 - 기타,안전운전불이행,건조,맑음,교차로 - 교차로안,승용,남,51세,상해없음,보행자,여,69세,사망
2014110500100602,2014년 11월 5일 19시,수요일,경상북도 경산시 진량읍,경상사고,0,0,1,0,차대사람 - 기타,안전운전불이행,건조,맑음,단일로 - 기타,승용,여,40세,상해없음,보행자,남,21세,경상
2014110500100603,2014년 11월 5일 19시,수요일,경상북도 경산시 압량면,경상사고,0,0,1,0,차대차 - 기타,안전운전불이행,건조,맑음,단일로 - 기타,자전거,남,50세,경상,자전거,남,50세,상해없음
2014110500100604,2014년 11월 5일 19시,수요일,경상북도 포항시 남구 대도동,경상사고,0,0,1,0,차대차 - 기타,안전운전불이행,건조,맑음,단일로 - 기타,승용,남,56세,상해없음,승용,여,37세,경상
2014110500100645,2014년 11월 5일 20시,수요일,경상북도 상주시 남성동,경상사고,0,0,1,0,차대차 - 측면직각충돌,안전운전불이행,건조,맑음,단일로 - 기타,승용,남,57세,상해없음,승용,여,31세,경상
2014110500100646,2014년 11월 5일 20시,수요일,경상북도 구미시 진평동,경상사고,0,0,1,0,차대차 - 기타,안전운전불이행,건조,맑음,단일로 - 기타,승용,여,41세,상해없음,자전거,남,28세,경상
2014110500100647,2014년 11월 5일 20시,수요일,경상북도 포항시 남구 대잠동,경상사고,0,0,4,0,차대차 - 기타,안전운전불이행,건조,맑음,기타 - 기타,승용,남,65세,상해없음,승용,남,65세,경상
2014110500100716,2014년 11월 5일 22시,수요일,경상북도 김천시 덕곡동,중상사고,0,1,0,0,차대차 - 측면직각충돌,신호위반,건조,맑음,교차로 - 교차로안,화물,남,39세,상해없음,이륜,남,50세,중상
2014110500100717,2014년 11월 5일 22시,수요일,경상북도 김천시 평화동,경상사고,0,0,1,0,차대사람 - 기타,안전운전불이행,건조,맑음,교차로 - 교차로안,승용,남,60세,상해없음,보행자,여,60세,경상
2014110500100718,2014년 11월 5일 22시,수요일,경상북도 영천시 금호읍,경상사고,0,0,3,0,차대차 - 측면직각충돌,교차로운행방법위반,건조,맑음,교차로 - 교차로안,승용,남,56세,경상,승용,남,24세,경상
2014110500100719,2014년 11월 5일 22시,수요일,경상북도 구미시 옥계동,경상사고,0,0,1,0,차대차 - 기타,안전운전불이행,건조,맑음,단일로 - 기타,승용,남,45세,상해없음,원동기,남,29세,경상
2014110600100010,2014년 11월 6일 00시,목요일,경상북도 포항시 북구 환호동,중상사고,0,1,0,0,차대차 - 기타,안전운전불이행,건조,맑음,단일로 - 기타,승용,남,40세,상해없음,원동기,남,21세,중상
2014110600100011,2014년 11월 6일 00시,목요일,경상북도 포항시 북구 남빈동,중상사고,0,1,0,0,차대차 - 기타,안전운전불이행,건조,맑음,단일로 - 횡단보도상,원동기,남,33세,상해없음,자전거,남,20세,중상
2014110600100032,2014년 11월 6일 03시,목요일,경상북도 포항시 남구 대도동,경상사고,0,0,2,0,차대차 - 기타,안전운전불이행,건조,맑음,교차로 - 교차로부근,승용,여,32세,경상,승용,남,32세,경상
2014110600100067,2014년 11월 6일 06시,목요일,경상북도 경주시 현곡면,중상사고,0,1,0,0,차대차 - 추돌 - 진행중,안전운전불이행,건조,맑음,단일로 - 기타,화물,남,49세,상해없음,원동기,남,66세,중상
2014110600100068,2014년 11월 6일 06시,목요일,경상북도 구미시 옥계동,경상사고,0,0,1,1,차대차 - 기타,신호위반,건조,맑음,교차로 - 교차로안,이륜,남,18세,부상신고,승용,남,45세,상해없음
2014110600100096,2014년 11월 6일 07시,목요일,경상북도 안동시 풍산읍,경상사고,0,0,1,0,차대차 - 기타,신호위반,건조,맑음,단일로 - 기타,건설기계,남,47세,상해없음,건설기계,남,38세,경상
2014110600100131,2014년 11월 6일 08시,목요일,경상북도 안동시 수상동,중상사고,0,2,0,0,차대차 - 기타,안전운전불이행,건조,맑음,교차로 - 교차로안,승용,남,54세,중상,건설기계,남,32세,중상
2014110600100132,2014년 11월 6일 08시,목요일,경상북도 청도군 화양읍,경상사고,0,0,1,0,차대차 - 기타,안전운전불이행,건조,맑음,기타 - 기타,승용,여,56세,상해없음,승용,여,30세,경상
2014110600100133,2014년 11월 6일 08시,목요일,경상북도 고령군 다산면,경상사고,0,0,1,0,차대차 - 측면직각충돌,신호위반,건조,맑음,교차로 - 교차로안,승용,남,21세,상해없음,원동기,남,66세,경상
2014110600100166,2014년 11월 6일 09시,목요일,경상북도 경산시 중방동,경상사고,0,0,1,0,차대사람 - 기타,안전운전불이행,건조,맑음,교차로 - 교차로부근,승용,남,37세,상해없음,보행자,여,77세,경상
2014110600100196,2014년 11월 6일 10시,목요일,경상북도 경주시 강동면,경상사고,0,0,1,0,차대차 - 기타,안전운전불이행,건조,맑음,단일로 - 기타,화물,남,58세,상해없음,승용,남,31세,경상
2014110600100197,2014년 11월 6일 10시,목요일,경상북도 포항시 북구 용흥동,경상사고,0,0,1,0,차대차 - 기타,안전운전불이행,건조,맑음,단일로 - 기타,승용,남,33세,상해없음,승용,남,30세,경상
2014110600100198,2014년 11월 6일 10시,목요일,경상북도 구미시 상모동,경상사고,0,0,1,0,차대차 - 기타,안전운전불이행,건조,맑음,단일로 - 기타,승용,남,51세,상해없음,승용,남,39세,경상
2014110600100199,2014년 11월 6일 10시,목요일,경상북도 포항시 남구 대도동,경상사고,0,0,1,0,차대사람 - 기타,안전운전불이행,건조,맑음,단일로 - 기타,승용,여,53세,상해없음,보행자,남,47세,경상
2014110600100228,2014년 11월 6일 11시,목요일,경상북도 경주시 강동면,경상사고,0,0,1,0,차량단독 - 전도전복,안전운전불이행,건조,맑음,단일로 - 기타,승합,여,48세,상해없음,,,,
2014110600100229,2014년 11월 6일 11시,목요일,경상북도 구미시 진평동,경상사고,0,0,2,0,차대차 - 기타,교차로운행방법위반,건조,맑음,교차로 - 교차로안,승용,여,62세,경상,승용,여,34세,경상
2014110600100252,2014년 11월 6일 12시,목요일,경상북도 안동시 길안면,부상신고사고,0,0,0,1,차대차 - 기타,안전운전불이행,건조,맑음,기타 - 기타,원동기,남,81세,부상신고,화물,여,70세,기타불명
2014110600100253,2014년 11월 6일 12시,목요일,경상북도 경산시 하양읍,경상사고,0,0,2,0,차대차 - 기타,신호위반,건조,맑음,교차로 - 교차로안,승용,남,28세,상해없음,승용,남,51세,경상
2014110600100284,2014년 11월 6일 13시,목요일,경상북도 청도군 매전면,중상사고,0,4,0,0,차대차 - 기타,안전운전불이행,건조,맑음,단일로 - 기타,승용,남,55세,중상,승용,남,59세,중상
2014110600100285,2014년 11월 6일 13시,목요일,경상북도 포항시 남구 인덕동,경상사고,0,0,1,0,차대차 - 기타,교차로운행방법위반,건조,맑음,교차로 - 교차로부근,승용,남,66세,상해없음,승용,남,53세,경상
2014110600100310,2014년 11월 6일 14시,목요일,경상북도 경주시 외동읍,경상사고,0,0,1,0,차대차 - 기타,안전운전불이행,건조,맑음,교차로 - 교차로안,원동기,여,64세,경상,승용,남,33세,상해없음
2014110600100311,2014년 11월 6일 14시,목요일,경상북도 안동시 임동면,경상사고,0,0,1,0,차대차 - 기타,중앙선침범,건조,맑음,단일로 - 기타,화물,남,53세,상해없음,화물,남,61세,경상
2014110600100372,2014년 11월 6일 16시,목요일,경상북도 영천시 금호읍,중상사고,0,1,1,0,차대사람 - 횡단중,중앙선침범,건조,맑음,기타 - 기타,승용,남,51세,상해없음,보행자,여,83세,중상
2014110600100413,2014년 11월 6일 17시,목요일,경상북도 포항시 북구 우현동,경상사고,0,0,1,0,차대차 - 기타,안전운전불이행,건조,맑음,단일로 - 기타,승용,여,35세,상해없음,승용,남,58세,경상
2014110600100414,2014년 11월 6일 17시,목요일,경상북도 상주시 신봉동,경상사고,0,0,1,0,차대차 - 기타,교차로운행방법위반,건조,맑음,교차로 - 교차로안,승용,남,35세,상해없음,자전거,여,36세,경상
2014110600100415,2014년 11월 6일 17시,목요일,경상북도 경산시 사동,중상사고,0,1,0,0,차대차 - 기타,불법유턴,건조,맑음,단일로 - 기타,화물,남,54세,상해없음,이륜,남,24세,중상
2014110600100416,2014년 11월 6일 17시,목요일,경상북도 경산시 사정동,경상사고,0,0,2,0,차대사람 - 기타,보행자보호의무위반,건조,맑음,단일로 - 횡단보도상,승용,남,23세,상해없음,보행자,여,39세,경상
2014110600100417,2014년 11월 6일 17시,목요일,경상북도 포항시 남구 대도동,경상사고,0,0,1,0,차대차 - 기타,안전운전불이행,건조,맑음,단일로 - 기타,승용,남,67세,상해없음,이륜,남,47세,경상
2014110600100418,2014년 11월 6일 17시,목요일,경상북도 포항시 남구 지곡동,중상사고,0,1,0,0,차대차 - 기타,중앙선침범,건조,맑음,교차로 - 교차로안,자전거,남,23세,중상,승용,남,50세,상해없음
2014110600100475,2014년 11월 6일 18시,목요일,경상북도 포항시 북구 우현동,경상사고,0,0,3,0,차대차 - 기타,안전운전불이행,건조,맑음,단일로 - 기타,승용,남,42세,경상,승용,남,53세,경상
2014110600100476,2014년 11월 6일 18시,목요일,경상북도 칠곡군 석적읍,경상사고,0,0,1,0,차대차 - 기타,안전거리미확보,건조,맑음,단일로 - 기타,승용,남,55세,상해없음,승용,남,33세,경상
2014110600100477,2014년 11월 6일 18시,목요일,경상북도 구미시 산동면,중상사고,0,2,0,1,차대사람 - 기타,안전운전불이행,건조,맑음,단일로 - 기타,승용,남,45세,부상신고,보행자,남,65세,중상
2014110600100478,2014년 11월 6일 18시,목요일,경상북도 포항시 남구 효자동,경상사고,0,0,1,0,차대차 - 기타,안전운전불이행,건조,맑음,단일로 - 기타,승용,여,51세,상해없음,화물,남,38세,경상
2014110600100529,2014년 11월 6일 19시,목요일,경상북도 군위군 군위읍,중상사고,0,2,0,1,차대차 - 추돌 - 진행중,안전운전불이행,건조,맑음,단일로 - 기타,승용,남,51세,상해없음,농기계,남,71세,중상
2014110600100557,2014년 11월 6일 20시,목요일,경상북도 포항시 북구 장성동,중상사고,0,1,0,0,차대차 - 기타,안전운전불이행,건조,맑음,단일로 - 기타,승용,남,37세,상해없음,원동기,남,45세,중상
2014110600100589,2014년 11월 6일 21시,목요일,경상북도 경주시 강동면,중상사고,0,1,0,0,차대차 - 기타,안전운전불이행,건조,맑음,단일로 - 기타,승용,남,72세,중상,화물,남,46세,상해없음
2014110600100590,2014년 11월 6일 21시,목요일,경상북도 포항시 북구 대흥동,경상사고,0,0,1,0,차대차 - 기타,안전운전불이행,건조,맑음,교차로 - 교차로부근,승용,여,54세,상해없음,승용,남,64세,경상
2014110600100615,2014년 11월 6일 22시,목요일,경상북도 포항시 북구 두호동,경상사고,0,0,1,0,차대차 - 기타,안전운전불이행,건조,맑음,단일로 - 기타,승용,남,48세,상해없음,원동기,남,17세,경상
2014110700100033,2014년 11월 7일 01시,금요일,경상북도 포항시 북구 용흥동,중상사고,0,1,1,0,차대사람 - 횡단중,안전운전불이행,건조,맑음,단일로 - 횡단보도상,승용,여,53세,상해없음,보행자,여,37세,경상
2014110700100067,2014년 11월 7일 03시,금요일,경상북도 칠곡군 동명면,사망사고,1,1,0,0,차량단독 - 공작물충돌,안전운전불이행,건조,맑음,단일로 - 기타,승용,남,56세,사망,,,,
2014110700100077,2014년 11월 7일 04시,금요일,경상북도 영덕군 지품면,중상사고,0,1,0,1,차량단독 - 공작물충돌,안전운전불이행,건조,흐림,단일로 - 기타,화물,남,66세,부상신고,,,,
2014110700100134,2014년 11월 7일 07시,금요일,경상북도 칠곡군 왜관읍,중상사고,0,1,0,0,차대차 - 기타,안전운전불이행,건조,맑음,교차로 - 교차로안,이륜,남,65세,중상,승용,남,31세,상해없음
2014110700100183,2014년 11월 7일 08시,금요일,경상북도 상주시 가장동,사망사고,1,0,3,0,차대차 - 기타,안전운전불이행,건조,맑음,단일로 - 기타,화물,남,33세,상해없음,승용,남,22세,경상
2014110700100184,2014년 11월 7일 08시,금요일,경상북도 영주시 휴천동,중상사고,0,2,0,0,차대차 - 측면직각충돌,신호위반,건조,맑음,교차로 - 교차로안,승용,여,27세,중상,화물,남,25세,중상
2014110700100185,2014년 11월 7일 08시,금요일,경상북도 영천시 완산동,경상사고,0,0,1,0,차대차 - 기타,안전운전불이행,건조,맑음,단일로 - 기타,승용,여,48세,상해없음,승용,여,64세,경상
2014110700100213,2014년 11월 7일 09시,금요일,경상북도 상주시 함창읍,경상사고,0,0,1,0,차대차 - 기타,중앙선침범,습기,안개,단일로 - 기타,승용,남,63세,상해없음,승용,남,50세,경상
2014110700100237,2014년 11월 7일 10시,금요일,경상북도 경주시 양남면,경상사고,0,0,1,0,차대차 - 기타,안전운전불이행,습기,비,단일로 - 기타,승용,여,20세,상해없음,화물,남,57세,경상
2014110700100238,2014년 11월 7일 10시,금요일,경상북도 안동시 일직면,경상사고,0,0,1,0,차대사람 - 기타,안전운전불이행,건조,맑음,단일로 - 기타,이륜,남,71세,상해없음,보행자,여,77세,경상
2014110700100239,2014년 11월 7일 10시,금요일,경상북도 영양군 입암면,경상사고,0,0,2,0,차대차 - 측면직각충돌,신호위반,건조,맑음,교차로 - 교차로안,승용,여,20세,경상,승용,여,41세,경상
2014110700100240,2014년 11월 7일 10시,금요일,경상북도 구미시 비산동,중상사고,0,1,0,0,차대차 - 기타,신호위반,건조,맑음,단일로 - 기타,승용,남,54세,상해없음,자전거,남,20세,중상
2014110700100264,2014년 11월 7일 11시,금요일,경상북도 김천시 개령면,중상사고,0,1,1,0,차대차 - 측면직각충돌,교차로운행방법위반,건조,맑음,교차로 - 교차로안,화물,남,45세,상해없음,승용,여,36세,경상
2014110700100265,2014년 11월 7일 11시,금요일,경상북도 칠곡군 약목면,중상사고,0,1,4,0,차대차 - 추돌 - 진행중,안전운전불이행,건조,맑음,단일로 - 기타,화물,남,64세,상해없음,화물,남,51세,경상
2014110700100266,2014년 11월 7일 11시,금요일,경상북도 성주군 월항면,중상사고,0,1,0,0,차대차 - 측면직각충돌,직진우회전진행방해,건조,맑음,교차로 - 교차로안,화물,남,67세,상해없음,이륜,남,73세,중상
2014110700100267,2014년 11월 7일 11시,금요일,경상북도 울진군 평해읍,중상사고,0,2,2,0,차대차 - 추돌 - 주정차중,안전운전불이행,습기,비,교차로 - 교차로부근,승합,남,42세,상해없음,화물,남,44세,경상
2014110700100268,2014년 11월 7일 11시,금요일,경상북도 구미시 황상동,경상사고,0,0,1,0,차대사람 - 기타,안전운전불이행,건조,맑음,기타 - 기타,승용,기타불명,기타불명,기타불명,보행자,남,28세,경상
2014110700100297,2014년 11월 7일 12시,금요일,경상북도 영천시 북안면,경상사고,0,0,3,0,차대차 - 기타,교차로운행방법위반,건조,맑음,교차로 - 교차로안,승용,여,57세,경상,화물,남,70세,경상
2014110700100326,2014년 11월 7일 13시,금요일,경상북도 상주시 외남면,사망사고,1,0,0,0,차량단독 - 공작물충돌,안전운전불이행,건조,맑음,교차로 - 교차로안,원동기,남,80세,사망,,,,
2014110700100327,2014년 11월 7일 13시,금요일,경상북도 의성군 의성읍,경상사고,0,0,2,0,차대차 - 추돌 - 진행중,안전운전불이행,건조,흐림,교차로 - 교차로부근,화물,남,64세,상해없음,승용,남,44세,상해없음
2014110700100328,2014년 11월 7일 13시,금요일,경상북도 영주시 휴천동,중상사고,0,1,0,0,차대차 - 정면충돌,중앙선침범,건조,흐림,단일로 - 기타,승용,남,27세,중상,승합,남,46세,상해없음
2014110700100362,2014년 11월 7일 14시,금요일,경상북도 성주군 성주읍,경상사고,0,0,1,0,차대차 - 기타,신호위반,건조,맑음,교차로 - 교차로안,이륜,여,29세,경상,승용,여,35세,상해없음
2014110700100363,2014년 11월 7일 14시,금요일,경상북도 포항시 남구 연일읍,경상사고,0,0,1,0,차대사람 - 기타,안전운전불이행,건조,맑음,단일로 - 기타,기타불명,기타불명,기타불명,기타불명,보행자,여,54세,경상
2014110700100392,2014년 11월 7일 15시,금요일,경상북도 포항시 북구 청하면,중상사고,0,2,0,0,차대차 - 기타,교차로운행방법위반,습기,비,교차로 - 교차로안,화물,남,34세,상해없음,승용,여,63세,중상
2014110700100393,2014년 11월 7일 15시,금요일,경상북도 경산시 와촌면,중상사고,0,2,0,0,차대차 - 기타,신호위반,건조,맑음,교차로 - 교차로안,화물,남,54세,상해없음,승용,남,53세,중상
2014110700100394,2014년 11월 7일 15시,금요일,경상북도 구미시 형곡동,중상사고,0,1,0,0,차대차 - 기타,교차로운행방법위반,건조,맑음,교차로 - 교차로안,승용,여,47세,상해없음,자전거,남,15세,중상
2014110700100424,2014년 11월 7일 16시,금요일,경상북도 구미시 원평동,경상사고,0,0,1,0,차대사람 - 기타,안전운전불이행,건조,맑음,단일로 - 횡단보도상,기타불명,기타불명,기타불명,기타불명,보행자,여,18세,경상
2014110700100425,2014년 11월 7일 16시,금요일,경상북도 포항시 남구 대잠동,경상사고,0,0,1,0,차대차 - 기타,안전운전불이행,건조,맑음,교차로 - 교차로안,승용,기타불명,기타불명,기타불명,이륜,남,29세,경상
2014110700100465,2014년 11월 7일 17시,금요일,경상북도 포항시 북구 용흥동,경상사고,0,0,1,0,차대사람 - 횡단중,안전운전불이행,건조,맑음,기타 - 기타,승용,여,48세,상해없음,보행자,남,10세,경상
2014110700100466,2014년 11월 7일 17시,금요일,경상북도 의성군 의성읍,사망사고,1,0,0,0,차대사람 - 횡단중,과속,건조,맑음,단일로 - 횡단보도상,화물,남,62세,상해없음,보행자,남,51세,사망
2014110700100467,2014년 11월 7일 17시,금요일,경상북도 영주시 봉현면,경상사고,0,0,3,0,차대차 - 측면직각충돌,안전운전불이행,건조,맑음,단일로 - 기타,승용,남,63세,경상,승용,남,46세,경상
2014110700100468,2014년 11월 7일 17시,금요일,경상북도 구미시 진평동,경상사고,0,0,1,0,차대사람 - 기타,안전운전불이행,건조,맑음,교차로 - 교차로부근,화물,남,37세,상해없음,보행자,남,4세,경상
2014110700100533,2014년 11월 7일 18시,금요일,경상북도 포항시 북구 두호동,경상사고,0,0,1,0,차대차 - 기타,차로위반,건조,맑음,단일로 - 기타,화물,남,31세,상해없음,승용,남,55세,경상
2014110700100534,2014년 11월 7일 18시,금요일,경상북도 김천시 모암동,경상사고,0,0,1,0,차대사람 - 기타,보행자보호의무위반,건조,맑음,교차로 - 교차로안,승용,남,28세,상해없음,보행자,여,73세,경상
2014110700100535,2014년 11월 7일 18시,금요일,경상북도 김천시 신음동,경상사고,0,0,1,0,차대차 - 측면직각충돌,안전운전불이행,건조,맑음,교차로 - 교차로부근,승용,남,34세,상해없음,승용,남,32세,경상
2014110700100596,2014년 11월 7일 19시,금요일,경상북도 경주시 현곡면,경상사고,0,0,1,0,차대차 - 기타,안전운전불이행,건조,맑음,단일로 - 기타,승용,남,49세,상해없음,승용,남,46세,경상
2014110700100597,2014년 11월 7일 19시,금요일,경상북도 군위군 효령면,경상사고,0,0,1,0,차대차 - 측면직각충돌,교차로운행방법위반,건조,맑음,교차로 - 교차로안,승용,남,62세,상해없음,승용,여,42세,경상
2014110700100645,2014년 11월 7일 20시,금요일,경상북도 경주시 외동읍,중상사고,0,3,0,0,차대차 - 측면직각충돌,안전운전불이행,건조,맑음,교차로 - 교차로안,승용,남,62세,중상,화물,남,60세,중상
2014110700100646,2014년 11월 7일 20시,금요일,경상북도 안동시 송현동,중상사고,0,1,0,0,차대사람 - 기타,안전운전불이행,건조,맑음,교차로 - 교차로안,승용,여,53세,상해없음,보행자,여,38세,중상
2014110700100647,2014년 11월 7일 20시,금요일,경상북도 안동시 임하면,중상사고,0,1,0,0,차대사람 - 기타,안전운전불이행,건조,맑음,단일로 - 기타,승합,남,49세,상해없음,보행자,남,71세,중상
2014110700100648,2014년 11월 7일 20시,금요일,경상북도 경산시 자인면,중상사고,0,1,0,0,차대차 - 기타,안전운전불이행,건조,맑음,단일로 - 기타,승용,남,35세,상해없음,승용,여,60세,중상
2014110700100649,2014년 11월 7일 20시,금요일,경상북도 경산시 조영동,경상사고,0,0,1,0,차대차 - 기타,안전운전불이행,건조,맑음,단일로 - 기타,승용,남,49세,상해없음,이륜,남,29세,경상
2014110700100650,2014년 11월 7일 20시,금요일,경상북도 포항시 남구 구룡포읍,경상사고,0,0,1,0,차대차 - 기타,중앙선침범,습기,비,교차로 - 교차로안,화물,남,37세,상해없음,승용,남,38세,경상
2014110700100681,2014년 11월 7일 21시,금요일,경상북도 안동시 남선면,경상사고,0,0,3,0,차대차 - 기타,안전운전불이행,건조,맑음,단일로 - 기타,승용,남,58세,경상,승용,여,62세,경상
2014110700100682,2014년 11월 7일 21시,금요일,경상북도 구미시 선산읍,중상사고,0,2,0,0,차대차 - 기타,중앙선침범,건조,맑음,단일로 - 기타,승용,남,49세,상해없음,이륜,남,16세,중상
2014110700100715,2014년 11월 7일 22시,금요일,경상북도 포항시 남구 대잠동,중상사고,0,1,3,0,차대차 - 기타,안전운전불이행,건조,맑음,단일로 - 기타,승용,남,30세,상해없음,승합,남,48세,상해없음
2014110700100738,2014년 11월 7일 23시,금요일,경상북도 김천시 어모면,사망사고,1,0,0,0,차대차 - 측면직각충돌,교차로운행방법위반,건조,맑음,교차로 - 교차로안,승용,남,51세,상해없음,이륜,남,23세,사망
2014110700100739,2014년 11월 7일 23시,금요일,경상북도 김천시 지좌동,중상사고,0,2,1,0,차대차 - 측면직각충돌,안전운전불이행,건조,맑음,단일로 - 기타,승용,남,61세,상해없음,승용,남,55세,중상
2014110700100740,2014년 11월 7일 23시,금요일,경상북도 포항시 남구 해도동,경상사고,0,0,1,0,차대차 - 기타,안전운전불이행,건조,맑음,단일로 - 기타,승용,남,45세,상해없음,이륜,남,22세,경상
2014110800100055,2014년 11월 8일 02시,토요일,경상북도 경주시 동천동,부상신고사고,0,0,0,1,차대차 - 추돌 - 주정차중,안전운전불이행,건조,맑음,단일로 - 기타,이륜,남,21세,부상신고,승용,남,49세,상해없음
2014110800100087,2014년 11월 8일 04시,토요일,경상북도 포항시 남구 연일읍,경상사고,0,0,2,0,차대차 - 추돌 - 진행중,안전운전불이행,건조,맑음,단일로 - 기타,화물,남,39세,경상,화물,남,41세,경상
2014110800100104,2014년 11월 8일 05시,토요일,경상북도 포항시 북구 죽도동,경상사고,0,0,1,0,차대차 - 기타,안전거리미확보,건조,맑음,단일로 - 기타,승용,남,24세,경상,승용,남,29세,상해없음
2014110800100119,2014년 11월 8일 06시,토요일,경상북도 경주시 산내면,중상사고,0,2,0,1,차대차 - 기타,안전운전불이행,건조,맑음,단일로 - 기타,화물,남,67세,부상신고,농기계,남,78세,중상