사고번호,사고일시,요일,시군구,사고내용,사망자수,중상자수,경상자수,부상신고자수,사고유형,법규위반,노면상태,기상상태,도로형태,가해운전자 차종,가해운전자 성별,가해운전자 연령,가해운전자 상해정도,피해운전자 차종,피해운전자 성별,피해운전자 연령,피해운전자 상해정도
2014110800100149,2014년 11월 8일 08시,토요일,경상북도 경주시 천북면,중상사고,0,1,0,0,차대차 - 기타,안전운전불이행,건조,맑음,단일로 - 기타,화물,남,40세,상해없음,승용,남,48세,중상
2014110800100150,2014년 11월 8일 08시,토요일,경상북도 포항시 북구 우현동,중상사고,0,1,2,0,차대차 - 추돌 - 주정차중,안전거리미확보,습기,비,단일로 - 기타,승용,남,59세,상해없음,승용,여,57세,중상
2014110800100151,2014년 11월 8일 08시,토요일,경상북도 경산시 옥곡동,중상사고,0,1,0,0,차대차 - 기타,안전운전불이행,건조,맑음,단일로 - 횡단보도상,승용,여,31세,상해없음,자전거,남,84세,중상
2014110800100178,2014년 11월 8일 09시,토요일,경상북도 경산시 대평동,중상사고,0,1,0,0,차대차 - 기타,중앙선침범,건조,맑음,단일로 - 기타,승용,남,23세,상해없음,승용,남,49세,중상
2014110800100199,2014년 11월 8일 10시,토요일,경상북도 청송군 부동면,경상사고,0,0,1,0,차대차 - 기타,중앙선침범,건조,맑음,단일로 - 기타,승용,남,27세,상해없음,승용,남,55세,상해없음
2014110800100200,2014년 11월 8일 10시,토요일,경상북도 구미시 송정동,경상사고,0,0,1,0,차대차 - 측면직각충돌,안전운전불이행,건조,맑음,교차로 - 교차로부근,승용,여,51세,상해없음,자전거,여,55세,경상
2014110800100274,2014년 11월 8일 13시,토요일,경상북도 경주시 강동면,경상사고,0,0,2,2,차대차 - 기타,안전운전불이행,건조,맑음,교차로 - 교차로안,승용,여,42세,부상신고,화물,남,67세,상해없음
2014110800100275,2014년 11월 8일 13시,토요일,경상북도 안동시 태화동,경상사고,0,0,3,0,차대차 - 추돌 - 진행중,안전운전불이행,건조,맑음,교차로 - 교차로안,승용,여,50세,상해없음,승용,여,48세,경상
2014110800100276,2014년 11월 8일 13시,토요일,경상북도 영천시 야사동,중상사고,0,1,0,0,차대차 - 기타,안전운전불이행,건조,흐림,단일로 - 기타,승합,남,43세,상해없음,자전거,남,10세,중상
2014110800100277,2014년 11월 8일 13시,토요일,경상북도 경산시 압량면,경상사고,0,0,1,0,차대사람 - 기타,안전운전불이행,건조,맑음,단일로 - 기타,승용,여,65세,상해없음,보행자,남,7세,경상
2014110800100278,2014년 11월 8일 13시,토요일,경상북도 영덕군 영덕읍,중상사고,0,2,2,0,차대차 - 정면충돌,안전운전불이행,건조,맑음,단일로 - 기타,승합,남,52세,경상,승용,남,42세,중상
2014110800100309,2014년 11월 8일 14시,토요일,경상북도 김천시 농소면,중상사고,0,1,0,0,차대차 - 측면직각충돌,신호위반,건조,맑음,교차로 - 교차로안,승용,남,45세,상해없음,승용,남,33세,중상
2014110800100310,2014년 11월 8일 14시,토요일,경상북도 의성군 의성읍,부상신고사고,0,0,0,1,차량단독 - 공작물충돌,안전운전불이행,건조,흐림,단일로 - 기타,원동기,여,48세,부상신고,,,,
2014110800100411,2014년 11월 8일 17시,토요일,경상북도 경주시 외동읍,경상사고,0,0,2,0,차대차 - 기타,안전운전불이행,습기,비,교차로 - 교차로부근,화물,남,63세,경상,화물,남,44세,경상
2014110800100412,2014년 11월 8일 17시,토요일,경상북도 경주시 현곡면,중상사고,0,1,0,0,차대차 - 기타,신호위반,습기,비,교차로 - 교차로안,승용,남,55세,상해없음,승용,여,53세,중상
2014110800100413,2014년 11월 8일 17시,토요일,경상북도 안동시 남부동,경상사고,0,0,1,0,차대사람 - 기타,안전운전불이행,건조,맑음,단일로 - 기타,승용,여,61세,상해없음,보행자,남,20세,경상
2014110800100414,2014년 11월 8일 17시,토요일,경상북도 청도군 각남면,중상사고,0,1,2,0,차대차 - 기타,안전운전불이행,습기,비,교차로 - 교차로부근,승합,남,48세,상해없음,승용,여,53세,중상
2014110800100415,2014년 11월 8일 17시,토요일,경상북도 청송군 부남면,경상사고,0,0,3,0,차대차 - 기타,중앙선침범,습기,비,단일로 - 기타,승용,남,62세,상해없음,승용,남,44세,경상
2014110800100416,2014년 11월 8일 17시,토요일,경상북도 포항시 남구 대도동,중상사고,0,1,0,0,차대차 - 기타,중앙선침범,건조,맑음,단일로 - 기타,화물,남,49세,상해없음,자전거,남,47세,중상
2014110800100476,2014년 11월 8일 18시,토요일,경상북도 안동시 도산면,사망사고,1,0,0,0,차대사람 - 횡단중,안전운전불이행,건조,맑음,교차로 - 교차로부근,승용,남,52세,상해없음,보행자,여,83세,사망
2014110800100477,2014년 11월 8일 18시,토요일,경상북도 경산시 와촌면,중상사고,0,1,2,0,차대차 - 기타,안전운전불이행,건조,맑음,단일로 - 교량,승용,남,42세,상해없음,승용,남,50세,중상
2014110800100478,2014년 11월 8일 18시,토요일,경상북도 청도군 청도읍,경상사고,0,0,2,0,차대차 - 기타,중앙선침범,습기,비,단일로 - 기타,화물,남,59세,상해없음,승용,여,51세,경상
2014110800100516,2014년 11월 8일 19시,토요일,경상북도 경주시 내남면,사망사고,1,0,0,0,차대사람 - 기타,안전운전불이행,습기,비,단일로 - 기타,승용,남,55세,상해없음,보행자,남,51세,사망
2014110800100550,2014년 11월 8일 20시,토요일,경상북도 포항시 북구 장성동,중상사고,0,1,0,0,차대차 - 기타,안전거리미확보,건조,맑음,단일로 - 기타,승용,남,55세,상해없음,원동기,남,40세,중상
2014110800100551,2014년 11월 8일 20시,토요일,경상북도 포항시 북구 청하면,경상사고,0,0,2,0,차대차 - 기타,중앙선침범,습기,비,단일로 - 기타,승용,남,56세,상해없음,승용,남,43세,경상
2014110800100552,2014년 11월 8일 20시,토요일,경상북도 포항시 북구 여남동,중상사고,0,2,1,0,차대차 - 기타,신호위반,건조,맑음,교차로 - 교차로안,승용,여,45세,중상,승용,여,31세,중상
2014110800100553,2014년 11월 8일 20시,토요일,경상북도 경산시 중방동,중상사고,0,1,0,0,차대사람 - 기타,보행자보호의무위반,건조,맑음,단일로 - 횡단보도상,승용,남,59세,상해없음,보행자,남,47세,중상
2014110800100589,2014년 11월 8일 21시,토요일,경상북도 울릉군 울릉읍,경상사고,0,0,1,0,차대차 - 정면충돌,안전운전불이행,습기,비,단일로 - 기타,승용,남,35세,상해없음,승용,여,46세,경상
2014110800100590,2014년 11월 8일 21시,토요일,경상북도 구미시 원평동,부상신고사고,0,0,0,1,차대차 - 측면직각충돌,신호위반,건조,맑음,교차로 - 교차로안,이륜,남,17세,상해없음,승용,남,50세,상해없음
2014110800100617,2014년 11월 8일 22시,토요일,경상북도 경주시 현곡면,부상신고사고,0,0,0,1,차량단독 - 전도전복,안전운전불이행,건조,흐림,단일로 - 기타,승용,여,28세,부상신고,,,,
2014110800100618,2014년 11월 8일 22시,토요일,경상북도 상주시 만산동,중상사고,0,2,0,0,차대차 - 추돌 - 진행중,과속,건조,맑음,교차로 - 교차로안,화물,남,28세,중상,승용,여,26세,중상
2014110800100619,2014년 11월 8일 22시,토요일,경상북도 청도군 청도읍,중상사고,0,1,0,0,차대사람 - 기타,보행자보호의무위반,습기,흐림,단일로 - 횡단보도상,승용,남,50세,상해없음,보행자,여,64세,중상
2014110800100620,2014년 11월 8일 22시,토요일,경상북도 포항시 남구 대잠동,중상사고,0,1,0,0,차대차 - 기타,신호위반,건조,맑음,교차로 - 교차로안,승용,남,31세,상해없음,이륜,남,17세,중상
2014110900100021,2014년 11월 9일 00시,일요일,경상북도 포항시 남구 해도동,경상사고,0,0,1,0,차대차 - 측면직각충돌,신호위반,건조,맑음,교차로 - 교차로안,승용,남,64세,상해없음,승용,남,60세,경상
2014110900100042,2014년 11월 9일 01시,일요일,경상북도 울진군 후포면,경상사고,0,0,1,0,차대차 - 기타,안전운전불이행,건조,흐림,단일로 - 기타,승용,남,54세,경상,특수,남,54세,기타불명
2014110900100063,2014년 11월 9일 02시,일요일,경상북도 경산시 압량면,중상사고,0,2,1,0,차대차 - 기타,안전운전불이행,건조,맑음,교차로 - 교차로안,화물,남,24세,상해없음,승용,남,47세,중상
2014110900100095,2014년 11월 9일 06시,일요일,경상북도 구미시 진평동,경상사고,0,0,1,0,차대차 - 측면직각충돌,교차로운행방법위반,건조,맑음,교차로 - 교차로안,승용,여,47세,상해없음,승용,여,22세,경상
2014110900100106,2014년 11월 9일 07시,일요일,경상북도 구미시 임수동,중상사고,0,1,0,0,차대차 - 기타,안전운전불이행,건조,맑음,단일로 - 기타,승용,남,55세,상해없음,자전거,남,22세,중상
2014110900100157,2014년 11월 9일 10시,일요일,경상북도 상주시 낙동면,경상사고,0,0,2,0,차대차 - 측면직각충돌,안전운전불이행,건조,맑음,단일로 - 기타,화물,남,34세,상해없음,승용,여,54세,경상
2014110900100174,2014년 11월 9일 11시,일요일,경상북도 포항시 북구 동빈2가,경상사고,0,0,2,0,차대차 - 기타,신호위반,건조,맑음,교차로 - 교차로안,승용,남,53세,경상,원동기,남,75세,경상
2014110900100197,2014년 11월 9일 12시,일요일,경상북도 포항시 북구 죽도동,부상신고사고,0,0,0,1,차대차 - 기타,안전운전불이행,건조,맑음,교차로 - 교차로안,승용,여,29세,상해없음,승용,남,52세,부상신고
2014110900100228,2014년 11월 9일 13시,일요일,경상북도 경주시 외동읍,중상사고,0,1,0,0,차대사람 - 기타,안전운전불이행,건조,맑음,기타 - 기타,승용,남,55세,상해없음,보행자,여,28세,중상
2014110900100229,2014년 11월 9일 13시,일요일,경상북도 경주시 율동,경상사고,0,0,2,1,차대차 - 기타,안전운전불이행,건조,맑음,단일로 - 기타,승용,남,45세,상해없음,승용,남,48세,상해없음
2014110900100230,2014년 11월 9일 13시,일요일,경상북도 칠곡군 북삼읍,경상사고,0,0,2,0,차대차 - 측면직각충돌,교차로운행방법위반,건조,맑음,교차로 - 교차로안,승용,남,57세,상해없음,승용,여,35세,경상
2014110900100265,2014년 11월 9일 14시,일요일,경상북도 상주시 남성동,중상사고,0,1,0,0,차대차 - 기타,안전운전불이행,건조,맑음,단일로 - 기타,승용,남,70세,상해없음,원동기,남,76세,중상
2014110900100266,2014년 11월 9일 14시,일요일,경상북도 예천군 예천읍,중상사고,0,1,1,0,차대차 - 측면직각충돌,안전운전불이행,건조,맑음,교차로 - 교차로안,승용,남,49세,중상,화물,남,59세,경상
2014110900100299,2014년 11월 9일 15시,일요일,경상북도 경주시 동방동,경상사고,0,0,3,0,차대차 - 기타,안전운전불이행,건조,기타,단일로 - 기타,승용,남,29세,상해없음,승용,남,26세,경상
2014110900100300,2014년 11월 9일 15시,일요일,경상북도 영주시 풍기읍,중상사고,0,1,0,0,차대사람 - 기타,안전운전불이행,건조,맑음,기타 - 기타,화물,남,48세,상해없음,보행자,여,59세,중상
2014110900100360,2014년 11월 9일 17시,일요일,경상북도 경주시 배반동,경상사고,0,0,1,0,차량단독 - 전도전복,안전운전불이행,건조,맑음,단일로 - 기타,원동기,남,20세,경상,,,,
2014110900100361,2014년 11월 9일 17시,일요일,경상북도 포항시 북구 용흥동,중상사고,0,1,0,0,차량단독 - 공작물충돌,안전운전불이행,건조,맑음,단일로 - 기타,승용,남,53세,중상,,,,
2014110900100362,2014년 11월 9일 17시,일요일,경상북도 경산시 대평동,경상사고,0,0,1,0,차대차 - 측면직각충돌,불법유턴,건조,맑음,교차로 - 교차로안,원동기,남,63세,경상,승용,남,47세,상해없음
2014110900100363,2014년 11월 9일 17시,일요일,경상북도 경산시 계양동,경상사고,0,0,1,0,차대사람 - 기타,보행자보호의무위반,건조,맑음,교차로 - 교차로안,화물,남,57세,상해없음,보행자,남,61세,경상
2014110900100364,2014년 11월 9일 17시,일요일,경상북도 영덕군 강구면,중상사고,0,1,0,0,차대사람 - 횡단중,안전운전불이행,건조,맑음,단일로 - 기타,화물,여,66세,상해없음,보행자,남,49세,중상
2014110900100404,2014년 11월 9일 18시,일요일,경상북도 경주시 구정동,중상사고,0,1,1,0,차대차 - 기타,안전운전불이행,건조,맑음,교차로 - 교차로부근,승용,여,34세,상해없음,승용,남,27세,경상
2014110900100405,2014년 11월 9일 18시,일요일,경상북도 경주시 신평동,중상사고,0,1,1,0,차대사람 - 횡단중,보행자보호의무위반,건조,맑음,단일로 - 기타,승용,남,33세,상해없음,보행자,여,57세,중상
2014110900100406,2014년 11월 9일 18시,일요일,경상북도 경주시 용강동,경상사고,0,0,1,0,차대차 - 기타,안전거리미확보,건조,맑음,단일로 - 기타,승용,남,43세,상해없음,승용,남,65세,상해없음
2014110900100407,2014년 11월 9일 18시,일요일,경상북도 울진군 평해읍,경상사고,0,0,1,0,차대차 - 추돌 - 주정차중,안전운전불이행,건조,맑음,단일로 - 기타,승용,남,50세,상해없음,승용,남,43세,경상
2014110900100408,2014년 11월 9일 18시,일요일,경상북도 칠곡군 가산면,중상사고,0,1,2,0,차대차 - 추돌 - 진행중,안전운전불이행,건조,맑음,단일로 - 기타,승용,여,54세,상해없음,화물,남,54세,경상
2014110900100451,2014년 11월 9일 19시,일요일,경상북도 구미시 임수동,부상신고사고,0,0,0,1,차대차 - 기타,안전운전불이행,기타,기타,기타 - 기타,이륜,남,31세,부상신고,화물,남,50세,상해없음
2014110900100452,2014년 11월 9일 19시,일요일,경상북도 포항시 남구 대도동,경상사고,0,0,1,0,차대차 - 추돌 - 진행중,안전운전불이행,건조,맑음,단일로 - 기타,이륜,남,52세,경상,승용,남,58세,상해없음
2014110900100485,2014년 11월 9일 20시,일요일,경상북도 포항시 북구 죽도동,중상사고,0,1,0,0,차대차 - 기타,차로위반,건조,흐림,단일로 - 기타,승용,남,59세,상해없음,원동기,남,17세,중상
2014110900100486,2014년 11월 9일 20시,일요일,경상북도 구미시 송정동,중상사고,0,2,0,1,차대차 - 기타,교차로운행방법위반,건조,맑음,교차로 - 교차로안,승용,여,44세,부상신고,승용,여,41세,중상
2014110900100487,2014년 11월 9일 20시,일요일,경상북도 구미시 신평동,경상사고,0,0,1,0,차대사람 - 기타,안전운전불이행,건조,맑음,단일로 - 기타,승용,남,21세,상해없음,보행자,남,28세,경상
2014110900100488,2014년 11월 9일 20시,일요일,경상북도 구미시 선산읍,중상사고,0,1,3,0,차대차 - 추돌 - 진행중,안전운전불이행,건조,맑음,단일로 - 기타,승용,남,31세,경상,승용,여,37세,상해없음
2014110900100531,2014년 11월 9일 22시,일요일,경상북도 경주시 성동동,중상사고,0,1,1,0,차대차 - 기타,신호위반,건조,맑음,교차로 - 교차로안,승용,남,66세,상해없음,승용,남,63세,중상
2014110900100532,2014년 11월 9일 22시,일요일,경상북도 성주군 성주읍,경상사고,0,0,4,0,차대차 - 기타,직진우회전진행방해,건조,맑음,교차로 - 교차로안,화물,남,61세,상해없음,승용,여,34세,경상
2014110900100533,2014년 11월 9일 22시,일요일,경상북도 구미시 옥계동,경상사고,0,0,1,0,차대차 - 기타,안전운전불이행,건조,맑음,단일로 - 터널,기타불명,기타불명,기타불명,기타불명,자전거,남,15세,경상
2014110900100552,2014년 11월 9일 23시,일요일,경상북도 상주시 헌신동,사망사고,1,0,0,0,차대차 - 추돌 - 진행중,안전운전불이행,건조,맑음,단일로 - 기타,승용,남,31세,상해없음,화물,남,45세,상해없음
2014111000100022,2014년 11월 10일 02시,월요일,경상북도 경산시 대동,중상사고,0,2,0,0,차대사람 - 기타,안전운전불이행,건조,맑음,단일로 - 기타,승용,남,32세,상해없음,보행자,남,24세,중상
2014111000100036,2014년 11월 10일 05시,월요일,경상북도 영주시 가흥동,경상사고,0,0,1,0,차대차 - 측면직각충돌,안전운전불이행,건조,맑음,교차로 - 교차로안,승용,남,66세,상해없음,승용,여,44세,경상
2014111000100037,2014년 11월 10일 05시,월요일,경상북도 문경시 모전동,경상사고,0,0,1,0,차대사람 - 기타,안전운전불이행,건조,맑음,단일로 - 기타,기타불명,기타불명,기타불명,기타불명,보행자,여,50세,경상
2014111000100038,2014년 11월 10일 05시,월요일,경상북도 상주시 낙동면,사망사고,2,0,0,0,차량단독 - 도로외이탈 - 추락,안전운전불이행,건조,맑음,단일로 - 기타,승용,남,32세,사망,,,,
2014111000100123,2014년 11월 10일 08시,월요일,경상북도 경주시 강동면,중상사고,0,1,0,0,차대차 - 기타,신호위반,건조,맑음,교차로 - 교차로안,승용,기타불명,기타불명,기타불명,승용,남,40세,중상
2014111000100124,2014년 11월 10일 08시,월요일,경상북도 경주시 황성동,경상사고,0,0,1,0,차대차 - 기타,안전운전불이행,건조,맑음,교차로 - 교차로안,승용,남,29세,상해없음,자전거,남,14세,경상
2014111000100125,2014년 11월 10일 08시,월요일,경상북도 안동시 남문동,경상사고,0,0,2,0,차대차 - 기타,직진우회전진행방해,건조,맑음,교차로 - 교차로안,승용,남,50세,상해없음,승용,여,36세,경상
2014111000100126,2014년 11월 10일 08시,월요일,경상북도 울릉군 서면,경상사고,0,0,3,0,차대차 - 측면직각충돌,중앙선침범,건조,맑음,단일로 - 기타,승용,남,40세,경상,승합,남,39세,경상
2014111000100127,2014년 11월 10일 08시,월요일,경상북도 구미시 오태동,경상사고,0,0,1,0,차대차 - 측면직각충돌,안전운전불이행,건조,맑음,단일로 - 기타,승합,여,40세,상해없음,승용,여,43세,경상
2014111000100156,2014년 11월 10일 09시,월요일,경상북도 경산시 옥산동,중상사고,0,1,0,0,차대사람 - 기타,안전운전불이행,건조,맑음,단일로 - 기타,화물,남,38세,상해없음,보행자,여,57세,중상
2014111000100157,2014년 11월 10일 09시,월요일,경상북도 성주군 용암면,경상사고,0,0,1,0,차대차 - 기타,직진우회전진행방해,건조,맑음,기타 - 기타,화물,남,64세,상해없음,승용,남,27세,경상
2014111000100188,2014년 11월 10일 10시,월요일,경상북도 포항시 북구 장성동,경상사고,0,0,2,0,차대차 - 기타,안전운전불이행,건조,맑음,교차로 - 교차로안,승용,여,43세,경상,승용,남,33세,경상
2014111000100189,2014년 11월 10일 10시,월요일,경상북도 경산시 하양읍,경상사고,0,0,1,0,차대차 - 기타,안전운전불이행,건조,맑음,교차로 - 교차로안,화물,남,50세,상해없음,승용,남,63세,경상
2014111000100190,2014년 11월 10일 10시,월요일,경상북도 성주군 성주읍,경상사고,0,0,3,0,차대차 - 측면직각충돌,직진우회전진행방해,건조,맑음,교차로 - 교차로안,화물,남,49세,경상,승용,남,50세,경상
2014111000100191,2014년 11월 10일 10시,월요일,경상북도 구미시 원평동,중상사고,0,1,0,0,차대차 - 기타,안전운전불이행,건조,맑음,교차로 - 교차로부근,승용,남,66세,상해없음,자전거,남,67세,중상
2014111000100217,2014년 11월 10일 11시,월요일,경상북도 경산시 백천동,사망사고,1,0,0,0,차대차 - 기타,차로위반,건조,맑음,교차로 - 교차로부근,이륜,남,68세,사망,화물,남,51세,상해없음
2014111000100218,2014년 11월 10일 11시,월요일,경상북도 성주군 선남면,경상사고,0,0,1,0,차대차 - 기타,차로위반,건조,맑음,기타 - 기타,이륜,여,71세,경상,승용,남,38세,상해없음
2014111000100252,2014년 11월 10일 12시,월요일,경상북도 경주시 감포읍,중상사고,0,1,0,0,차대사람 - 기타,안전운전불이행,건조,맑음,단일로 - 기타,승용,남,58세,상해없음,보행자,여,79세,중상
2014111000100253,2014년 11월 10일 12시,월요일,경상북도 영천시 북안면,중상사고,0,1,0,0,차대차 - 측면직각충돌,교차로운행방법위반,건조,맑음,교차로 - 교차로안,원동기,남,52세,중상,승용,남,64세,상해없음
2014111000100254,2014년 11월 10일 12시,월요일,경상북도 구미시 선산읍,중상사고,0,1,0,0,차대사람 - 기타,교차로운행방법위반,건조,맑음,교차로 - 교차로안,승용,여,31세,상해없음,보행자,여,83세,중상
2014111000100284,2014년 11월 10일 13시,월요일,경상북도 청도군 매전면,중상사고,0,1,0,0,차대차 - 기타,불법유턴,건조,맑음,단일로 - 기타,화물,남,51세,상해없음,화물,남,48세,중상
2014111000100315,2014년 11월 10일 14시,월요일,경상북도 안동시 옥동,중상사고,0,3,3,0,차대차 - 측면직각충돌,교차로운행방법위반,건조,맑음,교차로 - 교차로안,승용,여,55세,상해없음,승용,남,49세,중상
2014111000100316,2014년 11월 10일 14시,월요일,경상북도 청도군 청도읍,경상사고,0,0,1,0,차대차 - 기타,안전운전불이행,건조,맑음,교차로 - 교차로부근,원동기,남,77세,경상,승용,남,28세,상해없음
2014111000100355,2014년 11월 10일 15시,월요일,경상북도 경주시 인왕동,중상사고,0,1,0,0,차대차 - 기타,신호위반,건조,맑음,교차로 - 교차로안,승용,여,60세,상해없음,이륜,남,29세,중상
2014111000100395,2014년 11월 10일 16시,월요일,경상북도 안동시 신안동,중상사고,0,1,0,0,차대차 - 측면직각충돌,직진우회전진행방해,건조,맑음,교차로 - 교차로안,자전거,남,89세,중상,승용,여,24세,상해없음
2014111000100396,2014년 11월 10일 16시,월요일,경상북도 상주시 함창읍,중상사고,0,1,1,0,차대차 - 측면직각충돌,교차로운행방법위반,건조,맑음,교차로 - 교차로안,승용,남,62세,상해없음,승용,남,70세,중상
2014111000100397,2014년 11월 10일 16시,월요일,경상북도 영천시 금노동,경상사고,0,0,1,0,차대차 - 기타,차로위반,건조,맑음,단일로 - 기타,화물,남,67세,상해없음,승합,남,59세,경상
2014111000100398,2014년 11월 10일 16시,월요일,경상북도 경산시 진량읍,경상사고,0,0,1,0,차대차 - 기타,안전운전불이행,건조,맑음,교차로 - 교차로안,승합,남,55세,상해없음,화물,남,49세,경상
2014111000100440,2014년 11월 10일 17시,월요일,경상북도 예천군 풍양면,중상사고,0,2,0,0,차대차 - 정면충돌,중앙선침범,건조,맑음,단일로 - 기타,승용,남,61세,상해없음,농기계,남,63세,상해없음
2014111000100505,2014년 11월 10일 18시,월요일,경상북도 경주시 안강읍,경상사고,0,0,1,0,차대사람 - 기타,안전운전불이행,건조,맑음,단일로 - 기타,승용,여,52세,상해없음,보행자,여,37세,경상
2014111000100506,2014년 11월 10일 18시,월요일,경상북도 안동시 옥동,중상사고,0,1,0,0,차대사람 - 차도통행중,안전운전불이행,건조,맑음,단일로 - 기타,승용,남,41세,상해없음,보행자,남,18세,중상
2014111000100507,2014년 11월 10일 18시,월요일,경상북도 김천시 부곡동,중상사고,0,1,0,0,차대차 - 측면직각충돌,안전운전불이행,건조,맑음,교차로 - 교차로안,화물,남,72세,상해없음,이륜,남,19세,중상
2014111000100508,2014년 11월 10일 18시,월요일,경상북도 의성군 구천면,사망사고,1,0,0,0,차대차 - 추돌 - 진행중,안전운전불이행,건조,맑음,단일로 - 기타,승용,남,47세,상해없음,농기계,남,47세,사망
2014111000100509,2014년 11월 10일 18시,월요일,경상북도 의성군 비안면,부상신고사고,0,0,0,1,차대차 - 정면충돌,안전운전불이행,건조,맑음,단일로 - 기타,농기계,남,54세,부상신고,화물,남,59세,상해없음
2014111000100510,2014년 11월 10일 18시,월요일,경상북도 칠곡군 왜관읍,경상사고,0,0,1,0,차대차 - 추돌 - 진행중,안전운전불이행,건조,맑음,교차로 - 교차로부근,승용,여,25세,상해없음,승용,여,37세,경상
2014111000100511,2014년 11월 10일 18시,월요일,경상북도 경산시 계양동,경상사고,0,0,1,0,차대사람 - 기타,안전운전불이행,건조,맑음,단일로 - 기타,승용,여,44세,상해없음,보행자,남,43세,경상
2014111000100512,2014년 11월 10일 18시,월요일,경상북도 성주군 성주읍,경상사고,0,0,1,0,차대차 - 기타,안전운전불이행,건조,맑음,기타 - 기타,승용,남,36세,상해없음,자전거,남,54세,경상
2014111000100513,2014년 11월 10일 18시,월요일,경상북도 포항시 남구 동해면,사망사고,1,1,0,0,차대차 - 추돌 - 진행중,안전운전불이행,건조,맑음,단일로 - 기타,승용,남,42세,상해없음,농기계,남,77세,사망
2014111000100546,2014년 11월 10일 19시,월요일,경상북도 경주시 성건동,중상사고,0,1,0,0,차대차 - 기타,안전운전불이행,건조,맑음,교차로 - 교차로안,승용,여,42세,상해없음,원동기,남,18세,중상
2014111000100547,2014년 11월 10일 19시,월요일,경상북도 상주시 화서면,경상사고,0,0,2,0,차량단독 - 공작물충돌,안전운전불이행,건조,기타,단일로 - 기타,화물,남,24세,경상,,,,
2014111000100548,2014년 11월 10일 19시,월요일,경상북도 구미시 옥계동,경상사고,0,0,2,0,차대차 - 기타,신호위반,건조,맑음,교차로 - 교차로안,승합,남,47세,상해없음,승용,남,25세,경상
2014111000100549,2014년 11월 10일 19시,월요일,경상북도 구미시 도량동,중상사고,0,1,0,0,차대사람 - 기타,안전운전불이행,건조,맑음,단일로 - 기타,승용,남,42세,상해없음,보행자,여,20세,중상
2014111000100588,2014년 11월 10일 20시,월요일,경상북도 경주시 동천동,경상사고,0,0,5,1,차대차 - 정면충돌,중앙선침범,건조,맑음,단일로 - 기타,승용,여,40세,부상신고,승용,남,36세,경상
2014111000100589,2014년 11월 10일 20시,월요일,경상북도 경주시 강동면,중상사고,0,1,1,0,차대차 - 기타,안전운전불이행,건조,맑음,단일로 - 기타,승용,여,53세,기타불명,승합,여,65세,중상
2014111000100590,2014년 11월 10일 20시,월요일,경상북도 김천시 덕곡동,중상사고,0,1,0,0,차대사람 - 기타,안전운전불이행,건조,맑음,단일로 - 기타,승용,여,60세,상해없음,보행자,남,53세,중상
2014111000100591,2014년 11월 10일 20시,월요일,경상북도 경산시 진량읍,경상사고,0,0,3,0,차대차 - 기타,안전거리미확보,건조,맑음,단일로 - 기타,승용,남,31세,경상,승용,남,27세,경상
2014111000100592,2014년 11월 10일 20시,월요일,경상북도 포항시 남구 장흥동,사망사고,1,0,0,0,차대차 - 측면직각충돌,신호위반,건조,맑음,교차로 - 교차로안,이륜,남,50세,사망,승용,남,39세,상해없음
2014111000100617,2014년 11월 10일 21시,월요일,경상북도 칠곡군 지천면,중상사고,0,1,0,0,차대사람 - 기타,안전운전불이행,건조,맑음,기타 - 기타,화물,남,32세,상해없음,보행자,남,30세,중상
2014111000100618,2014년 11월 10일 21시,월요일,경상북도 문경시 모전동,경상사고,0,0,1,0,차대차 - 추돌 - 주정차중,안전운전불이행,건조,맑음,교차로 - 교차로부근,승용,남,26세,상해없음,자전거,남,59세,경상
2014111000100619,2014년 11월 10일 21시,월요일,경상북도 구미시 구평동,경상사고,0,0,3,0,차대차 - 정면충돌,교차로운행방법위반,건조,맑음,교차로 - 교차로안,승용,여,37세,기타불명,승합,남,40세,경상
2014111000100648,2014년 11월 10일 22시,월요일,경상북도 의성군 단밀면,중상사고,0,1,0,0,차대차 - 추돌 - 진행중,안전운전불이행,건조,맑음,단일로 - 기타,승용,남,32세,중상,화물,남,46세,상해없음
2014111100100063,2014년 11월 11일 05시,화요일,경상북도 영주시 휴천동,중상사고,0,1,0,0,차대차 - 측면직각충돌,안전운전불이행,건조,맑음,교차로 - 교차로안,승용,여,38세,상해없음,화물,남,51세,중상
2014111100100077,2014년 11월 11일 06시,화요일,경상북도 안동시 남선면,중상사고,0,1,0,0,차대사람 - 기타,안전운전불이행,습기,안개,단일로 - 기타,승용,여,53세,상해없음,보행자,여,71세,중상
2014111100100099,2014년 11월 11일 07시,화요일,경상북도 구미시 구평동,경상사고,0,0,1,0,차대사람 - 기타,안전운전불이행,건조,맑음,단일로 - 기타,승용,남,35세,상해없음,보행자,남,24세,경상
2014111100100140,2014년 11월 11일 08시,화요일,경상북도 구미시 지산동,경상사고,0,0,1,0,차대차 - 기타,안전운전불이행,건조,맑음,교차로 - 교차로부근,승용,여,61세,상해없음,승용,여,48세,경상