사고번호,사고일시,요일,시군구,사고내용,사망자수,중상자수,경상자수,부상신고자수,사고유형,법규위반,노면상태,기상상태,도로형태,가해운전자 차종,가해운전자 성별,가해운전자 연령,가해운전자 상해정도,피해운전자 차종,피해운전자 성별,피해운전자 연령,피해운전자 상해정도
2014111700100177,2014년 11월 17일 09시,월요일,경상북도 포항시 남구 오천읍,경상사고,0,0,1,0,차대차 - 기타,직진우회전진행방해,건조,맑음,교차로 - 교차로안,승용,남,42세,상해없음,이륜,여,20세,경상
2014111700100216,2014년 11월 17일 10시,월요일,경상북도 포항시 남구 오천읍,경상사고,0,0,2,0,차대차 - 추돌 - 진행중,신호위반,건조,맑음,교차로 - 교차로안,승용,남,57세,경상,승용,남,62세,경상
2014111700100242,2014년 11월 17일 11시,월요일,경상북도 포항시 북구 죽도동,경상사고,0,0,1,1,차대차 - 기타,안전운전불이행,건조,맑음,단일로 - 기타,승용,남,63세,상해없음,승용,남,51세,부상신고
2014111700100243,2014년 11월 17일 11시,월요일,경상북도 안동시 길안면,경상사고,0,0,1,0,차대사람 - 기타,안전운전불이행,건조,맑음,단일로 - 기타,승용,여,43세,상해없음,보행자,여,83세,경상
2014111700100274,2014년 11월 17일 12시,월요일,경상북도 안동시 옥야동,경상사고,0,0,1,0,차대사람 - 기타,안전운전불이행,건조,맑음,단일로 - 기타,승용,여,45세,상해없음,보행자,남,64세,경상
2014111700100275,2014년 11월 17일 12시,월요일,경상북도 안동시 풍산읍,경상사고,0,0,1,0,차대차 - 기타,신호위반,건조,맑음,교차로 - 교차로안,승용,남,54세,상해없음,승용,남,42세,경상
2014111700100276,2014년 11월 17일 12시,월요일,경상북도 영천시 작산동,경상사고,0,0,2,0,차대차 - 기타,안전운전불이행,건조,맑음,단일로 - 기타,승용,남,66세,상해없음,화물,남,51세,경상
2014111700100303,2014년 11월 17일 13시,월요일,경상북도 경주시 외동읍,경상사고,0,0,2,0,차대차 - 기타,안전운전불이행,건조,맑음,단일로 - 기타,화물,남,56세,상해없음,승용,여,52세,경상
2014111700100304,2014년 11월 17일 13시,월요일,경상북도 안동시 남문동,경상사고,0,0,1,0,차대차 - 기타,안전운전불이행,건조,맑음,단일로 - 기타,화물,남,42세,상해없음,농기계,남,73세,경상
2014111700100305,2014년 11월 17일 13시,월요일,경상북도 포항시 남구 오천읍,경상사고,0,0,1,0,차대사람 - 보도통행중,중앙선침범,건조,맑음,교차로 - 교차로부근,화물,여,34세,상해없음,보행자,여,48세,경상
2014111700100332,2014년 11월 17일 14시,월요일,경상북도 경주시 양남면,경상사고,0,0,6,0,차대차 - 기타,안전운전불이행,건조,맑음,교차로 - 교차로안,승용,여,53세,경상,화물,남,45세,경상
2014111700100333,2014년 11월 17일 14시,월요일,경상북도 청송군 부동면,부상신고사고,0,0,0,1,차량단독 - 전도전복,안전운전불이행,건조,맑음,단일로 - 기타,이륜,남,70세,부상신고,,,,
2014111700100334,2014년 11월 17일 14시,월요일,경상북도 포항시 남구 오천읍,중상사고,0,2,0,0,차대차 - 측면직각충돌,안전운전불이행,건조,맑음,단일로 - 기타,건설기계,남,52세,상해없음,승용,여,53세,중상
2014111700100369,2014년 11월 17일 15시,월요일,경상북도 경산시 대평동,경상사고,0,0,1,0,차대차 - 측면직각충돌,안전거리미확보,건조,맑음,단일로 - 기타,화물,남,69세,상해없음,승용,여,35세,경상
2014111700100370,2014년 11월 17일 15시,월요일,경상북도 영덕군 영해면,중상사고,0,1,0,0,차대차 - 측면직각충돌,교차로운행방법위반,건조,맑음,교차로 - 교차로안,승용,남,55세,상해없음,이륜,남,64세,중상
2014111700100371,2014년 11월 17일 15시,월요일,경상북도 포항시 남구 대잠동,중상사고,0,1,0,0,차대차 - 측면직각충돌,불법유턴,건조,맑음,기타 - 기타,승용,여,34세,상해없음,승용,여,59세,중상
2014111700100401,2014년 11월 17일 16시,월요일,경상북도 경산시 중방동,경상사고,0,0,1,0,차대차 - 기타,신호위반,건조,맑음,교차로 - 교차로안,승용,여,42세,상해없음,승용,여,33세,경상
2014111700100402,2014년 11월 17일 16시,월요일,경상북도 포항시 남구 이동,경상사고,0,0,2,0,차대차 - 추돌 - 주정차중,안전운전불이행,건조,맑음,교차로 - 교차로부근,승용,남,22세,상해없음,화물,남,43세,경상
2014111700100403,2014년 11월 17일 16시,월요일,경상북도 포항시 남구 대도동,중상사고,0,1,0,0,차대차 - 측면직각충돌,안전운전불이행,건조,맑음,단일로 - 기타,승용,남,74세,상해없음,승용,남,24세,중상
2014111700100426,2014년 11월 17일 17시,월요일,경상북도 경주시 성건동,중상사고,0,1,0,0,차대사람 - 기타,안전운전불이행,건조,맑음,단일로 - 기타,승용,남,40세,상해없음,보행자,여,50세,중상
2014111700100427,2014년 11월 17일 17시,월요일,경상북도 포항시 북구 죽도동,경상사고,0,0,2,0,차대차 - 기타,안전운전불이행,건조,맑음,교차로 - 교차로안,승용,여,59세,경상,승용,여,49세,경상
2014111700100428,2014년 11월 17일 17시,월요일,경상북도 안동시 안막동,경상사고,0,0,1,0,차대사람 - 기타,안전운전불이행,건조,맑음,단일로 - 기타,승용,여,45세,상해없음,보행자,여,69세,경상
2014111700100429,2014년 11월 17일 17시,월요일,경상북도 영주시 조와동,중상사고,0,1,1,0,차대사람 - 차도통행중,안전운전불이행,건조,맑음,교차로 - 교차로안,화물,남,56세,상해없음,보행자,남,17세,경상
2014111700100489,2014년 11월 17일 18시,월요일,경상북도 안동시 송현동,경상사고,0,0,1,0,차대사람 - 기타,안전운전불이행,건조,맑음,기타 - 기타,승용,여,24세,상해없음,보행자,남,55세,경상
2014111700100490,2014년 11월 17일 18시,월요일,경상북도 안동시 일직면,중상사고,0,1,0,0,차대차 - 기타,안전운전불이행,건조,맑음,단일로 - 기타,승용,남,67세,상해없음,자전거,남,76세,중상
2014111700100491,2014년 11월 17일 18시,월요일,경상북도 안동시 광석동,중상사고,0,1,0,0,차대사람 - 기타,보행자보호의무위반,건조,맑음,교차로 - 교차로부근,승용,남,50세,상해없음,보행자,여,75세,중상
2014111700100492,2014년 11월 17일 18시,월요일,경상북도 상주시 모동면,경상사고,0,0,1,0,차대차 - 추돌 - 진행중,안전운전불이행,건조,맑음,단일로 - 기타,승용,여,42세,상해없음,승용,남,56세,경상
2014111700100493,2014년 11월 17일 18시,월요일,경상북도 의성군 단북면,중상사고,0,2,0,0,차대차 - 정면충돌,중앙선침범,건조,맑음,단일로 - 기타,화물,남,49세,중상,승용,남,43세,중상
2014111700100495,2014년 11월 17일 18시,월요일,경상북도 청도군 청도읍,경상사고,0,0,2,0,차대차 - 기타,중앙선침범,건조,맑음,단일로 - 기타,승용,남,39세,경상,화물,남,65세,경상
2014111700100496,2014년 11월 17일 18시,월요일,경상북도 고령군 쌍림면,경상사고,0,0,2,0,차대차 - 측면직각충돌,중앙선침범,건조,맑음,단일로 - 기타,승용,남,54세,상해없음,승용,여,39세,경상
2014111700100497,2014년 11월 17일 18시,월요일,경상북도 칠곡군 가산면,중상사고,0,2,1,0,차대차 - 측면직각충돌,안전운전불이행,건조,맑음,단일로 - 기타,승용,남,19세,경상,화물,남,43세,상해없음
2014111700100498,2014년 11월 17일 18시,월요일,경상북도 칠곡군 가산면,중상사고,0,1,2,0,차대차 - 측면직각충돌,안전운전불이행,건조,맑음,단일로 - 기타,승용,남,22세,경상,승용,남,19세,경상
2014111700100543,2014년 11월 17일 19시,월요일,경상북도 경주시 충효동,사망사고,1,0,0,0,차대사람 - 기타,안전운전불이행,건조,맑음,단일로 - 기타,승용,남,38세,상해없음,보행자,여,71세,사망
2014111700100544,2014년 11월 17일 19시,월요일,경상북도 포항시 북구 두호동,중상사고,0,1,0,0,차대사람 - 기타,안전운전불이행,건조,맑음,단일로 - 기타,승용,여,45세,상해없음,보행자,남,56세,중상
2014111700100576,2014년 11월 17일 20시,월요일,경상북도 경주시 북부동,중상사고,0,1,0,0,차대차 - 기타,안전운전불이행,건조,기타,단일로 - 기타,원동기,남,34세,중상,승용,남,31세,상해없음
2014111700100612,2014년 11월 17일 21시,월요일,경상북도 경산시 계양동,경상사고,0,0,3,0,차대차 - 기타,안전운전불이행,건조,맑음,단일로 - 기타,승용,남,42세,기타불명,승용,남,31세,경상
2014111700100613,2014년 11월 17일 21시,월요일,경상북도 포항시 남구 송내동,중상사고,0,1,3,0,차대차 - 추돌 - 진행중,안전운전불이행,건조,맑음,교차로 - 교차로부근,승용,여,42세,상해없음,승용,여,25세,경상
2014111700100652,2014년 11월 17일 22시,월요일,경상북도 포항시 북구 두호동,중상사고,0,1,0,0,차대차 - 기타,교차로운행방법위반,건조,맑음,교차로 - 교차로안,승용,남,36세,상해없음,자전거,남,16세,중상
2014111700100653,2014년 11월 17일 22시,월요일,경상북도 경산시 대동,경상사고,0,0,3,0,차대차 - 기타,중앙선침범,건조,맑음,교차로 - 교차로부근,승용,남,28세,상해없음,승용,남,46세,경상
2014111700100654,2014년 11월 17일 22시,월요일,경상북도 구미시 옥성면,중상사고,0,1,0,1,차량단독 - 전도전복,안전운전불이행,기타,기타,기타 - 기타,이륜,남,18세,부상신고,,,,
2014111700100672,2014년 11월 17일 23시,월요일,경상북도 경주시 성건동,경상사고,0,0,2,1,차대차 - 기타,안전운전불이행,건조,맑음,단일로 - 기타,승용,남,20세,부상신고,승용,남,52세,경상
2014111700100673,2014년 11월 17일 23시,월요일,경상북도 안동시 정상동,경상사고,0,0,1,0,차대차 - 기타,안전운전불이행,건조,맑음,단일로 - 기타,승용,남,42세,상해없음,승용,남,41세,경상
2014111700100674,2014년 11월 17일 23시,월요일,경상북도 안동시 광석동,중상사고,0,2,0,0,차대차 - 기타,중앙선침범,건조,맑음,기타 - 기타,승용,남,24세,상해없음,승용,남,26세,중상
2014111800100009,2014년 11월 18일 00시,화요일,경상북도 포항시 북구 두호동,경상사고,0,0,4,0,차대차 - 기타,안전운전불이행,건조,맑음,단일로 - 기타,승용,남,41세,상해없음,승용,남,19세,경상
2014111800100010,2014년 11월 18일 00시,화요일,경상북도 안동시 옥동,중상사고,0,2,1,0,차대차 - 기타,안전운전불이행,건조,맑음,단일로 - 기타,이륜,남,16세,중상,승용,남,48세,경상
2014111800100011,2014년 11월 18일 00시,화요일,경상북도 경산시 하양읍,중상사고,0,1,0,0,차량단독 - 공작물충돌,안전운전불이행,건조,맑음,단일로 - 기타,승용,남,46세,기타불명,,,,
2014111800100075,2014년 11월 18일 06시,화요일,경상북도 경주시 건천읍,사망사고,1,0,1,0,차대차 - 측면직각충돌,안전운전불이행,건조,맑음,단일로 - 기타,화물,남,53세,상해없음,화물,남,59세,경상
2014111800100097,2014년 11월 18일 07시,화요일,경상북도 청도군 청도읍,중상사고,0,1,0,0,차대차 - 기타,안전운전불이행,건조,맑음,단일로 - 기타,승용,남,37세,상해없음,자전거,남,70세,중상
2014111800100136,2014년 11월 18일 08시,화요일,경상북도 경주시 외동읍,중상사고,0,2,0,0,차대차 - 기타,안전운전불이행,건조,맑음,교차로 - 교차로안,화물,남,39세,상해없음,승용,여,47세,중상
2014111800100137,2014년 11월 18일 08시,화요일,경상북도 경주시 황성동,경상사고,0,0,1,0,차대사람 - 기타,안전운전불이행,건조,맑음,단일로 - 기타,승용,남,39세,상해없음,보행자,여,41세,경상
2014111800100138,2014년 11월 18일 08시,화요일,경상북도 경주시 동천동,부상신고사고,0,0,0,1,차대차 - 기타,안전운전불이행,건조,맑음,교차로 - 교차로안,승용,여,61세,부상신고,건설기계,남,32세,상해없음
2014111800100139,2014년 11월 18일 08시,화요일,경상북도 상주시 서문동,중상사고,0,2,0,0,차대차 - 기타,신호위반,건조,맑음,교차로 - 교차로안,승용,여,44세,상해없음,승용,남,46세,중상
2014111800100140,2014년 11월 18일 08시,화요일,경상북도 상주시 신봉동,중상사고,0,1,0,0,차대차 - 기타,차로위반,건조,맑음,단일로 - 기타,승용,여,56세,상해없음,화물,남,48세,중상
2014111800100141,2014년 11월 18일 08시,화요일,경상북도 영주시 가흥동,경상사고,0,0,2,0,차대차 - 측면직각충돌,안전운전불이행,건조,맑음,교차로 - 교차로안,승용,남,50세,상해없음,승용,여,46세,경상
2014111800100142,2014년 11월 18일 08시,화요일,경상북도 청도군 화양읍,경상사고,0,0,1,0,차대차 - 기타,안전운전불이행,건조,맑음,기타 - 기타,승용,남,63세,상해없음,승용,여,29세,경상
2014111800100143,2014년 11월 18일 08시,화요일,경상북도 청도군 각북면,부상신고사고,0,0,0,1,차대차 - 기타,안전운전불이행,건조,맑음,기타 - 기타,승용,남,70세,부상신고,승용,남,51세,상해없음
2014111800100144,2014년 11월 18일 08시,화요일,경상북도 구미시 진평동,경상사고,0,0,1,0,차대차 - 기타,교차로운행방법위반,건조,맑음,단일로 - 기타,승용,남,30세,상해없음,승용,남,29세,경상
2014111800100176,2014년 11월 18일 09시,화요일,경상북도 영주시 휴천동,경상사고,0,0,2,0,차대차 - 측면직각충돌,안전운전불이행,건조,맑음,단일로 - 기타,화물,남,70세,경상,승용,남,72세,상해없음
2014111800100204,2014년 11월 18일 10시,화요일,경상북도 영천시 화룡동,중상사고,0,1,0,0,차대차 - 기타,안전운전불이행,건조,맑음,단일로 - 기타,승용,남,81세,상해없음,자전거,남,77세,중상
2014111800100205,2014년 11월 18일 10시,화요일,경상북도 영덕군 강구면,경상사고,0,0,2,0,차대차 - 추돌 - 주정차중,안전운전불이행,건조,맑음,교차로 - 교차로부근,화물,남,56세,상해없음,승용,남,56세,경상
2014111800100225,2014년 11월 18일 11시,화요일,경상북도 구미시 옥계동,경상사고,0,0,2,0,차대차 - 기타,안전거리미확보,건조,맑음,단일로 - 기타,승용,남,34세,상해없음,승용,남,47세,경상
2014111800100226,2014년 11월 18일 11시,화요일,경상북도 경주시 강동면,중상사고,0,1,1,0,차대차 - 추돌 - 진행중,안전운전불이행,건조,맑음,단일로 - 기타,승용,남,42세,경상,승용,남,37세,중상
2014111800100258,2014년 11월 18일 12시,화요일,경상북도 경주시 현곡면,경상사고,0,0,1,0,차대차 - 기타,안전운전불이행,건조,맑음,단일로 - 기타,화물,남,36세,상해없음,이륜,남,72세,경상
2014111800100259,2014년 11월 18일 12시,화요일,경상북도 김천시 농소면,경상사고,0,0,1,0,차대차 - 측면직각충돌,신호위반,건조,맑음,교차로 - 교차로안,이륜,남,45세,경상,화물,남,57세,상해없음
2014111800100285,2014년 11월 18일 13시,화요일,경상북도 안동시 옥동,경상사고,0,0,1,0,차대차 - 기타,안전운전불이행,건조,맑음,기타 - 기타,승용,남,36세,상해없음,화물,남,58세,경상
2014111800100286,2014년 11월 18일 13시,화요일,경상북도 김천시 신음동,경상사고,0,0,1,0,차대차 - 측면직각충돌,안전운전불이행,건조,맑음,교차로 - 교차로안,화물,여,61세,상해없음,승용,남,35세,기타불명
2014111800100287,2014년 11월 18일 13시,화요일,경상북도 구미시 신평동,경상사고,0,0,3,0,차대차 - 기타,차로위반,건조,맑음,단일로 - 기타,승용,남,61세,상해없음,승용,여,51세,경상
2014111800100321,2014년 11월 18일 14시,화요일,경상북도 경산시 진량읍,경상사고,0,0,2,0,차대차 - 기타,기타,건조,맑음,단일로 - 기타,승용,여,31세,상해없음,화물,여,42세,상해없음
2014111800100322,2014년 11월 18일 14시,화요일,경상북도 성주군 수륜면,중상사고,0,1,1,0,차대차 - 측면직각충돌,직진우회전진행방해,건조,맑음,교차로 - 교차로안,승용,남,68세,상해없음,화물,남,55세,중상
2014111800100323,2014년 11월 18일 14시,화요일,경상북도 구미시 고아읍,중상사고,0,1,1,1,차대차 - 기타,안전운전불이행,건조,맑음,교차로 - 교차로부근,승합,남,37세,상해없음,승용,남,46세,경상
2014111800100324,2014년 11월 18일 14시,화요일,경상북도 구미시 고아읍,중상사고,0,1,1,0,차대차 - 측면직각충돌,안전운전불이행,건조,맑음,교차로 - 교차로안,원동기,남,76세,중상,이륜,남,41세,경상
2014111800100349,2014년 11월 18일 15시,화요일,경상북도 구미시 고아읍,중상사고,0,2,0,0,차대차 - 기타,직진우회전진행방해,건조,맑음,교차로 - 교차로안,승용,남,28세,중상,화물,남,56세,중상
2014111800100385,2014년 11월 18일 16시,화요일,경상북도 경산시 와촌면,경상사고,0,0,1,0,차대차 - 기타,안전운전불이행,건조,맑음,기타 - 기타,원동기,남,81세,경상,화물,남,49세,상해없음
2014111800100386,2014년 11월 18일 16시,화요일,경상북도 구미시 구평동,경상사고,0,0,1,0,차대차 - 측면직각충돌,안전운전불이행,건조,맑음,단일로 - 기타,화물,남,36세,상해없음,승용,남,27세,경상
2014111800100387,2014년 11월 18일 16시,화요일,경상북도 포항시 남구 구룡포읍,중상사고,0,1,0,0,차대사람 - 기타,안전운전불이행,건조,맑음,교차로 - 교차로부근,화물,남,59세,상해없음,보행자,여,75세,중상
2014111800100429,2014년 11월 18일 17시,화요일,경상북도 경주시 현곡면,중상사고,0,1,1,0,차대차 - 추돌 - 진행중,안전운전불이행,건조,맑음,단일로 - 기타,승합,여,52세,중상,농기계,남,59세,경상
2014111800100430,2014년 11월 18일 17시,화요일,경상북도 경주시 동천동,중상사고,0,1,0,0,차대차 - 기타,안전운전불이행,건조,맑음,교차로 - 교차로안,자전거,남,14세,중상,승용,남,38세,상해없음
2014111800100431,2014년 11월 18일 17시,화요일,경상북도 경산시 계양동,경상사고,0,0,1,0,차대차 - 기타,신호위반,건조,맑음,교차로 - 교차로안,승용,남,82세,상해없음,승용,남,25세,경상
2014111800100432,2014년 11월 18일 17시,화요일,경상북도 청도군 화양읍,경상사고,0,0,1,0,차대차 - 기타,직진우회전진행방해,건조,맑음,교차로 - 교차로안,승용,남,67세,경상,화물,남,36세,상해없음
2014111800100433,2014년 11월 18일 17시,화요일,경상북도 포항시 남구 연일읍,중상사고,0,1,0,0,차대차 - 기타,안전운전불이행,건조,맑음,단일로 - 기타,승용,남,49세,상해없음,화물,남,51세,중상
2014111800100434,2014년 11월 18일 17시,화요일,경상북도 포항시 남구 대잠동,경상사고,0,0,1,0,차대차 - 기타,안전운전불이행,건조,맑음,단일로 - 기타,승용,남,47세,상해없음,자전거,여,57세,경상
2014111800100485,2014년 11월 18일 18시,화요일,경상북도 안동시 금곡동,경상사고,0,0,2,0,차대차 - 기타,안전거리미확보,건조,맑음,단일로 - 기타,승용,남,31세,상해없음,이륜,남,17세,경상
2014111800100486,2014년 11월 18일 18시,화요일,경상북도 김천시 신음동,중상사고,0,1,0,0,차대사람 - 기타,기타,건조,맑음,단일로 - 기타,이륜,남,28세,상해없음,보행자,남,67세,중상
2014111800100487,2014년 11월 18일 18시,화요일,경상북도 영주시 영주동,경상사고,0,0,1,0,차대차 - 측면직각충돌,안전운전불이행,건조,맑음,단일로 - 횡단보도상,승용,여,50세,상해없음,자전거,남,13세,경상
2014111800100488,2014년 11월 18일 18시,화요일,경상북도 칠곡군 왜관읍,중상사고,0,1,0,0,차대차 - 기타,교차로운행방법위반,건조,맑음,교차로 - 교차로안,승용,여,56세,상해없음,이륜,남,16세,중상
2014111800100489,2014년 11월 18일 18시,화요일,경상북도 구미시 송정동,중상사고,0,1,0,0,차대사람 - 횡단중,중앙선침범,건조,맑음,단일로 - 기타,승용,남,27세,상해없음,보행자,여,73세,중상
2014111800100534,2014년 11월 18일 19시,화요일,경상북도 구미시 원평동,중상사고,0,1,0,1,차대차 - 측면직각충돌,안전운전불이행,건조,맑음,교차로 - 교차로안,원동기,남,18세,부상신고,승용,남,52세,중상
2014111800100535,2014년 11월 18일 19시,화요일,경상북도 포항시 남구 오천읍,중상사고,0,1,0,0,차대차 - 기타,안전운전불이행,건조,맑음,단일로 - 기타,승용,남,44세,상해없음,이륜,남,40세,중상
2014111800100599,2014년 11월 18일 21시,화요일,경상북도 경주시 강동면,경상사고,0,0,1,0,차대차 - 기타,안전운전불이행,건조,맑음,단일로 - 기타,기타불명,기타불명,기타불명,기타불명,승용,여,50세,경상
2014111800100600,2014년 11월 18일 21시,화요일,경상북도 포항시 북구 흥해읍,경상사고,0,0,1,0,차대차 - 기타,불법유턴,건조,맑음,교차로 - 교차로부근,화물,남,67세,상해없음,승용,남,23세,경상
2014111800100601,2014년 11월 18일 21시,화요일,경상북도 상주시 낙동면,경상사고,0,0,3,0,차대차 - 측면직각충돌,안전운전불이행,건조,맑음,단일로 - 기타,승용,남,54세,상해없음,승용,남,27세,경상
2014111800100629,2014년 11월 18일 22시,화요일,경상북도 구미시 옥계동,경상사고,0,0,1,0,차대사람 - 기타,안전운전불이행,건조,맑음,단일로 - 기타,승용,남,47세,상해없음,보행자,남,48세,경상
2014111800100657,2014년 11월 18일 23시,화요일,경상북도 경주시 석장동,경상사고,0,0,1,0,차대차 - 기타,안전운전불이행,건조,맑음,교차로 - 교차로안,승용,남,26세,상해없음,원동기,남,16세,경상
2014111900100011,2014년 11월 19일 00시,수요일,경상북도 구미시 구평동,경상사고,0,0,1,0,차대사람 - 기타,안전운전불이행,건조,맑음,단일로 - 기타,승용,남,50세,상해없음,보행자,남,20세,경상
2014111900100029,2014년 11월 19일 01시,수요일,경상북도 경주시 동천동,경상사고,0,0,2,0,차대차 - 기타,안전운전불이행,건조,맑음,단일로 - 기타,승용,남,34세,상해없음,승용,남,24세,경상
2014111900100058,2014년 11월 19일 04시,수요일,경상북도 경산시 하양읍,경상사고,0,0,5,0,차대차 - 기타,안전운전불이행,건조,맑음,단일로 - 기타,승용,남,25세,경상,화물,남,42세,경상
2014111900100086,2014년 11월 19일 06시,수요일,경상북도 경주시 성건동,중상사고,0,1,5,0,차대차 - 기타,안전운전불이행,건조,맑음,단일로 - 기타,화물,남,63세,경상,승용,남,48세,경상
2014111900100087,2014년 11월 19일 06시,수요일,경상북도 영덕군 강구면,중상사고,0,1,0,0,차대차 - 추돌 - 진행중,안전운전불이행,건조,맑음,교차로 - 교차로안,이륜,남,38세,중상,농기계,남,64세,상해없음
2014111900100088,2014년 11월 19일 06시,수요일,경상북도 울진군 원남면,중상사고,0,1,0,0,차대차 - 기타,안전운전불이행,건조,맑음,단일로 - 기타,승용,여,58세,상해없음,농기계,남,67세,중상
2014111900100167,2014년 11월 19일 08시,수요일,경상북도 포항시 북구 죽도동,경상사고,0,0,1,0,차대차 - 추돌 - 진행중,안전운전불이행,건조,맑음,교차로 - 교차로부근,승용,남,25세,상해없음,승용,남,43세,경상
2014111900100168,2014년 11월 19일 08시,수요일,경상북도 김천시 구성면,중상사고,0,2,0,0,차대차 - 측면직각충돌,중앙선침범,결빙,맑음,단일로 - 교량,화물,남,57세,중상,화물,남,41세,중상
2014111900100169,2014년 11월 19일 08시,수요일,경상북도 경산시 진량읍,중상사고,0,1,0,0,차대차 - 기타,안전거리미확보,건조,맑음,단일로 - 기타,승합,남,41세,상해없음,승용,남,32세,중상
2014111900100170,2014년 11월 19일 08시,수요일,경상북도 예천군 용궁면,중상사고,0,1,0,0,차량단독 - 기타,안전운전불이행,건조,맑음,단일로 - 기타,승합,남,59세,상해없음,,,,
2014111900100171,2014년 11월 19일 08시,수요일,경상북도 구미시 고아읍,경상사고,0,0,1,0,차대차 - 기타,안전운전불이행,건조,맑음,교차로 - 교차로안,승용,남,47세,상해없음,자전거,남,14세,경상
2014111900100172,2014년 11월 19일 08시,수요일,경상북도 포항시 남구 지곡동,중상사고,0,1,0,0,차대사람 - 횡단중,보행자보호의무위반,건조,맑음,단일로 - 기타,화물,여,54세,상해없음,보행자,여,16세,중상
2014111900100198,2014년 11월 19일 09시,수요일,경상북도 포항시 남구 장기면,중상사고,0,1,0,0,차량단독 - 기타,안전운전불이행,건조,맑음,단일로 - 기타,화물,남,49세,중상,,,,
2014111900100253,2014년 11월 19일 11시,수요일,경상북도 경주시 동천동,경상사고,0,0,1,1,차대차 - 기타,안전운전불이행,건조,맑음,단일로 - 기타,이륜,남,68세,부상신고,원동기,남,57세,경상
2014111900100254,2014년 11월 19일 11시,수요일,경상북도 안동시 옥동,경상사고,0,0,1,0,차량단독 - 기타,안전운전불이행,건조,맑음,기타 - 기타,이륜,여,63세,경상,,,,
2014111900100255,2014년 11월 19일 11시,수요일,경상북도 포항시 남구 이동,중상사고,0,3,1,0,차대차 - 기타,신호위반,건조,맑음,교차로 - 교차로안,승용,여,58세,상해없음,승용,남,69세,중상
2014111900100316,2014년 11월 19일 13시,수요일,경상북도 예천군 예천읍,중상사고,0,3,0,0,차대차 - 측면직각충돌,직진우회전진행방해,건조,맑음,교차로 - 교차로안,화물,남,70세,중상,승용,남,61세,중상
2014111900100317,2014년 11월 19일 13시,수요일,경상북도 구미시 옥계동,경상사고,0,0,2,0,차대차 - 기타,안전거리미확보,건조,맑음,교차로 - 교차로부근,승용,여,36세,상해없음,승용,여,33세,경상
2014111900100343,2014년 11월 19일 14시,수요일,경상북도 경주시 탑동,사망사고,1,0,0,0,차대사람 - 기타,안전운전불이행,건조,맑음,교차로 - 교차로부근,승용,여,55세,상해없음,보행자,남,49세,사망
2014111900100344,2014년 11월 19일 14시,수요일,경상북도 포항시 북구 항구동,중상사고,0,1,0,0,차대차 - 기타,안전운전불이행,건조,맑음,교차로 - 교차로안,승용,여,69세,상해없음,자전거,남,61세,중상
2014111900100345,2014년 11월 19일 14시,수요일,경상북도 안동시 운흥동,경상사고,0,0,2,0,차대차 - 측면직각충돌,안전거리미확보,건조,맑음,교차로 - 교차로부근,화물,남,30세,상해없음,승용,남,35세,경상
2014111900100346,2014년 11월 19일 14시,수요일,경상북도 경산시 진량읍,경상사고,0,0,1,0,차대차 - 기타,안전거리미확보,건조,맑음,교차로 - 교차로안,화물,남,35세,상해없음,화물,남,40세,경상
2014111900100347,2014년 11월 19일 14시,수요일,경상북도 포항시 남구 인덕동,중상사고,0,1,0,0,차대차 - 기타,신호위반,건조,맑음,교차로 - 교차로부근,승용,남,52세,상해없음,자전거,남,70세,중상
2014111900100376,2014년 11월 19일 15시,수요일,경상북도 고령군 다산면,경상사고,0,0,1,0,차대차 - 측면직각충돌,직진우회전진행방해,건조,맑음,교차로 - 교차로안,이륜,남,30세,상해없음,화물,남,47세,상해없음
2014111900100377,2014년 11월 19일 15시,수요일,경상북도 청송군 현동면,중상사고,0,2,0,0,차대차 - 기타,기타,건조,맑음,단일로 - 기타,화물,남,37세,상해없음,화물,남,73세,중상
2014111900100378,2014년 11월 19일 15시,수요일,경상북도 구미시 임수동,경상사고,0,0,1,0,차대차 - 기타,안전운전불이행,건조,맑음,단일로 - 기타,승용,남,33세,상해없음,자전거,남,36세,경상
2014111900100414,2014년 11월 19일 16시,수요일,경상북도 상주시 무양동,중상사고,0,1,0,0,차대차 - 측면직각충돌,안전운전불이행,건조,맑음,단일로 - 기타,기타불명,기타불명,기타불명,기타불명,자전거,남,66세,중상
2014111900100450,2014년 11월 19일 17시,수요일,경상북도 포항시 북구 장성동,경상사고,0,0,1,0,차대차 - 기타,안전운전불이행,건조,맑음,단일로 - 기타,승용,남,67세,상해없음,원동기,남,23세,경상
2014111900100451,2014년 11월 19일 17시,수요일,경상북도 안동시 정하동,중상사고,0,1,0,0,차대차 - 추돌 - 주정차중,안전운전불이행,건조,맑음,교차로 - 교차로부근,화물,남,50세,상해없음,승용,여,56세,중상
2014111900100452,2014년 11월 19일 17시,수요일,경상북도 안동시 수상동,경상사고,0,0,2,0,차대차 - 추돌 - 주정차중,안전운전불이행,건조,맑음,교차로 - 교차로부근,승용,남,45세,상해없음,승용,여,35세,경상