사고번호,사고일시,요일,시군구,사고내용,사망자수,중상자수,경상자수,부상신고자수,사고유형,법규위반,노면상태,기상상태,도로형태,가해운전자 차종,가해운전자 성별,가해운전자 연령,가해운전자 상해정도,피해운전자 차종,피해운전자 성별,피해운전자 연령,피해운전자 상해정도
2014111900100453,2014년 11월 19일 17시,수요일,경상북도 문경시 영순면,경상사고,0,0,1,0,차량단독 - 공작물충돌,안전운전불이행,건조,맑음,단일로 - 기타,승용,여,51세,상해없음,,,,
2014111900100454,2014년 11월 19일 17시,수요일,경상북도 경산시 진량읍,경상사고,0,0,1,0,차대차 - 기타,안전운전불이행,건조,맑음,단일로 - 기타,승용,남,31세,상해없음,승용,남,27세,경상
2014111900100455,2014년 11월 19일 17시,수요일,경상북도 포항시 남구 연일읍,경상사고,0,0,2,0,차대차 - 기타,안전운전불이행,건조,맑음,교차로 - 교차로부근,승용,여,37세,경상,승용,남,54세,경상
2014111900100512,2014년 11월 19일 18시,수요일,경상북도 경주시 용강동,경상사고,0,0,3,0,차대차 - 기타,안전운전불이행,건조,맑음,교차로 - 교차로부근,화물,남,55세,상해없음,승용,여,51세,경상
2014111900100513,2014년 11월 19일 18시,수요일,경상북도 포항시 북구 대흥동,중상사고,0,1,0,0,차대차 - 기타,교차로운행방법위반,건조,맑음,교차로 - 교차로안,승용,남,46세,상해없음,승용,여,50세,중상
2014111900100514,2014년 11월 19일 18시,수요일,경상북도 칠곡군 가산면,중상사고,0,1,0,0,차대사람 - 길가장자리구역통행중,안전운전불이행,건조,맑음,단일로 - 기타,승용,남,68세,상해없음,보행자,남,56세,중상
2014111900100515,2014년 11월 19일 18시,수요일,경상북도 경산시 대동,중상사고,0,1,0,0,차대사람 - 기타,안전운전불이행,건조,맑음,교차로 - 교차로부근,승용,남,40세,상해없음,보행자,여,23세,중상
2014111900100516,2014년 11월 19일 18시,수요일,경상북도 고령군 개진면,중상사고,0,1,0,0,차대차 - 정면충돌,중앙선침범,건조,맑음,단일로 - 기타,화물,남,64세,상해없음,화물,남,74세,중상
2014111900100517,2014년 11월 19일 18시,수요일,경상북도 구미시 광평동,부상신고사고,0,0,0,1,차대사람 - 기타,안전운전불이행,건조,맑음,단일로 - 기타,승용,남,31세,상해없음,보행자,여,53세,부상신고
2014111900100600,2014년 11월 19일 20시,수요일,경상북도 경주시 시래동,중상사고,0,2,0,0,차대차 - 기타,안전운전불이행,건조,맑음,단일로 - 교량,승용,남,63세,중상,화물,남,44세,상해없음
2014111900100601,2014년 11월 19일 20시,수요일,경상북도 경주시 성건동,경상사고,0,0,2,0,차대차 - 기타,안전운전불이행,건조,맑음,교차로 - 교차로부근,승용,남,19세,상해없음,승용,남,50세,경상
2014111900100602,2014년 11월 19일 20시,수요일,경상북도 경산시 자인면,경상사고,0,0,1,0,차대차 - 기타,차로위반,건조,맑음,교차로 - 교차로안,자전거,남,31세,경상,승용,여,60세,상해없음
2014111900100603,2014년 11월 19일 20시,수요일,경상북도 구미시 도량동,중상사고,0,1,1,1,차대사람 - 기타,안전운전불이행,건조,맑음,교차로 - 교차로안,이륜,남,22세,부상신고,보행자,남,54세,중상
2014111900100636,2014년 11월 19일 21시,수요일,경상북도 안동시 서부동,중상사고,0,1,0,0,차대차 - 기타,중앙선침범,건조,맑음,단일로 - 기타,승용,남,45세,상해없음,원동기,남,17세,중상
2014111900100637,2014년 11월 19일 21시,수요일,경상북도 영주시 안정면,중상사고,0,1,0,0,차대사람 - 기타,안전운전불이행,건조,맑음,단일로 - 기타,승용,남,62세,상해없음,보행자,여,55세,중상
2014111900100638,2014년 11월 19일 21시,수요일,경상북도 포항시 남구 해도동,중상사고,0,1,0,0,차대사람 - 횡단중,안전운전불이행,건조,맑음,교차로 - 교차로안,승용,남,21세,상해없음,보행자,여,75세,중상
2014111900100674,2014년 11월 19일 22시,수요일,경상북도 안동시 송현동,중상사고,0,1,0,0,차대사람 - 기타,안전운전불이행,건조,맑음,교차로 - 교차로부근,승용,남,59세,상해없음,보행자,남,35세,중상
2014111900100702,2014년 11월 19일 23시,수요일,경상북도 구미시 도량동,중상사고,0,1,1,0,차대차 - 기타,신호위반,건조,맑음,교차로 - 교차로안,승용,남,24세,상해없음,승용,남,48세,경상
2014112000100008,2014년 11월 20일 00시,목요일,경상북도 안동시 법흥동,경상사고,0,0,3,0,차대차 - 기타,교차로운행방법위반,건조,맑음,교차로 - 교차로안,승용,남,18세,상해없음,승용,남,57세,경상
2014112000100088,2014년 11월 20일 07시,목요일,경상북도 경주시 인왕동,경상사고,0,0,1,0,차대차 - 기타,안전운전불이행,건조,맑음,단일로 - 기타,건설기계,남,51세,기타불명,자전거,남,58세,경상
2014112000100089,2014년 11월 20일 07시,목요일,경상북도 경주시 서면,중상사고,0,1,0,0,차대사람 - 기타,안전운전불이행,습기,안개,단일로 - 기타,승용,남,54세,상해없음,보행자,여,80세,중상
2014112000100090,2014년 11월 20일 07시,목요일,경상북도 문경시 마성면,경상사고,0,0,2,0,차대차 - 측면직각충돌,안전운전불이행,건조,맑음,단일로 - 기타,화물,남,53세,상해없음,승용,여,31세,경상
2014112000100133,2014년 11월 20일 08시,목요일,경상북도 경주시 황오동,중상사고,0,1,0,0,차대차 - 측면직각충돌,안전운전불이행,건조,맑음,단일로 - 횡단보도부근,승합,여,50세,상해없음,자전거,남,69세,중상
2014112000100134,2014년 11월 20일 08시,목요일,경상북도 영주시 하망동,경상사고,0,0,2,1,차대차 - 추돌 - 주정차중,안전운전불이행,건조,맑음,단일로 - 기타,승용,남,49세,경상,화물,남,66세,부상신고
2014112000100136,2014년 11월 20일 08시,목요일,경상북도 경산시 대동,중상사고,0,1,0,0,차대차 - 기타,안전운전불이행,건조,맑음,교차로 - 교차로부근,승용,남,24세,상해없음,자전거,남,23세,중상
2014112000100137,2014년 11월 20일 08시,목요일,경상북도 경산시 신천동,중상사고,0,1,0,0,차대차 - 기타,안전운전불이행,건조,맑음,교차로 - 교차로부근,승용,남,20세,상해없음,승용,남,49세,중상
2014112000100138,2014년 11월 20일 08시,목요일,경상북도 고령군 고령읍,중상사고,0,1,0,0,차대차 - 측면직각충돌,안전운전불이행,건조,맑음,교차로 - 교차로안,승용,여,66세,상해없음,원동기,남,78세,중상
2014112000100175,2014년 11월 20일 09시,목요일,경상북도 의성군 춘산면,사망사고,1,0,0,0,차대사람 - 횡단중,안전운전불이행,건조,맑음,단일로 - 기타,화물,남,48세,상해없음,보행자,남,81세,사망
2014112000100176,2014년 11월 20일 09시,목요일,경상북도 칠곡군 석적읍,사망사고,1,0,0,0,차대사람 - 기타,안전운전불이행,건조,맑음,단일로 - 기타,화물,남,46세,상해없음,보행자,남,54세,사망
2014112000100209,2014년 11월 20일 10시,목요일,경상북도 상주시 함창읍,사망사고,1,0,0,0,차대차 - 추돌 - 진행중,안전운전불이행,건조,맑음,단일로 - 기타,화물,남,54세,상해없음,자전거,남,84세,사망
2014112000100210,2014년 11월 20일 10시,목요일,경상북도 구미시 원평동,중상사고,0,1,0,0,차대사람 - 기타,신호위반,건조,맑음,단일로 - 기타,이륜,남,82세,상해없음,보행자,여,81세,중상
2014112000100245,2014년 11월 20일 11시,목요일,경상북도 포항시 북구 우현동,경상사고,0,0,1,0,차대차 - 기타,교차로운행방법위반,건조,맑음,교차로 - 교차로안,승용,남,61세,상해없음,승용,남,54세,경상
2014112000100246,2014년 11월 20일 11시,목요일,경상북도 청도군 청도읍,경상사고,0,0,1,0,차대차 - 기타,중앙선침범,건조,맑음,교차로 - 교차로부근,화물,남,61세,상해없음,승합,여,51세,경상
2014112000100280,2014년 11월 20일 12시,목요일,경상북도 경주시 도지동,경상사고,0,0,1,0,차대차 - 기타,안전운전불이행,건조,맑음,단일로 - 기타,건설기계,남,59세,상해없음,승용,남,58세,경상
2014112000100281,2014년 11월 20일 12시,목요일,경상북도 포항시 북구 두호동,경상사고,0,0,1,0,차대차 - 기타,교차로운행방법위반,건조,맑음,교차로 - 교차로부근,승용,여,48세,상해없음,승용,남,27세,경상
2014112000100282,2014년 11월 20일 12시,목요일,경상북도 의성군 춘산면,경상사고,0,0,1,0,차대차 - 측면직각충돌,안전운전불이행,건조,맑음,교차로 - 교차로안,이륜,여,71세,경상,승용,남,54세,상해없음
2014112000100283,2014년 11월 20일 12시,목요일,경상북도 영천시 망정동,경상사고,0,0,1,0,차대차 - 추돌 - 진행중,안전운전불이행,건조,맑음,단일로 - 기타,원동기,남,75세,경상,승용,여,36세,상해없음
2014112000100285,2014년 11월 20일 12시,목요일,경상북도 구미시 고아읍,경상사고,0,0,1,0,차대차 - 추돌 - 진행중,안전운전불이행,건조,맑음,교차로 - 교차로부근,승용,여,45세,상해없음,승용,여,64세,경상
2014112000100286,2014년 11월 20일 12시,목요일,경상북도 포항시 남구 오천읍,중상사고,0,1,0,0,차대차 - 기타,안전운전불이행,건조,맑음,단일로 - 기타,화물,남,46세,상해없음,자전거,남,35세,중상
2014112000100312,2014년 11월 20일 13시,목요일,경상북도 포항시 북구 대흥동,중상사고,0,1,0,0,차대차 - 기타,안전운전불이행,건조,맑음,교차로 - 교차로안,승합,남,58세,상해없음,자전거,남,79세,중상
2014112000100353,2014년 11월 20일 14시,목요일,경상북도 경주시 시래동,경상사고,0,0,1,0,차대차 - 측면직각충돌,안전운전불이행,건조,맑음,단일로 - 기타,승합,남,54세,상해없음,승용,여,61세,경상
2014112000100354,2014년 11월 20일 14시,목요일,경상북도 포항시 북구 대흥동,경상사고,0,0,1,0,차대사람 - 횡단중,안전거리미확보,건조,맑음,단일로 - 기타,승용,여,53세,상해없음,보행자,남,60세,경상
2014112000100396,2014년 11월 20일 15시,목요일,경상북도 경주시 감포읍,중상사고,0,1,0,0,차대사람 - 기타,안전운전불이행,건조,맑음,단일로 - 기타,승용,여,45세,상해없음,보행자,남,9세,중상
2014112000100397,2014년 11월 20일 15시,목요일,경상북도 안동시 일직면,경상사고,0,0,1,0,차대차 - 측면직각충돌,안전운전불이행,건조,맑음,단일로 - 기타,승용,남,51세,상해없음,화물,남,64세,경상
2014112000100398,2014년 11월 20일 15시,목요일,경상북도 경산시 사동,경상사고,0,0,1,0,차대사람 - 기타,안전운전불이행,건조,맑음,단일로 - 기타,승용,여,40세,상해없음,보행자,여,43세,경상
2014112000100441,2014년 11월 20일 16시,목요일,경상북도 안동시 운흥동,중상사고,0,3,1,0,차대차 - 추돌 - 진행중,차로위반,건조,맑음,교차로 - 교차로부근,건설기계,남,32세,상해없음,승용,여,46세,중상
2014112000100442,2014년 11월 20일 16시,목요일,경상북도 고령군 고령읍,중상사고,0,1,0,0,차대차 - 측면직각충돌,안전운전불이행,건조,맑음,단일로 - 기타,승용,여,26세,상해없음,자전거,남,83세,중상
2014112000100443,2014년 11월 20일 16시,목요일,경상북도 구미시 신평동,경상사고,0,0,1,0,차대사람 - 기타,안전운전불이행,건조,맑음,단일로 - 기타,기타불명,기타불명,기타불명,기타불명,보행자,여,83세,경상
2014112000100444,2014년 11월 20일 16시,목요일,경상북도 포항시 남구 청림동,경상사고,0,0,2,0,차대차 - 기타,직진우회전진행방해,건조,맑음,교차로 - 교차로안,화물,남,41세,경상,승용,남,30세,경상
2014112000100491,2014년 11월 20일 17시,목요일,경상북도 포항시 북구 학산동,경상사고,0,0,1,0,차대차 - 기타,안전운전불이행,건조,맑음,단일로 - 기타,승용,여,21세,상해없음,승용,남,67세,경상
2014112000100492,2014년 11월 20일 17시,목요일,경상북도 의성군 봉양면,중상사고,0,1,1,0,차대차 - 추돌 - 진행중,안전운전불이행,건조,맑음,단일로 - 기타,승용,남,63세,중상,농기계,남,55세,경상
2014112000100493,2014년 11월 20일 17시,목요일,경상북도 영천시 망정동,부상신고사고,0,0,0,1,차대사람 - 기타,안전운전불이행,건조,맑음,기타 - 기타,승용,남,63세,상해없음,보행자,여,1세,부상신고
2014112000100550,2014년 11월 20일 18시,목요일,경상북도 경주시 성동동,중상사고,0,1,0,0,차대사람 - 기타,안전운전불이행,건조,맑음,단일로 - 기타,원동기,남,37세,상해없음,보행자,여,83세,중상
2014112000100551,2014년 11월 20일 18시,목요일,경상북도 안동시 태화동,경상사고,0,0,2,0,차대차 - 추돌 - 주정차중,안전거리미확보,건조,맑음,단일로 - 기타,승용,남,35세,상해없음,승용,여,46세,경상
2014112000100552,2014년 11월 20일 18시,목요일,경상북도 안동시 송현동,경상사고,0,0,1,0,차대차 - 추돌 - 진행중,안전운전불이행,건조,맑음,기타 - 기타,승용,여,39세,상해없음,승용,여,47세,경상
2014112000100553,2014년 11월 20일 18시,목요일,경상북도 안동시 정하동,중상사고,0,1,3,0,차대차 - 측면직각충돌,교차로운행방법위반,건조,맑음,교차로 - 교차로안,승용,남,59세,상해없음,승용,여,28세,중상
2014112000100554,2014년 11월 20일 18시,목요일,경상북도 성주군 용암면,중상사고,0,1,0,0,차대차 - 기타,직진우회전진행방해,건조,맑음,교차로 - 교차로안,화물,남,47세,상해없음,승용,남,50세,중상
2014112000100555,2014년 11월 20일 18시,목요일,경상북도 군위군 고로면,경상사고,0,0,1,0,차량단독 - 도로외이탈 - 기타,안전운전불이행,건조,맑음,단일로 - 기타,농기계,남,69세,경상,,,,
2014112000100556,2014년 11월 20일 18시,목요일,경상북도 구미시 공단동,중상사고,0,1,0,0,차대차 - 추돌 - 주정차중,안전운전불이행,건조,맑음,교차로 - 교차로부근,승합,남,57세,기타불명,승용,남,27세,중상
2014112000100606,2014년 11월 20일 19시,목요일,경상북도 상주시 서성동,경상사고,0,0,1,0,차대차 - 측면직각충돌,교차로운행방법위반,건조,맑음,교차로 - 교차로안,화물,남,56세,상해없음,원동기,남,20세,경상
2014112000100607,2014년 11월 20일 19시,목요일,경상북도 포항시 남구 효자동,경상사고,0,0,1,0,차대차 - 기타,안전운전불이행,건조,맑음,단일로 - 기타,자전거,남,21세,경상,승용,여,35세,상해없음
2014112000100643,2014년 11월 20일 20시,목요일,경상북도 구미시 도량동,부상신고사고,0,0,0,1,차대차 - 기타,안전운전불이행,건조,맑음,단일로 - 횡단보도상,자전거,남,18세,부상신고,화물,남,23세,상해없음
2014112000100683,2014년 11월 20일 21시,목요일,경상북도 영천시 창구동,경상사고,0,0,2,0,차대차 - 기타,안전운전불이행,건조,맑음,단일로 - 기타,승용,남,43세,상해없음,승용,남,37세,경상
2014112000100684,2014년 11월 20일 21시,목요일,경상북도 문경시 마성면,중상사고,0,1,0,0,차량단독 - 도로외이탈 - 추락,안전운전불이행,건조,맑음,단일로 - 기타,화물,남,58세,중상,,,,
2014112000100715,2014년 11월 20일 22시,목요일,경상북도 구미시 지산동,중상사고,0,1,0,0,차대차 - 추돌 - 주정차중,안전거리미확보,건조,맑음,단일로 - 기타,승용,남,54세,상해없음,승용,여,21세,중상
2014112000100716,2014년 11월 20일 22시,목요일,경상북도 포항시 남구 오천읍,경상사고,0,0,3,0,차대차 - 기타,교차로운행방법위반,건조,맑음,교차로 - 교차로안,승용,여,27세,경상,승용,남,25세,경상
2014112000100739,2014년 11월 20일 23시,목요일,경상북도 영주시 하망동,경상사고,0,0,1,0,차대사람 - 횡단중,안전운전불이행,건조,맑음,단일로 - 기타,승용,남,47세,상해없음,보행자,여,58세,경상
2014112000100740,2014년 11월 20일 23시,목요일,경상북도 경산시 진량읍,경상사고,0,0,1,0,차대차 - 추돌 - 진행중,안전운전불이행,건조,맑음,단일로 - 기타,승용,남,23세,상해없음,승용,남,51세,경상
2014112000100741,2014년 11월 20일 23시,목요일,경상북도 구미시 시미동,경상사고,0,0,1,0,차대차 - 기타,직진우회전진행방해,건조,맑음,교차로 - 교차로안,승합,남,53세,상해없음,승용,남,39세,경상
2014112100100016,2014년 11월 21일 00시,금요일,경상북도 경주시 용강동,중상사고,0,2,0,0,차대차 - 기타,안전운전불이행,건조,맑음,교차로 - 교차로부근,승용,남,30세,상해없음,승용,남,29세,중상
2014112100100029,2014년 11월 21일 01시,금요일,경상북도 포항시 남구 대잠동,경상사고,0,0,1,0,차대차 - 기타,안전운전불이행,건조,맑음,교차로 - 교차로부근,승용,남,47세,상해없음,승용,남,30세,경상
2014112100100038,2014년 11월 21일 02시,금요일,경상북도 구미시 광평동,경상사고,0,0,1,0,차대차 - 기타,안전운전불이행,기타,안개,교차로 - 교차로부근,승용,여,38세,상해없음,승합,남,31세,경상
2014112100100039,2014년 11월 21일 02시,금요일,경상북도 포항시 남구 해도동,경상사고,0,0,1,0,차대차 - 기타,신호위반,건조,맑음,교차로 - 교차로안,승용,남,23세,상해없음,승용,남,69세,경상
2014112100100078,2014년 11월 21일 06시,금요일,경상북도 구미시 공단동,중상사고,0,1,0,0,차대사람 - 기타,보행자보호의무위반,건조,맑음,단일로 - 기타,승용,남,46세,상해없음,보행자,남,27세,중상
2014112100100130,2014년 11월 21일 08시,금요일,경상북도 의성군 의성읍,중상사고,0,1,0,0,차대차 - 측면직각충돌,안전운전불이행,건조,맑음,단일로 - 기타,승용,여,42세,중상,승용,여,48세,상해없음
2014112100100162,2014년 11월 21일 09시,금요일,경상북도 포항시 북구 환호동,중상사고,0,1,0,0,차대차 - 기타,안전운전불이행,건조,맑음,단일로 - 기타,승용,여,41세,상해없음,자전거,남,66세,중상
2014112100100163,2014년 11월 21일 09시,금요일,경상북도 포항시 남구 장흥동,중상사고,0,1,0,0,차대차 - 기타,안전운전불이행,건조,맑음,단일로 - 기타,특수,남,59세,상해없음,이륜,남,67세,중상
2014112100100164,2014년 11월 21일 09시,금요일,경상북도 포항시 남구 대잠동,경상사고,0,0,1,0,차대차 - 기타,안전운전불이행,건조,맑음,단일로 - 기타,화물,남,55세,상해없음,승용,여,54세,경상
2014112100100191,2014년 11월 21일 10시,금요일,경상북도 경산시 계양동,중상사고,0,2,4,0,차대차 - 기타,신호위반,건조,맑음,교차로 - 교차로안,승합,남,57세,상해없음,승용,남,62세,중상
2014112100100222,2014년 11월 21일 11시,금요일,경상북도 김천시 모암동,경상사고,0,0,1,0,차대차 - 측면직각충돌,안전운전불이행,건조,맑음,단일로 - 기타,승용,여,49세,상해없음,이륜,남,82세,경상
2014112100100223,2014년 11월 21일 11시,금요일,경상북도 김천시 어모면,중상사고,0,1,2,0,차대차 - 측면직각충돌,교차로운행방법위반,건조,맑음,교차로 - 교차로안,승용,남,52세,상해없음,승용,여,65세,경상
2014112100100224,2014년 11월 21일 11시,금요일,경상북도 경주시 건천읍,사망사고,1,1,2,0,차대차 - 추돌 - 진행중,안전운전불이행,건조,맑음,단일로 - 기타,화물,남,47세,사망,화물,남,54세,중상
2014112100100240,2014년 11월 21일 12시,금요일,경상북도 안동시 송천동,중상사고,0,2,1,0,차대차 - 기타,안전거리미확보,건조,맑음,단일로 - 기타,승용,남,71세,경상,특수,남,43세,중상
2014112100100241,2014년 11월 21일 12시,금요일,경상북도 상주시 함창읍,중상사고,0,2,1,0,차대차 - 측면직각충돌,교차로운행방법위반,건조,맑음,교차로 - 교차로안,이륜,남,72세,경상,이륜,여,71세,중상
2014112100100258,2014년 11월 21일 13시,금요일,경상북도 경주시 동부동,중상사고,0,1,0,0,차대차 - 기타,신호위반,건조,맑음,교차로 - 교차로안,승용,남,51세,상해없음,자전거,여,63세,중상
2014112100100259,2014년 11월 21일 13시,금요일,경상북도 포항시 북구 두호동,경상사고,0,0,1,0,차대차 - 기타,안전운전불이행,건조,맑음,단일로 - 기타,승용,남,71세,상해없음,승용,남,39세,경상
2014112100100260,2014년 11월 21일 13시,금요일,경상북도 청송군 청송읍,중상사고,0,1,0,0,차대차 - 기타,교차로운행방법위반,건조,맑음,교차로 - 교차로안,승용,여,36세,상해없음,원동기,남,68세,중상
2014112100100277,2014년 11월 21일 14시,금요일,경상북도 경주시 동천동,중상사고,0,1,0,0,차대차 - 기타,안전운전불이행,건조,맑음,교차로 - 교차로부근,승용,여,36세,상해없음,이륜,여,54세,중상
2014112100100278,2014년 11월 21일 14시,금요일,경상북도 포항시 남구 구룡포읍,중상사고,0,2,0,0,차대차 - 추돌 - 진행중,안전운전불이행,건조,맑음,단일로 - 기타,승용,여,45세,상해없음,농기계,남,67세,중상
2014112100100316,2014년 11월 21일 15시,금요일,경상북도 포항시 북구 장성동,경상사고,0,0,2,0,차대차 - 기타,안전거리미확보,건조,맑음,단일로 - 기타,승용,여,55세,경상,승용,남,53세,경상
2014112100100317,2014년 11월 21일 15시,금요일,경상북도 안동시 와룡면,중상사고,0,1,0,0,차량단독 - 도로외이탈 - 기타,안전운전불이행,건조,맑음,단일로 - 기타,화물,남,58세,중상,,,,
2014112100100318,2014년 11월 21일 15시,금요일,경상북도 청도군 청도읍,경상사고,0,0,1,0,차대사람 - 횡단중,보행자보호의무위반,건조,맑음,단일로 - 횡단보도상,화물,남,34세,상해없음,보행자,남,54세,경상
2014112100100347,2014년 11월 21일 16시,금요일,경상북도 안동시 목성동,경상사고,0,0,1,0,차대차 - 측면직각충돌,안전운전불이행,건조,맑음,기타 - 기타,이륜,남,71세,경상,승용,남,54세,상해없음
2014112100100348,2014년 11월 21일 16시,금요일,경상북도 성주군 수륜면,경상사고,0,0,3,0,차대차 - 정면충돌,중앙선침범,건조,맑음,기타 - 기타,승용,여,52세,상해없음,승용,여,42세,경상
2014112100100457,2014년 11월 21일 18시,금요일,경상북도 포항시 북구 죽도동,중상사고,0,1,0,0,차대차 - 기타,불법유턴,건조,맑음,교차로 - 교차로안,기타불명,기타불명,기타불명,기타불명,자전거,여,77세,중상
2014112100100458,2014년 11월 21일 18시,금요일,경상북도 봉화군 소천면,중상사고,0,2,1,0,차량단독 - 도로외이탈 - 기타,안전운전불이행,건조,맑음,단일로 - 기타,승용,남,77세,중상,,,,
2014112100100459,2014년 11월 21일 18시,금요일,경상북도 구미시 신평동,경상사고,0,0,1,0,차대차 - 추돌 - 진행중,신호위반,건조,맑음,단일로 - 기타,승합,남,46세,상해없음,승용,남,31세,경상
2014112100100506,2014년 11월 21일 19시,금요일,경상북도 경주시 서면,부상신고사고,0,0,0,1,차대차 - 기타,안전운전불이행,건조,맑음,교차로 - 교차로안,이륜,남,62세,부상신고,승용,여,45세,상해없음
2014112100100507,2014년 11월 21일 19시,금요일,경상북도 안동시 정하동,경상사고,0,0,1,0,차대차 - 추돌 - 진행중,안전운전불이행,건조,맑음,단일로 - 기타,승용,남,48세,상해없음,농기계,남,30세,경상
2014112100100508,2014년 11월 21일 19시,금요일,경상북도 경산시 자인면,중상사고,0,1,0,0,차대사람 - 기타,보행자보호의무위반,건조,맑음,단일로 - 기타,승용,남,26세,상해없음,보행자,남,19세,중상
2014112100100509,2014년 11월 21일 19시,금요일,경상북도 영덕군 달산면,중상사고,0,1,0,0,차대차 - 추돌 - 진행중,안전운전불이행,건조,맑음,단일로 - 기타,화물,남,71세,상해없음,자전거,여,63세,중상
2014112100100548,2014년 11월 21일 20시,금요일,경상북도 칠곡군 북삼읍,경상사고,0,0,2,0,차대차 - 기타,신호위반,건조,맑음,교차로 - 교차로안,화물,남,57세,상해없음,승용,남,35세,상해없음
2014112100100549,2014년 11월 21일 20시,금요일,경상북도 구미시 황상동,중상사고,0,1,0,0,차대차 - 기타,직진우회전진행방해,건조,맑음,교차로 - 교차로안,승용,여,38세,상해없음,이륜,남,33세,중상
2014112100100576,2014년 11월 21일 21시,금요일,경상북도 안동시 화성동,중상사고,0,1,0,0,차대차 - 측면직각충돌,직진우회전진행방해,건조,맑음,교차로 - 교차로안,승용,남,31세,상해없음,이륜,남,17세,중상
2014112100100577,2014년 11월 21일 21시,금요일,경상북도 경산시 옥곡동,경상사고,0,0,1,0,차대차 - 기타,안전운전불이행,건조,맑음,단일로 - 기타,승용,남,26세,기타불명,이륜,남,32세,경상
2014112100100578,2014년 11월 21일 21시,금요일,경상북도 구미시 신평동,경상사고,0,0,2,0,차대차 - 측면직각충돌,신호위반,건조,맑음,교차로 - 교차로안,승용,여,24세,경상,승용,남,40세,경상
2014112100100579,2014년 11월 21일 21시,금요일,경상북도 구미시 진평동,중상사고,0,1,0,0,차대사람 - 횡단중,안전운전불이행,건조,맑음,교차로 - 교차로안,승합,여,35세,상해없음,보행자,남,25세,중상
2014112100100643,2014년 11월 21일 23시,금요일,경상북도 포항시 북구 신흥동,중상사고,0,1,0,0,차대차 - 기타,중앙선침범,건조,맑음,단일로 - 기타,승용,남,50세,상해없음,원동기,남,17세,중상
2014112200100015,2014년 11월 22일 00시,토요일,경상북도 포항시 북구 상원동,부상신고사고,0,0,0,1,차량단독 - 공작물충돌,안전운전불이행,건조,맑음,단일로 - 기타,원동기,남,47세,부상신고,,,,
2014112200100016,2014년 11월 22일 00시,토요일,경상북도 영천시 망정동,경상사고,0,0,1,0,차대차 - 기타,신호위반,건조,맑음,교차로 - 교차로안,승용,남,25세,상해없음,승용,여,30세,경상
2014112200100017,2014년 11월 22일 00시,토요일,경상북도 구미시 고아읍,경상사고,0,0,1,0,차량단독 - 공작물충돌,안전운전불이행,건조,맑음,기타 - 기타,승용,남,45세,경상,,,,
2014112200100039,2014년 11월 22일 01시,토요일,경상북도 포항시 북구 죽도동,중상사고,0,2,0,0,차대차 - 기타,중앙선침범,건조,맑음,교차로 - 교차로부근,승용,남,42세,상해없음,승용,남,40세,중상
2014112200100051,2014년 11월 22일 02시,토요일,경상북도 상주시 복룡동,중상사고,0,1,0,0,차량단독 - 공작물충돌,안전운전불이행,건조,맑음,단일로 - 기타,화물,남,22세,상해없음,,,,
2014112200100069,2014년 11월 22일 03시,토요일,경상북도 김천시 황금동,경상사고,0,0,1,0,차대차 - 측면직각충돌,교차로운행방법위반,건조,맑음,교차로 - 교차로부근,승용,남,30세,상해없음,승용,남,33세,경상
2014112200100070,2014년 11월 22일 03시,토요일,경상북도 구미시 임수동,경상사고,0,0,1,0,차대차 - 기타,안전운전불이행,건조,맑음,교차로 - 교차로부근,승용,남,39세,상해없음,승용,남,51세,경상
2014112200100079,2014년 11월 22일 04시,토요일,경상북도 포항시 북구 죽도동,경상사고,0,0,5,0,차대차 - 기타,차로위반,건조,맑음,단일로 - 기타,승용,남,56세,상해없음,승용,남,54세,경상
2014112200100104,2014년 11월 22일 05시,토요일,경상북도 포항시 남구 해도동,중상사고,0,1,0,0,차대사람 - 기타,안전운전불이행,건조,맑음,단일로 - 기타,승용,남,66세,상해없음,보행자,남,35세,중상
2014112200100126,2014년 11월 22일 06시,토요일,경상북도 영덕군 강구면,중상사고,0,4,2,0,차대차 - 측면직각충돌,안전운전불이행,건조,맑음,교차로 - 교차로안,승용,여,55세,중상,승용,남,63세,경상
2014112200100147,2014년 11월 22일 07시,토요일,경상북도 포항시 북구 흥해읍,중상사고,0,4,0,0,차대차 - 기타,신호위반,건조,맑음,교차로 - 교차로안,승용,남,57세,중상,승용,남,51세,중상
2014112200100211,2014년 11월 22일 09시,토요일,경상북도 경주시 시래동,경상사고,0,0,1,1,차대차 - 기타,안전운전불이행,건조,맑음,단일로 - 기타,화물,남,40세,부상신고,화물,남,33세,경상
2014112200100212,2014년 11월 22일 09시,토요일,경상북도 경산시 계양동,경상사고,0,0,1,0,차대차 - 기타,신호위반,건조,맑음,교차로 - 교차로안,승용,남,68세,상해없음,승용,여,35세,경상
2014112200100252,2014년 11월 22일 10시,토요일,경상북도 안동시 정하동,중상사고,0,1,1,0,차대차 - 정면충돌,신호위반,건조,맑음,교차로 - 교차로안,승용,남,53세,중상,승용,남,39세,경상