사고번호,사고일시,요일,시군구,사고내용,사망자수,중상자수,경상자수,부상신고자수,사고유형,법규위반,노면상태,기상상태,도로형태,가해운전자 차종,가해운전자 성별,가해운전자 연령,가해운전자 상해정도,피해운전자 차종,피해운전자 성별,피해운전자 연령,피해운전자 상해정도
2014112200100295,2014년 11월 22일 11시,토요일,경상북도 상주시 남성동,중상사고,0,2,0,0,차대차 - 측면직각충돌,안전운전불이행,건조,흐림,교차로 - 교차로안,화물,남,88세,상해없음,승용,남,30세,중상
2014112200100296,2014년 11월 22일 11시,토요일,경상북도 경산시 하양읍,경상사고,0,0,3,0,차대차 - 기타,안전거리미확보,건조,맑음,교차로 - 교차로부근,건설기계,남,58세,상해없음,승용,여,64세,경상
2014112200100297,2014년 11월 22일 11시,토요일,경상북도 울진군 울진읍,중상사고,0,2,0,0,차대차 - 정면충돌,중앙선침범,건조,맑음,단일로 - 기타,승용,남,52세,중상,화물,남,51세,중상
2014112200100298,2014년 11월 22일 11시,토요일,경상북도 군위군 소보면,부상신고사고,0,0,0,1,차대차 - 측면직각충돌,안전운전불이행,건조,맑음,단일로 - 기타,농기계,남,72세,부상신고,승합,남,64세,상해없음
2014112200100340,2014년 11월 22일 12시,토요일,경상북도 칠곡군 지천면,부상신고사고,0,0,0,1,차대차 - 기타,안전운전불이행,건조,맑음,단일로 - 기타,이륜,남,84세,부상신고,화물,남,39세,상해없음
2014112200100341,2014년 11월 22일 12시,토요일,경상북도 포항시 남구 해도동,경상사고,0,0,1,0,차대차 - 기타,신호위반,건조,맑음,단일로 - 기타,승용,남,60세,상해없음,자전거,남,18세,경상
2014112200100342,2014년 11월 22일 12시,토요일,경상북도 포항시 남구 대잠동,경상사고,0,0,3,0,차대차 - 기타,안전운전불이행,건조,맑음,교차로 - 교차로안,승용,남,52세,상해없음,승용,남,24세,경상
2014112200100372,2014년 11월 22일 13시,토요일,경상북도 경주시 성건동,중상사고,0,1,0,0,차대사람 - 기타,안전운전불이행,건조,맑음,교차로 - 교차로부근,승합,남,44세,상해없음,보행자,여,76세,중상
2014112200100373,2014년 11월 22일 13시,토요일,경상북도 포항시 북구 두호동,경상사고,0,0,1,0,차대차 - 기타,안전운전불이행,건조,맑음,단일로 - 기타,승용,여,56세,상해없음,승용,여,26세,경상
2014112200100374,2014년 11월 22일 13시,토요일,경상북도 안동시 옥야동,경상사고,0,0,2,0,차대차 - 추돌 - 진행중,안전운전불이행,건조,맑음,단일로 - 기타,화물,남,70세,상해없음,승용,여,29세,경상
2014112200100375,2014년 11월 22일 13시,토요일,경상북도 경산시 대평동,경상사고,0,0,2,0,차대차 - 추돌 - 진행중,안전운전불이행,건조,맑음,단일로 - 기타,승용,남,58세,상해없음,승용,여,33세,경상
2014112200100420,2014년 11월 22일 14시,토요일,경상북도 경주시 안강읍,경상사고,0,0,1,0,차대차 - 기타,교차로운행방법위반,건조,맑음,교차로 - 교차로안,승용,여,47세,상해없음,승용,남,63세,경상
2014112200100421,2014년 11월 22일 14시,토요일,경상북도 경주시 진현동,경상사고,0,0,2,1,차대차 - 기타,안전운전불이행,건조,맑음,단일로 - 기타,승용,남,52세,상해없음,승용,남,63세,부상신고
2014112200100422,2014년 11월 22일 14시,토요일,경상북도 예천군 예천읍,중상사고,0,1,0,0,차대사람 - 횡단중,보행자보호의무위반,건조,흐림,교차로 - 교차로안,승용,여,51세,상해없음,보행자,여,68세,중상
2014112200100423,2014년 11월 22일 14시,토요일,경상북도 청송군 진보면,중상사고,0,1,2,0,차대차 - 기타,교차로운행방법위반,습기,비,교차로 - 교차로안,승용,남,58세,중상,화물,남,37세,상해없음
2014112200100424,2014년 11월 22일 14시,토요일,경상북도 포항시 남구 대도동,경상사고,0,0,1,0,차대차 - 측면직각충돌,안전운전불이행,건조,맑음,단일로 - 기타,화물,남,64세,상해없음,승용,남,24세,경상
2014112200100459,2014년 11월 22일 15시,토요일,경상북도 포항시 북구 흥해읍,중상사고,0,1,0,0,차대차 - 기타,직진우회전진행방해,건조,흐림,교차로 - 교차로안,화물,남,45세,상해없음,화물,남,56세,중상
2014112200100460,2014년 11월 22일 15시,토요일,경상북도 경산시 자인면,경상사고,0,0,1,0,차량단독 - 공작물충돌,안전운전불이행,건조,맑음,단일로 - 기타,승용,여,31세,경상,,,,
2014112200100461,2014년 11월 22일 15시,토요일,경상북도 예천군 유천면,중상사고,0,1,0,0,차대차 - 측면직각충돌,직진우회전진행방해,건조,맑음,교차로 - 교차로안,이륜,남,76세,중상,승용,남,39세,상해없음
2014112200100462,2014년 11월 22일 15시,토요일,경상북도 청도군 이서면,경상사고,0,0,1,0,차대차 - 기타,신호위반,건조,맑음,교차로 - 교차로부근,승용,남,72세,상해없음,승용,여,54세,경상
2014112200100463,2014년 11월 22일 15시,토요일,경상북도 포항시 남구 오천읍,경상사고,0,0,3,0,차대차 - 측면직각충돌,직진우회전진행방해,건조,맑음,교차로 - 교차로안,화물,남,55세,상해없음,승용,여,57세,경상
2014112200100503,2014년 11월 22일 16시,토요일,경상북도 상주시 남성동,중상사고,0,1,0,0,차대차 - 측면직각충돌,안전운전불이행,건조,흐림,단일로 - 기타,승용,여,45세,상해없음,이륜,남,18세,중상
2014112200100504,2014년 11월 22일 16시,토요일,경상북도 포항시 남구 송도동,경상사고,0,0,1,0,차대차 - 기타,안전운전불이행,건조,맑음,단일로 - 기타,승용,남,51세,상해없음,승용,남,57세,상해없음
2014112200100505,2014년 11월 22일 16시,토요일,경상북도 칠곡군 왜관읍,경상사고,0,0,1,0,차대사람 - 기타,안전운전불이행,건조,맑음,기타 - 기타,승용,남,37세,상해없음,보행자,남,50세,경상
2014112200100542,2014년 11월 22일 17시,토요일,경상북도 안동시 남문동,경상사고,0,0,1,0,차대차 - 추돌 - 진행중,차로위반,건조,맑음,기타 - 기타,이륜,남,48세,경상,승용,여,39세,상해없음
2014112200100543,2014년 11월 22일 17시,토요일,경상북도 안동시 풍산읍,경상사고,0,0,1,0,차대사람 - 기타,안전운전불이행,건조,맑음,단일로 - 기타,화물,남,49세,상해없음,보행자,여,66세,경상
2014112200100544,2014년 11월 22일 17시,토요일,경상북도 문경시 점촌동,중상사고,0,1,3,0,차대차 - 측면직각충돌,중앙선침범,습기,비,단일로 - 기타,승용,남,23세,경상,승용,남,29세,경상
2014112200100593,2014년 11월 22일 18시,토요일,경상북도 안동시 송현동,경상사고,0,0,1,0,차대사람 - 기타,안전운전불이행,건조,맑음,교차로 - 교차로부근,화물,남,44세,상해없음,보행자,남,46세,경상
2014112200100594,2014년 11월 22일 18시,토요일,경상북도 경산시 진량읍,중상사고,0,1,0,0,차대사람 - 기타,안전운전불이행,건조,맑음,단일로 - 기타,승용,남,25세,상해없음,보행자,남,23세,중상
2014112200100595,2014년 11월 22일 18시,토요일,경상북도 경산시 중방동,경상사고,0,0,1,0,차대차 - 기타,안전운전불이행,건조,맑음,교차로 - 교차로안,승용,남,38세,기타불명,승용,남,32세,경상
2014112200100596,2014년 11월 22일 18시,토요일,경상북도 울진군 평해읍,중상사고,0,2,1,0,차대차 - 추돌 - 진행중,안전운전불이행,건조,맑음,단일로 - 기타,승용,남,29세,경상,승용,남,63세,중상
2014112200100597,2014년 11월 22일 18시,토요일,경상북도 구미시 사곡동,경상사고,0,0,2,0,차대차 - 기타,안전운전불이행,건조,맑음,단일로 - 기타,승용,남,32세,상해없음,승용,여,23세,경상
2014112200100598,2014년 11월 22일 18시,토요일,경상북도 구미시 황상동,경상사고,0,0,1,0,차대차 - 기타,안전운전불이행,건조,맑음,기타 - 기타,승용,남,56세,상해없음,승용,남,35세,경상
2014112200100599,2014년 11월 22일 18시,토요일,경상북도 구미시 원평동,경상사고,0,0,1,0,차대차 - 기타,안전운전불이행,건조,맑음,단일로 - 기타,승용,여,64세,상해없음,자전거,남,25세,경상
2014112200100600,2014년 11월 22일 18시,토요일,경상북도 구미시 송정동,경상사고,0,0,1,0,차대차 - 기타,차로위반,건조,맑음,단일로 - 기타,승용,여,36세,상해없음,승용,남,71세,경상
2014112200100601,2014년 11월 22일 18시,토요일,경상북도 포항시 남구 대잠동,중상사고,0,2,4,0,차대차 - 추돌 - 주정차중,안전운전불이행,건조,맑음,단일로 - 기타,승용,남,47세,상해없음,승용,여,37세,경상
2014112200100645,2014년 11월 22일 19시,토요일,경상북도 경주시 외동읍,경상사고,0,0,1,0,차대차 - 기타,안전운전불이행,건조,맑음,단일로 - 기타,승용,남,35세,상해없음,승용,남,43세,경상
2014112200100646,2014년 11월 22일 19시,토요일,경상북도 경산시 삼북동,중상사고,0,1,0,0,차대차 - 기타,직진우회전진행방해,건조,맑음,교차로 - 교차로안,승용,남,71세,상해없음,이륜,남,18세,중상
2014112200100647,2014년 11월 22일 19시,토요일,경상북도 포항시 남구 해도동,경상사고,0,0,3,0,차대차 - 측면직각충돌,교차로운행방법위반,건조,맑음,교차로 - 교차로안,건설기계,남,39세,상해없음,화물,남,34세,경상
2014112200100648,2014년 11월 22일 19시,토요일,경상북도 포항시 남구 오천읍,경상사고,0,0,4,0,차대차 - 추돌 - 진행중,직진우회전진행방해,건조,맑음,교차로 - 교차로안,승용,남,56세,경상,승용,남,53세,경상
2014112200100707,2014년 11월 22일 21시,토요일,경상북도 문경시 문경읍,사망사고,1,0,0,0,차대사람 - 차도통행중,안전운전불이행,습기,흐림,교차로 - 교차로안,승용,남,22세,상해없음,보행자,남,73세,사망
2014112200100708,2014년 11월 22일 21시,토요일,경상북도 구미시 사곡동,중상사고,0,1,0,0,차대차 - 기타,교차로운행방법위반,건조,맑음,교차로 - 교차로안,승용,여,25세,상해없음,이륜,남,37세,중상
2014112200100747,2014년 11월 22일 22시,토요일,경상북도 경산시 정평동,경상사고,0,0,2,0,차대사람 - 기타,보행자보호의무위반,건조,맑음,교차로 - 교차로안,승용,남,34세,상해없음,보행자,여,42세,경상
2014112300100019,2014년 11월 23일 00시,일요일,경상북도 안동시 길안면,경상사고,0,0,1,0,차량단독 - 도로외이탈 - 기타,안전운전불이행,건조,맑음,단일로 - 기타,승용,여,35세,경상,,,,
2014112300100081,2014년 11월 23일 04시,일요일,경상북도 포항시 북구 흥해읍,경상사고,0,0,2,0,차대차 - 기타,신호위반,건조,맑음,교차로 - 교차로안,화물,남,56세,상해없음,승용,남,48세,경상
2014112300100082,2014년 11월 23일 04시,일요일,경상북도 청송군 청송읍,중상사고,0,2,1,0,차량단독 - 도로외이탈 - 추락,안전운전불이행,습기,안개,단일로 - 기타,승합,남,48세,상해없음,,,,
2014112300100092,2014년 11월 23일 05시,일요일,경상북도 포항시 남구 동촌동,경상사고,0,0,1,0,차대차 - 측면직각충돌,안전운전불이행,건조,맑음,교차로 - 교차로안,승용,여,50세,상해없음,승용,남,63세,경상
2014112300100119,2014년 11월 23일 07시,일요일,경상북도 김천시 아포읍,중상사고,0,2,0,0,차대차 - 측면직각충돌,신호위반,건조,맑음,교차로 - 교차로안,승용,여,51세,상해없음,승용,남,23세,중상
2014112300100146,2014년 11월 23일 09시,일요일,경상북도 포항시 남구 지곡동,경상사고,0,0,1,0,차대차 - 추돌 - 주정차중,안전거리미확보,건조,맑음,단일로 - 기타,승용,남,58세,상해없음,승용,남,61세,경상
2014112300100165,2014년 11월 23일 10시,일요일,경상북도 칠곡군 석적읍,부상신고사고,0,0,0,1,차대차 - 측면직각충돌,안전운전불이행,건조,맑음,단일로 - 기타,특수,남,57세,부상신고,승용,남,41세,상해없음
2014112300100166,2014년 11월 23일 10시,일요일,경상북도 봉화군 춘양면,중상사고,0,1,0,0,차량단독 - 도로외이탈 - 기타,안전운전불이행,결빙,맑음,단일로 - 기타,승용,남,37세,상해없음,,,,
2014112300100167,2014년 11월 23일 10시,일요일,경상북도 구미시 구포동,경상사고,0,0,1,0,차대차 - 측면직각충돌,안전운전불이행,건조,맑음,단일로 - 기타,승용,여,47세,상해없음,자전거,남,52세,경상
2014112300100189,2014년 11월 23일 11시,일요일,경상북도 청도군 청도읍,경상사고,0,0,1,0,차대차 - 기타,안전운전불이행,건조,맑음,기타 - 기타,원동기,남,38세,경상,승용,남,30세,상해없음
2014112300100190,2014년 11월 23일 11시,일요일,경상북도 울진군 후포면,중상사고,0,1,0,0,차대차 - 추돌 - 진행중,안전운전불이행,건조,맑음,단일로 - 기타,원동기,남,17세,중상,승용,남,63세,상해없음
2014112300100210,2014년 11월 23일 12시,일요일,경상북도 포항시 북구 죽도동,경상사고,0,0,3,0,차대차 - 기타,안전거리미확보,건조,맑음,단일로 - 기타,승합,남,59세,상해없음,승용,여,26세,경상
2014112300100211,2014년 11월 23일 12시,일요일,경상북도 영천시 금호읍,경상사고,0,0,3,0,차대차 - 기타,안전운전불이행,건조,맑음,교차로 - 교차로안,승용,남,64세,상해없음,승합,남,36세,상해없음
2014112300100236,2014년 11월 23일 13시,일요일,경상북도 경주시 감포읍,중상사고,0,1,0,0,차대차 - 기타,교차로운행방법위반,건조,맑음,교차로 - 교차로안,원동기,남,20세,중상,승용,남,43세,상해없음
2014112300100237,2014년 11월 23일 13시,일요일,경상북도 군위군 의흥면,사망사고,1,0,0,0,차량단독 - 도로외이탈 - 추락,안전운전불이행,건조,맑음,단일로 - 기타,이륜,남,53세,사망,,,,
2014112300100265,2014년 11월 23일 14시,일요일,경상북도 안동시 용상동,중상사고,0,1,0,0,차대차 - 기타,안전운전불이행,건조,맑음,단일로 - 기타,승용,남,20세,상해없음,자전거,남,78세,중상
2014112300100266,2014년 11월 23일 14시,일요일,경상북도 경산시 사동,중상사고,0,1,0,0,차대사람 - 기타,안전운전불이행,건조,맑음,교차로 - 교차로안,화물,남,73세,상해없음,보행자,여,39세,중상
2014112300100290,2014년 11월 23일 15시,일요일,경상북도 상주시 남장동,사망사고,1,3,0,0,차대차 - 정면충돌,중앙선침범,건조,흐림,단일로 - 기타,화물,여,65세,중상,승용,남,49세,중상
2014112300100291,2014년 11월 23일 15시,일요일,경상북도 경산시 진량읍,경상사고,0,0,1,0,차대차 - 기타,안전운전불이행,건조,맑음,교차로 - 교차로안,이륜,남,18세,경상,승용,여,42세,상해없음
2014112300100310,2014년 11월 23일 16시,일요일,경상북도 경주시 외동읍,경상사고,0,0,1,0,차대차 - 기타,안전운전불이행,건조,맑음,단일로 - 기타,승용,남,62세,상해없음,승용,여,49세,경상
2014112300100346,2014년 11월 23일 17시,일요일,경상북도 경주시 석장동,경상사고,0,0,1,0,차대차 - 기타,안전운전불이행,건조,맑음,교차로 - 교차로안,원동기,남,24세,상해없음,자전거,남,23세,경상
2014112300100347,2014년 11월 23일 17시,일요일,경상북도 안동시 법흥동,중상사고,0,2,0,0,차대차 - 기타,안전운전불이행,건조,맑음,미분류 - 미분류,승용,남,21세,상해없음,화물,여,45세,중상
2014112300100348,2014년 11월 23일 17시,일요일,경상북도 영천시 야사동,경상사고,0,0,2,0,차대차 - 기타,안전거리미확보,건조,맑음,단일로 - 기타,이륜,남,34세,경상,승용,남,41세,경상
2014112300100349,2014년 11월 23일 17시,일요일,경상북도 경산시 압량면,경상사고,0,0,1,0,차대차 - 기타,안전운전불이행,건조,맑음,기타 - 기타,화물,남,62세,상해없음,승용,남,45세,경상
2014112300100350,2014년 11월 23일 17시,일요일,경상북도 고령군 고령읍,경상사고,0,0,1,0,차대사람 - 기타,안전운전불이행,건조,맑음,교차로 - 교차로안,화물,남,40세,상해없음,보행자,여,79세,경상
2014112300100398,2014년 11월 23일 18시,일요일,경상북도 경주시 성건동,경상사고,0,0,1,0,차대차 - 측면직각충돌,안전운전불이행,건조,맑음,단일로 - 기타,승용,남,30세,상해없음,이륜,남,15세,경상
2014112300100399,2014년 11월 23일 18시,일요일,경상북도 경주시 탑동,중상사고,0,1,0,0,차대차 - 기타,신호위반,건조,맑음,교차로 - 교차로안,화물,남,52세,상해없음,이륜,남,29세,중상
2014112300100447,2014년 11월 23일 19시,일요일,경상북도 상주시 서문동,경상사고,0,0,1,0,차대차 - 기타,안전운전불이행,건조,맑음,단일로 - 기타,승용,남,50세,상해없음,이륜,남,46세,경상
2014112300100448,2014년 11월 23일 19시,일요일,경상북도 구미시 신평동,경상사고,0,0,2,0,차대차 - 측면직각충돌,신호위반,건조,맑음,교차로 - 교차로안,승용,남,28세,상해없음,승용,남,34세,경상
2014112300100449,2014년 11월 23일 19시,일요일,경상북도 포항시 남구 대잠동,중상사고,0,1,0,0,차대차 - 정면충돌,중앙선침범,건조,맑음,단일로 - 기타,승합,남,44세,상해없음,승용,남,54세,중상
2014112300100483,2014년 11월 23일 20시,일요일,경상북도 칠곡군 왜관읍,부상신고사고,0,0,0,1,차대차 - 측면직각충돌,안전운전불이행,건조,맑음,단일로 - 기타,원동기,남,63세,부상신고,승용,남,37세,기타불명
2014112300100484,2014년 11월 23일 20시,일요일,경상북도 칠곡군 가산면,중상사고,0,1,1,0,차대차 - 측면직각충돌,안전운전불이행,건조,맑음,교차로 - 교차로안,승용,여,20세,경상,승용,남,30세,중상
2014112300100485,2014년 11월 23일 20시,일요일,경상북도 포항시 남구 효자동,경상사고,0,0,1,0,차대차 - 측면직각충돌,교차로운행방법위반,건조,맑음,교차로 - 교차로안,승용,남,65세,상해없음,승용,남,44세,경상
2014112300100515,2014년 11월 23일 21시,일요일,경상북도 안동시 옥동,경상사고,0,0,1,0,차대사람 - 횡단중,신호위반,건조,맑음,교차로 - 교차로부근,승용,남,49세,상해없음,보행자,여,13세,경상
2014112300100536,2014년 11월 23일 22시,일요일,경상북도 경주시 동천동,경상사고,0,0,1,0,차대사람 - 기타,안전운전불이행,건조,맑음,단일로 - 기타,승용,여,46세,상해없음,보행자,남,39세,경상
2014112300100537,2014년 11월 23일 22시,일요일,경상북도 구미시 도량동,중상사고,0,1,0,0,차대차 - 측면직각충돌,신호위반,건조,맑음,교차로 - 교차로안,승용,남,31세,상해없음,승용,남,42세,중상
2014112300100548,2014년 11월 23일 23시,일요일,경상북도 상주시 가장동,중상사고,0,1,0,0,차대사람 - 기타,안전운전불이행,기타,맑음,단일로 - 기타,승용,남,37세,상해없음,보행자,남,21세,중상
2014112300100549,2014년 11월 23일 23시,일요일,경상북도 구미시 원평동,경상사고,0,0,2,0,차대차 - 측면직각충돌,안전운전불이행,건조,맑음,단일로 - 기타,승용,남,40세,상해없음,승용,남,43세,경상
2014112300100550,2014년 11월 23일 23시,일요일,경상북도 구미시 진평동,경상사고,0,0,1,0,차대차 - 측면직각충돌,안전운전불이행,건조,흐림,교차로 - 교차로부근,승용,남,28세,상해없음,승용,남,34세,경상
2014112400100101,2014년 11월 24일 07시,월요일,경상북도 경주시 노서동,중상사고,0,1,0,0,차대차 - 측면직각충돌,안전운전불이행,습기,비,교차로 - 교차로안,화물,남,34세,상해없음,자전거,남,82세,중상
2014112400100102,2014년 11월 24일 07시,월요일,경상북도 경주시 황용동,사망사고,1,4,3,0,차대차 - 기타,중앙선침범,습기,비,단일로 - 기타,화물,남,52세,사망,승합,남,49세,경상
2014112400100136,2014년 11월 24일 08시,월요일,경상북도 포항시 북구 용흥동,경상사고,0,0,1,0,차대차 - 기타,안전운전불이행,습기,비,단일로 - 기타,화물,남,48세,상해없음,승용,남,59세,경상
2014112400100137,2014년 11월 24일 08시,월요일,경상북도 안동시 옥동,중상사고,0,1,0,0,차대사람 - 기타,안전운전불이행,습기,흐림,교차로 - 교차로안,승용,여,37세,상해없음,보행자,여,91세,중상
2014112400100138,2014년 11월 24일 08시,월요일,경상북도 영천시 금호읍,경상사고,0,0,1,0,차량단독 - 공작물충돌,안전운전불이행,습기,비,단일로 - 기타,승합,남,45세,상해없음,,,,
2014112400100139,2014년 11월 24일 08시,월요일,경상북도 구미시 임은동,경상사고,0,0,1,0,차대차 - 기타,안전운전불이행,습기,비,단일로 - 기타,승용,남,31세,상해없음,승용,여,37세,경상
2014112400100159,2014년 11월 24일 09시,월요일,경상북도 경주시 구황동,경상사고,0,0,1,0,차대차 - 기타,안전운전불이행,건조,맑음,단일로 - 기타,승용,남,73세,상해없음,승용,남,74세,경상
2014112400100160,2014년 11월 24일 09시,월요일,경상북도 포항시 북구 우현동,부상신고사고,0,0,0,1,차대사람 - 횡단중,안전운전불이행,습기,비,단일로 - 기타,승용,남,67세,상해없음,보행자,남,18세,부상신고
2014112400100161,2014년 11월 24일 09시,월요일,경상북도 포항시 남구 해도동,중상사고,0,1,0,0,차대사람 - 횡단중,안전운전불이행,습기,흐림,단일로 - 기타,승용,남,74세,상해없음,보행자,여,92세,중상
2014112400100195,2014년 11월 24일 10시,월요일,경상북도 안동시 법상동,경상사고,0,0,1,0,차대차 - 기타,안전운전불이행,건조,맑음,교차로 - 교차로부근,화물,남,39세,상해없음,승용,남,54세,경상
2014112400100196,2014년 11월 24일 10시,월요일,경상북도 상주시 함창읍,중상사고,0,2,0,0,차대차 - 기타,불법유턴,습기,비,단일로 - 기타,화물,남,59세,상해없음,승용,남,58세,중상
2014112400100197,2014년 11월 24일 10시,월요일,경상북도 의성군 의성읍,부상신고사고,0,0,0,1,차량단독 - 공작물충돌,안전운전불이행,습기,비,교차로 - 교차로안,승용,남,65세,부상신고,,,,
2014112400100199,2014년 11월 24일 10시,월요일,경상북도 칠곡군 왜관읍,경상사고,0,0,2,0,차량단독 - 공작물충돌,안전운전불이행,습기,비,단일로 - 기타,승용,남,19세,경상,,,,
2014112400100228,2014년 11월 24일 11시,월요일,경상북도 경주시 외동읍,경상사고,0,0,1,1,차대차 - 기타,안전운전불이행,습기,비,교차로 - 교차로부근,화물,남,61세,부상신고,화물,남,49세,경상
2014112400100229,2014년 11월 24일 11시,월요일,경상북도 포항시 북구 남빈동,중상사고,0,1,0,0,차대차 - 기타,신호위반,건조,맑음,교차로 - 교차로안,승용,남,59세,상해없음,원동기,남,62세,중상
2014112400100230,2014년 11월 24일 11시,월요일,경상북도 경산시 하양읍,경상사고,0,0,4,0,차대차 - 기타,직진우회전진행방해,습기,비,교차로 - 교차로안,승용,여,64세,경상,화물,남,56세,경상
2014112400100231,2014년 11월 24일 11시,월요일,경상북도 경산시 중방동,경상사고,0,0,1,0,차대차 - 기타,차로위반,건조,맑음,교차로 - 교차로안,승용,남,57세,상해없음,승용,남,47세,경상
2014112400100253,2014년 11월 24일 12시,월요일,경상북도 울진군 울진읍,경상사고,0,0,1,0,차대차 - 기타,안전운전불이행,건조,맑음,단일로 - 기타,승용,남,39세,상해없음,원동기,남,62세,경상
2014112400100254,2014년 11월 24일 12시,월요일,경상북도 포항시 남구 괴동동,중상사고,0,1,4,0,차대차 - 추돌 - 진행중,안전운전불이행,습기,비,교차로 - 교차로부근,승용,남,51세,상해없음,승용,여,26세,중상
2014112400100290,2014년 11월 24일 13시,월요일,경상북도 안동시 태화동,중상사고,0,1,2,0,차대차 - 측면직각충돌,안전운전불이행,습기,비,교차로 - 교차로안,승용,남,42세,상해없음,승용,남,76세,중상
2014112400100291,2014년 11월 24일 13시,월요일,경상북도 김천시 다수동,중상사고,0,3,1,0,차대차 - 측면직각충돌,안전운전불이행,습기,비,교차로 - 교차로안,승용,남,68세,중상,승용,남,66세,경상
2014112400100292,2014년 11월 24일 13시,월요일,경상북도 상주시 모동면,경상사고,0,0,1,0,차대차 - 기타,교차로운행방법위반,습기,비,교차로 - 교차로안,승용,남,51세,상해없음,화물,남,54세,상해없음
2014112400100293,2014년 11월 24일 13시,월요일,경상북도 칠곡군 가산면,경상사고,0,0,2,0,차대차 - 기타,안전운전불이행,습기,비,단일로 - 기타,화물,남,63세,상해없음,건설기계,남,60세,상해없음
2014112400100294,2014년 11월 24일 13시,월요일,경상북도 영천시 도남동,중상사고,0,1,0,0,차대차 - 기타,안전운전불이행,습기,비,교차로 - 교차로안,화물,남,45세,상해없음,승용,남,61세,중상
2014112400100295,2014년 11월 24일 13시,월요일,경상북도 경산시 하양읍,경상사고,0,0,1,0,차대차 - 기타,안전운전불이행,건조,맑음,단일로 - 기타,화물,남,45세,상해없음,화물,남,61세,경상
2014112400100296,2014년 11월 24일 13시,월요일,경상북도 구미시 옥계동,경상사고,0,0,1,0,차대차 - 기타,교차로운행방법위반,습기,비,교차로 - 교차로안,승용,여,41세,상해없음,승용,여,35세,경상
2014112400100329,2014년 11월 24일 14시,월요일,경상북도 경주시 안강읍,부상신고사고,0,0,0,1,차량단독 - 기타,안전운전불이행,습기,비,단일로 - 기타,승용,남,57세,부상신고,,,,
2014112400100330,2014년 11월 24일 14시,월요일,경상북도 경주시 양남면,중상사고,0,1,2,0,차대차 - 기타,안전운전불이행,습기,비,교차로 - 교차로부근,화물,남,56세,상해없음,승용,남,32세,경상
2014112400100331,2014년 11월 24일 14시,월요일,경상북도 상주시 사벌면,중상사고,0,1,0,0,차대차 - 측면직각충돌,교차로운행방법위반,건조,흐림,교차로 - 교차로안,승용,남,55세,상해없음,승용,여,70세,중상
2014112400100332,2014년 11월 24일 14시,월요일,경상북도 경산시 중방동,경상사고,0,0,1,0,차대차 - 기타,안전거리미확보,습기,비,단일로 - 기타,화물,남,68세,상해없음,승용,남,62세,경상
2014112400100364,2014년 11월 24일 15시,월요일,경상북도 울진군 평해읍,부상신고사고,0,0,0,1,차량단독 - 도로외이탈 - 기타,안전운전불이행,습기,맑음,단일로 - 기타,승용,남,63세,부상신고,,,,
2014112400100365,2014년 11월 24일 15시,월요일,경상북도 고령군 다산면,경상사고,0,0,1,0,차대사람 - 횡단중,보행자보호의무위반,습기,비,단일로 - 횡단보도상,승용,여,63세,기타불명,보행자,여,12세,경상
2014112400100366,2014년 11월 24일 15시,월요일,경상북도 구미시 시미동,경상사고,0,0,1,0,차대차 - 기타,신호위반,습기,비,교차로 - 교차로안,승용,남,39세,상해없음,승용,남,49세,경상
2014112400100403,2014년 11월 24일 16시,월요일,경상북도 안동시 풍산읍,경상사고,0,0,2,0,차대차 - 추돌 - 진행중,안전운전불이행,습기,비,단일로 - 기타,승용,남,18세,상해없음,화물,남,67세,경상
2014112400100404,2014년 11월 24일 16시,월요일,경상북도 울릉군 울릉읍,경상사고,0,0,1,0,차대차 - 기타,안전운전불이행,습기,비,단일로 - 기타,화물,남,73세,상해없음,원동기,남,51세,경상
2014112400100405,2014년 11월 24일 16시,월요일,경상북도 구미시 임수동,중상사고,0,1,0,2,차대차 - 기타,신호위반,습기,비,교차로 - 교차로안,화물,남,24세,부상신고,화물,남,49세,중상
2014112400100461,2014년 11월 24일 17시,월요일,경상북도 경주시 양북면,중상사고,0,1,0,0,차대차 - 기타,중앙선침범,습기,비,단일로 - 기타,승용,여,54세,상해없음,화물,남,60세,중상
2014112400100462,2014년 11월 24일 17시,월요일,경상북도 포항시 북구 용흥동,경상사고,0,0,1,0,차대차 - 기타,안전거리미확보,습기,비,교차로 - 교차로부근,승용,여,50세,상해없음,승용,여,45세,경상
2014112400100463,2014년 11월 24일 17시,월요일,경상북도 상주시 신봉동,중상사고,0,1,0,0,차대사람 - 횡단중,보행자보호의무위반,습기,비,교차로 - 교차로안,승용,남,40세,상해없음,보행자,남,16세,중상
2014112400100464,2014년 11월 24일 17시,월요일,경상북도 고령군 운수면,중상사고,0,1,0,0,차대사람 - 길가장자리구역통행중,안전운전불이행,습기,비,단일로 - 기타,기타불명,기타불명,기타불명,기타불명,보행자,남,57세,중상
2014112400100465,2014년 11월 24일 17시,월요일,경상북도 영양군 영양읍,경상사고,0,0,1,0,차대사람 - 기타,안전운전불이행,습기,비,단일로 - 기타,승용,여,34세,상해없음,보행자,여,8세,경상