사고번호,사고일시,요일,시군구,사고내용,사망자수,중상자수,경상자수,부상신고자수,사고유형,법규위반,노면상태,기상상태,도로형태,가해운전자 차종,가해운전자 성별,가해운전자 연령,가해운전자 상해정도,피해운전자 차종,피해운전자 성별,피해운전자 연령,피해운전자 상해정도
2014112400100466,2014년 11월 24일 17시,월요일,경상북도 구미시 상모동,경상사고,0,0,1,0,차대사람 - 기타,신호위반,습기,비,교차로 - 교차로부근,승용,여,35세,상해없음,보행자,여,49세,경상
2014112400100467,2014년 11월 24일 17시,월요일,경상북도 구미시 송정동,중상사고,0,1,0,0,차대사람 - 기타,보행자보호의무위반,습기,비,단일로 - 기타,승용,여,55세,상해없음,보행자,여,55세,중상
2014112400100468,2014년 11월 24일 17시,월요일,경상북도 포항시 남구 오천읍,중상사고,0,1,0,0,차대사람 - 횡단중,안전운전불이행,건조,맑음,단일로 - 기타,화물,남,66세,상해없음,보행자,여,68세,중상
2014112400100534,2014년 11월 24일 18시,월요일,경상북도 김천시 다수동,경상사고,0,0,1,0,차대차 - 측면직각충돌,안전운전불이행,습기,비,기타 - 기타,화물,남,66세,상해없음,승용,여,58세,경상
2014112400100535,2014년 11월 24일 18시,월요일,경상북도 김천시 대항면,경상사고,0,0,1,0,차대차 - 측면직각충돌,신호위반,습기,비,교차로 - 교차로안,승용,남,32세,상해없음,승용,남,38세,경상
2014112400100536,2014년 11월 24일 18시,월요일,경상북도 칠곡군 왜관읍,경상사고,0,0,1,0,차대차 - 기타,안전거리미확보,습기,비,단일로 - 교량,승용,남,50세,상해없음,승용,여,55세,경상
2014112400100537,2014년 11월 24일 18시,월요일,경상북도 칠곡군 가산면,경상사고,0,0,2,0,차대차 - 추돌 - 진행중,안전운전불이행,습기,비,단일로 - 기타,승용,남,39세,상해없음,승용,여,62세,경상
2014112400100538,2014년 11월 24일 18시,월요일,경상북도 칠곡군 석적읍,중상사고,0,1,0,0,차대사람 - 길가장자리구역통행중,안전운전불이행,습기,비,단일로 - 기타,승용,남,47세,상해없음,보행자,남,61세,중상
2014112400100539,2014년 11월 24일 18시,월요일,경상북도 문경시 모전동,경상사고,0,0,1,0,차대사람 - 횡단중,안전운전불이행,건조,맑음,단일로 - 기타,승용,여,41세,상해없음,보행자,남,23세,경상
2014112400100540,2014년 11월 24일 18시,월요일,경상북도 문경시 마성면,중상사고,0,1,0,0,차량단독 - 공작물충돌,안전운전불이행,습기,비,단일로 - 기타,승용,남,46세,중상,,,,
2014112400100541,2014년 11월 24일 18시,월요일,경상북도 성주군 성주읍,경상사고,0,0,1,0,차대사람 - 기타,안전운전불이행,습기,비,교차로 - 교차로안,승합,남,52세,상해없음,보행자,여,61세,경상
2014112400100542,2014년 11월 24일 18시,월요일,경상북도 고령군 고령읍,경상사고,0,0,3,0,차대차 - 추돌 - 주정차중,안전운전불이행,습기,비,교차로 - 교차로부근,승용,남,40세,기타불명,승용,여,37세,경상
2014112400100605,2014년 11월 24일 19시,월요일,경상북도 경산시 압량면,중상사고,0,2,0,0,차대차 - 측면직각충돌,안전운전불이행,습기,비,단일로 - 기타,승용,여,41세,상해없음,승용,남,34세,중상
2014112400100606,2014년 11월 24일 19시,월요일,경상북도 포항시 남구 오천읍,중상사고,0,1,0,0,차대사람 - 횡단중,안전운전불이행,습기,비,교차로 - 교차로안,승용,남,62세,상해없음,보행자,여,90세 이상,중상
2014112400100651,2014년 11월 24일 20시,월요일,경상북도 경주시 동천동,경상사고,0,0,1,0,차대차 - 기타,교차로운행방법위반,습기,비,교차로 - 교차로안,승용,남,62세,상해없음,승용,남,58세,상해없음
2014112400100652,2014년 11월 24일 20시,월요일,경상북도 구미시 구평동,경상사고,0,0,2,0,차대차 - 기타,직진우회전진행방해,습기,비,교차로 - 교차로안,승용,남,52세,상해없음,승용,남,44세,경상
2014112400100653,2014년 11월 24일 20시,월요일,경상북도 구미시 공단동,경상사고,0,0,5,0,차대차 - 기타,직진우회전진행방해,습기,비,교차로 - 교차로안,화물,남,22세,상해없음,승용,남,25세,경상
2014112400100654,2014년 11월 24일 20시,월요일,경상북도 구미시 옥계동,경상사고,0,0,1,0,차대차 - 기타,안전운전불이행,습기,비,단일로 - 기타,승용,남,30세,상해없음,승합,남,54세,기타불명
2014112400100686,2014년 11월 24일 21시,월요일,경상북도 경주시 동천동,경상사고,0,0,1,0,차대차 - 기타,안전운전불이행,건조,맑음,단일로 - 기타,화물,남,59세,상해없음,승용,여,42세,경상
2014112400100687,2014년 11월 24일 21시,월요일,경상북도 경산시 중방동,경상사고,0,0,1,0,차대차 - 기타,안전운전불이행,습기,비,단일로 - 기타,승용,남,30세,상해없음,승용,남,22세,상해없음
2014112400100726,2014년 11월 24일 22시,월요일,경상북도 안동시 옥동,부상신고사고,0,0,0,1,차량단독 - 기타,안전운전불이행,건조,맑음,기타 - 기타,승용,남,25세,부상신고,,,,
2014112400100727,2014년 11월 24일 22시,월요일,경상북도 김천시 평화동,경상사고,0,0,1,0,차대차 - 측면직각충돌,안전운전불이행,습기,비,단일로 - 기타,승용,남,57세,상해없음,이륜,남,21세,경상
2014112400100728,2014년 11월 24일 22시,월요일,경상북도 칠곡군 북삼읍,경상사고,0,0,2,0,차대차 - 기타,중앙선침범,습기,비,단일로 - 기타,승용,남,25세,상해없음,승용,남,44세,경상
2014112400100729,2014년 11월 24일 22시,월요일,경상북도 영양군 석보면,경상사고,0,0,2,0,차대차 - 측면직각충돌,중앙선침범,습기,비,교차로 - 교차로안,승용,남,62세,경상,화물,남,32세,경상
2014112400100730,2014년 11월 24일 22시,월요일,경상북도 구미시 사곡동,경상사고,0,0,1,0,차대사람 - 기타,안전운전불이행,건조,맑음,단일로 - 기타,원동기,남,34세,상해없음,보행자,여,27세,경상
2014112400100768,2014년 11월 24일 23시,월요일,경상북도 포항시 북구 죽도동,중상사고,0,1,0,0,차대사람 - 횡단중,안전운전불이행,습기,비,단일로 - 기타,원동기,남,33세,상해없음,보행자,남,31세,중상
2014112400100769,2014년 11월 24일 23시,월요일,경상북도 칠곡군 석적읍,중상사고,0,1,0,0,차대차 - 기타,교차로운행방법위반,습기,비,교차로 - 교차로안,승용,남,32세,상해없음,승용,남,54세,중상
2014112400100770,2014년 11월 24일 23시,월요일,경상북도 울진군 죽변면,경상사고,0,0,2,0,차대차 - 기타,안전운전불이행,습기,비,단일로 - 기타,화물,남,55세,상해없음,승용,남,35세,상해없음
2014112400100771,2014년 11월 24일 23시,월요일,경상북도 구미시 도량동,경상사고,0,0,1,0,차대차 - 기타,안전운전불이행,습기,비,교차로 - 교차로안,승용,남,36세,상해없음,승용,남,59세,경상
2014112500100021,2014년 11월 25일 00시,화요일,경상북도 경산시 중방동,경상사고,0,0,1,0,차대차 - 측면직각충돌,신호위반,습기,비,교차로 - 교차로안,승용,남,54세,상해없음,승용,남,72세,경상
2014112500100022,2014년 11월 25일 00시,화요일,경상북도 포항시 남구 이동,경상사고,0,0,3,0,차대차 - 추돌 - 주정차중,안전운전불이행,습기,비,교차로 - 교차로부근,승용,여,38세,상해없음,승용,남,27세,경상
2014112500100046,2014년 11월 25일 01시,화요일,경상북도 의성군 의성읍,중상사고,0,2,0,0,차량단독 - 공작물충돌,안전운전불이행,습기,비,단일로 - 기타,승용,남,41세,중상,,,,
2014112500100101,2014년 11월 25일 06시,화요일,경상북도 문경시 문경읍,중상사고,0,1,1,0,차대차 - 측면직각충돌,교차로운행방법위반,건조,맑음,교차로 - 교차로안,승용,남,60세,경상,이륜,남,75세,중상
2014112500100114,2014년 11월 25일 07시,화요일,경상북도 구미시 고아읍,부상신고사고,0,0,0,1,차대차 - 기타,안전운전불이행,건조,맑음,교차로 - 교차로안,이륜,남,76세,부상신고,화물,남,60세,상해없음
2014112500100115,2014년 11월 25일 07시,화요일,경상북도 포항시 남구 인덕동,경상사고,0,0,6,0,차대차 - 측면직각충돌,안전운전불이행,습기,비,교차로 - 교차로부근,화물,남,47세,경상,승용,남,28세,경상
2014112500100148,2014년 11월 25일 08시,화요일,경상북도 경주시 외동읍,중상사고,0,1,0,0,차대차 - 기타,중앙선침범,습기,비,단일로 - 기타,승용,남,33세,상해없음,화물,남,44세,중상
2014112500100149,2014년 11월 25일 08시,화요일,경상북도 포항시 북구 우현동,경상사고,0,0,2,0,차대차 - 기타,교차로운행방법위반,습기,흐림,교차로 - 교차로안,승용,남,43세,경상,승용,여,44세,경상
2014112500100150,2014년 11월 25일 08시,화요일,경상북도 경산시 압량면,경상사고,0,0,2,0,차대차 - 정면충돌,중앙선침범,습기,비,단일로 - 기타,승용,남,50세,경상,승용,여,48세,경상
2014112500100151,2014년 11월 25일 08시,화요일,경상북도 고령군 운수면,경상사고,0,0,2,0,차대차 - 측면직각충돌,안전운전불이행,습기,맑음,단일로 - 기타,승용,남,50세,상해없음,승합,남,43세,경상
2014112500100152,2014년 11월 25일 08시,화요일,경상북도 구미시 고아읍,중상사고,0,2,0,0,차대차 - 기타,신호위반,건조,맑음,교차로 - 교차로안,화물,남,49세,상해없음,승용,여,41세,중상
2014112500100153,2014년 11월 25일 08시,화요일,경상북도 포항시 남구 대잠동,경상사고,0,0,1,0,차대차 - 기타,직진우회전진행방해,습기,비,교차로 - 교차로안,승용,남,62세,상해없음,승용,남,33세,상해없음
2014112500100193,2014년 11월 25일 09시,화요일,경상북도 상주시 화개동,경상사고,0,0,1,0,차대차 - 측면직각충돌,안전운전불이행,습기,비,교차로 - 교차로안,자전거,남,84세,경상,화물,남,28세,상해없음
2014112500100194,2014년 11월 25일 09시,화요일,경상북도 영천시 완산동,경상사고,0,0,1,0,차대차 - 기타,신호위반,건조,흐림,교차로 - 교차로안,화물,남,54세,상해없음,승용,여,33세,경상
2014112500100195,2014년 11월 25일 09시,화요일,경상북도 구미시 봉곡동,중상사고,0,2,2,0,차대차 - 기타,중앙선침범,습기,흐림,단일로 - 기타,승용,남,56세,상해없음,승용,남,33세,경상
2014112500100222,2014년 11월 25일 10시,화요일,경상북도 포항시 북구 장성동,경상사고,0,0,2,0,차대차 - 기타,중앙선침범,건조,흐림,단일로 - 기타,승용,남,27세,기타불명,승용,남,30세,경상
2014112500100223,2014년 11월 25일 10시,화요일,경상북도 영주시 영주동,경상사고,0,0,1,0,차대사람 - 횡단중,보행자보호의무위반,건조,맑음,교차로 - 교차로부근,승용,남,76세,상해없음,보행자,남,55세,경상
2014112500100253,2014년 11월 25일 11시,화요일,경상북도 포항시 북구 덕산동,경상사고,0,0,1,0,차대차 - 기타,안전운전불이행,건조,흐림,기타 - 기타,승용,남,72세,상해없음,자전거,남,46세,경상
2014112500100254,2014년 11월 25일 11시,화요일,경상북도 김천시 성내동,중상사고,0,1,0,0,차대사람 - 기타,보행자보호의무위반,건조,맑음,단일로 - 횡단보도상,기타불명,기타불명,기타불명,기타불명,보행자,남,74세,중상
2014112500100255,2014년 11월 25일 11시,화요일,경상북도 구미시 광평동,중상사고,0,1,0,0,차대사람 - 기타,안전운전불이행,건조,흐림,단일로 - 기타,승용,남,56세,상해없음,보행자,여,72세,중상
2014112500100276,2014년 11월 25일 12시,화요일,경상북도 안동시 용상동,중상사고,0,1,0,0,차대사람 - 기타,안전운전불이행,건조,맑음,단일로 - 기타,승용,남,27세,상해없음,보행자,여,73세,중상
2014112500100277,2014년 11월 25일 12시,화요일,경상북도 구미시 형곡동,경상사고,0,0,1,0,차대차 - 기타,안전운전불이행,건조,맑음,단일로 - 기타,이륜,남,42세,경상,승용,여,43세,상해없음
2014112500100305,2014년 11월 25일 13시,화요일,경상북도 의성군 의성읍,경상사고,0,0,1,0,차대사람 - 횡단중,보행자보호의무위반,건조,맑음,교차로 - 교차로부근,화물,남,56세,상해없음,보행자,여,7세,경상
2014112500100335,2014년 11월 25일 14시,화요일,경상북도 경주시 안강읍,경상사고,0,0,1,0,차대차 - 기타,안전운전불이행,건조,맑음,교차로 - 교차로안,화물,남,60세,상해없음,이륜,남,80세,경상
2014112500100336,2014년 11월 25일 14시,화요일,경상북도 문경시 신기동,경상사고,0,0,1,0,차대차 - 측면직각충돌,신호위반,건조,맑음,교차로 - 교차로안,화물,남,50세,상해없음,화물,남,41세,경상
2014112500100370,2014년 11월 25일 15시,화요일,경상북도 포항시 북구 창포동,경상사고,0,0,1,0,차대차 - 기타,중앙선침범,건조,맑음,단일로 - 기타,승용,남,58세,상해없음,승용,여,41세,경상
2014112500100459,2014년 11월 25일 17시,화요일,경상북도 경주시 황성동,중상사고,0,1,0,0,차대사람 - 기타,안전운전불이행,건조,흐림,단일로 - 기타,화물,남,56세,상해없음,보행자,여,13세,중상
2014112500100460,2014년 11월 25일 17시,화요일,경상북도 영주시 장수면,경상사고,0,0,2,0,차대차 - 추돌 - 진행중,안전운전불이행,건조,맑음,단일로 - 기타,승용,남,60세,경상,건설기계,남,40세,경상
2014112500100461,2014년 11월 25일 17시,화요일,경상북도 칠곡군 왜관읍,경상사고,0,0,1,0,차대차 - 기타,차로위반,건조,맑음,교차로 - 교차로부근,화물,남,64세,상해없음,승용,여,43세,경상
2014112500100462,2014년 11월 25일 17시,화요일,경상북도 청송군 파천면,경상사고,0,0,1,0,차대차 - 정면충돌,중앙선침범,건조,맑음,단일로 - 기타,건설기계,남,71세,상해없음,승용,남,71세,경상
2014112500100516,2014년 11월 25일 18시,화요일,경상북도 포항시 북구 장성동,경상사고,0,0,1,0,차대사람 - 횡단중,안전운전불이행,건조,맑음,단일로 - 기타,화물,남,59세,상해없음,보행자,여,42세,경상
2014112500100517,2014년 11월 25일 18시,화요일,경상북도 칠곡군 약목면,중상사고,0,1,0,0,차대차 - 기타,안전거리미확보,건조,맑음,단일로 - 기타,승용,여,47세,상해없음,승용,여,30세,중상
2014112500100518,2014년 11월 25일 18시,화요일,경상북도 경산시 중산동,중상사고,0,1,0,0,차대차 - 기타,안전운전불이행,건조,흐림,단일로 - 횡단보도상,승용,여,64세,상해없음,자전거,남,67세,중상
2014112500100519,2014년 11월 25일 18시,화요일,경상북도 영덕군 영덕읍,중상사고,0,1,1,0,차대차 - 정면충돌,중앙선침범,습기,흐림,단일로 - 기타,승용,여,43세,경상,승용,여,50세,중상
2014112500100520,2014년 11월 25일 18시,화요일,경상북도 구미시 도량동,경상사고,0,0,3,0,차대차 - 기타,안전운전불이행,건조,맑음,단일로 - 횡단보도부근,승용,남,29세,경상,승용,남,28세,경상
2014112500100553,2014년 11월 25일 19시,화요일,경상북도 영천시 문외동,경상사고,0,0,1,0,차대사람 - 횡단중,안전운전불이행,건조,맑음,단일로 - 기타,이륜,남,24세,상해없음,보행자,여,58세,경상
2014112500100554,2014년 11월 25일 19시,화요일,경상북도 문경시 흥덕동,중상사고,0,1,0,0,차대사람 - 기타,불법유턴,건조,맑음,단일로 - 기타,승용,남,71세,상해없음,보행자,남,46세,중상
2014112500100582,2014년 11월 25일 20시,화요일,경상북도 포항시 북구 환호동,경상사고,0,0,1,0,차대차 - 기타,교차로운행방법위반,건조,맑음,교차로 - 교차로안,승용,여,36세,상해없음,원동기,남,22세,경상
2014112500100583,2014년 11월 25일 20시,화요일,경상북도 울진군 평해읍,중상사고,0,1,0,0,차대차 - 추돌 - 주정차중,안전운전불이행,건조,맑음,교차로 - 교차로부근,승용,남,31세,중상,화물,남,35세,상해없음
2014112500100607,2014년 11월 25일 21시,화요일,경상북도 포항시 남구 지곡동,경상사고,0,0,2,0,차대차 - 추돌 - 진행중,안전운전불이행,건조,맑음,단일로 - 기타,승용,남,51세,상해없음,승용,여,47세,경상
2014112500100632,2014년 11월 25일 22시,화요일,경상북도 경주시 외동읍,사망사고,1,0,0,0,차대사람 - 횡단중,안전운전불이행,건조,맑음,단일로 - 기타,화물,남,67세,상해없음,보행자,남,74세,사망
2014112500100633,2014년 11월 25일 22시,화요일,경상북도 의성군 의성읍,경상사고,0,0,1,0,차대차 - 측면직각충돌,과속,건조,맑음,단일로 - 기타,화물,남,48세,상해없음,화물,남,47세,경상
2014112500100634,2014년 11월 25일 22시,화요일,경상북도 경산시 정평동,중상사고,0,2,0,0,차대차 - 측면직각충돌,신호위반,건조,맑음,교차로 - 교차로안,승용,남,49세,상해없음,승용,남,29세,중상
2014112500100635,2014년 11월 25일 22시,화요일,경상북도 청도군 청도읍,경상사고,0,0,2,0,차대차 - 기타,안전거리미확보,건조,맑음,단일로 - 기타,승용,남,38세,상해없음,승용,남,52세,경상
2014112600100028,2014년 11월 26일 01시,수요일,경상북도 영주시 장수면,중상사고,0,1,0,0,차대차 - 추돌 - 진행중,안전운전불이행,건조,맑음,단일로 - 기타,화물,남,47세,상해없음,화물,남,53세,중상
2014112600100039,2014년 11월 26일 02시,수요일,경상북도 경산시 중방동,경상사고,0,0,1,0,차대차 - 측면직각충돌,안전운전불이행,건조,맑음,단일로 - 기타,승용,남,41세,상해없음,이륜,남,22세,경상
2014112600100058,2014년 11월 26일 04시,수요일,경상북도 김천시 지좌동,중상사고,0,1,0,0,차대차 - 측면직각충돌,안전운전불이행,건조,맑음,단일로 - 기타,이륜,남,21세,중상,승합,남,61세,상해없음
2014112600100059,2014년 11월 26일 04시,수요일,경상북도 구미시 진평동,경상사고,0,0,1,0,차대차 - 기타,안전운전불이행,건조,맑음,교차로 - 교차로부근,승용,남,32세,상해없음,승용,남,36세,경상
2014112600100064,2014년 11월 26일 05시,수요일,경상북도 칠곡군 왜관읍,경상사고,0,0,2,1,차량단독 - 전도전복,안전운전불이행,건조,맑음,단일로 - 기타,화물,남,68세,부상신고,,,,
2014112600100100,2014년 11월 26일 07시,수요일,경상북도 영주시 가흥동,경상사고,0,0,1,0,차대차 - 측면직각충돌,신호위반,건조,흐림,교차로 - 교차로안,승용,남,50세,상해없음,이륜,남,52세,경상
2014112600100101,2014년 11월 26일 07시,수요일,경상북도 문경시 모전동,경상사고,0,0,1,0,차대차 - 기타,중앙선침범,건조,맑음,교차로 - 교차로안,승용,여,39세,상해없음,승용,여,52세,경상
2014112600100131,2014년 11월 26일 08시,수요일,경상북도 영천시 오수동,중상사고,0,2,1,0,차대차 - 기타,안전운전불이행,건조,맑음,교차로 - 교차로안,승용,남,38세,상해없음,승용,여,38세,중상
2014112600100132,2014년 11월 26일 08시,수요일,경상북도 예천군 예천읍,중상사고,0,1,1,0,차대차 - 측면직각충돌,직진우회전진행방해,건조,맑음,교차로 - 교차로안,승용,남,69세,상해없음,승용,여,30세,경상
2014112600100133,2014년 11월 26일 08시,수요일,경상북도 고령군 고령읍,경상사고,0,0,1,0,차대차 - 측면직각충돌,안전운전불이행,건조,맑음,단일로 - 기타,승합,남,58세,상해없음,승용,여,46세,경상
2014112600100134,2014년 11월 26일 08시,수요일,경상북도 구미시 고아읍,중상사고,0,1,1,0,차대차 - 기타,안전운전불이행,건조,맑음,단일로 - 기타,승용,남,49세,상해없음,승용,남,53세,중상
2014112600100135,2014년 11월 26일 08시,수요일,경상북도 구미시 산동면,중상사고,0,1,0,0,차대차 - 기타,중앙선침범,건조,맑음,교차로 - 교차로안,승용,남,39세,상해없음,승용,여,59세,중상
2014112600100136,2014년 11월 26일 08시,수요일,경상북도 고령군 성산면,경상사고,0,0,1,0,차대차 - 측면직각충돌,안전거리미확보,건조,맑음,단일로 - 기타,특수,남,45세,상해없음,승합,남,40세,경상
2014112600100181,2014년 11월 26일 10시,수요일,경상북도 영주시 풍기읍,중상사고,0,1,0,0,차량단독 - 도로외이탈 - 기타,안전운전불이행,건조,맑음,교차로 - 교차로안,승용,남,27세,중상,,,,
2014112600100218,2014년 11월 26일 11시,수요일,경상북도 경주시 황오동,경상사고,0,0,1,0,차대차 - 기타,안전운전불이행,건조,맑음,교차로 - 교차로부근,승용,남,76세,상해없음,자전거,여,67세,경상
2014112600100219,2014년 11월 26일 11시,수요일,경상북도 포항시 남구 인덕동,경상사고,0,0,1,0,차대차 - 측면직각충돌,안전운전불이행,건조,맑음,단일로 - 기타,승용,여,71세,상해없음,승용,남,27세,경상
2014112600100270,2014년 11월 26일 13시,수요일,경상북도 경주시 감포읍,중상사고,0,2,0,0,차량단독 - 기타,과속,건조,맑음,단일로 - 기타,승용,남,23세,중상,,,,
2014112600100271,2014년 11월 26일 13시,수요일,경상북도 경주시 동천동,중상사고,0,1,1,0,차대차 - 기타,신호위반,건조,맑음,교차로 - 교차로안,승용,남,72세,상해없음,승합,남,44세,상해없음
2014112600100272,2014년 11월 26일 13시,수요일,경상북도 영양군 입암면,중상사고,0,2,1,0,차대차 - 측면직각충돌,신호위반,건조,맑음,교차로 - 교차로안,승용,여,55세,중상,승용,남,68세,경상
2014112600100303,2014년 11월 26일 14시,수요일,경상북도 포항시 북구 학잠동,경상사고,0,0,1,0,차대사람 - 횡단중,보행자보호의무위반,건조,맑음,단일로 - 횡단보도상,승용,여,32세,상해없음,보행자,남,58세,경상
2014112600100304,2014년 11월 26일 14시,수요일,경상북도 영주시 하망동,중상사고,0,1,0,0,차대사람 - 횡단중,안전운전불이행,건조,맑음,교차로 - 교차로부근,화물,남,55세,상해없음,보행자,여,69세,중상
2014112600100305,2014년 11월 26일 14시,수요일,경상북도 봉화군 봉화읍,경상사고,0,0,1,0,차대사람 - 길가장자리구역통행중,기타,건조,맑음,단일로 - 횡단보도상,승용,남,39세,상해없음,보행자,남,31세,경상
2014112600100306,2014년 11월 26일 14시,수요일,경상북도 포항시 남구 청림동,경상사고,0,0,2,0,차대차 - 기타,안전운전불이행,건조,흐림,단일로 - 기타,승용,남,74세,경상,승용,여,46세,경상
2014112600100336,2014년 11월 26일 15시,수요일,경상북도 안동시 풍산읍,중상사고,0,1,0,0,차대차 - 기타,안전운전불이행,건조,맑음,단일로 - 기타,승용,남,35세,상해없음,승용,여,43세,중상
2014112600100362,2014년 11월 26일 16시,수요일,경상북도 구미시 임수동,경상사고,0,0,1,1,차대차 - 기타,직진우회전진행방해,건조,맑음,교차로 - 교차로안,승용,여,31세,부상신고,승용,남,41세,경상
2014112600100418,2014년 11월 26일 17시,수요일,경상북도 포항시 북구 대흥동,중상사고,0,1,0,0,차대사람 - 기타,안전운전불이행,건조,맑음,단일로 - 기타,승용,여,55세,상해없음,보행자,여,46세,중상
2014112600100419,2014년 11월 26일 17시,수요일,경상북도 안동시 용상동,경상사고,0,0,1,0,차대차 - 측면직각충돌,안전운전불이행,건조,맑음,교차로 - 교차로부근,승용,여,42세,상해없음,이륜,남,22세,경상
2014112600100470,2014년 11월 26일 18시,수요일,경상북도 경주시 안강읍,경상사고,0,0,1,0,차대사람 - 기타,안전운전불이행,건조,흐림,교차로 - 교차로부근,화물,남,34세,상해없음,보행자,남,66세,경상
2014112600100471,2014년 11월 26일 18시,수요일,경상북도 경주시 동천동,경상사고,0,0,1,0,차대차 - 기타,안전운전불이행,건조,맑음,단일로 - 기타,화물,남,64세,상해없음,승용,여,56세,경상
2014112600100472,2014년 11월 26일 18시,수요일,경상북도 영주시 하망동,중상사고,0,2,0,0,차대차 - 측면직각충돌,안전운전불이행,건조,맑음,교차로 - 교차로안,승용,남,49세,상해없음,승용,남,38세,상해없음
2014112600100474,2014년 11월 26일 18시,수요일,경상북도 구미시 도량동,중상사고,0,1,0,0,차대사람 - 기타,안전운전불이행,건조,맑음,기타 - 기타,승용,남,47세,상해없음,보행자,여,11세,중상
2014112600100475,2014년 11월 26일 18시,수요일,경상북도 포항시 남구 대송면,경상사고,0,0,1,0,차대차 - 기타,안전운전불이행,건조,맑음,교차로 - 교차로안,화물,남,49세,상해없음,승용,남,32세,경상
2014112600100517,2014년 11월 26일 19시,수요일,경상북도 문경시 문경읍,중상사고,0,2,0,0,차대차 - 추돌 - 진행중,안전운전불이행,건조,맑음,교차로 - 교차로안,승용,남,28세,상해없음,화물,남,63세,중상
2014112600100559,2014년 11월 26일 20시,수요일,경상북도 경주시 성건동,사망사고,1,0,0,0,차대사람 - 기타,안전운전불이행,건조,맑음,단일로 - 기타,원동기,남,44세,상해없음,보행자,여,67세,사망
2014112600100560,2014년 11월 26일 20시,수요일,경상북도 포항시 북구 장성동,중상사고,0,1,0,0,차대사람 - 횡단중,안전운전불이행,건조,맑음,교차로 - 교차로부근,승용,남,37세,상해없음,보행자,남,62세,중상
2014112600100561,2014년 11월 26일 20시,수요일,경상북도 칠곡군 석적읍,경상사고,0,0,1,0,차대차 - 기타,안전운전불이행,건조,맑음,단일로 - 기타,승용,여,30세,상해없음,자전거,남,22세,경상
2014112600100562,2014년 11월 26일 20시,수요일,경상북도 경산시 백천동,경상사고,0,0,1,0,차대차 - 기타,신호위반,건조,맑음,단일로 - 기타,화물,남,22세,상해없음,승용,여,53세,경상
2014112600100597,2014년 11월 26일 21시,수요일,경상북도 칠곡군 약목면,중상사고,0,1,0,0,차대차 - 기타,신호위반,건조,맑음,교차로 - 교차로안,이륜,남,16세,중상,승용,남,51세,상해없음
2014112600100598,2014년 11월 26일 21시,수요일,경상북도 영천시 망정동,중상사고,0,1,0,0,차대사람 - 기타,안전운전불이행,건조,맑음,단일로 - 기타,기타불명,기타불명,기타불명,기타불명,보행자,남,39세,중상
2014112600100599,2014년 11월 26일 21시,수요일,경상북도 경산시 중방동,중상사고,0,1,0,0,차대사람 - 기타,안전운전불이행,건조,맑음,단일로 - 기타,화물,남,59세,상해없음,보행자,남,52세,중상
2014112600100600,2014년 11월 26일 21시,수요일,경상북도 구미시 진평동,중상사고,0,1,0,0,차대차 - 기타,안전운전불이행,건조,맑음,교차로 - 교차로부근,승용,남,55세,상해없음,자전거,남,13세,중상
2014112700100012,2014년 11월 27일 00시,목요일,경상북도 포항시 남구 오천읍,경상사고,0,0,1,0,차대차 - 측면직각충돌,신호위반,건조,맑음,교차로 - 교차로안,승용,남,37세,기타불명,승용,남,54세,경상
2014112700100033,2014년 11월 27일 01시,목요일,경상북도 구미시 거의동,경상사고,0,0,2,1,차대차 - 기타,안전거리미확보,건조,맑음,단일로 - 기타,승용,남,39세,상해없음,승용,남,39세,경상
2014112700100051,2014년 11월 27일 03시,목요일,경상북도 구미시 상모동,경상사고,0,0,1,0,차대차 - 기타,안전운전불이행,건조,맑음,단일로 - 기타,승용,여,45세,상해없음,승용,남,33세,경상
2014112700100060,2014년 11월 27일 05시,목요일,경상북도 칠곡군 왜관읍,경상사고,0,0,2,0,차대차 - 추돌 - 주정차중,안전운전불이행,습기,안개,단일로 - 기타,승용,남,39세,상해없음,승용,남,61세,경상
2014112700100079,2014년 11월 27일 06시,목요일,경상북도 포항시 남구 일월동,중상사고,0,1,0,0,차대차 - 기타,신호위반,건조,맑음,교차로 - 교차로안,승용,여,30세,상해없음,승용,남,53세,중상
2014112700100141,2014년 11월 27일 08시,목요일,경상북도 경주시 외동읍,경상사고,0,0,1,0,차대차 - 기타,중앙선침범,건조,맑음,단일로 - 기타,승용,남,29세,상해없음,건설기계,남,46세,경상
2014112700100142,2014년 11월 27일 08시,목요일,경상북도 구미시 산동면,경상사고,0,0,1,0,차대차 - 기타,안전운전불이행,건조,맑음,교차로 - 교차로안,승용,남,40세,상해없음,승용,남,52세,상해없음
2014112700100143,2014년 11월 27일 08시,목요일,경상북도 구미시 황상동,경상사고,0,0,1,0,차대사람 - 기타,안전운전불이행,건조,맑음,단일로 - 기타,승용,여,31세,상해없음,보행자,여,62세,경상
2014112700100174,2014년 11월 27일 09시,목요일,경상북도 포항시 북구 장성동,경상사고,0,0,1,0,차대차 - 기타,안전운전불이행,건조,맑음,교차로 - 교차로안,승용,여,58세,기타불명,이륜,남,22세,경상