사고번호,사고일시,요일,시군구,사고내용,사망자수,중상자수,경상자수,부상신고자수,사고유형,법규위반,노면상태,기상상태,도로형태,가해운전자 차종,가해운전자 성별,가해운전자 연령,가해운전자 상해정도,피해운전자 차종,피해운전자 성별,피해운전자 연령,피해운전자 상해정도
2014112700100175,2014년 11월 27일 09시,목요일,경상북도 안동시 당북동,경상사고,0,0,2,0,차대차 - 기타,안전운전불이행,건조,맑음,교차로 - 교차로부근,승용,남,65세,상해없음,승용,남,54세,경상
2014112700100176,2014년 11월 27일 09시,목요일,경상북도 경산시 하양읍,경상사고,0,0,1,0,차대차 - 기타,중앙선침범,건조,흐림,단일로 - 기타,화물,남,28세,경상,승용,남,44세,상해없음
2014112700100177,2014년 11월 27일 09시,목요일,경상북도 성주군 가천면,경상사고,0,0,1,0,차대차 - 기타,안전운전불이행,건조,맑음,기타 - 기타,농기계,남,76세,경상,승용,남,64세,상해없음
2014112700100207,2014년 11월 27일 10시,목요일,경상북도 경주시 강동면,중상사고,0,1,1,1,차대차 - 기타,안전운전불이행,건조,맑음,단일로 - 기타,승용,남,33세,부상신고,승용,여,57세,경상
2014112700100208,2014년 11월 27일 10시,목요일,경상북도 영주시 풍기읍,중상사고,0,1,1,0,차대차 - 측면직각충돌,안전운전불이행,건조,맑음,교차로 - 교차로안,화물,남,42세,중상,승용,남,61세,상해없음
2014112700100209,2014년 11월 27일 10시,목요일,경상북도 칠곡군 석적읍,부상신고사고,0,0,0,1,차량단독 - 공작물충돌,안전운전불이행,건조,맑음,단일로 - 기타,승용,여,31세,부상신고,,,,
2014112700100210,2014년 11월 27일 10시,목요일,경상북도 경산시 중방동,경상사고,0,0,2,0,차대차 - 기타,안전운전불이행,건조,맑음,교차로 - 교차로안,승용,여,76세,경상,승용,남,59세,경상
2014112700100211,2014년 11월 27일 10시,목요일,경상북도 예천군 보문면,중상사고,0,1,0,0,차대차 - 측면직각충돌,안전운전불이행,건조,맑음,교차로 - 교차로안,농기계,남,68세,중상,화물,남,57세,상해없음
2014112700100235,2014년 11월 27일 11시,목요일,경상북도 포항시 남구 상도동,중상사고,0,1,0,0,차대차 - 측면직각충돌,교차로운행방법위반,건조,맑음,교차로 - 교차로안,승용,여,59세,상해없음,승용,여,47세,중상
2014112700100257,2014년 11월 27일 12시,목요일,경상북도 경주시 서악동,중상사고,0,1,0,0,차대차 - 추돌 - 주정차중,안전운전불이행,건조,맑음,단일로 - 교량,화물,남,58세,상해없음,원동기,남,78세,중상
2014112700100258,2014년 11월 27일 12시,목요일,경상북도 경주시 신평동,중상사고,0,1,0,0,차대차 - 기타,신호위반,건조,맑음,교차로 - 교차로안,승용,남,44세,상해없음,승용,남,46세,중상
2014112700100260,2014년 11월 27일 12시,목요일,경상북도 상주시 무양동,부상신고사고,0,0,0,1,차대차 - 측면직각충돌,교차로운행방법위반,건조,맑음,교차로 - 교차로안,자전거,여,59세,부상신고,승용,여,53세,상해없음
2014112700100261,2014년 11월 27일 12시,목요일,경상북도 영천시 창구동,중상사고,0,1,0,0,차대차 - 기타,안전운전불이행,건조,맑음,단일로 - 기타,승용,여,33세,상해없음,화물,남,34세,상해없음
2014112700100262,2014년 11월 27일 12시,목요일,경상북도 포항시 남구 대송면,경상사고,0,0,1,0,차대차 - 추돌 - 주정차중,안전운전불이행,건조,맑음,교차로 - 교차로부근,건설기계,남,54세,상해없음,화물,남,41세,경상
2014112700100289,2014년 11월 27일 13시,목요일,경상북도 경주시 동부동,경상사고,0,0,1,0,차대차 - 기타,안전운전불이행,건조,맑음,교차로 - 교차로부근,승용,여,49세,상해없음,자전거,여,72세,경상
2014112700100290,2014년 11월 27일 13시,목요일,경상북도 경주시 용강동,경상사고,0,0,2,0,차대차 - 기타,신호위반,건조,맑음,교차로 - 교차로안,승용,여,60세,상해없음,승용,여,42세,경상
2014112700100291,2014년 11월 27일 13시,목요일,경상북도 칠곡군 석적읍,경상사고,0,0,2,0,차대차 - 추돌 - 진행중,안전운전불이행,건조,흐림,단일로 - 기타,화물,남,54세,상해없음,화물,남,36세,경상
2014112700100350,2014년 11월 27일 15시,목요일,경상북도 영천시 고경면,경상사고,0,0,13,0,차대차 - 추돌 - 진행중,안전운전불이행,건조,맑음,교차로 - 교차로안,승합,남,46세,상해없음,승합,남,60세,경상
2014112700100375,2014년 11월 27일 16시,목요일,경상북도 영천시 금호읍,경상사고,0,0,2,0,차대차 - 기타,안전운전불이행,건조,맑음,단일로 - 기타,이륜,남,61세,경상,자전거,남,54세,경상
2014112700100410,2014년 11월 27일 17시,목요일,경상북도 문경시 영순면,경상사고,0,0,1,0,차대차 - 추돌 - 진행중,안전운전불이행,건조,맑음,단일로 - 기타,화물,남,76세,상해없음,농기계,여,43세,경상
2014112700100411,2014년 11월 27일 17시,목요일,경상북도 문경시 모전동,중상사고,0,2,0,0,차대차 - 추돌 - 주정차중,안전운전불이행,건조,맑음,교차로 - 교차로부근,승용,남,59세,상해없음,승용,남,45세,중상
2014112700100412,2014년 11월 27일 17시,목요일,경상북도 봉화군 봉성면,사망사고,1,0,0,0,차대사람 - 길가장자리구역통행중,안전운전불이행,건조,맑음,단일로 - 기타,승용,남,73세,상해없음,보행자,여,69세,사망
2014112700100413,2014년 11월 27일 17시,목요일,경상북도 봉화군 법전면,경상사고,0,0,2,0,차대차 - 측면직각충돌,직진우회전진행방해,건조,맑음,교차로 - 교차로안,승용,남,57세,상해없음,화물,남,72세,경상
2014112700100481,2014년 11월 27일 18시,목요일,경상북도 경주시 충효동,중상사고,0,1,0,1,차대차 - 기타,중앙선침범,건조,맑음,교차로 - 교차로부근,승용,남,59세,부상신고,승합,남,49세,중상
2014112700100482,2014년 11월 27일 18시,목요일,경상북도 영천시 망정동,경상사고,0,0,1,0,차대차 - 기타,교차로운행방법위반,건조,맑음,교차로 - 교차로안,승용,남,73세,상해없음,원동기,남,54세,경상
2014112700100483,2014년 11월 27일 18시,목요일,경상북도 문경시 문경읍,경상사고,0,0,4,0,차대차 - 추돌 - 진행중,안전운전불이행,건조,맑음,교차로 - 교차로안,승용,여,44세,상해없음,승용,남,50세,경상
2014112700100547,2014년 11월 27일 20시,목요일,경상북도 경주시 외동읍,중상사고,0,1,0,0,차대사람 - 차도통행중,안전운전불이행,건조,맑음,교차로 - 교차로안,승용,여,49세,상해없음,보행자,여,49세,중상
2014112700100548,2014년 11월 27일 20시,목요일,경상북도 포항시 북구 죽도동,부상신고사고,0,0,0,1,차대사람 - 횡단중,안전운전불이행,건조,맑음,교차로 - 교차로부근,승용,남,23세,상해없음,보행자,남,55세,부상신고
2014112700100549,2014년 11월 27일 20시,목요일,경상북도 구미시 공단동,중상사고,0,1,0,0,차대차 - 기타,교차로운행방법위반,건조,맑음,교차로 - 교차로안,승용,남,20세,상해없음,이륜,남,19세,중상
2014112700100586,2014년 11월 27일 21시,목요일,경상북도 경주시 노서동,경상사고,0,0,1,0,차대차 - 기타,안전운전불이행,건조,맑음,교차로 - 교차로부근,승용,남,57세,상해없음,승용,남,51세,경상
2014112700100587,2014년 11월 27일 21시,목요일,경상북도 경주시 서면,중상사고,0,1,0,0,차대사람 - 기타,안전운전불이행,건조,맑음,단일로 - 기타,화물,남,53세,상해없음,보행자,남,34세,중상
2014112700100588,2014년 11월 27일 21시,목요일,경상북도 포항시 북구 죽도동,경상사고,0,0,1,0,차대차 - 기타,차로위반,건조,맑음,교차로 - 교차로부근,승용,남,51세,상해없음,승용,남,45세,경상
2014112700100617,2014년 11월 27일 22시,목요일,경상북도 경산시 하양읍,경상사고,0,0,2,0,차대차 - 기타,안전운전불이행,건조,맑음,단일로 - 기타,승용,여,37세,상해없음,승용,남,45세,경상
2014112800100018,2014년 11월 28일 00시,금요일,경상북도 경주시 건천읍,중상사고,0,1,1,0,차대차 - 기타,안전운전불이행,건조,맑음,단일로 - 기타,승용,여,57세,중상,화물,남,42세,상해없음
2014112800100019,2014년 11월 28일 00시,금요일,경상북도 칠곡군 석적읍,중상사고,0,2,1,0,차대차 - 기타,안전운전불이행,건조,맑음,단일로 - 기타,승용,남,23세,상해없음,승용,여,23세,경상
2014112800100039,2014년 11월 28일 01시,금요일,경상북도 포항시 북구 용흥동,경상사고,0,0,1,0,차대차 - 기타,안전운전불이행,건조,맑음,단일로 - 기타,승용,남,26세,상해없음,승용,여,27세,경상
2014112800100102,2014년 11월 28일 06시,금요일,경상북도 안동시 남문동,중상사고,0,1,0,0,차대차 - 추돌 - 진행중,안전거리미확보,건조,맑음,교차로 - 교차로부근,화물,남,69세,상해없음,승용,여,38세,중상
2014112800100126,2014년 11월 28일 07시,금요일,경상북도 포항시 남구 대송면,중상사고,0,1,0,0,차대차 - 측면직각충돌,직진우회전진행방해,건조,맑음,교차로 - 교차로안,건설기계,남,61세,상해없음,승용,남,43세,중상
2014112800100156,2014년 11월 28일 08시,금요일,경상북도 경산시 진량읍,경상사고,0,0,1,0,차대차 - 기타,신호위반,건조,맑음,교차로 - 교차로안,승용,남,70세,상해없음,승용,남,30세,경상
2014112800100199,2014년 11월 28일 09시,금요일,경상북도 경주시 시래동,경상사고,0,0,1,0,차대사람 - 기타,안전운전불이행,건조,맑음,단일로 - 기타,기타불명,기타불명,기타불명,기타불명,보행자,여,42세,경상
2014112800100231,2014년 11월 28일 10시,금요일,경상북도 구미시 송정동,중상사고,0,1,1,0,차대차 - 기타,안전운전불이행,습기,비,단일로 - 기타,화물,남,60세,상해없음,승용,남,26세,상해없음
2014112800100232,2014년 11월 28일 10시,금요일,경상북도 구미시 공단동,부상신고사고,0,0,0,1,차량단독 - 공작물충돌,안전운전불이행,건조,맑음,단일로 - 기타,승용,여,34세,부상신고,,,,
2014112800100270,2014년 11월 28일 11시,금요일,경상북도 포항시 북구 흥해읍,경상사고,0,0,1,0,차대차 - 기타,중앙선침범,건조,맑음,단일로 - 기타,승용,여,52세,상해없음,승용,남,43세,경상
2014112800100271,2014년 11월 28일 11시,금요일,경상북도 영주시 안정면,중상사고,0,1,0,0,차대차 - 기타,안전운전불이행,건조,흐림,단일로 - 기타,화물,남,30세,상해없음,자전거,남,90세 이상,중상
2014112800100272,2014년 11월 28일 11시,금요일,경상북도 영주시 풍기읍,경상사고,0,0,1,0,차대사람 - 차도통행중,안전운전불이행,습기,비,교차로 - 교차로부근,화물,남,65세,상해없음,보행자,남,22세,경상
2014112800100273,2014년 11월 28일 11시,금요일,경상북도 구미시 고아읍,중상사고,0,1,0,0,차대차 - 기타,안전운전불이행,습기,비,교차로 - 교차로안,승용,여,54세,상해없음,원동기,남,65세,중상
2014112800100333,2014년 11월 28일 13시,금요일,경상북도 영주시 풍기읍,중상사고,0,2,1,0,차대차 - 측면직각충돌,안전운전불이행,습기,비,교차로 - 교차로안,승용,여,53세,중상,승용,남,60세,경상
2014112800100334,2014년 11월 28일 13시,금요일,경상북도 영주시 가흥동,경상사고,0,0,1,0,차대차 - 추돌 - 주정차중,안전운전불이행,습기,비,기타 - 기타,승용,여,56세,상해없음,승용,남,24세,경상
2014112800100366,2014년 11월 28일 14시,금요일,경상북도 경산시 중방동,경상사고,0,0,3,0,차대차 - 기타,안전운전불이행,습기,비,단일로 - 기타,승용,남,71세,기타불명,승용,여,54세,경상
2014112800100367,2014년 11월 28일 14시,금요일,경상북도 청도군 매전면,중상사고,0,1,2,0,차대차 - 추돌 - 주정차중,안전운전불이행,습기,비,단일로 - 기타,화물,남,73세,경상,화물,남,67세,기타불명
2014112800100368,2014년 11월 28일 14시,금요일,경상북도 청송군 청송읍,경상사고,0,0,1,0,차대사람 - 횡단중,보행자보호의무위반,건조,맑음,단일로 - 횡단보도상,승용,남,65세,상해없음,보행자,남,79세,경상
2014112800100369,2014년 11월 28일 14시,금요일,경상북도 포항시 남구 인덕동,중상사고,0,1,0,0,차량단독 - 전도전복,안전운전불이행,건조,맑음,단일로 - 기타,이륜,남,73세,중상,,,,
2014112800100397,2014년 11월 28일 15시,금요일,경상북도 경주시 외동읍,경상사고,0,0,1,0,차대차 - 기타,안전운전불이행,습기,비,단일로 - 기타,화물,남,51세,상해없음,화물,남,38세,경상
2014112800100398,2014년 11월 28일 15시,금요일,경상북도 안동시 남문동,경상사고,0,0,1,0,차량단독 - 기타,기타,습기,비,기타 - 기타,승합,남,50세,상해없음,,,,
2014112800100399,2014년 11월 28일 15시,금요일,경상북도 영천시 임고면,경상사고,0,0,2,0,차대차 - 측면직각충돌,안전운전불이행,습기,기타,교차로 - 교차로안,승용,여,39세,경상,승용,남,30세,경상
2014112800100400,2014년 11월 28일 15시,금요일,경상북도 경산시 옥곡동,중상사고,0,1,0,0,차대차 - 기타,안전거리미확보,습기,비,단일로 - 기타,승용,여,41세,상해없음,승용,여,47세,상해없음
2014112800100431,2014년 11월 28일 16시,금요일,경상북도 칠곡군 석적읍,경상사고,0,0,1,0,차대차 - 추돌 - 주정차중,안전운전불이행,건조,맑음,교차로 - 교차로안,승용,여,25세,상해없음,승용,여,35세,경상
2014112800100488,2014년 11월 28일 17시,금요일,경상북도 안동시 남문동,경상사고,0,0,1,0,차대차 - 기타,안전운전불이행,건조,흐림,단일로 - 기타,승용,남,40세,상해없음,승용,여,40세,경상
2014112800100489,2014년 11월 28일 17시,금요일,경상북도 안동시 운흥동,경상사고,0,0,2,0,차대차 - 기타,안전운전불이행,습기,비,교차로 - 교차로부근,승용,남,30세,상해없음,승용,여,22세,경상
2014112800100490,2014년 11월 28일 17시,금요일,경상북도 칠곡군 왜관읍,경상사고,0,0,1,0,차대차 - 정면충돌,중앙선침범,습기,흐림,단일로 - 기타,승합,남,64세,경상,화물,남,59세,상해없음
2014112800100491,2014년 11월 28일 17시,금요일,경상북도 칠곡군 왜관읍,경상사고,0,0,2,0,차대사람 - 기타,안전운전불이행,습기,흐림,단일로 - 기타,승용,남,21세,상해없음,보행자,남,14세,경상
2014112800100492,2014년 11월 28일 17시,금요일,경상북도 포항시 남구 해도동,중상사고,0,1,1,0,차대차 - 측면직각충돌,직진우회전진행방해,건조,맑음,교차로 - 교차로안,이륜,남,72세,중상,이륜,남,26세,경상
2014112800100548,2014년 11월 28일 18시,금요일,경상북도 포항시 북구 장성동,경상사고,0,0,1,0,차대차 - 기타,중앙선침범,습기,비,교차로 - 교차로안,화물,남,47세,상해없음,승용,여,32세,경상
2014112800100549,2014년 11월 28일 18시,금요일,경상북도 상주시 낙양동,경상사고,0,0,1,0,차대차 - 측면직각충돌,교차로운행방법위반,습기,비,교차로 - 교차로안,승용,남,53세,상해없음,승용,여,56세,경상
2014112800100550,2014년 11월 28일 18시,금요일,경상북도 영천시 고경면,경상사고,0,0,2,0,차대차 - 추돌 - 진행중,안전운전불이행,건조,맑음,교차로 - 교차로부근,승용,남,47세,경상,승용,남,56세,경상
2014112800100551,2014년 11월 28일 18시,금요일,경상북도 성주군 용암면,경상사고,0,0,2,0,차대차 - 측면직각충돌,교차로운행방법위반,습기,흐림,교차로 - 교차로안,승용,남,56세,경상,승용,남,30세,경상
2014112800100552,2014년 11월 28일 18시,금요일,경상북도 고령군 다산면,중상사고,0,1,0,0,차대사람 - 횡단중,안전운전불이행,건조,맑음,단일로 - 횡단보도부근,승용,여,31세,상해없음,보행자,남,13세,중상
2014112800100553,2014년 11월 28일 18시,금요일,경상북도 고령군 고령읍,중상사고,0,1,0,0,차대차 - 정면충돌,안전운전불이행,습기,비,교차로 - 교차로부근,승용,여,42세,상해없음,승합,여,43세,중상
2014112800100554,2014년 11월 28일 18시,금요일,경상북도 구미시 형곡동,경상사고,0,0,6,0,차대차 - 추돌 - 주정차중,안전운전불이행,건조,맑음,교차로 - 교차로부근,승용,남,56세,상해없음,승용,여,40세,경상
2014112800100626,2014년 11월 28일 19시,금요일,경상북도 안동시 태화동,부상신고사고,0,0,0,1,차대차 - 기타,교차로운행방법위반,건조,맑음,교차로 - 교차로안,승용,남,35세,상해없음,화물,남,22세,상해없음
2014112800100627,2014년 11월 28일 19시,금요일,경상북도 김천시 아포읍,중상사고,0,1,0,0,차대차 - 측면직각충돌,안전운전불이행,건조,맑음,교차로 - 교차로부근,화물,남,54세,상해없음,승용,남,62세,중상
2014112800100628,2014년 11월 28일 19시,금요일,경상북도 경산시 대동,중상사고,0,1,0,0,차대차 - 기타,안전운전불이행,건조,맑음,단일로 - 기타,이륜,남,19세,중상,승용,남,25세,상해없음
2014112800100681,2014년 11월 28일 20시,금요일,경상북도 포항시 북구 환호동,경상사고,0,0,1,0,차대차 - 기타,안전거리미확보,건조,맑음,단일로 - 기타,원동기,남,19세,상해없음,승용,남,28세,경상
2014112800100682,2014년 11월 28일 20시,금요일,경상북도 포항시 남구 지곡동,중상사고,0,1,2,0,차대사람 - 횡단중,신호위반,건조,맑음,단일로 - 횡단보도상,승용,남,39세,상해없음,보행자,여,41세,중상
2014112800100720,2014년 11월 28일 21시,금요일,경상북도 경산시 하양읍,경상사고,0,0,1,0,차대차 - 기타,안전운전불이행,건조,맑음,단일로 - 기타,승용,남,43세,상해없음,승용,여,46세,경상
2014112800100721,2014년 11월 28일 21시,금요일,경상북도 경산시 진량읍,경상사고,0,0,4,0,차대차 - 기타,안전운전불이행,건조,맑음,교차로 - 교차로부근,승용,남,44세,상해없음,승용,남,48세,경상
2014112800100755,2014년 11월 28일 22시,금요일,경상북도 경산시 서상동,중상사고,0,1,0,0,차대차 - 기타,안전운전불이행,건조,맑음,교차로 - 교차로부근,승용,남,51세,상해없음,자전거,남,17세,중상
2014112800100756,2014년 11월 28일 22시,금요일,경상북도 구미시 인의동,경상사고,0,0,1,2,차량단독 - 공작물충돌,안전운전불이행,건조,맑음,단일로 - 기타,승용,남,27세,상해없음,,,,
2014112800100783,2014년 11월 28일 23시,금요일,경상북도 김천시 부곡동,중상사고,0,1,0,0,차량단독 - 전도전복,안전운전불이행,건조,맑음,단일로 - 횡단보도부근,이륜,여,57세,중상,,,,
2014112800100784,2014년 11월 28일 23시,금요일,경상북도 칠곡군 약목면,중상사고,0,1,0,0,차대사람 - 기타,안전운전불이행,건조,흐림,단일로 - 기타,승합,남,77세,상해없음,보행자,여,46세,중상
2014112800100785,2014년 11월 28일 23시,금요일,경상북도 문경시 모전동,중상사고,0,1,0,0,차대차 - 기타,안전운전불이행,습기,비,교차로 - 교차로안,승용,남,29세,상해없음,승용,여,43세,중상
2014112900100014,2014년 11월 29일 00시,토요일,경상북도 상주시 개운동,경상사고,0,0,2,0,차량단독 - 전도전복,안전운전불이행,습기,비,단일로 - 기타,원동기,남,24세,경상,,,,
2014112900100039,2014년 11월 29일 01시,토요일,경상북도 상주시 화남면,중상사고,0,1,0,0,차량단독 - 공작물충돌,안전운전불이행,건조,기타,단일로 - 기타,승용,남,51세,중상,,,,
2014112900100040,2014년 11월 29일 01시,토요일,경상북도 경산시 압량면,중상사고,0,1,0,0,차대사람 - 기타,안전운전불이행,건조,맑음,교차로 - 교차로안,승용,남,32세,상해없음,보행자,남,55세,중상
2014112900100076,2014년 11월 29일 03시,토요일,경상북도 포항시 북구 장성동,경상사고,0,0,1,0,차량단독 - 기타,안전거리미확보,건조,맑음,교차로 - 교차로부근,승용,남,64세,상해없음,,,,
2014112900100077,2014년 11월 29일 03시,토요일,경상북도 칠곡군 가산면,부상신고사고,0,0,0,1,차량단독 - 기타,안전운전불이행,건조,맑음,단일로 - 기타,승용,남,37세,부상신고,,,,
2014112900100087,2014년 11월 29일 04시,토요일,경상북도 칠곡군 약목면,부상신고사고,0,0,0,1,차대차 - 추돌 - 주정차중,안전운전불이행,건조,맑음,단일로 - 기타,승용,남,33세,부상신고,승합,남,33세,기타불명
2014112900100088,2014년 11월 29일 04시,토요일,경상북도 상주시 내서면,경상사고,0,0,1,0,차대차 - 측면직각충돌,안전운전불이행,건조,흐림,단일로 - 기타,승용,남,29세,상해없음,화물,남,28세,경상
2014112900100106,2014년 11월 29일 05시,토요일,경상북도 포항시 북구 죽도동,경상사고,0,0,2,0,차대차 - 기타,신호위반,건조,맑음,교차로 - 교차로안,승용,남,31세,상해없음,승용,남,63세,경상
2014112900100107,2014년 11월 29일 05시,토요일,경상북도 구미시 사곡동,경상사고,0,0,1,0,차대사람 - 기타,안전운전불이행,건조,맑음,단일로 - 기타,승용,남,18세,상해없음,보행자,남,18세,경상
2014112900100122,2014년 11월 29일 06시,토요일,경상북도 포항시 북구 상원동,경상사고,0,0,1,0,차대사람 - 기타,신호위반,건조,맑음,단일로 - 기타,원동기,남,67세,상해없음,보행자,여,84세,경상
2014112900100136,2014년 11월 29일 07시,토요일,경상북도 구미시 사곡동,중상사고,0,1,0,0,차대사람 - 보도통행중,안전운전불이행,건조,맑음,단일로 - 횡단보도상,승용,남,35세,상해없음,보행자,남,38세,중상
2014112900100158,2014년 11월 29일 08시,토요일,경상북도 경산시 와촌면,경상사고,0,0,1,0,차대차 - 기타,신호위반,건조,맑음,교차로 - 교차로안,승용,남,79세,상해없음,승용,남,68세,경상
2014112900100159,2014년 11월 29일 08시,토요일,경상북도 울진군 후포면,중상사고,0,1,0,0,차대차 - 측면직각충돌,안전운전불이행,건조,맑음,교차로 - 교차로안,승용,여,50세,상해없음,원동기,남,36세,중상
2014112900100174,2014년 11월 29일 09시,토요일,경상북도 안동시 금곡동,경상사고,0,0,1,0,차대차 - 기타,교차로운행방법위반,건조,맑음,교차로 - 교차로안,승용,남,52세,상해없음,승용,여,56세,경상
2014112900100205,2014년 11월 29일 10시,토요일,경상북도 포항시 북구 신광면,중상사고,0,1,0,0,차대차 - 기타,중앙선침범,건조,맑음,단일로 - 기타,승합,남,21세,상해없음,화물,여,54세,중상
2014112900100206,2014년 11월 29일 10시,토요일,경상북도 안동시 풍산읍,경상사고,0,0,1,0,차량단독 - 공작물충돌,안전운전불이행,건조,맑음,단일로 - 기타,원동기,남,51세,경상,,,,
2014112900100207,2014년 11월 29일 10시,토요일,경상북도 예천군 호명면,중상사고,0,1,1,0,차대차 - 측면직각충돌,안전운전불이행,건조,맑음,교차로 - 교차로안,승용,남,31세,상해없음,승용,남,54세,중상
2014112900100208,2014년 11월 29일 10시,토요일,경상북도 구미시 도개면,경상사고,0,0,1,1,차대차 - 기타,안전운전불이행,건조,맑음,교차로 - 교차로안,승용,여,52세,부상신고,화물,남,40세,경상
2014112900100244,2014년 11월 29일 11시,토요일,경상북도 포항시 북구 죽도동,경상사고,0,0,1,0,차대차 - 기타,차로위반,건조,맑음,단일로 - 기타,승용,남,55세,상해없음,원동기,남,23세,경상
2014112900100245,2014년 11월 29일 11시,토요일,경상북도 안동시 옥동,경상사고,0,0,2,0,차대차 - 기타,안전운전불이행,건조,맑음,단일로 - 기타,승용,남,36세,상해없음,승용,남,29세,경상
2014112900100246,2014년 11월 29일 11시,토요일,경상북도 김천시 성내동,경상사고,0,0,1,0,차대사람 - 기타,보행자보호의무위반,건조,맑음,단일로 - 횡단보도상,승용,남,32세,상해없음,보행자,남,53세,경상
2014112900100247,2014년 11월 29일 11시,토요일,경상북도 상주시 복룡동,부상신고사고,0,0,0,1,차량단독 - 기타,안전운전불이행,건조,맑음,단일로 - 기타,자전거,여,75세,부상신고,,,,
2014112900100248,2014년 11월 29일 11시,토요일,경상북도 칠곡군 석적읍,경상사고,0,0,1,0,차대차 - 기타,안전운전불이행,건조,맑음,교차로 - 교차로안,자전거,남,14세,경상,승용,남,29세,상해없음
2014112900100249,2014년 11월 29일 11시,토요일,경상북도 구미시 양호동,경상사고,0,0,1,0,차대차 - 기타,교차로운행방법위반,건조,맑음,교차로 - 교차로안,화물,남,44세,상해없음,이륜,남,65세,경상
2014112900100271,2014년 11월 29일 12시,토요일,경상북도 김천시 교동,중상사고,0,1,0,0,차대차 - 측면직각충돌,안전운전불이행,건조,맑음,단일로 - 기타,승용,여,52세,상해없음,자전거,여,14세,중상
2014112900100310,2014년 11월 29일 13시,토요일,경상북도 경주시 건천읍,경상사고,0,0,1,0,차대차 - 측면직각충돌,안전운전불이행,건조,맑음,교차로 - 교차로부근,화물,남,47세,상해없음,화물,남,62세,상해없음
2014112900100311,2014년 11월 29일 13시,토요일,경상북도 경주시 성건동,경상사고,0,0,2,0,차대차 - 기타,안전운전불이행,건조,맑음,단일로 - 기타,승용,여,46세,상해없음,승용,남,31세,상해없음
2014112900100312,2014년 11월 29일 13시,토요일,경상북도 고령군 다산면,경상사고,0,0,3,0,차대차 - 정면충돌,신호위반,건조,맑음,교차로 - 교차로안,건설기계,남,50세,상해없음,승용,남,77세,경상
2014112900100353,2014년 11월 29일 14시,토요일,경상북도 구미시 옥계동,부상신고사고,0,0,0,1,차대차 - 기타,안전운전불이행,건조,맑음,교차로 - 교차로안,이륜,남,19세,부상신고,승용,남,37세,상해없음
2014112900100354,2014년 11월 29일 14시,토요일,경상북도 구미시 상모동,중상사고,0,1,0,0,차대사람 - 기타,안전운전불이행,건조,맑음,단일로 - 기타,이륜,남,72세,상해없음,보행자,여,67세,중상
2014112900100394,2014년 11월 29일 15시,토요일,경상북도 의성군 구천면,중상사고,0,1,0,0,차대차 - 측면직각충돌,직진우회전진행방해,건조,맑음,교차로 - 교차로안,화물,남,63세,상해없음,원동기,남,72세,중상
2014112900100488,2014년 11월 29일 17시,토요일,경상북도 예천군 용문면,중상사고,0,4,0,0,차대차 - 정면충돌,직진우회전진행방해,건조,맑음,교차로 - 교차로안,화물,남,80세,중상,화물,남,28세,중상
2014112900100539,2014년 11월 29일 18시,토요일,경상북도 포항시 북구 득량동,중상사고,0,1,0,0,차대사람 - 횡단중,안전운전불이행,건조,맑음,단일로 - 기타,승용,남,44세,상해없음,보행자,여,75세,중상
2014112900100540,2014년 11월 29일 18시,토요일,경상북도 영주시 가흥동,경상사고,0,0,3,0,차대차 - 측면직각충돌,신호위반,건조,맑음,교차로 - 교차로안,승용,여,58세,상해없음,승용,남,66세,상해없음
2014112900100541,2014년 11월 29일 18시,토요일,경상북도 칠곡군 왜관읍,경상사고,0,0,1,1,차대차 - 기타,안전운전불이행,건조,맑음,단일로 - 기타,승용,남,34세,상해없음,승용,남,57세,경상
2014112900100542,2014년 11월 29일 18시,토요일,경상북도 구미시 원평동,경상사고,0,0,1,0,차대차 - 기타,교차로운행방법위반,건조,맑음,교차로 - 교차로안,승용,남,30세,상해없음,승용,남,44세,경상
2014112900100578,2014년 11월 29일 19시,토요일,경상북도 경주시 양남면,경상사고,0,0,2,0,차대차 - 정면충돌,안전운전불이행,건조,맑음,단일로 - 기타,승용,남,47세,상해없음,승용,남,30세,경상
2014112900100579,2014년 11월 29일 19시,토요일,경상북도 포항시 북구 대신동,중상사고,0,1,1,0,차대차 - 측면직각충돌,중앙선침범,건조,맑음,단일로 - 기타,승용,남,40세,상해없음,승용,남,49세,경상
2014112900100580,2014년 11월 29일 19시,토요일,경상북도 안동시 태화동,중상사고,0,1,0,0,차대차 - 기타,안전운전불이행,건조,맑음,단일로 - 기타,승용,여,43세,상해없음,원동기,남,21세,중상
2014112900100605,2014년 11월 29일 20시,토요일,경상북도 성주군 성주읍,중상사고,0,1,0,0,차량단독 - 기타,안전운전불이행,건조,맑음,기타 - 기타,원동기,남,45세,상해없음,,,,
2014112900100606,2014년 11월 29일 20시,토요일,경상북도 군위군 의흥면,중상사고,0,1,0,0,차대사람 - 횡단중,안전운전불이행,건조,맑음,단일로 - 기타,승용,남,49세,상해없음,보행자,남,74세,중상