사고번호,사고일시,요일,시군구,사고내용,사망자수,중상자수,경상자수,부상신고자수,사고유형,법규위반,노면상태,기상상태,도로형태,가해운전자 차종,가해운전자 성별,가해운전자 연령,가해운전자 상해정도,피해운전자 차종,피해운전자 성별,피해운전자 연령,피해운전자 상해정도
2014120600100293,2014년 12월 6일 12시,토요일,경상북도 포항시 북구 득량동,경상사고,0,0,3,0,차대차 - 기타,신호위반,건조,맑음,교차로 - 교차로안,승용,남,62세,상해없음,승용,남,55세,경상
2014120600100294,2014년 12월 6일 12시,토요일,경상북도 포항시 남구 해도동,중상사고,0,1,1,0,차대차 - 기타,안전운전불이행,건조,맑음,교차로 - 교차로안,승용,남,51세,상해없음,승용,남,60세,중상
2014120600100323,2014년 12월 6일 13시,토요일,경상북도 구미시 원평동,경상사고,0,0,1,0,차대차 - 기타,신호위반,건조,맑음,교차로 - 교차로안,승용,여,48세,상해없음,승용,남,58세,상해없음
2014120600100351,2014년 12월 6일 14시,토요일,경상북도 포항시 남구 대잠동,중상사고,0,1,1,0,차대차 - 추돌 - 진행중,안전운전불이행,건조,맑음,단일로 - 기타,승용,여,49세,상해없음,화물,남,31세,중상
2014120600100387,2014년 12월 6일 15시,토요일,경상북도 김천시 교동,중상사고,0,1,0,0,차대차 - 측면직각충돌,안전운전불이행,건조,맑음,교차로 - 교차로안,승용,남,73세,상해없음,이륜,남,19세,중상
2014120600100388,2014년 12월 6일 15시,토요일,경상북도 김천시 대항면,경상사고,0,0,1,0,차대사람 - 기타,안전운전불이행,건조,맑음,교차로 - 교차로부근,승용,여,56세,상해없음,보행자,여,24세,경상
2014120600100429,2014년 12월 6일 16시,토요일,경상북도 경주시 황오동,경상사고,0,0,1,0,차대사람 - 차도통행중,안전운전불이행,건조,맑음,단일로 - 기타,승용,여,36세,상해없음,보행자,남,35세,경상
2014120600100430,2014년 12월 6일 16시,토요일,경상북도 포항시 북구 죽도동,경상사고,0,0,1,0,차대사람 - 길가장자리구역통행중,안전운전불이행,건조,맑음,단일로 - 기타,승용,여,83세,상해없음,보행자,여,34세,경상
2014120600100431,2014년 12월 6일 16시,토요일,경상북도 안동시 남부동,경상사고,0,0,1,0,차대사람 - 횡단중,안전운전불이행,습기,맑음,교차로 - 교차로안,승용,남,35세,상해없음,보행자,여,37세,경상
2014120600100479,2014년 12월 6일 17시,토요일,경상북도 김천시 성내동,중상사고,0,1,0,0,차대사람 - 기타,보행자보호의무위반,건조,맑음,단일로 - 횡단보도상,승용,남,42세,상해없음,보행자,여,51세,중상
2014120600100480,2014년 12월 6일 17시,토요일,경상북도 칠곡군 왜관읍,경상사고,0,0,1,0,차대사람 - 기타,안전운전불이행,건조,맑음,기타 - 기타,승용,남,47세,상해없음,보행자,여,37세,경상
2014120600100481,2014년 12월 6일 17시,토요일,경상북도 경산시 계양동,경상사고,0,0,1,0,차대차 - 추돌 - 진행중,안전거리미확보,건조,맑음,교차로 - 교차로안,승용,남,42세,상해없음,승용,남,32세,경상
2014120600100529,2014년 12월 6일 18시,토요일,경상북도 문경시 호계면,경상사고,0,0,1,0,차량단독 - 도로외이탈 - 추락,안전운전불이행,건조,맑음,단일로 - 기타,화물,남,60세,경상,,,,
2014120600100572,2014년 12월 6일 19시,토요일,경상북도 영천시 망정동,경상사고,0,0,1,0,차대차 - 기타,안전운전불이행,건조,맑음,교차로 - 교차로안,승용,남,43세,상해없음,원동기,남,39세,경상
2014120600100573,2014년 12월 6일 19시,토요일,경상북도 고령군 성산면,중상사고,0,1,0,0,차대차 - 추돌 - 진행중,안전운전불이행,건조,맑음,단일로 - 교량,화물,남,62세,중상,건설기계,남,58세,상해없음
2014120600100616,2014년 12월 6일 20시,토요일,경상북도 상주시 화서면,중상사고,0,2,2,0,차량단독 - 도로외이탈 - 추락,안전운전불이행,기타,흐림,단일로 - 기타,승용,남,42세,경상,,,,
2014120600100639,2014년 12월 6일 21시,토요일,경상북도 영주시 하망동,중상사고,0,1,0,0,차대차 - 측면직각충돌,안전운전불이행,건조,맑음,단일로 - 기타,승용,남,33세,상해없음,이륜,남,41세,중상
2014120600100640,2014년 12월 6일 21시,토요일,경상북도 구미시 원평동,경상사고,0,0,1,0,차대차 - 기타,안전운전불이행,건조,맑음,교차로 - 교차로부근,승용,여,26세,상해없음,승용,남,36세,경상
2014120600100669,2014년 12월 6일 22시,토요일,경상북도 경주시 황성동,중상사고,0,1,2,0,차대차 - 기타,안전운전불이행,건조,맑음,교차로 - 교차로부근,승용,여,48세,상해없음,승용,남,41세,중상
2014120700100022,2014년 12월 7일 00시,일요일,경상북도 울진군 울진읍,중상사고,0,2,1,0,차대차 - 추돌 - 진행중,안전운전불이행,건조,맑음,단일로 - 기타,승용,남,33세,경상,승용,남,50세,중상
2014120700100041,2014년 12월 7일 01시,일요일,경상북도 구미시 구평동,중상사고,0,1,0,1,차대차 - 기타,신호위반,건조,맑음,교차로 - 교차로안,승용,남,28세,부상신고,승용,남,25세,중상
2014120700100124,2014년 12월 7일 08시,일요일,경상북도 포항시 북구 동빈1가,사망사고,1,1,0,0,차대사람 - 기타,중앙선침범,건조,맑음,단일로 - 기타,승용,남,71세,상해없음,보행자,여,77세,사망
2014120700100137,2014년 12월 7일 09시,일요일,경상북도 경주시 사정동,중상사고,0,2,0,0,차대차 - 기타,안전운전불이행,결빙,눈,교차로 - 교차로안,건설기계,남,46세,상해없음,화물,남,43세,중상
2014120700100138,2014년 12월 7일 09시,일요일,경상북도 청도군 금천면,경상사고,0,0,1,0,차대사람 - 기타,안전운전불이행,건조,맑음,단일로 - 기타,승용,남,50세,상해없음,보행자,여,76세,경상
2014120700100139,2014년 12월 7일 09시,일요일,경상북도 구미시 해평면,경상사고,0,0,1,0,차대차 - 기타,안전운전불이행,건조,맑음,단일로 - 기타,화물,남,68세,상해없음,이륜,여,59세,경상
2014120700100167,2014년 12월 7일 11시,일요일,경상북도 경주시 구황동,중상사고,0,1,0,0,차대차 - 기타,중앙선침범,건조,맑음,단일로 - 기타,승용,여,41세,상해없음,이륜,남,77세,중상
2014120700100168,2014년 12월 7일 11시,일요일,경상북도 칠곡군 석적읍,경상사고,0,0,1,1,차대차 - 기타,안전운전불이행,건조,맑음,단일로 - 기타,승용,여,29세,부상신고,승용,여,30세,경상
2014120700100169,2014년 12월 7일 11시,일요일,경상북도 청도군 청도읍,중상사고,0,1,0,0,차대차 - 기타,중앙선침범,건조,맑음,단일로 - 기타,이륜,남,84세,중상,화물,남,41세,상해없음
2014120700100170,2014년 12월 7일 11시,일요일,경상북도 경주시 율동,사망사고,1,0,0,0,차량단독 - 기타,안전운전불이행,건조,맑음,단일로 - 기타,화물,남,67세,사망,,,,
2014120700100186,2014년 12월 7일 12시,일요일,경상북도 울진군 울진읍,경상사고,0,0,1,0,차대사람 - 횡단중,안전운전불이행,건조,맑음,교차로 - 교차로안,승용,남,19세,상해없음,보행자,여,82세,경상
2014120700100230,2014년 12월 7일 14시,일요일,경상북도 영천시 야사동,경상사고,0,0,1,0,차대차 - 측면직각충돌,안전운전불이행,건조,맑음,교차로 - 교차로부근,승용,남,36세,상해없음,자전거,여,18세,경상
2014120700100231,2014년 12월 7일 14시,일요일,경상북도 경산시 진량읍,경상사고,0,0,2,0,차대차 - 측면직각충돌,교차로운행방법위반,건조,맑음,교차로 - 교차로안,화물,남,28세,상해없음,승용,여,56세,경상
2014120700100232,2014년 12월 7일 14시,일요일,경상북도 경산시 대동,중상사고,0,1,0,0,차대차 - 기타,안전운전불이행,건조,맑음,단일로 - 기타,승용,남,29세,상해없음,이륜,남,40세,상해없음
2014120700100233,2014년 12월 7일 14시,일요일,경상북도 포항시 남구 상도동,경상사고,0,0,1,0,차대사람 - 기타,안전운전불이행,건조,맑음,단일로 - 기타,승용,남,39세,상해없음,보행자,여,77세,경상
2014120700100234,2014년 12월 7일 14시,일요일,경상북도 성주군 성주읍,경상사고,0,0,4,0,차대차 - 측면직각충돌,안전운전불이행,건조,맑음,단일로 - 기타,승용,남,54세,상해없음,승용,남,40세,경상
2014120700100264,2014년 12월 7일 15시,일요일,경상북도 상주시 계산동,중상사고,0,4,0,0,차대차 - 기타,중앙선침범,건조,맑음,단일로 - 기타,승용,여,48세,상해없음,화물,남,40세,중상
2014120700100265,2014년 12월 7일 15시,일요일,경상북도 영덕군 강구면,경상사고,0,0,2,0,차대차 - 측면직각충돌,안전운전불이행,건조,맑음,교차로 - 교차로안,승용,남,61세,상해없음,이륜,여,67세,경상
2014120700100293,2014년 12월 7일 16시,일요일,경상북도 안동시 운흥동,중상사고,0,1,0,0,차대차 - 측면직각충돌,신호위반,건조,맑음,교차로 - 교차로안,이륜,남,69세,중상,승용,여,25세,상해없음
2014120700100294,2014년 12월 7일 16시,일요일,경상북도 김천시 아포읍,중상사고,0,2,1,0,차대차 - 측면직각충돌,교차로운행방법위반,건조,맑음,교차로 - 교차로안,화물,남,54세,중상,승용,남,56세,중상
2014120700100295,2014년 12월 7일 16시,일요일,경상북도 영주시 풍기읍,경상사고,0,0,2,0,차대차 - 측면직각충돌,안전운전불이행,건조,맑음,교차로 - 교차로안,이륜,남,20세,경상,승용,남,57세,상해없음
2014120700100296,2014년 12월 7일 16시,일요일,경상북도 고령군 쌍림면,경상사고,0,0,2,0,차대차 - 정면충돌,중앙선침범,건조,맑음,단일로 - 기타,승용,남,52세,상해없음,승용,남,57세,경상
2014120700100326,2014년 12월 7일 17시,일요일,경상북도 포항시 북구 흥해읍,중상사고,0,2,1,0,차대차 - 기타,중앙선침범,건조,맑음,교차로 - 교차로안,승용,남,40세,상해없음,승용,남,33세,경상
2014120700100327,2014년 12월 7일 17시,일요일,경상북도 포항시 북구 장성동,경상사고,0,0,1,0,차대차 - 기타,안전운전불이행,건조,맑음,단일로 - 기타,승용,여,43세,상해없음,승용,남,23세,경상
2014120700100328,2014년 12월 7일 17시,일요일,경상북도 안동시 목성동,중상사고,0,2,4,0,차대차 - 추돌 - 주정차중,안전운전불이행,건조,맑음,교차로 - 교차로부근,화물,남,58세,상해없음,승용,남,37세,경상
2014120700100329,2014년 12월 7일 17시,일요일,경상북도 상주시 남성동,중상사고,0,1,0,0,차대사람 - 길가장자리구역통행중,안전운전불이행,건조,맑음,교차로 - 교차로안,건설기계,남,48세,상해없음,보행자,여,60세,중상
2014120700100330,2014년 12월 7일 17시,일요일,경상북도 상주시 화서면,경상사고,0,0,1,0,차대사람 - 기타,안전운전불이행,건조,맑음,기타 - 기타,승용,남,24세,상해없음,보행자,여,80세,경상
2014120700100372,2014년 12월 7일 18시,일요일,경상북도 경주시 천북면,중상사고,0,4,4,1,차대차 - 기타,안전운전불이행,건조,맑음,단일로 - 기타,승용,남,33세,부상신고,승용,남,31세,경상
2014120700100373,2014년 12월 7일 18시,일요일,경상북도 경산시 대동,경상사고,0,0,3,0,차대차 - 기타,안전운전불이행,건조,맑음,교차로 - 교차로부근,승용,남,57세,상해없음,승용,여,56세,경상
2014120700100374,2014년 12월 7일 18시,일요일,경상북도 예천군 용궁면,경상사고,0,0,1,0,차대차 - 측면직각충돌,중앙선침범,건조,맑음,단일로 - 기타,승용,여,45세,상해없음,이륜,남,57세,경상
2014120700100375,2014년 12월 7일 18시,일요일,경상북도 포항시 남구 연일읍,중상사고,0,1,1,0,차대사람 - 횡단중,안전운전불이행,건조,맑음,단일로 - 기타,이륜,남,52세,상해없음,보행자,여,76세,경상
2014120700100409,2014년 12월 7일 19시,일요일,경상북도 칠곡군 왜관읍,중상사고,0,1,0,0,차대사람 - 기타,안전운전불이행,건조,맑음,교차로 - 교차로부근,승용,남,50세,상해없음,보행자,남,75세,중상
2014120700100410,2014년 12월 7일 19시,일요일,경상북도 구미시 신평동,경상사고,0,0,1,0,차대차 - 기타,교차로운행방법위반,건조,맑음,교차로 - 교차로부근,승용,여,50세,상해없음,승용,남,48세,경상
2014120700100439,2014년 12월 7일 20시,일요일,경상북도 김천시 아포읍,경상사고,0,0,1,0,차대차 - 측면직각충돌,안전운전불이행,건조,맑음,단일로 - 기타,승용,남,61세,상해없음,화물,남,45세,경상
2014120700100463,2014년 12월 7일 21시,일요일,경상북도 고령군 고령읍,경상사고,0,0,1,0,차대사람 - 길가장자리구역통행중,안전운전불이행,건조,맑음,단일로 - 기타,승용,여,42세,상해없음,보행자,여,44세,경상
2014120700100464,2014년 12월 7일 21시,일요일,경상북도 포항시 남구 해도동,경상사고,0,0,1,0,차대차 - 측면직각충돌,안전운전불이행,건조,맑음,교차로 - 교차로안,자전거,여,42세,경상,승용,남,62세,상해없음
2014120700100485,2014년 12월 7일 22시,일요일,경상북도 안동시 길안면,경상사고,0,0,1,0,차대차 - 기타,안전운전불이행,습기,흐림,단일로 - 기타,승용,여,52세,상해없음,자전거,남,71세,경상
2014120700100486,2014년 12월 7일 22시,일요일,경상북도 구미시 선기동,중상사고,0,2,0,0,차대차 - 기타,중앙선침범,건조,맑음,교차로 - 교차로부근,승용,남,37세,상해없음,승용,남,49세,중상
2014120800100015,2014년 12월 8일 00시,월요일,경상북도 김천시 부곡동,중상사고,0,1,0,0,차대사람 - 기타,보행자보호의무위반,건조,맑음,교차로 - 교차로부근,승용,남,36세,상해없음,보행자,남,19세,중상
2014120800100027,2014년 12월 8일 01시,월요일,경상북도 경주시 동천동,중상사고,0,1,0,0,차대사람 - 기타,교차로운행방법위반,건조,맑음,교차로 - 교차로안,승용,남,50세,상해없음,보행자,남,35세,중상
2014120800100044,2014년 12월 8일 03시,월요일,경상북도 영천시 문외동,경상사고,0,0,2,0,차대차 - 측면직각충돌,신호위반,건조,흐림,교차로 - 교차로안,화물,남,45세,상해없음,승용,남,52세,경상
2014120800100062,2014년 12월 8일 05시,월요일,경상북도 경주시 외동읍,중상사고,0,1,0,0,차대차 - 기타,안전운전불이행,적설,눈,단일로 - 기타,승용,남,34세,기타불명,승용,남,24세,중상
2014120800100082,2014년 12월 8일 06시,월요일,경상북도 포항시 북구 흥해읍,경상사고,0,0,2,0,차대차 - 기타,안전운전불이행,적설,눈,단일로 - 기타,승용,남,45세,상해없음,승용,남,24세,경상
2014120800100083,2014년 12월 8일 06시,월요일,경상북도 안동시 송현동,경상사고,0,0,2,0,차대차 - 기타,안전운전불이행,적설,맑음,단일로 - 기타,승용,남,22세,상해없음,승용,남,25세,경상
2014120800100084,2014년 12월 8일 06시,월요일,경상북도 영천시 대전동,중상사고,0,1,0,0,차대차 - 기타,안전운전불이행,적설,눈,단일로 - 기타,승용,남,62세,중상,화물,남,33세,상해없음
2014120800100085,2014년 12월 8일 06시,월요일,경상북도 영천시 대전동,중상사고,0,1,0,0,차대차 - 기타,안전운전불이행,적설,눈,단일로 - 기타,화물,남,55세,상해없음,승용,남,38세,상해없음
2014120800100086,2014년 12월 8일 06시,월요일,경상북도 울진군 원남면,경상사고,0,0,1,0,차대차 - 기타,안전운전불이행,적설,눈,단일로 - 기타,승용,남,34세,경상,화물,남,44세,상해없음
2014120800100114,2014년 12월 8일 07시,월요일,경상북도 경주시 덕동,중상사고,0,1,0,0,차대사람 - 기타,중앙선침범,적설,눈,단일로 - 기타,승용,남,49세,상해없음,보행자,여,58세,중상
2014120800100115,2014년 12월 8일 07시,월요일,경상북도 경주시 안강읍,중상사고,0,2,1,0,차대차 - 기타,중앙선침범,적설,눈,교차로 - 교차로부근,승용,여,45세,상해없음,승용,남,32세,중상
2014120800100116,2014년 12월 8일 07시,월요일,경상북도 경주시 사정동,경상사고,0,0,2,1,차대차 - 기타,안전운전불이행,결빙,눈,단일로 - 기타,승용,남,73세,부상신고,승용,남,54세,경상
2014120800100117,2014년 12월 8일 07시,월요일,경상북도 경주시 현곡면,경상사고,0,0,1,0,차대차 - 기타,안전운전불이행,적설,눈,교차로 - 교차로안,승용,남,53세,상해없음,승용,여,41세,경상
2014120800100118,2014년 12월 8일 07시,월요일,경상북도 경주시 외동읍,중상사고,0,1,0,0,차대차 - 기타,안전운전불이행,적설,눈,단일로 - 기타,승용,남,61세,상해없음,승용,남,42세,중상
2014120800100119,2014년 12월 8일 07시,월요일,경상북도 구미시 사곡동,경상사고,0,0,2,0,차대차 - 기타,안전운전불이행,결빙,눈,교차로 - 교차로부근,승용,남,49세,상해없음,승용,남,34세,경상
2014120800100163,2014년 12월 8일 08시,월요일,경상북도 경주시 안강읍,경상사고,0,0,2,0,차대차 - 기타,중앙선침범,적설,눈,단일로 - 기타,건설기계,남,62세,상해없음,승용,남,52세,경상
2014120800100164,2014년 12월 8일 08시,월요일,경상북도 경주시 안강읍,경상사고,0,0,1,0,차대차 - 추돌 - 진행중,안전운전불이행,결빙,눈,단일로 - 기타,승용,남,35세,상해없음,승용,여,23세,경상
2014120800100165,2014년 12월 8일 08시,월요일,경상북도 경주시 감포읍,경상사고,0,0,5,0,차대차 - 기타,안전운전불이행,적설,눈,단일로 - 기타,승용,남,23세,상해없음,승용,남,28세,경상
2014120800100166,2014년 12월 8일 08시,월요일,경상북도 경주시 사정동,경상사고,0,0,1,0,차대차 - 기타,안전운전불이행,적설,눈,단일로 - 기타,승용,남,41세,상해없음,승용,남,29세,경상
2014120800100167,2014년 12월 8일 08시,월요일,경상북도 포항시 북구 득량동,중상사고,0,1,0,0,차대차 - 기타,안전운전불이행,적설,눈,단일로 - 기타,승용,남,30세,상해없음,승용,여,30세,상해없음
2014120800100168,2014년 12월 8일 08시,월요일,경상북도 안동시 용상동,경상사고,0,0,2,0,차대차 - 추돌 - 주정차중,안전운전불이행,적설,맑음,단일로 - 기타,승용,여,46세,상해없음,승용,여,40세,상해없음
2014120800100169,2014년 12월 8일 08시,월요일,경상북도 안동시 임하면,경상사고,0,0,1,0,차대차 - 기타,안전운전불이행,적설,맑음,단일로 - 기타,승용,남,25세,상해없음,승용,여,33세,경상
2014120800100170,2014년 12월 8일 08시,월요일,경상북도 상주시 화서면,경상사고,0,0,1,0,차대차 - 기타,안전운전불이행,적설,흐림,교차로 - 교차로부근,특수,남,44세,상해없음,승용,남,43세,경상
2014120800100171,2014년 12월 8일 08시,월요일,경상북도 칠곡군 석적읍,경상사고,0,0,1,0,차대차 - 기타,안전운전불이행,결빙,눈,단일로 - 기타,승용,여,31세,상해없음,승용,여,31세,경상
2014120800100172,2014년 12월 8일 08시,월요일,경상북도 영천시 망정동,중상사고,0,1,0,0,차대차 - 기타,안전운전불이행,결빙,맑음,교차로 - 교차로부근,승용,남,55세,상해없음,승용,남,32세,상해없음
2014120800100173,2014년 12월 8일 08시,월요일,경상북도 영천시 금호읍,경상사고,0,0,1,0,차대차 - 기타,안전운전불이행,적설,눈,단일로 - 기타,승용,남,36세,상해없음,승용,여,26세,경상
2014120800100174,2014년 12월 8일 08시,월요일,경상북도 구미시 옥성면,중상사고,0,2,0,0,차대사람 - 기타,안전운전불이행,적설,눈,단일로 - 기타,승용,남,37세,상해없음,보행자,남,40세,중상
2014120800100201,2014년 12월 8일 09시,월요일,경상북도 영천시 화북면,부상신고사고,0,0,0,1,차대차 - 기타,안전운전불이행,적설,눈,단일로 - 기타,승용,남,63세,상해없음,화물,남,54세,부상신고
2014120800100202,2014년 12월 8일 09시,월요일,경상북도 성주군 성주읍,경상사고,0,0,1,0,차대차 - 정면충돌,안전운전불이행,결빙,눈,교차로 - 교차로부근,승용,남,53세,상해없음,승용,여,44세,경상
2014120800100203,2014년 12월 8일 09시,월요일,경상북도 칠곡군 석적읍,경상사고,0,0,2,0,차대차 - 추돌 - 주정차중,안전운전불이행,결빙,눈,단일로 - 기타,승용,남,35세,상해없음,승용,남,43세,경상
2014120800100243,2014년 12월 8일 10시,월요일,경상북도 경산시 삼북동,중상사고,0,1,0,0,차대사람 - 횡단중,안전운전불이행,결빙,맑음,교차로 - 교차로안,승합,남,63세,상해없음,보행자,여,75세,중상
2014120800100244,2014년 12월 8일 10시,월요일,경상북도 봉화군 봉화읍,경상사고,0,0,1,0,차량단독 - 도로외이탈 - 추락,안전운전불이행,결빙,맑음,단일로 - 기타,화물,남,65세,경상,,,,
2014120800100265,2014년 12월 8일 11시,월요일,경상북도 포항시 북구 흥해읍,경상사고,0,0,3,0,차대차 - 기타,안전운전불이행,건조,맑음,단일로 - 기타,화물,남,27세,경상,승용,여,59세,경상
2014120800100266,2014년 12월 8일 11시,월요일,경상북도 김천시 신음동,중상사고,0,1,0,0,차대차 - 측면직각충돌,교차로운행방법위반,습기,흐림,교차로 - 교차로안,승용,남,37세,상해없음,이륜,남,35세,중상
2014120800100318,2014년 12월 8일 13시,월요일,경상북도 포항시 북구 대신동,경상사고,0,0,2,0,차대차 - 기타,안전운전불이행,건조,맑음,단일로 - 기타,승용,여,54세,경상,승용,남,32세,경상
2014120800100356,2014년 12월 8일 14시,월요일,경상북도 구미시 원평동,부상신고사고,0,0,0,1,차대사람 - 기타,안전운전불이행,적설,눈,단일로 - 기타,승용,남,55세,상해없음,보행자,남,37세,부상신고
2014120800100357,2014년 12월 8일 14시,월요일,경상북도 구미시 구평동,사망사고,1,0,0,0,차량단독 - 공작물충돌,안전운전불이행,습기,맑음,교차로 - 교차로안,승용,남,75세,사망,,,,
2014120800100358,2014년 12월 8일 14시,월요일,경상북도 포항시 남구 구룡포읍,중상사고,0,1,0,0,차대차 - 기타,안전운전불이행,건조,맑음,단일로 - 기타,화물,여,52세,상해없음,이륜,여,65세,중상
2014120800100399,2014년 12월 8일 15시,월요일,경상북도 포항시 북구 우현동,경상사고,0,0,2,0,차대차 - 기타,안전거리미확보,건조,맑음,단일로 - 기타,승용,남,66세,경상,승용,남,43세,경상
2014120800100400,2014년 12월 8일 15시,월요일,경상북도 안동시 풍산읍,중상사고,0,1,1,0,차대차 - 추돌 - 진행중,안전거리미확보,건조,맑음,단일로 - 기타,승합,남,46세,상해없음,화물,남,56세,경상
2014120800100402,2014년 12월 8일 15시,월요일,경상북도 청송군 안덕면,경상사고,0,0,1,0,차대차 - 기타,교차로운행방법위반,결빙,맑음,교차로 - 교차로안,승합,남,62세,상해없음,화물,남,59세,경상
2014120800100403,2014년 12월 8일 15시,월요일,경상북도 청송군 안덕면,중상사고,0,2,0,0,차대차 - 기타,중앙선침범,습기,맑음,단일로 - 기타,승용,남,41세,상해없음,화물,남,49세,중상
2014120800100432,2014년 12월 8일 16시,월요일,경상북도 경주시 하동,경상사고,0,0,1,0,차대차 - 기타,안전운전불이행,건조,맑음,단일로 - 기타,승용,남,60세,상해없음,화물,남,41세,경상
2014120800100475,2014년 12월 8일 17시,월요일,경상북도 안동시 광석동,중상사고,0,1,0,0,차대사람 - 기타,보행자보호의무위반,건조,맑음,교차로 - 교차로부근,승합,남,59세,상해없음,보행자,남,71세,중상
2014120800100476,2014년 12월 8일 17시,월요일,경상북도 안동시 일직면,중상사고,0,1,0,0,차대사람 - 기타,안전운전불이행,건조,흐림,교차로 - 교차로부근,승용,여,51세,상해없음,보행자,남,73세,중상
2014120800100477,2014년 12월 8일 17시,월요일,경상북도 상주시 남성동,경상사고,0,0,1,0,차대차 - 측면직각충돌,교차로운행방법위반,습기,맑음,교차로 - 교차로안,승용,남,67세,상해없음,자전거,여,47세,경상
2014120800100541,2014년 12월 8일 18시,월요일,경상북도 안동시 광석동,경상사고,0,0,1,0,차대사람 - 기타,안전운전불이행,건조,맑음,단일로 - 기타,승용,남,56세,상해없음,보행자,남,34세,경상
2014120800100542,2014년 12월 8일 18시,월요일,경상북도 김천시 평화동,중상사고,0,1,0,0,차대사람 - 기타,안전운전불이행,건조,맑음,단일로 - 기타,승용,여,61세,상해없음,보행자,여,49세,중상
2014120800100543,2014년 12월 8일 18시,월요일,경상북도 경산시 자인면,중상사고,0,2,0,0,차대차 - 기타,안전운전불이행,건조,맑음,단일로 - 기타,화물,남,70세,중상,화물,남,57세,기타불명
2014120800100544,2014년 12월 8일 18시,월요일,경상북도 구미시 고아읍,경상사고,0,0,2,0,차대차 - 측면직각충돌,신호위반,건조,맑음,교차로 - 교차로안,화물,남,52세,상해없음,승용,여,33세,경상
2014120800100581,2014년 12월 8일 19시,월요일,경상북도 포항시 남구 지곡동,경상사고,0,0,2,0,차대차 - 기타,안전운전불이행,건조,맑음,단일로 - 기타,승용,남,57세,상해없음,승용,여,45세,경상
2014120800100610,2014년 12월 8일 20시,월요일,경상북도 안동시 용상동,경상사고,0,0,2,0,차대차 - 측면직각충돌,신호위반,건조,맑음,교차로 - 교차로안,승용,남,52세,상해없음,승합,여,50세,경상
2014120800100637,2014년 12월 8일 21시,월요일,경상북도 울진군 울진읍,경상사고,0,0,1,0,차대차 - 측면직각충돌,직진우회전진행방해,건조,맑음,교차로 - 교차로안,승용,남,58세,상해없음,이륜,남,41세,경상
2014120800100668,2014년 12월 8일 22시,월요일,경상북도 경주시 강동면,부상신고사고,0,0,0,1,차량단독 - 공작물충돌,안전운전불이행,건조,맑음,단일로 - 기타,화물,남,43세,부상신고,,,,
2014120800100669,2014년 12월 8일 22시,월요일,경상북도 경주시 성건동,경상사고,0,0,1,0,차대차 - 기타,신호위반,건조,맑음,교차로 - 교차로안,승용,남,50세,상해없음,승용,남,23세,경상
2014120800100670,2014년 12월 8일 22시,월요일,경상북도 김천시 신음동,경상사고,0,0,1,0,차대차 - 측면직각충돌,안전운전불이행,건조,맑음,교차로 - 교차로부근,승용,남,39세,상해없음,승용,남,48세,경상
2014120800100671,2014년 12월 8일 22시,월요일,경상북도 칠곡군 약목면,부상신고사고,0,0,0,1,차대차 - 기타,안전운전불이행,건조,맑음,단일로 - 기타,승용,남,51세,부상신고,승용,여,47세,기타불명
2014120900100037,2014년 12월 9일 02시,화요일,경상북도 안동시 대석동,중상사고,0,1,1,0,차대차 - 측면직각충돌,중앙선침범,건조,맑음,교차로 - 교차로부근,승용,남,29세,상해없음,승용,남,54세,경상
2014120900100061,2014년 12월 9일 05시,화요일,경상북도 포항시 북구 흥해읍,중상사고,0,1,1,0,차대차 - 기타,차로위반,건조,맑음,기타 - 기타,승용,남,41세,상해없음,승용,남,31세,경상
2014120900100062,2014년 12월 9일 05시,화요일,경상북도 칠곡군 가산면,부상신고사고,0,0,0,1,차량단독 - 공작물충돌,안전운전불이행,건조,맑음,단일로 - 기타,화물,남,51세,부상신고,,,,
2014120900100063,2014년 12월 9일 05시,화요일,경상북도 칠곡군 동명면,중상사고,0,2,1,0,차대차 - 추돌 - 진행중,안전운전불이행,건조,맑음,단일로 - 기타,승용,남,43세,상해없음,화물,남,65세,중상
2014120900100083,2014년 12월 9일 06시,화요일,경상북도 구미시 공단동,경상사고,0,0,3,0,차대차 - 측면직각충돌,신호위반,건조,맑음,교차로 - 교차로안,승합,남,60세,상해없음,승용,남,43세,경상
2014120900100084,2014년 12월 9일 06시,화요일,경상북도 구미시 진평동,경상사고,0,0,1,0,차대차 - 측면직각충돌,안전거리미확보,건조,맑음,단일로 - 기타,승용,남,23세,상해없음,승용,남,30세,경상
2014120900100117,2014년 12월 9일 07시,화요일,경상북도 구미시 공단동,경상사고,0,0,1,0,차대차 - 기타,신호위반,건조,맑음,교차로 - 교차로안,승용,남,31세,상해없음,승용,남,38세,경상
2014120900100162,2014년 12월 9일 08시,화요일,경상북도 안동시 옥동,중상사고,0,1,0,0,차대차 - 기타,신호위반,건조,맑음,교차로 - 교차로안,승용,남,57세,상해없음,승용,남,40세,중상
2014120900100163,2014년 12월 9일 08시,화요일,경상북도 김천시 개령면,경상사고,0,0,1,0,차대차 - 측면직각충돌,중앙선침범,건조,맑음,단일로 - 기타,승용,여,29세,상해없음,승합,남,44세,경상