사고번호,사고일시,요일,시군구,사고내용,사망자수,중상자수,경상자수,부상신고자수,사고유형,법규위반,노면상태,기상상태,도로형태,가해운전자 차종,가해운전자 성별,가해운전자 연령,가해운전자 상해정도,피해운전자 차종,피해운전자 성별,피해운전자 연령,피해운전자 상해정도
2014121200100292,2014년 12월 12일 13시,금요일,경상북도 영주시 하망동,중상사고,0,1,2,0,차대차 - 측면직각충돌,안전운전불이행,건조,맑음,교차로 - 교차로안,승용,여,33세,경상,승용,여,42세,경상
2014121200100293,2014년 12월 12일 13시,금요일,경상북도 영천시 고경면,경상사고,0,0,1,0,차대차 - 기타,안전운전불이행,건조,맑음,단일로 - 기타,자전거,남,73세,경상,화물,남,18세,상해없음
2014121200100294,2014년 12월 12일 13시,금요일,경상북도 영천시 망정동,경상사고,0,0,1,1,차대차 - 기타,안전거리미확보,건조,맑음,단일로 - 기타,승용,여,58세,상해없음,승용,남,57세,경상
2014121200100359,2014년 12월 12일 15시,금요일,경상북도 포항시 북구 죽도동,경상사고,0,0,1,0,차대차 - 기타,교차로운행방법위반,건조,맑음,교차로 - 교차로안,화물,남,66세,상해없음,승용,여,48세,경상
2014121200100360,2014년 12월 12일 15시,금요일,경상북도 상주시 화동면,경상사고,0,0,1,0,차대차 - 측면직각충돌,교차로운행방법위반,건조,맑음,교차로 - 교차로안,화물,남,48세,상해없음,화물,여,47세,경상
2014121200100404,2014년 12월 12일 16시,금요일,경상북도 경주시 건천읍,경상사고,0,0,1,0,차대차 - 기타,안전운전불이행,건조,맑음,교차로 - 교차로부근,원동기,여,23세,경상,화물,남,47세,상해없음
2014121200100458,2014년 12월 12일 17시,금요일,경상북도 경주시 성동동,중상사고,0,1,0,0,차대차 - 기타,중앙선침범,건조,맑음,단일로 - 기타,승용,남,46세,상해없음,승용,남,26세,중상
2014121200100459,2014년 12월 12일 17시,금요일,경상북도 경주시 양남면,경상사고,0,0,1,0,차대차 - 기타,신호위반,건조,맑음,교차로 - 교차로안,화물,남,48세,상해없음,승용,여,25세,경상
2014121200100460,2014년 12월 12일 17시,금요일,경상북도 경주시 노동동,경상사고,0,0,1,0,차대사람 - 기타,안전운전불이행,건조,맑음,단일로 - 기타,승용,남,55세,상해없음,보행자,여,45세,경상
2014121200100461,2014년 12월 12일 17시,금요일,경상북도 경주시 외동읍,부상신고사고,0,0,0,1,차대차 - 기타,안전운전불이행,건조,맑음,교차로 - 교차로부근,승용,남,53세,부상신고,화물,남,27세,상해없음
2014121200100462,2014년 12월 12일 17시,금요일,경상북도 청도군 매전면,사망사고,1,0,0,0,차대사람 - 기타,안전운전불이행,건조,맑음,단일로 - 기타,화물,남,58세,상해없음,보행자,여,78세,사망
2014121200100463,2014년 12월 12일 17시,금요일,경상북도 구미시 도량동,중상사고,0,1,0,0,차대차 - 기타,안전운전불이행,건조,맑음,교차로 - 교차로안,승용,여,52세,상해없음,자전거,남,60세,중상
2014121200100464,2014년 12월 12일 17시,금요일,경상북도 포항시 남구 오천읍,경상사고,0,0,2,0,차대차 - 기타,안전운전불이행,건조,맑음,교차로 - 교차로부근,승용,여,53세,경상,승합,남,20세,상해없음
2014121200100570,2014년 12월 12일 19시,금요일,경상북도 안동시 목성동,중상사고,0,1,0,0,차대차 - 추돌 - 진행중,안전운전불이행,건조,흐림,교차로 - 교차로안,승용,여,38세,상해없음,화물,남,60세,중상
2014121200100612,2014년 12월 12일 20시,금요일,경상북도 구미시 옥계동,경상사고,0,0,1,0,차대차 - 기타,안전운전불이행,건조,맑음,교차로 - 교차로안,승용,남,51세,상해없음,승합,남,55세,경상
2014121200100613,2014년 12월 12일 20시,금요일,경상북도 구미시 인의동,중상사고,0,1,0,0,차대차 - 기타,안전운전불이행,건조,맑음,교차로 - 교차로안,승용,남,46세,상해없음,승용,남,74세,중상
2014121200100614,2014년 12월 12일 20시,금요일,경상북도 포항시 남구 대도동,경상사고,0,0,1,0,차대차 - 추돌 - 주정차중,안전운전불이행,건조,맑음,교차로 - 교차로부근,승용,남,54세,상해없음,승용,남,71세,상해없음
2014121200100654,2014년 12월 12일 21시,금요일,경상북도 안동시 당북동,중상사고,0,1,0,0,차대차 - 측면직각충돌,안전운전불이행,건조,맑음,교차로 - 교차로부근,승용,남,39세,상해없음,승용,남,36세,중상
2014121200100655,2014년 12월 12일 21시,금요일,경상북도 상주시 외남면,중상사고,0,1,0,0,차량단독 - 도로외이탈 - 기타,안전운전불이행,결빙,눈,단일로 - 기타,화물,여,53세,상해없음,,,,
2014121200100656,2014년 12월 12일 21시,금요일,경상북도 구미시 원평동,경상사고,0,0,2,2,차대차 - 기타,안전운전불이행,습기,눈,교차로 - 교차로안,승용,남,30세,상해없음,승용,남,51세,경상
2014121200100680,2014년 12월 12일 22시,금요일,경상북도 영천시 완산동,중상사고,0,2,0,0,차대차 - 기타,신호위반,건조,맑음,단일로 - 기타,승용,여,65세,상해없음,승용,남,25세,중상
2014121200100681,2014년 12월 12일 22시,금요일,경상북도 경산시 중방동,중상사고,0,1,1,0,차대차 - 기타,차로위반,건조,맑음,교차로 - 교차로안,승용,남,21세,중상,승용,여,35세,경상
2014121200100682,2014년 12월 12일 22시,금요일,경상북도 구미시 원평동,부상신고사고,0,0,0,1,차대사람 - 기타,안전운전불이행,건조,맑음,단일로 - 기타,승용,남,46세,기타불명,보행자,남,26세,부상신고
2014121200100683,2014년 12월 12일 22시,금요일,경상북도 구미시 인의동,경상사고,0,0,1,0,차대차 - 측면직각충돌,안전운전불이행,건조,맑음,교차로 - 교차로부근,승용,남,46세,상해없음,이륜,남,31세,경상
2014121200100684,2014년 12월 12일 22시,금요일,경상북도 구미시 송정동,경상사고,0,0,1,0,차대차 - 추돌 - 주정차중,안전운전불이행,습기,기타,단일로 - 기타,승용,여,53세,상해없음,승용,여,24세,경상
2014121200100719,2014년 12월 12일 23시,금요일,경상북도 구미시 옥계동,중상사고,0,1,0,0,차대차 - 추돌 - 진행중,안전운전불이행,건조,맑음,단일로 - 기타,승용,남,43세,상해없음,승용,남,51세,중상
2014121300100029,2014년 12월 13일 00시,토요일,경상북도 경주시 강동면,중상사고,0,1,0,0,차대사람 - 기타,안전운전불이행,건조,맑음,단일로 - 기타,승용,남,22세,상해없음,보행자,남,57세,중상
2014121300100030,2014년 12월 13일 00시,토요일,경상북도 포항시 북구 득량동,경상사고,0,0,1,0,차대차 - 기타,교차로운행방법위반,건조,맑음,교차로 - 교차로안,승용,남,26세,상해없음,승용,남,60세,경상
2014121300100031,2014년 12월 13일 00시,토요일,경상북도 안동시 옥동,중상사고,0,1,1,0,차대차 - 추돌 - 주정차중,안전운전불이행,습기,눈,단일로 - 기타,승용,여,19세,상해없음,승용,남,53세,중상
2014121300100032,2014년 12월 13일 00시,토요일,경상북도 구미시 옥계동,중상사고,0,1,0,0,차대차 - 측면직각충돌,안전운전불이행,건조,맑음,기타 - 기타,승용,남,22세,상해없음,승용,남,54세,중상
2014121300100056,2014년 12월 13일 01시,토요일,경상북도 경산시 압량면,경상사고,0,0,1,0,차대차 - 기타,안전운전불이행,건조,맑음,단일로 - 기타,승용,남,49세,상해없음,승용,남,51세,경상
2014121300100057,2014년 12월 13일 01시,토요일,경상북도 포항시 남구 연일읍,경상사고,0,0,2,0,차대차 - 추돌 - 주정차중,안전운전불이행,건조,맑음,단일로 - 기타,화물,남,31세,상해없음,승용,여,40세,경상
2014121300100079,2014년 12월 13일 02시,토요일,경상북도 포항시 북구 흥해읍,부상신고사고,0,0,0,1,차량단독 - 기타,기타,건조,맑음,단일로 - 기타,승용,남,54세,상해없음,,,,
2014121300100080,2014년 12월 13일 02시,토요일,경상북도 포항시 북구 죽도동,경상사고,0,0,1,0,차대사람 - 기타,안전운전불이행,건조,맑음,단일로 - 기타,승용,남,65세,상해없음,보행자,남,31세,경상
2014121300100131,2014년 12월 13일 05시,토요일,경상북도 경산시 옥산동,중상사고,0,2,0,0,차대차 - 측면직각충돌,신호위반,습기,비,교차로 - 교차로안,승용,남,40세,상해없음,승용,남,70세,중상
2014121300100141,2014년 12월 13일 06시,토요일,경상북도 포항시 북구 죽도동,경상사고,0,0,1,0,차대사람 - 기타,안전운전불이행,건조,맑음,단일로 - 기타,승용,여,48세,상해없음,보행자,남,34세,경상
2014121300100142,2014년 12월 13일 06시,토요일,경상북도 안동시 남문동,중상사고,0,1,0,0,차대차 - 추돌 - 주정차중,안전운전불이행,건조,흐림,교차로 - 교차로부근,승용,남,36세,상해없음,승합,남,47세,중상
2014121300100153,2014년 12월 13일 07시,토요일,경상북도 포항시 북구 죽도동,경상사고,0,0,1,0,차대차 - 기타,중앙선침범,건조,맑음,교차로 - 교차로부근,승용,남,30세,상해없음,승용,남,62세,경상
2014121300100172,2014년 12월 13일 08시,토요일,경상북도 예천군 예천읍,중상사고,0,2,0,0,차대차 - 정면충돌,안전운전불이행,건조,맑음,단일로 - 기타,승용,여,39세,중상,화물,남,67세,상해없음
2014121300100173,2014년 12월 13일 08시,토요일,경상북도 포항시 남구 대도동,경상사고,0,0,2,0,차대차 - 추돌 - 진행중,안전운전불이행,건조,맑음,교차로 - 교차로부근,승용,남,64세,상해없음,승용,여,31세,경상
2014121300100226,2014년 12월 13일 10시,토요일,경상북도 영주시 영주동,경상사고,0,0,1,0,차대차 - 기타,안전운전불이행,건조,맑음,교차로 - 교차로안,승용,남,73세,상해없음,화물,남,55세,경상
2014121300100227,2014년 12월 13일 10시,토요일,경상북도 경산시 하양읍,경상사고,0,0,3,0,차대차 - 기타,안전운전불이행,건조,맑음,교차로 - 교차로부근,화물,남,30세,상해없음,승용,남,40세,경상
2014121300100228,2014년 12월 13일 10시,토요일,경상북도 구미시 옥성면,중상사고,0,2,4,0,차대차 - 추돌 - 진행중,안전운전불이행,건조,맑음,단일로 - 기타,화물,남,61세,상해없음,승합,남,59세,경상
2014121300100264,2014년 12월 13일 11시,토요일,경상북도 경주시 동천동,경상사고,0,0,1,0,차대차 - 기타,안전운전불이행,건조,맑음,교차로 - 교차로부근,화물,남,50세,상해없음,승용,여,28세,경상
2014121300100265,2014년 12월 13일 11시,토요일,경상북도 포항시 남구 오천읍,경상사고,0,0,2,0,차대차 - 측면직각충돌,안전운전불이행,건조,맑음,교차로 - 교차로안,승용,여,57세,경상,승용,남,29세,경상
2014121300100266,2014년 12월 13일 11시,토요일,경상북도 문경시 문경읍,경상사고,0,0,2,1,차대차 - 추돌 - 진행중,안전운전불이행,건조,맑음,단일로 - 기타,승용,남,25세,상해없음,승용,남,28세,경상
2014121300100304,2014년 12월 13일 12시,토요일,경상북도 상주시 냉림동,부상신고사고,0,0,0,1,차대차 - 측면직각충돌,안전운전불이행,건조,맑음,교차로 - 교차로안,원동기,남,19세,부상신고,화물,남,60세,상해없음
2014121300100339,2014년 12월 13일 13시,토요일,경상북도 경주시 황성동,경상사고,0,0,1,0,차대차 - 기타,안전운전불이행,건조,맑음,기타 - 기타,승용,남,56세,상해없음,승용,여,42세,경상
2014121300100340,2014년 12월 13일 13시,토요일,경상북도 안동시 금곡동,경상사고,0,0,1,0,차대차 - 측면직각충돌,교차로운행방법위반,건조,맑음,교차로 - 교차로안,승용,남,58세,상해없음,이륜,남,64세,경상
2014121300100341,2014년 12월 13일 13시,토요일,경상북도 구미시 선산읍,중상사고,0,1,0,0,차대차 - 정면충돌,중앙선침범,건조,맑음,단일로 - 기타,화물,남,52세,기타불명,승용,여,55세,중상
2014121300100380,2014년 12월 13일 14시,토요일,경상북도 칠곡군 왜관읍,경상사고,0,0,2,0,차대차 - 기타,신호위반,건조,맑음,교차로 - 교차로안,승용,남,35세,상해없음,승용,남,22세,경상
2014121300100381,2014년 12월 13일 14시,토요일,경상북도 경산시 계양동,경상사고,0,0,1,0,차대차 - 추돌 - 진행중,안전운전불이행,건조,맑음,단일로 - 기타,원동기,남,19세,경상,승용,남,33세,기타불명
2014121300100444,2014년 12월 13일 16시,토요일,경상북도 구미시 고아읍,경상사고,0,0,1,0,차량단독 - 공작물충돌,안전운전불이행,기타,기타,기타 - 기타,승합,남,43세,경상,,,,
2014121300100479,2014년 12월 13일 17시,토요일,경상북도 포항시 남구 동해면,경상사고,0,0,2,0,차대차 - 측면직각충돌,교차로운행방법위반,건조,맑음,교차로 - 교차로안,승용,남,71세,상해없음,화물,남,37세,경상
2014121300100524,2014년 12월 13일 18시,토요일,경상북도 안동시 옥야동,중상사고,0,1,0,0,차대차 - 기타,중앙선침범,건조,맑음,기타 - 기타,승용,남,49세,상해없음,이륜,남,49세,중상
2014121300100525,2014년 12월 13일 18시,토요일,경상북도 영주시 휴천동,중상사고,0,1,0,0,차대차 - 측면직각충돌,안전운전불이행,건조,맑음,교차로 - 교차로안,승용,남,48세,상해없음,자전거,남,18세,중상
2014121300100526,2014년 12월 13일 18시,토요일,경상북도 영주시 가흥동,경상사고,0,0,1,0,차대차 - 측면직각충돌,안전운전불이행,건조,맑음,교차로 - 교차로안,승용,남,51세,상해없음,화물,남,51세,경상
2014121300100527,2014년 12월 13일 18시,토요일,경상북도 포항시 남구 오천읍,중상사고,0,1,0,0,차대사람 - 횡단중,안전운전불이행,건조,맑음,단일로 - 횡단보도부근,승용,남,45세,상해없음,보행자,남,57세,중상
2014121300100528,2014년 12월 13일 18시,토요일,경상북도 포항시 남구 오천읍,중상사고,0,1,0,0,차대차 - 측면직각충돌,중앙선침범,건조,맑음,교차로 - 교차로부근,승용,남,45세,상해없음,화물,남,50세,중상
2014121300100564,2014년 12월 13일 19시,토요일,경상북도 봉화군 석포면,중상사고,0,1,0,0,차대차 - 정면충돌,안전운전불이행,건조,맑음,교차로 - 교차로안,승용,여,53세,상해없음,원동기,남,57세,중상
2014121300100565,2014년 12월 13일 19시,토요일,경상북도 포항시 남구 오천읍,경상사고,0,0,1,0,차대차 - 기타,중앙선침범,건조,맑음,단일로 - 기타,승용,남,36세,상해없음,이륜,남,19세,경상
2014121300100596,2014년 12월 13일 20시,토요일,경상북도 구미시 송정동,경상사고,0,0,1,1,차대차 - 측면직각충돌,안전운전불이행,건조,맑음,단일로 - 교량,승용,여,52세,부상신고,승용,여,49세,경상
2014121300100597,2014년 12월 13일 20시,토요일,경상북도 포항시 남구 인덕동,경상사고,0,0,1,0,차대차 - 측면직각충돌,안전운전불이행,건조,맑음,단일로 - 기타,이륜,기타불명,기타불명,기타불명,자전거,남,12세,경상
2014121300100625,2014년 12월 13일 21시,토요일,경상북도 상주시 함창읍,경상사고,0,0,1,0,차대차 - 측면직각충돌,교차로운행방법위반,건조,맑음,교차로 - 교차로안,승용,여,31세,상해없음,승용,여,39세,경상
2014121300100681,2014년 12월 13일 23시,토요일,경상북도 경산시 옥산동,경상사고,0,0,1,0,차대차 - 기타,안전운전불이행,건조,맑음,교차로 - 교차로안,기타불명,기타불명,기타불명,기타불명,이륜,남,19세,경상
2014121300100682,2014년 12월 13일 23시,토요일,경상북도 포항시 남구 해도동,경상사고,0,0,3,0,차량단독 - 공작물충돌,안전운전불이행,건조,맑음,단일로 - 기타,승용,남,24세,경상,,,,
2014121400100017,2014년 12월 14일 00시,일요일,경상북도 경산시 하양읍,경상사고,0,0,1,0,차대사람 - 차도통행중,안전운전불이행,건조,맑음,단일로 - 기타,승용,여,23세,상해없음,보행자,남,44세,경상
2014121400100042,2014년 12월 14일 01시,일요일,경상북도 경주시 충효동,경상사고,0,0,1,1,차량단독 - 전도전복,안전운전불이행,건조,맑음,단일로 - 기타,승용,남,18세,부상신고,,,,
2014121400100086,2014년 12월 14일 03시,일요일,경상북도 경산시 옥곡동,중상사고,0,1,0,0,차대차 - 기타,신호위반,건조,맑음,교차로 - 교차로안,승용,남,44세,상해없음,승용,남,26세,중상
2014121400100106,2014년 12월 14일 05시,일요일,경상북도 구미시 고아읍,경상사고,0,0,1,0,차대차 - 추돌 - 주정차중,안전운전불이행,건조,맑음,단일로 - 기타,원동기,남,54세,경상,화물,남,45세,기타불명
2014121400100122,2014년 12월 14일 06시,일요일,경상북도 경주시 안강읍,경상사고,0,0,1,0,차량단독 - 기타,안전운전불이행,건조,맑음,단일로 - 기타,승용,남,58세,상해없음,,,,
2014121400100143,2014년 12월 14일 08시,일요일,경상북도 포항시 북구 대흥동,중상사고,0,1,0,0,차대사람 - 기타,안전운전불이행,건조,맑음,단일로 - 기타,승용,남,62세,상해없음,보행자,여,80세,중상
2014121400100153,2014년 12월 14일 09시,일요일,경상북도 포항시 남구 동촌동,경상사고,0,0,2,0,차대차 - 추돌 - 진행중,안전거리미확보,건조,맑음,단일로 - 기타,승용,남,62세,상해없음,화물,남,42세,경상
2014121400100177,2014년 12월 14일 10시,일요일,경상북도 안동시 당북동,중상사고,0,1,0,0,차대차 - 기타,신호위반,건조,맑음,교차로 - 교차로안,승용,남,67세,상해없음,승용,여,30세,중상
2014121400100178,2014년 12월 14일 10시,일요일,경상북도 상주시 이안면,중상사고,0,1,0,0,차대차 - 기타,교차로운행방법위반,건조,맑음,교차로 - 교차로안,승용,남,38세,상해없음,승용,여,56세,중상
2014121400100207,2014년 12월 14일 12시,일요일,경상북도 포항시 북구 용흥동,중상사고,0,1,0,0,차대사람 - 기타,안전운전불이행,건조,맑음,단일로 - 기타,승용,남,25세,상해없음,보행자,여,55세,중상
2014121400100208,2014년 12월 14일 12시,일요일,경상북도 안동시 목성동,경상사고,0,0,1,0,차대차 - 기타,안전운전불이행,건조,맑음,단일로 - 기타,승용,남,34세,상해없음,자전거,남,75세,경상
2014121400100209,2014년 12월 14일 12시,일요일,경상북도 영덕군 영덕읍,사망사고,1,0,0,0,차대차 - 기타,안전운전불이행,건조,맑음,단일로 - 기타,승용,남,42세,상해없음,승용,남,35세,상해없음
2014121400100210,2014년 12월 14일 12시,일요일,경상북도 울진군 후포면,중상사고,0,3,1,0,차대차 - 기타,안전운전불이행,건조,맑음,교차로 - 교차로안,화물,남,62세,상해없음,승용,여,59세,상해없음
2014121400100233,2014년 12월 14일 13시,일요일,경상북도 경주시 황오동,경상사고,0,0,2,0,차대차 - 기타,안전운전불이행,건조,맑음,단일로 - 기타,승용,남,39세,상해없음,승용,남,55세,경상
2014121400100256,2014년 12월 14일 14시,일요일,경상북도 안동시 용상동,경상사고,0,0,1,0,차대사람 - 기타,신호위반,건조,맑음,교차로 - 교차로부근,승합,남,57세,상해없음,보행자,여,62세,경상
2014121400100284,2014년 12월 14일 15시,일요일,경상북도 포항시 북구 장성동,중상사고,0,1,1,0,차대차 - 기타,중앙선침범,건조,맑음,교차로 - 교차로부근,승용,남,60세,상해없음,승용,남,66세,중상
2014121400100285,2014년 12월 14일 15시,일요일,경상북도 경산시 임당동,경상사고,0,0,2,0,차대차 - 측면직각충돌,직진우회전진행방해,건조,맑음,교차로 - 교차로안,승용,남,30세,상해없음,승용,남,44세,경상
2014121400100318,2014년 12월 14일 16시,일요일,경상북도 포항시 북구 죽도동,경상사고,0,0,1,0,차대차 - 기타,신호위반,건조,맑음,교차로 - 교차로안,승용,여,59세,상해없음,승용,남,59세,상해없음
2014121400100319,2014년 12월 14일 16시,일요일,경상북도 경산시 진량읍,중상사고,0,1,2,0,차대차 - 측면직각충돌,안전운전불이행,건조,맑음,단일로 - 기타,원동기,남,24세,경상,승용,남,54세,상해없음
2014121400100349,2014년 12월 14일 17시,일요일,경상북도 경주시 강동면,중상사고,0,1,0,0,차대사람 - 기타,안전운전불이행,건조,맑음,단일로 - 기타,승용,여,48세,상해없음,보행자,여,65세,중상
2014121400100350,2014년 12월 14일 17시,일요일,경상북도 영천시 언하동,경상사고,0,0,3,0,차대차 - 측면직각충돌,안전운전불이행,건조,맑음,단일로 - 기타,화물,남,65세,상해없음,승용,남,42세,경상
2014121400100381,2014년 12월 14일 18시,일요일,경상북도 안동시 송현동,경상사고,0,0,1,0,차대차 - 기타,차로위반,건조,맑음,단일로 - 기타,승용,남,44세,상해없음,이륜,남,52세,경상
2014121400100382,2014년 12월 14일 18시,일요일,경상북도 포항시 남구 대도동,경상사고,0,0,1,0,차량단독 - 기타,안전운전불이행,건조,맑음,단일로 - 기타,승용,남,54세,상해없음,,,,
2014121400100454,2014년 12월 14일 20시,일요일,경상북도 칠곡군 약목면,중상사고,0,1,0,0,차량단독 - 기타,기타,건조,맑음,단일로 - 기타,원동기,남,56세,중상,,,,
2014121400100520,2014년 12월 14일 23시,일요일,경상북도 경산시 대평동,경상사고,0,0,1,0,차대차 - 기타,안전운전불이행,건조,맑음,단일로 - 기타,승용,남,60세,상해없음,승용,남,32세,경상
2014121500100015,2014년 12월 15일 01시,월요일,경상북도 경산시 진량읍,부상신고사고,0,0,0,5,차대차 - 측면직각충돌,안전운전불이행,건조,맑음,교차로 - 교차로안,승용,남,56세,상해없음,승용,남,22세,부상신고
2014121500100031,2014년 12월 15일 04시,월요일,경상북도 안동시 남문동,중상사고,0,1,0,0,차대차 - 추돌 - 주정차중,안전운전불이행,건조,맑음,단일로 - 기타,승용,남,46세,상해없음,승용,여,54세,중상
2014121500100040,2014년 12월 15일 05시,월요일,경상북도 영주시 영주동,경상사고,0,0,1,0,차대차 - 측면직각충돌,안전운전불이행,건조,맑음,교차로 - 교차로안,승용,여,37세,경상,승용,남,73세,상해없음
2014121500100062,2014년 12월 15일 06시,월요일,경상북도 구미시 구평동,경상사고,0,0,1,0,차대차 - 기타,신호위반,건조,맑음,교차로 - 교차로안,승용,남,36세,상해없음,승용,남,70세,경상
2014121500100087,2014년 12월 15일 07시,월요일,경상북도 경주시 내남면,중상사고,0,1,0,0,차대차 - 기타,중앙선침범,건조,맑음,단일로 - 기타,승용,남,44세,상해없음,승용,남,41세,중상
2014121500100088,2014년 12월 15일 07시,월요일,경상북도 포항시 남구 대도동,중상사고,0,1,0,0,차대차 - 기타,신호위반,건조,맑음,단일로 - 횡단보도상,승용,남,49세,상해없음,자전거,남,46세,중상
2014121500100124,2014년 12월 15일 08시,월요일,경상북도 포항시 남구 지곡동,경상사고,0,0,2,0,차대차 - 기타,안전운전불이행,건조,맑음,단일로 - 기타,승용,남,50세,상해없음,승용,여,55세,경상
2014121500100162,2014년 12월 15일 09시,월요일,경상북도 영천시 화남면,중상사고,0,1,0,0,차대차 - 기타,교차로운행방법위반,건조,맑음,교차로 - 교차로안,승용,여,51세,상해없음,이륜,남,76세,중상
2014121500100244,2014년 12월 15일 12시,월요일,경상북도 문경시 문경읍,경상사고,0,0,1,0,차대차 - 정면충돌,중앙선침범,건조,맑음,단일로 - 기타,승용,남,78세,경상,화물,남,51세,상해없음
2014121500100245,2014년 12월 15일 12시,월요일,경상북도 경산시 중방동,경상사고,0,0,1,0,차대차 - 기타,안전운전불이행,건조,맑음,교차로 - 교차로안,승용,남,65세,상해없음,승용,여,57세,경상
2014121500100274,2014년 12월 15일 13시,월요일,경상북도 상주시 이안면,부상신고사고,0,0,0,1,차대차 - 추돌 - 진행중,안전운전불이행,건조,맑음,단일로 - 기타,이륜,남,74세,부상신고,화물,남,68세,상해없음
2014121500100275,2014년 12월 15일 13시,월요일,경상북도 상주시 서성동,경상사고,0,0,1,0,차대차 - 측면직각충돌,교차로운행방법위반,건조,흐림,교차로 - 교차로안,화물,남,54세,상해없음,승용,여,42세,경상
2014121500100276,2014년 12월 15일 13시,월요일,경상북도 영천시 대창면,중상사고,0,1,0,0,차대사람 - 길가장자리구역통행중,안전운전불이행,건조,흐림,단일로 - 기타,승용,여,59세,상해없음,보행자,남,47세,중상
2014121500100306,2014년 12월 15일 14시,월요일,경상북도 포항시 북구 장성동,경상사고,0,0,1,0,차대차 - 기타,교차로운행방법위반,건조,맑음,교차로 - 교차로안,승용,남,55세,상해없음,승용,남,42세,경상
2014121500100307,2014년 12월 15일 14시,월요일,경상북도 안동시 옥동,중상사고,0,1,0,0,차대사람 - 기타,안전운전불이행,건조,맑음,단일로 - 기타,승용,여,44세,상해없음,보행자,여,51세,중상
2014121500100365,2014년 12월 15일 16시,월요일,경상북도 포항시 북구 우현동,경상사고,0,0,1,0,차대사람 - 기타,안전운전불이행,건조,맑음,단일로 - 기타,승용,여,50세,상해없음,보행자,여,8세,경상
2014121500100366,2014년 12월 15일 16시,월요일,경상북도 칠곡군 석적읍,중상사고,0,1,0,0,차대사람 - 횡단중,안전운전불이행,건조,맑음,단일로 - 기타,승용,여,28세,상해없음,보행자,남,28세,중상
2014121500100395,2014년 12월 15일 17시,월요일,경상북도 경산시 진량읍,경상사고,0,0,1,0,차대차 - 기타,안전운전불이행,건조,맑음,교차로 - 교차로안,화물,남,27세,경상,화물,남,44세,상해없음
2014121500100440,2014년 12월 15일 18시,월요일,경상북도 의성군 안계면,경상사고,0,0,1,0,차대차 - 측면직각충돌,교차로운행방법위반,건조,맑음,교차로 - 교차로안,승용,남,57세,상해없음,원동기,남,68세,경상
2014121500100441,2014년 12월 15일 18시,월요일,경상북도 문경시 모전동,경상사고,0,0,1,0,차대차 - 기타,안전운전불이행,건조,맑음,교차로 - 교차로안,승용,여,43세,상해없음,승용,남,57세,경상
2014121500100442,2014년 12월 15일 18시,월요일,경상북도 경산시 진량읍,중상사고,0,1,0,0,차대차 - 기타,기타,건조,맑음,단일로 - 기타,승용,남,49세,상해없음,화물,남,67세,중상
2014121500100443,2014년 12월 15일 18시,월요일,경상북도 울진군 후포면,경상사고,0,0,1,0,차대사람 - 기타,안전운전불이행,건조,맑음,단일로 - 기타,승용,기타불명,기타불명,기타불명,보행자,여,52세,경상
2014121500100445,2014년 12월 15일 18시,월요일,경상북도 구미시 임은동,중상사고,0,1,0,0,차대차 - 기타,안전운전불이행,건조,맑음,단일로 - 기타,이륜,남,35세,중상,승용,남,39세,상해없음
2014121500100446,2014년 12월 15일 18시,월요일,경상북도 포항시 남구 대도동,중상사고,0,1,0,0,차대사람 - 기타,안전운전불이행,건조,맑음,교차로 - 교차로부근,승용,남,56세,상해없음,보행자,남,71세,중상
2014121500100509,2014년 12월 15일 19시,월요일,경상북도 경주시 성건동,경상사고,0,0,1,0,차대차 - 기타,안전운전불이행,건조,맑음,교차로 - 교차로안,원동기,남,23세,경상,승용,여,33세,상해없음
2014121500100510,2014년 12월 15일 19시,월요일,경상북도 경주시 황오동,중상사고,0,1,0,0,차대차 - 기타,기타,건조,맑음,교차로 - 교차로안,승용,남,48세,상해없음,승용,여,55세,상해없음
2014121500100545,2014년 12월 15일 20시,월요일,경상북도 포항시 북구 흥해읍,경상사고,0,0,1,0,차대차 - 기타,안전운전불이행,건조,맑음,교차로 - 교차로안,승용,여,53세,상해없음,승용,여,48세,경상
2014121500100546,2014년 12월 15일 20시,월요일,경상북도 안동시 옥동,경상사고,0,0,1,0,차대차 - 기타,교차로운행방법위반,건조,맑음,교차로 - 교차로안,이륜,남,17세,상해없음,승용,남,22세,경상
2014121500100600,2014년 12월 15일 21시,월요일,경상북도 안동시 북후면,경상사고,0,0,2,0,차대차 - 추돌 - 진행중,안전운전불이행,건조,맑음,교차로 - 교차로안,승용,남,29세,상해없음,승합,남,53세,경상
2014121500100601,2014년 12월 15일 21시,월요일,경상북도 문경시 흥덕동,경상사고,0,0,1,0,차대차 - 측면직각충돌,안전운전불이행,건조,맑음,교차로 - 교차로안,승용,여,47세,상해없음,승용,여,57세,경상
2014121500100637,2014년 12월 15일 22시,월요일,경상북도 경산시 하양읍,사망사고,1,0,0,0,차량단독 - 도로외이탈 - 추락,안전운전불이행,건조,맑음,단일로 - 기타,승용,남,54세,사망,,,,