사고번호,사고일시,요일,시군구,사고내용,사망자수,중상자수,경상자수,부상신고자수,사고유형,법규위반,노면상태,기상상태,도로형태,가해운전자 차종,가해운전자 성별,가해운전자 연령,가해운전자 상해정도,피해운전자 차종,피해운전자 성별,피해운전자 연령,피해운전자 상해정도
2014121900100253,2014년 12월 19일 13시,금요일,경상북도 경산시 삼북동,경상사고,0,0,1,0,차대사람 - 기타,안전운전불이행,건조,맑음,교차로 - 교차로부근,승합,남,59세,상해없음,보행자,여,68세,경상
2014121900100283,2014년 12월 19일 14시,금요일,경상북도 영주시 안정면,중상사고,0,2,0,0,차대차 - 정면충돌,안전운전불이행,건조,흐림,단일로 - 기타,승용,남,48세,중상,승용,남,59세,중상
2014121900100330,2014년 12월 19일 16시,금요일,경상북도 의성군 의성읍,경상사고,0,0,1,0,차대차 - 측면직각충돌,교차로운행방법위반,건조,맑음,교차로 - 교차로안,화물,남,74세,상해없음,자전거,여,68세,경상
2014121900100371,2014년 12월 19일 17시,금요일,경상북도 영천시 화남면,중상사고,0,1,0,0,차대사람 - 기타,안전운전불이행,건조,흐림,단일로 - 기타,화물,남,69세,상해없음,보행자,남,45세,중상
2014121900100372,2014년 12월 19일 17시,금요일,경상북도 경산시 대정동,경상사고,0,0,1,0,차대차 - 기타,안전운전불이행,건조,맑음,교차로 - 교차로안,이륜,남,72세,경상,화물,남,31세,상해없음
2014121900100373,2014년 12월 19일 17시,금요일,경상북도 영덕군 영해면,경상사고,0,0,1,0,차량단독 - 공작물충돌,안전운전불이행,건조,맑음,교차로 - 교차로부근,화물,남,49세,경상,,,,
2014121900100423,2014년 12월 19일 18시,금요일,경상북도 안동시 당북동,중상사고,0,1,0,0,차대사람 - 기타,안전운전불이행,건조,맑음,기타 - 기타,승용,남,36세,상해없음,보행자,여,58세,중상
2014121900100424,2014년 12월 19일 18시,금요일,경상북도 안동시 안흥동,중상사고,0,1,0,0,차대차 - 정면충돌,중앙선침범,습기,흐림,교차로 - 교차로부근,자전거,남,65세,중상,승용,여,44세,상해없음
2014121900100425,2014년 12월 19일 18시,금요일,경상북도 성주군 대가면,중상사고,0,1,0,0,차대사람 - 횡단중,안전운전불이행,건조,맑음,기타 - 기타,승용,남,55세,상해없음,보행자,여,76세,중상
2014121900100475,2014년 12월 19일 19시,금요일,경상북도 안동시 남문동,사망사고,1,0,0,0,차대차 - 추돌 - 주정차중,안전운전불이행,건조,맑음,단일로 - 기타,승용,남,55세,사망,승용,남,60세,상해없음
2014121900100476,2014년 12월 19일 19시,금요일,경상북도 청송군 파천면,경상사고,0,0,1,0,차대차 - 기타,안전운전불이행,건조,맑음,단일로 - 기타,승용,남,31세,상해없음,농기계,남,59세,경상
2014121900100477,2014년 12월 19일 19시,금요일,경상북도 구미시 공단동,경상사고,0,0,1,0,차대차 - 기타,안전운전불이행,건조,맑음,기타 - 기타,승용,남,49세,상해없음,자전거,남,61세,경상
2014121900100511,2014년 12월 19일 20시,금요일,경상북도 안동시 옥동,경상사고,0,0,1,0,차대차 - 측면직각충돌,중앙선침범,건조,맑음,단일로 - 기타,승용,남,21세,상해없음,원동기,남,45세,경상
2014121900100512,2014년 12월 19일 20시,금요일,경상북도 영천시 금노동,중상사고,0,1,0,0,차대차 - 기타,직진우회전진행방해,건조,맑음,교차로 - 교차로안,승용,남,26세,상해없음,승용,남,43세,중상
2014121900100554,2014년 12월 19일 21시,금요일,경상북도 경주시 외동읍,사망사고,1,0,0,0,차대차 - 기타,안전운전불이행,습기,비,교차로 - 교차로안,이륜,남,23세,사망,화물,남,34세,상해없음
2014121900100555,2014년 12월 19일 21시,금요일,경상북도 안동시 태화동,경상사고,0,0,1,0,차대차 - 추돌 - 진행중,안전운전불이행,건조,맑음,단일로 - 기타,이륜,남,17세,상해없음,승용,남,30세,상해없음
2014121900100556,2014년 12월 19일 21시,금요일,경상북도 구미시 진평동,부상신고사고,0,0,0,1,차대차 - 기타,직진우회전진행방해,건조,맑음,교차로 - 교차로안,이륜,남,25세,부상신고,승용,남,44세,상해없음
2014121900100603,2014년 12월 19일 22시,금요일,경상북도 구미시 상모동,중상사고,0,1,1,0,차대차 - 기타,중앙선침범,건조,맑음,단일로 - 기타,승용,남,51세,상해없음,이륜,남,23세,중상
2014121900100665,2014년 12월 19일 23시,금요일,경상북도 포항시 북구 장성동,중상사고,0,2,0,0,차대사람 - 기타,보행자보호의무위반,습기,비,교차로 - 교차로부근,승용,남,61세,상해없음,보행자,여,19세,중상
2014121900100666,2014년 12월 19일 23시,금요일,경상북도 포항시 남구 연일읍,경상사고,0,0,1,0,차대차 - 측면직각충돌,신호위반,습기,비,교차로 - 교차로안,승합,남,48세,상해없음,승합,남,35세,상해없음
2014122000100047,2014년 12월 20일 00시,토요일,경상북도 구미시 공단동,중상사고,0,1,0,0,차대차 - 측면직각충돌,신호위반,건조,맑음,교차로 - 교차로안,원동기,남,20세,중상,승용,남,51세,상해없음
2014122000100092,2014년 12월 20일 01시,토요일,경상북도 경주시 석장동,경상사고,0,0,1,0,차대사람 - 기타,안전운전불이행,습기,비,단일로 - 기타,승용,남,35세,상해없음,보행자,남,21세,경상
2014122000100093,2014년 12월 20일 01시,토요일,경상북도 울진군 울진읍,부상신고사고,0,0,0,1,차량단독 - 기타,안전운전불이행,건조,흐림,단일로 - 기타,화물,남,62세,부상신고,,,,
2014122000100167,2014년 12월 20일 03시,토요일,경상북도 문경시 마성면,경상사고,0,0,1,0,차대차 - 추돌 - 진행중,안전운전불이행,결빙,눈,단일로 - 기타,승용,남,45세,상해없음,승용,남,39세,경상
2014122000100189,2014년 12월 20일 04시,토요일,경상북도 구미시 도량동,경상사고,0,0,1,0,차대차 - 기타,안전운전불이행,건조,맑음,교차로 - 교차로부근,승용,남,22세,상해없음,승용,남,62세,경상
2014122000100215,2014년 12월 20일 05시,토요일,경상북도 경주시 건천읍,중상사고,0,1,0,0,차대차 - 기타,안전운전불이행,결빙,비,단일로 - 기타,승용,남,53세,기타불명,화물,남,61세,상해없음
2014122000100216,2014년 12월 20일 05시,토요일,경상북도 김천시 문당동,중상사고,0,1,0,0,차대차 - 측면직각충돌,안전운전불이행,건조,맑음,단일로 - 기타,승용,남,36세,상해없음,화물,남,57세,상해없음
2014122000100265,2014년 12월 20일 07시,토요일,경상북도 경주시 교동,경상사고,0,0,1,0,차대차 - 기타,안전운전불이행,결빙,맑음,교차로 - 교차로안,승합,남,64세,상해없음,승용,여,45세,경상
2014122000100266,2014년 12월 20일 07시,토요일,경상북도 경주시 현곡면,경상사고,0,0,1,0,차량단독 - 전도전복,안전운전불이행,결빙,맑음,단일로 - 기타,화물,남,61세,상해없음,,,,
2014122000100267,2014년 12월 20일 07시,토요일,경상북도 경주시 건천읍,경상사고,0,0,1,0,차대차 - 기타,안전운전불이행,결빙,맑음,단일로 - 기타,승용,남,36세,상해없음,승합,남,42세,상해없음
2014122000100268,2014년 12월 20일 07시,토요일,경상북도 영천시 금호읍,사망사고,1,0,0,0,차대사람 - 기타,안전운전불이행,결빙,흐림,미분류 - 미분류,승합,남,45세,상해없음,보행자,남,66세,사망
2014122000100269,2014년 12월 20일 07시,토요일,경상북도 영천시 작산동,중상사고,0,1,0,0,차대차 - 기타,안전운전불이행,결빙,흐림,단일로 - 교량,승용,남,64세,상해없음,화물,남,21세,상해없음
2014122000100270,2014년 12월 20일 07시,토요일,경상북도 영천시 금호읍,사망사고,1,1,0,0,차대차 - 기타,중앙선침범,결빙,기타,단일로 - 기타,원동기,남,24세,사망,화물,남,45세,상해없음
2014122000100272,2014년 12월 20일 07시,토요일,경상북도 경산시 하양읍,중상사고,0,1,0,0,차대차 - 기타,안전운전불이행,결빙,맑음,단일로 - 기타,화물,남,56세,상해없음,승용,남,41세,중상
2014122000100273,2014년 12월 20일 07시,토요일,경상북도 포항시 남구 오천읍,중상사고,0,1,0,0,차대차 - 측면직각충돌,신호위반,건조,맑음,교차로 - 교차로안,승용,남,54세,상해없음,승용,남,22세,중상
2014122000100274,2014년 12월 20일 07시,토요일,경상북도 포항시 남구 대송면,경상사고,0,0,1,0,차대차 - 기타,안전운전불이행,건조,맑음,교차로 - 교차로안,이륜,남,40세,경상,승용,여,59세,상해없음
2014122000100303,2014년 12월 20일 08시,토요일,경상북도 경주시 율동,중상사고,0,2,0,0,차량단독 - 공작물충돌,안전운전불이행,습기,안개,단일로 - 기타,승용,남,64세,중상,,,,
2014122000100304,2014년 12월 20일 08시,토요일,경상북도 김천시 감문면,중상사고,0,1,0,0,차대차 - 측면직각충돌,중앙선침범,결빙,눈,단일로 - 교량,화물,남,54세,상해없음,화물,남,42세,중상
2014122000100305,2014년 12월 20일 08시,토요일,경상북도 상주시 외서면,중상사고,0,1,1,0,차량단독 - 도로외이탈 - 추락,안전운전불이행,적설,흐림,단일로 - 기타,화물,남,49세,상해없음,,,,
2014122000100306,2014년 12월 20일 08시,토요일,경상북도 영천시 화남면,중상사고,0,2,1,0,차대차 - 기타,안전운전불이행,결빙,맑음,단일로 - 기타,승용,남,42세,상해없음,승용,남,35세,중상
2014122000100307,2014년 12월 20일 08시,토요일,경상북도 경산시 남천면,중상사고,0,1,2,0,차대차 - 정면충돌,중앙선침범,결빙,맑음,단일로 - 기타,승용,여,47세,경상,승용,여,46세,경상
2014122000100309,2014년 12월 20일 08시,토요일,경상북도 경산시 남천면,경상사고,0,0,2,0,차대차 - 기타,안전운전불이행,결빙,흐림,단일로 - 기타,승합,남,38세,경상,승합,남,43세,경상
2014122000100310,2014년 12월 20일 08시,토요일,경상북도 경산시 사동,경상사고,0,0,1,0,차대차 - 기타,안전운전불이행,습기,맑음,단일로 - 기타,화물,남,23세,상해없음,화물,남,41세,경상
2014122000100342,2014년 12월 20일 09시,토요일,경상북도 포항시 북구 용흥동,경상사고,0,0,1,0,차대차 - 추돌 - 진행중,안전거리미확보,건조,맑음,단일로 - 기타,화물,남,53세,상해없음,승용,남,52세,경상
2014122000100343,2014년 12월 20일 09시,토요일,경상북도 경산시 삼남동,경상사고,0,0,2,0,차대차 - 기타,기타,건조,맑음,교차로 - 교차로안,승용,남,39세,경상,승용,여,34세,경상
2014122000100344,2014년 12월 20일 09시,토요일,경상북도 예천군 개포면,중상사고,0,1,0,0,차대차 - 추돌 - 주정차중,안전운전불이행,적설,눈,단일로 - 기타,건설기계,남,58세,상해없음,승용,여,49세,중상
2014122000100368,2014년 12월 20일 10시,토요일,경상북도 포항시 북구 우현동,경상사고,0,0,2,0,차대차 - 기타,안전운전불이행,건조,맑음,교차로 - 교차로부근,승용,남,73세,상해없음,승용,남,29세,경상
2014122000100391,2014년 12월 20일 11시,토요일,경상북도 경주시 현곡면,경상사고,0,0,1,0,차량단독 - 공작물충돌,안전운전불이행,건조,맑음,단일로 - 터널,승용,남,56세,경상,,,,
2014122000100419,2014년 12월 20일 12시,토요일,경상북도 포항시 북구 죽도동,경상사고,0,0,1,0,차대사람 - 기타,기타,건조,맑음,단일로 - 기타,승용,남,33세,상해없음,보행자,여,38세,경상
2014122000100420,2014년 12월 20일 12시,토요일,경상북도 포항시 남구 대송면,경상사고,0,0,4,0,차대차 - 기타,안전운전불이행,건조,맑음,단일로 - 기타,화물,남,26세,경상,승용,남,32세,경상
2014122000100461,2014년 12월 20일 13시,토요일,경상북도 포항시 남구 대도동,중상사고,0,1,0,0,차대차 - 기타,차로위반,건조,맑음,단일로 - 기타,승용,여,57세,상해없음,승용,남,66세,상해없음
2014122000100462,2014년 12월 20일 13시,토요일,경상북도 포항시 북구 용흥동,경상사고,0,0,1,0,차대차 - 기타,차로위반,건조,맑음,단일로 - 기타,승용,남,60세,상해없음,승용,남,28세,경상
2014122000100463,2014년 12월 20일 13시,토요일,경상북도 안동시 옥동,경상사고,0,0,1,0,차대차 - 기타,안전운전불이행,건조,맑음,단일로 - 기타,승용,남,54세,상해없음,승용,남,46세,경상
2014122000100484,2014년 12월 20일 14시,토요일,경상북도 안동시 일직면,경상사고,0,0,1,0,차대차 - 기타,안전운전불이행,건조,맑음,교차로 - 교차로부근,자전거,남,79세,경상,승용,남,46세,상해없음
2014122000100485,2014년 12월 20일 14시,토요일,경상북도 고령군 덕곡면,중상사고,0,1,4,0,차대차 - 정면충돌,중앙선침범,건조,맑음,단일로 - 기타,화물,남,41세,중상,승합,남,51세,경상
2014122000100486,2014년 12월 20일 14시,토요일,경상북도 구미시 인의동,중상사고,0,1,0,0,차대차 - 기타,안전운전불이행,습기,맑음,단일로 - 기타,이륜,남,36세,중상,승용,남,42세,상해없음
2014122000100517,2014년 12월 20일 15시,토요일,경상북도 경주시 안강읍,경상사고,0,0,1,0,차대사람 - 기타,안전운전불이행,건조,맑음,단일로 - 기타,승용,남,64세,기타불명,보행자,여,66세,경상
2014122000100518,2014년 12월 20일 15시,토요일,경상북도 포항시 북구 두호동,중상사고,0,1,0,0,차대차 - 기타,중앙선침범,건조,맑음,단일로 - 기타,승용,남,61세,상해없음,원동기,남,42세,중상
2014122000100519,2014년 12월 20일 15시,토요일,경상북도 경산시 압량면,경상사고,0,0,4,0,차대차 - 기타,직진우회전진행방해,건조,맑음,교차로 - 교차로안,승용,남,58세,상해없음,승용,남,25세,경상
2014122000100555,2014년 12월 20일 16시,토요일,경상북도 김천시 남면,중상사고,0,1,1,0,차대차 - 측면직각충돌,중앙선침범,건조,맑음,단일로 - 기타,화물,남,63세,상해없음,승용,여,61세,경상
2014122000100556,2014년 12월 20일 16시,토요일,경상북도 영덕군 강구면,중상사고,0,1,0,0,차대사람 - 길가장자리구역통행중,안전운전불이행,건조,맑음,단일로 - 기타,승용,남,63세,상해없음,보행자,여,52세,중상
2014122000100557,2014년 12월 20일 16시,토요일,경상북도 성주군 대가면,중상사고,0,1,0,0,차대사람 - 기타,중앙선침범,건조,맑음,단일로 - 기타,화물,남,54세,상해없음,보행자,남,48세,중상
2014122000100558,2014년 12월 20일 16시,토요일,경상북도 울진군 북면,중상사고,0,1,1,0,차대차 - 기타,안전운전불이행,건조,맑음,단일로 - 기타,승용,여,54세,상해없음,승용,남,49세,경상
2014122000100559,2014년 12월 20일 16시,토요일,경상북도 영양군 영양읍,경상사고,0,0,3,0,차대차 - 기타,안전운전불이행,건조,맑음,단일로 - 기타,화물,남,36세,경상,화물,남,52세,경상
2014122000100595,2014년 12월 20일 17시,토요일,경상북도 경주시 외동읍,중상사고,0,1,0,0,차대차 - 추돌 - 진행중,안전거리미확보,건조,맑음,단일로 - 기타,승용,남,30세,기타불명,승용,남,26세,중상
2014122000100596,2014년 12월 20일 17시,토요일,경상북도 경주시 건천읍,경상사고,0,0,2,0,차대차 - 기타,안전운전불이행,건조,맑음,단일로 - 기타,화물,남,46세,상해없음,승용,남,37세,경상
2014122000100597,2014년 12월 20일 17시,토요일,경상북도 경주시 석장동,경상사고,0,0,1,0,차대사람 - 기타,보행자보호의무위반,건조,맑음,교차로 - 교차로부근,승용,여,49세,상해없음,보행자,여,21세,경상
2014122000100637,2014년 12월 20일 18시,토요일,경상북도 포항시 북구 기계면,사망사고,1,0,0,0,차량단독 - 도로외이탈 - 기타,안전운전불이행,습기,맑음,단일로 - 기타,승용,남,77세,사망,,,,
2014122000100668,2014년 12월 20일 19시,토요일,경상북도 영주시 영주동,중상사고,0,1,0,0,차대사람 - 차도통행중,안전운전불이행,건조,맑음,교차로 - 교차로안,승용,여,59세,상해없음,보행자,남,64세,중상
2014122000100669,2014년 12월 20일 19시,토요일,경상북도 경산시 계양동,경상사고,0,0,1,0,차대차 - 추돌 - 진행중,안전운전불이행,건조,맑음,교차로 - 교차로안,원동기,남,26세,경상,승용,남,24세,상해없음
2014122000100702,2014년 12월 20일 20시,토요일,경상북도 경산시 백천동,경상사고,0,0,1,0,차대차 - 기타,안전운전불이행,건조,맑음,교차로 - 교차로부근,승용,남,46세,상해없음,승용,남,36세,경상
2014122000100703,2014년 12월 20일 20시,토요일,경상북도 포항시 남구 대잠동,경상사고,0,0,1,0,차대차 - 측면직각충돌,교차로운행방법위반,건조,맑음,교차로 - 교차로안,승용,남,27세,상해없음,승용,여,47세,경상
2014122000100715,2014년 12월 20일 21시,토요일,경상북도 안동시 목성동,경상사고,0,0,1,1,차대차 - 기타,안전운전불이행,건조,맑음,단일로 - 기타,승용,남,20세,상해없음,이륜,남,17세,경상
2014122000100716,2014년 12월 20일 21시,토요일,경상북도 안동시 북후면,경상사고,0,0,3,0,차량단독 - 공작물충돌,안전운전불이행,건조,맑음,단일로 - 기타,승용,여,33세,경상,,,,
2014122000100717,2014년 12월 20일 21시,토요일,경상북도 구미시 구평동,경상사고,0,0,5,0,차대차 - 기타,교차로운행방법위반,건조,맑음,미분류 - 미분류,승용,남,28세,상해없음,승용,남,45세,경상
2014122000100718,2014년 12월 20일 21시,토요일,경상북도 구미시 사곡동,경상사고,0,0,1,0,차대차 - 기타,안전거리미확보,건조,맑음,단일로 - 기타,승용,남,57세,상해없음,이륜,남,21세,경상
2014122000100747,2014년 12월 20일 22시,토요일,경상북도 영주시 휴천동,중상사고,0,3,1,0,차대사람 - 횡단중,안전운전불이행,결빙,맑음,교차로 - 교차로안,이륜,남,32세,경상,보행자,여,54세,중상
2014122000100748,2014년 12월 20일 22시,토요일,경상북도 영주시 가흥동,중상사고,0,1,1,0,차대차 - 측면직각충돌,신호위반,건조,맑음,교차로 - 교차로안,승용,여,21세,상해없음,승용,남,54세,중상
2014122000100749,2014년 12월 20일 22시,토요일,경상북도 포항시 남구 대도동,중상사고,0,1,0,0,차대사람 - 기타,안전운전불이행,건조,맑음,단일로 - 기타,승용,남,55세,상해없음,보행자,남,41세,중상
2014122000100776,2014년 12월 20일 23시,토요일,경상북도 포항시 북구 상원동,경상사고,0,0,3,0,차대차 - 기타,안전거리미확보,건조,맑음,단일로 - 기타,승용,남,58세,상해없음,승용,남,41세,경상
2014122000100777,2014년 12월 20일 23시,토요일,경상북도 영주시 휴천동,경상사고,0,0,1,0,차대사람 - 횡단중,안전운전불이행,건조,맑음,교차로 - 교차로부근,승용,남,69세,상해없음,보행자,남,35세,경상
2014122100100025,2014년 12월 21일 01시,일요일,경상북도 안동시 옥동,경상사고,0,0,1,0,차대사람 - 기타,안전운전불이행,건조,맑음,교차로 - 교차로부근,승용,여,39세,상해없음,보행자,남,39세,경상
2014122100100039,2014년 12월 21일 02시,일요일,경상북도 경산시 정평동,경상사고,0,0,2,0,차대차 - 기타,안전운전불이행,건조,맑음,교차로 - 교차로부근,승용,남,42세,상해없음,승용,남,59세,경상
2014122100100063,2014년 12월 21일 05시,일요일,경상북도 경주시 황남동,중상사고,0,1,0,0,차대차 - 기타,안전운전불이행,건조,맑음,교차로 - 교차로안,승용,남,21세,상해없음,자전거,남,51세,중상
2014122100100079,2014년 12월 21일 06시,일요일,경상북도 포항시 북구 죽도동,경상사고,0,0,1,0,차대차 - 추돌 - 진행중,안전거리미확보,건조,맑음,교차로 - 교차로부근,승용,남,26세,상해없음,승용,남,29세,경상
2014122100100080,2014년 12월 21일 06시,일요일,경상북도 포항시 북구 우현동,중상사고,0,1,0,0,차대사람 - 기타,안전운전불이행,건조,맑음,단일로 - 기타,승용,남,45세,상해없음,보행자,남,18세,중상
2014122100100081,2014년 12월 21일 06시,일요일,경상북도 포항시 남구 동해면,중상사고,0,1,0,0,차대차 - 측면직각충돌,중앙선침범,건조,맑음,단일로 - 기타,승용,여,45세,상해없음,화물,남,57세,중상
2014122100100113,2014년 12월 21일 09시,일요일,경상북도 경산시 삼북동,중상사고,0,1,0,0,차대차 - 기타,신호위반,건조,맑음,교차로 - 교차로안,승용,남,60세,상해없음,승용,여,56세,중상
2014122100100137,2014년 12월 21일 10시,일요일,경상북도 안동시 용상동,경상사고,0,0,2,0,차대차 - 기타,안전운전불이행,건조,맑음,단일로 - 기타,화물,남,71세,상해없음,승용,남,42세,경상
2014122100100138,2014년 12월 21일 10시,일요일,경상북도 포항시 남구 구룡포읍,중상사고,0,1,0,0,차대사람 - 기타,안전운전불이행,건조,맑음,단일로 - 기타,건설기계,남,56세,상해없음,보행자,남,42세,중상
2014122100100139,2014년 12월 21일 10시,일요일,경상북도 고령군 성산면,중상사고,0,1,0,0,차대차 - 기타,안전운전불이행,건조,맑음,단일로 - 터널,기타불명,기타불명,기타불명,기타불명,승용,여,27세,중상
2014122100100157,2014년 12월 21일 11시,일요일,경상북도 경주시 노서동,경상사고,0,0,1,0,차대사람 - 기타,안전운전불이행,건조,맑음,단일로 - 기타,기타불명,기타불명,기타불명,기타불명,보행자,남,52세,경상
2014122100100158,2014년 12월 21일 11시,일요일,경상북도 경주시 석장동,중상사고,0,1,0,0,차대차 - 기타,안전운전불이행,건조,맑음,교차로 - 교차로부근,승용,남,60세,상해없음,승용,남,55세,중상
2014122100100159,2014년 12월 21일 11시,일요일,경상북도 안동시 태화동,경상사고,0,0,1,0,차대차 - 기타,직진우회전진행방해,건조,맑음,교차로 - 교차로안,승용,남,31세,상해없음,승합,남,22세,경상
2014122100100160,2014년 12월 21일 11시,일요일,경상북도 김천시 감문면,경상사고,0,0,2,0,차대차 - 측면직각충돌,교차로운행방법위반,건조,맑음,교차로 - 교차로안,화물,남,60세,상해없음,승용,남,55세,경상
2014122100100175,2014년 12월 21일 12시,일요일,경상북도 경주시 배반동,부상신고사고,0,0,0,1,차대차 - 기타,안전운전불이행,건조,맑음,단일로 - 기타,승용,남,53세,상해없음,승용,남,49세,부상신고
2014122100100214,2014년 12월 21일 14시,일요일,경상북도 포항시 북구 죽도동,중상사고,0,1,0,0,차대차 - 기타,신호위반,건조,맑음,교차로 - 교차로안,원동기,남,17세,상해없음,원동기,여,62세,중상
2014122100100215,2014년 12월 21일 14시,일요일,경상북도 포항시 북구 죽도동,경상사고,0,0,1,0,차대차 - 기타,안전운전불이행,건조,맑음,단일로 - 기타,승용,남,20세,상해없음,자전거,여,33세,상해없음
2014122100100216,2014년 12월 21일 14시,일요일,경상북도 안동시 풍산읍,경상사고,0,0,3,0,차대차 - 기타,안전거리미확보,건조,맑음,단일로 - 기타,승용,여,54세,상해없음,화물,남,58세,경상
2014122100100288,2014년 12월 21일 17시,일요일,경상북도 상주시 헌신동,중상사고,0,1,0,0,차대사람 - 횡단중,안전운전불이행,건조,맑음,단일로 - 기타,승용,남,47세,상해없음,보행자,여,56세,중상
2014122100100289,2014년 12월 21일 17시,일요일,경상북도 의성군 가음면,경상사고,0,0,1,0,차대차 - 추돌 - 주정차중,안전운전불이행,건조,맑음,단일로 - 기타,화물,남,62세,경상,화물,기타불명,기타불명,기타불명
2014122100100290,2014년 12월 21일 17시,일요일,경상북도 성주군 수륜면,경상사고,0,0,1,0,차량단독 - 전도전복,안전운전불이행,건조,맑음,기타 - 기타,원동기,남,75세,상해없음,,,,
2014122100100291,2014년 12월 21일 17시,일요일,경상북도 구미시 임수동,부상신고사고,0,0,0,1,차대차 - 기타,안전운전불이행,건조,맑음,교차로 - 교차로안,승합,남,52세,부상신고,승용,여,26세,상해없음
2014122100100326,2014년 12월 21일 18시,일요일,경상북도 포항시 북구 두호동,경상사고,0,0,1,0,차대차 - 기타,직진우회전진행방해,건조,맑음,교차로 - 교차로안,승용,남,38세,상해없음,원동기,남,18세,경상
2014122100100327,2014년 12월 21일 18시,일요일,경상북도 구미시 원평동,경상사고,0,0,3,0,차대차 - 추돌 - 주정차중,안전운전불이행,건조,맑음,교차로 - 교차로부근,승합,남,53세,상해없음,승용,남,31세,경상
2014122100100362,2014년 12월 21일 19시,일요일,경상북도 경주시 성건동,경상사고,0,0,2,0,차대차 - 기타,차로위반,건조,맑음,단일로 - 기타,승용,남,58세,상해없음,승용,남,33세,상해없음
2014122100100363,2014년 12월 21일 19시,일요일,경상북도 경주시 동천동,경상사고,0,0,1,0,차대차 - 기타,안전운전불이행,건조,맑음,단일로 - 기타,승용,남,44세,상해없음,승용,남,55세,경상
2014122100100422,2014년 12월 21일 21시,일요일,경상북도 의성군 의성읍,경상사고,0,0,1,0,차대사람 - 보도통행중,안전운전불이행,습기,맑음,단일로 - 기타,화물,여,56세,상해없음,보행자,여,32세,경상
2014122100100423,2014년 12월 21일 21시,일요일,경상북도 포항시 남구 오천읍,중상사고,0,1,0,0,차대차 - 측면직각충돌,안전운전불이행,건조,맑음,단일로 - 기타,승용,여,49세,상해없음,자전거,남,71세,중상
2014122100100442,2014년 12월 21일 22시,일요일,경상북도 영주시 휴천동,중상사고,0,1,0,0,차대사람 - 횡단중,안전운전불이행,건조,맑음,교차로 - 교차로안,승용,남,48세,상해없음,보행자,남,66세,중상
2014122100100457,2014년 12월 21일 23시,일요일,경상북도 포항시 북구 득량동,중상사고,0,2,0,0,차대차 - 기타,신호위반,건조,흐림,교차로 - 교차로안,승용,남,44세,상해없음,승용,여,26세,중상
2014122200100036,2014년 12월 22일 04시,월요일,경상북도 포항시 북구 용흥동,중상사고,0,1,0,0,차대사람 - 기타,안전운전불이행,건조,맑음,교차로 - 교차로안,승용,여,34세,상해없음,보행자,여,60세,중상
2014122200100037,2014년 12월 22일 04시,월요일,경상북도 포항시 북구 죽도동,경상사고,0,0,1,0,차대차 - 기타,불법유턴,건조,맑음,단일로 - 기타,승용,남,31세,상해없음,승용,남,62세,경상
2014122200100039,2014년 12월 22일 05시,월요일,경상북도 칠곡군 석적읍,중상사고,0,1,0,0,차대차 - 측면직각충돌,안전운전불이행,건조,맑음,단일로 - 기타,기타불명,기타불명,기타불명,기타불명,자전거,남,63세,중상
2014122200100056,2014년 12월 22일 06시,월요일,경상북도 구미시 선산읍,경상사고,0,0,1,0,차대차 - 추돌 - 진행중,신호위반,건조,흐림,교차로 - 교차로안,승용,남,55세,상해없음,승용,여,64세,경상
2014122200100116,2014년 12월 22일 08시,월요일,경상북도 포항시 북구 죽도동,경상사고,0,0,1,0,차대차 - 기타,안전운전불이행,건조,맑음,단일로 - 기타,원동기,남,19세,경상,승용,여,51세,상해없음
2014122200100200,2014년 12월 22일 11시,월요일,경상북도 안동시 남문동,경상사고,0,0,1,0,차대차 - 기타,교차로운행방법위반,건조,맑음,교차로 - 교차로안,승용,남,66세,상해없음,원동기,남,72세,경상
2014122200100227,2014년 12월 22일 12시,월요일,경상북도 안동시 운흥동,부상신고사고,0,0,0,1,차대차 - 기타,안전운전불이행,건조,맑음,교차로 - 교차로부근,원동기,남,90세 이상,부상신고,승용,여,90세 이상,상해없음
2014122200100228,2014년 12월 22일 12시,월요일,경상북도 김천시 부곡동,경상사고,0,0,1,0,차대차 - 측면직각충돌,안전거리미확보,건조,맑음,단일로 - 기타,화물,남,48세,상해없음,이륜,남,40세,경상
2014122200100231,2014년 12월 22일 12시,월요일,경상북도 포항시 남구 송도동,경상사고,0,0,2,0,차대차 - 기타,안전운전불이행,건조,맑음,교차로 - 교차로부근,승용,남,20세,경상,승합,남,58세,상해없음
2014122200100253,2014년 12월 22일 13시,월요일,경상북도 경주시 노서동,중상사고,0,1,0,0,차대사람 - 기타,안전운전불이행,건조,맑음,단일로 - 기타,승용,여,55세,상해없음,보행자,남,50세,중상
2014122200100254,2014년 12월 22일 13시,월요일,경상북도 상주시 서성동,경상사고,0,0,1,0,차대차 - 기타,안전운전불이행,습기,눈,단일로 - 기타,승용,여,58세,상해없음,승용,남,38세,상해없음