사고번호,사고일시,요일,시군구,사고내용,사망자수,중상자수,경상자수,부상신고자수,사고유형,법규위반,노면상태,기상상태,도로형태,가해운전자 차종,가해운전자 성별,가해운전자 연령,가해운전자 상해정도,피해운전자 차종,피해운전자 성별,피해운전자 연령,피해운전자 상해정도
2014122200100255,2014년 12월 22일 13시,월요일,경상북도 포항시 남구 효자동,경상사고,0,0,1,0,차대차 - 추돌 - 진행중,안전거리미확보,건조,맑음,단일로 - 기타,승용,남,55세,상해없음,승용,남,50세,상해없음
2014122200100280,2014년 12월 22일 14시,월요일,경상북도 경주시 외동읍,중상사고,0,1,0,1,차대차 - 기타,안전운전불이행,건조,맑음,단일로 - 기타,승용,여,55세,부상신고,승용,여,40세,중상
2014122200100281,2014년 12월 22일 14시,월요일,경상북도 안동시 송현동,경상사고,0,0,2,0,차대차 - 추돌 - 주정차중,안전거리미확보,건조,맑음,기타 - 기타,화물,남,48세,상해없음,승용,남,78세,경상
2014122200100282,2014년 12월 22일 14시,월요일,경상북도 포항시 남구 이동,경상사고,0,0,1,0,차대차 - 기타,안전운전불이행,건조,맑음,교차로 - 교차로부근,승용,여,46세,상해없음,승용,남,32세,경상
2014122200100309,2014년 12월 22일 15시,월요일,경상북도 고령군 다산면,경상사고,0,0,1,0,차대사람 - 기타,안전운전불이행,건조,맑음,단일로 - 기타,승용,남,60세,상해없음,보행자,남,60세,경상
2014122200100347,2014년 12월 22일 16시,월요일,경상북도 칠곡군 석적읍,중상사고,0,1,0,0,차대차 - 기타,안전운전불이행,건조,맑음,단일로 - 기타,승용,남,25세,상해없음,승용,여,60세,중상
2014122200100348,2014년 12월 22일 16시,월요일,경상북도 영천시 도남동,경상사고,0,0,1,1,차대차 - 추돌 - 주정차중,안전운전불이행,건조,흐림,교차로 - 교차로부근,승용,남,32세,상해없음,승용,남,54세,부상신고
2014122200100349,2014년 12월 22일 16시,월요일,경상북도 울진군 후포면,경상사고,0,0,1,0,차대차 - 측면직각충돌,안전운전불이행,건조,맑음,교차로 - 교차로안,승용,남,50세,상해없음,승용,남,30세,경상
2014122200100381,2014년 12월 22일 17시,월요일,경상북도 경주시 황오동,중상사고,0,1,1,0,차대차 - 기타,안전운전불이행,건조,맑음,단일로 - 기타,승용,남,68세,상해없음,승용,여,39세,경상
2014122200100382,2014년 12월 22일 17시,월요일,경상북도 안동시 태화동,경상사고,0,0,2,0,차대차 - 기타,교차로운행방법위반,건조,맑음,단일로 - 기타,화물,남,43세,상해없음,화물,남,69세,경상
2014122200100383,2014년 12월 22일 17시,월요일,경상북도 구미시 공단동,경상사고,0,0,1,0,차대차 - 기타,안전운전불이행,건조,맑음,단일로 - 기타,승용,여,42세,상해없음,이륜,남,27세,경상
2014122200100384,2014년 12월 22일 17시,월요일,경상북도 구미시 봉곡동,경상사고,0,0,1,0,차대차 - 기타,신호위반,건조,맑음,교차로 - 교차로안,화물,남,33세,상해없음,화물,남,34세,경상
2014122200100425,2014년 12월 22일 18시,월요일,경상북도 칠곡군 북삼읍,경상사고,0,0,3,0,차대차 - 기타,안전거리미확보,건조,맑음,교차로 - 교차로부근,화물,남,52세,상해없음,승용,남,60세,경상
2014122200100426,2014년 12월 22일 18시,월요일,경상북도 경산시 진량읍,경상사고,0,0,1,0,차대사람 - 기타,안전운전불이행,건조,맑음,단일로 - 기타,화물,남,40세,상해없음,보행자,남,58세,경상
2014122200100427,2014년 12월 22일 18시,월요일,경상북도 구미시 원평동,경상사고,0,0,1,0,차대사람 - 횡단중,보행자보호의무위반,건조,맑음,단일로 - 기타,원동기,남,19세,상해없음,보행자,여,41세,경상
2014122200100428,2014년 12월 22일 18시,월요일,경상북도 포항시 남구 이동,경상사고,0,0,3,0,차대차 - 기타,교차로운행방법위반,건조,맑음,교차로 - 교차로안,승용,여,50세,상해없음,승합,남,49세,경상
2014122200100460,2014년 12월 22일 19시,월요일,경상북도 포항시 북구 우현동,경상사고,0,0,1,0,차대차 - 기타,불법유턴,건조,맑음,단일로 - 기타,승용,여,31세,상해없음,승용,여,38세,경상
2014122200100461,2014년 12월 22일 19시,월요일,경상북도 안동시 서후면,경상사고,0,0,1,0,차량단독 - 도로외이탈 - 기타,안전운전불이행,건조,맑음,단일로 - 기타,승용,남,45세,경상,,,,
2014122200100462,2014년 12월 22일 19시,월요일,경상북도 영덕군 영해면,경상사고,0,0,1,0,차량단독 - 전도전복,안전운전불이행,건조,맑음,단일로 - 기타,이륜,남,52세,경상,,,,
2014122200100495,2014년 12월 22일 20시,월요일,경상북도 구미시 형곡동,경상사고,0,0,1,0,차대차 - 기타,안전운전불이행,건조,맑음,단일로 - 기타,승용,여,55세,상해없음,이륜,남,17세,경상
2014122200100519,2014년 12월 22일 21시,월요일,경상북도 영양군 영양읍,경상사고,0,0,2,0,차대차 - 기타,안전운전불이행,건조,맑음,교차로 - 교차로안,승용,여,48세,상해없음,승용,여,46세,경상
2014122200100548,2014년 12월 22일 22시,월요일,경상북도 포항시 북구 동빈2가,중상사고,0,1,0,0,차대차 - 기타,안전운전불이행,건조,맑음,교차로 - 교차로안,승용,남,26세,상해없음,승용,남,32세,중상
2014122200100549,2014년 12월 22일 22시,월요일,경상북도 구미시 송정동,경상사고,0,0,3,0,차대차 - 기타,안전운전불이행,건조,맑음,교차로 - 교차로부근,승용,남,32세,상해없음,승용,남,19세,경상
2014122200100550,2014년 12월 22일 22시,월요일,경상북도 포항시 남구 대송면,경상사고,0,0,2,0,차대차 - 기타,신호위반,건조,맑음,교차로 - 교차로안,승용,남,28세,경상,승용,남,59세,경상
2014122300100101,2014년 12월 23일 06시,화요일,경상북도 경주시 충효동,중상사고,0,1,1,0,차대차 - 기타,신호위반,건조,맑음,교차로 - 교차로안,승용,여,55세,상해없음,승용,남,70세,경상
2014122300100102,2014년 12월 23일 06시,화요일,경상북도 문경시 영신동,중상사고,0,2,0,0,차대차 - 측면직각충돌,안전운전불이행,건조,맑음,교차로 - 교차로안,승용,남,64세,상해없음,화물,남,77세,중상
2014122300100103,2014년 12월 23일 06시,화요일,경상북도 구미시 황상동,경상사고,0,0,2,0,차대차 - 기타,신호위반,건조,맑음,교차로 - 교차로안,승용,남,53세,상해없음,승용,남,59세,경상
2014122300100159,2014년 12월 23일 08시,화요일,경상북도 경주시 건천읍,중상사고,0,1,1,0,차대차 - 기타,안전운전불이행,건조,맑음,교차로 - 교차로안,승용,남,46세,상해없음,이륜,남,68세,경상
2014122300100160,2014년 12월 23일 08시,화요일,경상북도 경주시 황성동,경상사고,0,0,1,0,차대차 - 기타,안전운전불이행,건조,맑음,단일로 - 기타,승용,남,57세,상해없음,승용,여,42세,경상
2014122300100161,2014년 12월 23일 08시,화요일,경상북도 상주시 무양동,경상사고,0,0,1,0,차대차 - 추돌 - 진행중,안전운전불이행,건조,맑음,교차로 - 교차로부근,자전거,남,74세,경상,화물,남,57세,상해없음
2014122300100162,2014년 12월 23일 08시,화요일,경상북도 상주시 인평동,중상사고,0,4,3,0,차대차 - 추돌 - 주정차중,안전운전불이행,건조,맑음,단일로 - 기타,승용,남,52세,상해없음,승용,남,62세,상해없음
2014122300100163,2014년 12월 23일 08시,화요일,경상북도 포항시 남구 오천읍,경상사고,0,0,2,0,차대차 - 기타,안전운전불이행,건조,맑음,교차로 - 교차로안,화물,남,50세,경상,승용,여,43세,경상
2014122300100193,2014년 12월 23일 09시,화요일,경상북도 경산시 압량면,중상사고,0,1,0,0,차대사람 - 기타,보행자보호의무위반,건조,맑음,교차로 - 교차로안,화물,남,39세,상해없음,보행자,여,53세,중상
2014122300100194,2014년 12월 23일 09시,화요일,경상북도 포항시 남구 효자동,중상사고,0,1,0,0,차대차 - 기타,안전운전불이행,건조,맑음,교차로 - 교차로안,이륜,남,77세,중상,승용,남,54세,상해없음
2014122300100247,2014년 12월 23일 11시,화요일,경상북도 의성군 단촌면,경상사고,0,0,1,0,차대차 - 측면직각충돌,안전운전불이행,건조,맑음,교차로 - 교차로안,농기계,남,74세,경상,화물,남,34세,상해없음
2014122300100248,2014년 12월 23일 11시,화요일,경상북도 문경시 호계면,경상사고,0,0,1,0,차대차 - 기타,안전운전불이행,건조,맑음,교차로 - 교차로안,승용,남,66세,상해없음,승용,여,41세,경상
2014122300100263,2014년 12월 23일 12시,화요일,경상북도 경주시 현곡면,부상신고사고,0,0,0,1,차량단독 - 기타,안전운전불이행,건조,맑음,단일로 - 기타,승합,남,50세,상해없음,,,,
2014122300100264,2014년 12월 23일 12시,화요일,경상북도 포항시 북구 우현동,경상사고,0,0,2,0,차대차 - 기타,차로위반,건조,맑음,교차로 - 교차로부근,승용,남,65세,상해없음,화물,남,47세,상해없음
2014122300100265,2014년 12월 23일 12시,화요일,경상북도 문경시 모전동,경상사고,0,0,1,0,차대차 - 기타,안전운전불이행,건조,맑음,기타 - 기타,화물,남,64세,상해없음,승용,여,36세,경상
2014122300100266,2014년 12월 23일 12시,화요일,경상북도 영덕군 강구면,중상사고,0,2,0,0,차량단독 - 공작물충돌,안전운전불이행,건조,맑음,단일로 - 기타,화물,여,61세,중상,,,,
2014122300100267,2014년 12월 23일 12시,화요일,경상북도 고령군 다산면,경상사고,0,0,2,0,차대차 - 측면직각충돌,교차로운행방법위반,건조,맑음,교차로 - 교차로안,이륜,남,67세,경상,승용,여,32세,경상
2014122300100268,2014년 12월 23일 12시,화요일,경상북도 영양군 입암면,경상사고,0,0,1,0,차대차 - 측면직각충돌,신호위반,건조,맑음,교차로 - 교차로안,화물,남,34세,상해없음,승용,남,55세,경상
2014122300100284,2014년 12월 23일 13시,화요일,경상북도 포항시 북구 대신동,경상사고,0,0,3,0,차대차 - 기타,차로위반,건조,맑음,단일로 - 기타,승합,남,47세,상해없음,승용,남,56세,경상
2014122300100285,2014년 12월 23일 13시,화요일,경상북도 성주군 대가면,중상사고,0,1,0,0,차대차 - 기타,안전운전불이행,건조,맑음,기타 - 기타,화물,남,64세,상해없음,자전거,남,72세,중상
2014122300100286,2014년 12월 23일 13시,화요일,경상북도 포항시 남구 오천읍,중상사고,0,1,0,0,차대사람 - 기타,안전운전불이행,건조,맑음,단일로 - 기타,화물,남,60세,상해없음,보행자,남,73세,중상
2014122300100312,2014년 12월 23일 14시,화요일,경상북도 영주시 안정면,중상사고,0,1,0,0,차대차 - 기타,안전운전불이행,건조,맑음,교차로 - 교차로부근,화물,남,69세,상해없음,승용,남,40세,상해없음
2014122300100331,2014년 12월 23일 15시,화요일,경상북도 포항시 북구 양덕동,부상신고사고,0,0,0,1,차대차 - 기타,안전운전불이행,건조,맑음,단일로 - 기타,기타불명,기타불명,기타불명,기타불명,승합,남,48세,상해없음
2014122300100332,2014년 12월 23일 15시,화요일,경상북도 영천시 화북면,경상사고,0,0,1,0,차대차 - 기타,안전운전불이행,건조,맑음,단일로 - 기타,화물,남,52세,상해없음,원동기,남,78세,경상
2014122300100333,2014년 12월 23일 15시,화요일,경상북도 구미시 상모동,경상사고,0,0,1,0,차대차 - 기타,교차로운행방법위반,건조,맑음,교차로 - 교차로안,승용,남,47세,상해없음,이륜,남,24세,경상
2014122300100355,2014년 12월 23일 16시,화요일,경상북도 영천시 야사동,경상사고,0,0,1,0,차대차 - 기타,안전운전불이행,건조,맑음,단일로 - 기타,화물,여,49세,상해없음,원동기,남,38세,경상
2014122300100401,2014년 12월 23일 17시,화요일,경상북도 경산시 남천면,경상사고,0,0,3,0,차대차 - 기타,차로위반,건조,맑음,단일로 - 기타,승용,남,31세,경상,승용,남,33세,경상
2014122300100402,2014년 12월 23일 17시,화요일,경상북도 고령군 고령읍,경상사고,0,0,2,0,차대차 - 측면직각충돌,교차로운행방법위반,건조,맑음,교차로 - 교차로안,승용,여,45세,상해없음,화물,남,31세,경상
2014122300100442,2014년 12월 23일 18시,화요일,경상북도 안동시 금곡동,경상사고,0,0,1,0,차량단독 - 도로외이탈 - 기타,안전운전불이행,건조,맑음,단일로 - 기타,이륜,남,74세,경상,,,,
2014122300100443,2014년 12월 23일 18시,화요일,경상북도 안동시 도산면,중상사고,0,2,1,0,차량단독 - 공작물충돌,안전운전불이행,건조,맑음,단일로 - 기타,화물,남,59세,중상,,,,
2014122300100444,2014년 12월 23일 18시,화요일,경상북도 영천시 문외동,경상사고,0,0,1,0,차대사람 - 기타,안전운전불이행,건조,맑음,단일로 - 기타,승용,남,52세,상해없음,보행자,남,14세,경상
2014122300100445,2014년 12월 23일 18시,화요일,경상북도 경산시 중방동,중상사고,0,1,2,0,차대차 - 기타,안전운전불이행,건조,맑음,단일로 - 교량,승용,남,54세,상해없음,승합,남,48세,경상
2014122300100528,2014년 12월 23일 20시,화요일,경상북도 상주시 남성동,중상사고,0,1,0,0,차대차 - 측면직각충돌,교차로운행방법위반,건조,맑음,교차로 - 교차로안,이륜,남,21세,중상,승용,남,64세,상해없음
2014122300100529,2014년 12월 23일 20시,화요일,경상북도 구미시 형곡동,경상사고,0,0,1,0,차대차 - 측면직각충돌,교차로운행방법위반,건조,맑음,교차로 - 교차로안,승용,남,31세,상해없음,원동기,남,46세,경상
2014122300100530,2014년 12월 23일 20시,화요일,경상북도 포항시 남구 장흥동,중상사고,0,1,1,0,차대차 - 기타,교차로운행방법위반,건조,맑음,교차로 - 교차로안,화물,남,58세,상해없음,승용,남,54세,경상
2014122300100562,2014년 12월 23일 21시,화요일,경상북도 포항시 남구 상도동,경상사고,0,0,1,0,차대차 - 추돌 - 진행중,안전운전불이행,건조,맑음,교차로 - 교차로부근,승용,남,53세,상해없음,승용,남,75세,경상
2014122300100607,2014년 12월 23일 22시,화요일,경상북도 구미시 고아읍,경상사고,0,0,1,0,차대차 - 측면직각충돌,안전거리미확보,건조,맑음,단일로 - 기타,승용,남,52세,상해없음,원동기,남,18세,경상
2014122300100650,2014년 12월 23일 23시,화요일,경상북도 경산시 사동,경상사고,0,0,1,0,차대차 - 기타,안전운전불이행,건조,맑음,단일로 - 기타,기타불명,기타불명,기타불명,기타불명,승용,여,28세,경상
2014122400100017,2014년 12월 24일 00시,수요일,경상북도 포항시 북구 죽도동,경상사고,0,0,2,0,차대차 - 기타,직진우회전진행방해,건조,맑음,교차로 - 교차로안,승용,남,51세,상해없음,승용,남,23세,상해없음
2014122400100035,2014년 12월 24일 01시,수요일,경상북도 포항시 남구 효자동,경상사고,0,0,1,0,차대차 - 측면직각충돌,안전운전불이행,건조,맑음,교차로 - 교차로안,승용,남,45세,상해없음,화물,남,45세,경상
2014122400100076,2014년 12월 24일 05시,수요일,경상북도 구미시 구평동,사망사고,1,0,0,0,차대사람 - 기타,안전운전불이행,건조,맑음,교차로 - 교차로안,승용,남,21세,상해없음,보행자,여,66세,사망
2014122400100089,2014년 12월 24일 06시,수요일,경상북도 경산시 사정동,경상사고,0,0,1,0,차대차 - 기타,교차로운행방법위반,건조,맑음,교차로 - 교차로안,화물,남,42세,상해없음,화물,남,55세,경상
2014122400100109,2014년 12월 24일 07시,수요일,경상북도 안동시 태화동,경상사고,0,0,1,0,차대사람 - 횡단중,안전운전불이행,건조,맑음,교차로 - 교차로안,승용,남,45세,상해없음,보행자,남,18세,경상
2014122400100110,2014년 12월 24일 07시,수요일,경상북도 김천시 신음동,중상사고,0,1,1,0,차대차 - 측면직각충돌,안전운전불이행,건조,맑음,교차로 - 교차로안,승용,남,52세,중상,승용,남,26세,경상
2014122400100144,2014년 12월 24일 08시,수요일,경상북도 구미시 사곡동,경상사고,0,0,1,0,차대차 - 기타,안전운전불이행,건조,맑음,교차로 - 교차로안,기타불명,기타불명,기타불명,기타불명,자전거,남,15세,경상
2014122400100171,2014년 12월 24일 09시,수요일,경상북도 포항시 북구 죽도동,경상사고,0,0,1,0,차대차 - 기타,안전거리미확보,건조,맑음,교차로 - 교차로안,승용,남,56세,상해없음,승용,남,56세,경상
2014122400100172,2014년 12월 24일 09시,수요일,경상북도 구미시 인의동,부상신고사고,0,0,0,1,차대차 - 기타,신호위반,건조,맑음,교차로 - 교차로안,승용,남,26세,상해없음,이륜,남,47세,부상신고
2014122400100191,2014년 12월 24일 10시,수요일,경상북도 봉화군 춘양면,경상사고,0,0,1,0,차대차 - 측면직각충돌,교차로운행방법위반,건조,맑음,교차로 - 교차로안,원동기,남,72세,경상,화물,남,63세,상해없음
2014122400100247,2014년 12월 24일 12시,수요일,경상북도 경산시 자인면,경상사고,0,0,1,0,차대차 - 측면직각충돌,교차로운행방법위반,건조,맑음,교차로 - 교차로안,승용,여,32세,상해없음,승용,남,68세,상해없음
2014122400100248,2014년 12월 24일 12시,수요일,경상북도 포항시 남구 오천읍,경상사고,0,0,1,0,차대차 - 추돌 - 주정차중,안전운전불이행,건조,맑음,교차로 - 교차로부근,화물,남,44세,상해없음,승용,여,52세,경상
2014122400100279,2014년 12월 24일 13시,수요일,경상북도 안동시 옥동,중상사고,0,3,1,0,차대차 - 측면직각충돌,직진우회전진행방해,습기,맑음,교차로 - 교차로안,화물,남,47세,중상,승용,남,49세,중상
2014122400100280,2014년 12월 24일 13시,수요일,경상북도 성주군 성주읍,경상사고,0,0,1,0,차대차 - 기타,안전운전불이행,건조,흐림,단일로 - 기타,이륜,남,67세,경상,승용,여,32세,기타불명
2014122400100281,2014년 12월 24일 13시,수요일,경상북도 청송군 현동면,경상사고,0,0,2,0,차대차 - 정면충돌,중앙선침범,습기,비,단일로 - 기타,승용,여,40세,상해없음,화물,남,59세,경상
2014122400100283,2014년 12월 24일 13시,수요일,경상북도 포항시 남구 효자동,중상사고,0,1,0,0,차대차 - 기타,차로위반,건조,맑음,단일로 - 기타,승용,남,49세,상해없음,이륜,남,51세,중상
2014122400100313,2014년 12월 24일 14시,수요일,경상북도 포항시 북구 용흥동,경상사고,0,0,1,0,차대차 - 기타,안전운전불이행,건조,맑음,단일로 - 기타,승용,남,30세,상해없음,화물,남,31세,경상
2014122400100314,2014년 12월 24일 14시,수요일,경상북도 성주군 성주읍,중상사고,0,1,0,0,차대차 - 기타,안전운전불이행,건조,맑음,기타 - 기타,이륜,남,66세,상해없음,이륜,남,73세,중상
2014122400100315,2014년 12월 24일 14시,수요일,경상북도 포항시 남구 해도동,경상사고,0,0,1,0,차대차 - 기타,안전운전불이행,건조,맑음,단일로 - 기타,승용,여,32세,상해없음,자전거,남,72세,경상
2014122400100346,2014년 12월 24일 15시,수요일,경상북도 안동시 평화동,중상사고,0,1,0,0,차대사람 - 차도통행중,안전운전불이행,습기,맑음,기타 - 기타,승용,남,46세,상해없음,보행자,남,13세,중상
2014122400100347,2014년 12월 24일 15시,수요일,경상북도 경산시 진량읍,경상사고,0,0,1,0,차대차 - 기타,안전운전불이행,건조,맑음,단일로 - 기타,승용,남,90세 이상,경상,화물,남,90세 이상,상해없음
2014122400100348,2014년 12월 24일 15시,수요일,경상북도 경산시 정평동,중상사고,0,1,0,0,차대사람 - 기타,신호위반,건조,맑음,단일로 - 횡단보도상,건설기계,남,54세,상해없음,보행자,여,42세,중상
2014122400100349,2014년 12월 24일 15시,수요일,경상북도 청송군 부남면,중상사고,0,1,3,0,차대차 - 추돌 - 진행중,안전거리미확보,습기,비,단일로 - 기타,승용,여,54세,상해없음,승용,여,33세,중상
2014122400100350,2014년 12월 24일 15시,수요일,경상북도 청송군 부남면,중상사고,0,1,0,0,차대차 - 측면직각충돌,교차로운행방법위반,습기,비,교차로 - 교차로안,승용,남,71세,상해없음,화물,남,74세,상해없음
2014122400100431,2014년 12월 24일 17시,수요일,경상북도 예천군 개포면,사망사고,1,1,4,0,차대차 - 정면충돌,중앙선침범,건조,맑음,단일로 - 기타,승용,남,54세,사망,화물,남,33세,경상
2014122400100493,2014년 12월 24일 18시,수요일,경상북도 경주시 성동동,경상사고,0,0,1,0,차대차 - 기타,중앙선침범,건조,맑음,단일로 - 기타,승용,남,52세,상해없음,승용,여,55세,경상
2014122400100494,2014년 12월 24일 18시,수요일,경상북도 의성군 의성읍,중상사고,0,1,0,0,차대사람 - 횡단중,신호위반,건조,맑음,교차로 - 교차로안,승용,여,67세,상해없음,보행자,여,75세,중상
2014122400100495,2014년 12월 24일 18시,수요일,경상북도 영천시 망정동,경상사고,0,0,1,0,차대사람 - 기타,안전운전불이행,건조,맑음,단일로 - 기타,승용,남,59세,상해없음,보행자,여,7세,경상
2014122400100496,2014년 12월 24일 18시,수요일,경상북도 예천군 예천읍,중상사고,0,1,0,0,차대차 - 기타,안전운전불이행,건조,흐림,교차로 - 교차로안,승용,남,46세,상해없음,자전거,남,59세,중상
2014122400100497,2014년 12월 24일 18시,수요일,경상북도 청송군 현서면,중상사고,0,1,0,0,차량단독 - 도로외이탈 - 기타,기타,건조,맑음,단일로 - 기타,승용,남,36세,중상,,,,
2014122400100498,2014년 12월 24일 18시,수요일,경상북도 구미시 봉곡동,경상사고,0,0,1,0,차대차 - 기타,교차로운행방법위반,건조,맑음,교차로 - 교차로안,승용,남,19세,상해없음,승용,남,58세,경상
2014122400100563,2014년 12월 24일 19시,수요일,경상북도 경주시 황성동,중상사고,0,1,0,0,차대차 - 기타,안전운전불이행,건조,맑음,교차로 - 교차로안,승용,남,64세,상해없음,승용,여,41세,중상
2014122400100564,2014년 12월 24일 19시,수요일,경상북도 경산시 사동,중상사고,0,1,2,0,차대차 - 기타,안전거리미확보,건조,맑음,교차로 - 교차로안,승용,남,40세,상해없음,승용,남,48세,중상
2014122400100565,2014년 12월 24일 19시,수요일,경상북도 청도군 청도읍,경상사고,0,0,6,0,차대차 - 기타,교차로운행방법위반,건조,맑음,기타 - 기타,승용,여,44세,상해없음,승용,여,38세,경상
2014122400100566,2014년 12월 24일 19시,수요일,경상북도 구미시 신평동,경상사고,0,0,1,0,차대차 - 기타,안전거리미확보,건조,맑음,교차로 - 교차로부근,승용,남,82세,상해없음,승용,남,25세,상해없음
2014122400100620,2014년 12월 24일 20시,수요일,경상북도 경주시 탑동,경상사고,0,0,1,0,차대차 - 기타,안전운전불이행,건조,맑음,단일로 - 기타,승용,여,31세,상해없음,승용,남,58세,상해없음
2014122400100621,2014년 12월 24일 20시,수요일,경상북도 포항시 북구 두호동,경상사고,0,0,1,0,차대차 - 기타,안전운전불이행,건조,맑음,단일로 - 기타,승용,남,54세,상해없음,원동기,남,17세,경상
2014122400100622,2014년 12월 24일 20시,수요일,경상북도 안동시 송현동,중상사고,0,1,0,0,차대사람 - 차도통행중,안전운전불이행,건조,맑음,교차로 - 교차로부근,승용,남,43세,상해없음,보행자,여,51세,중상
2014122400100662,2014년 12월 24일 21시,수요일,경상북도 구미시 신평동,경상사고,0,0,1,0,차대차 - 기타,안전운전불이행,건조,맑음,단일로 - 기타,승용,여,46세,상해없음,이륜,남,54세,경상
2014122400100689,2014년 12월 24일 22시,수요일,경상북도 안동시 태화동,경상사고,0,0,1,0,차대사람 - 횡단중,안전운전불이행,건조,맑음,단일로 - 기타,이륜,남,17세,상해없음,보행자,여,72세,경상
2014122400100690,2014년 12월 24일 22시,수요일,경상북도 칠곡군 석적읍,경상사고,0,0,1,1,차대차 - 측면직각충돌,직진우회전진행방해,건조,맑음,교차로 - 교차로안,승용,남,28세,부상신고,승용,남,33세,경상
2014122500100017,2014년 12월 25일 00시,목요일,경상북도 경산시 대동,경상사고,0,0,3,0,차대사람 - 기타,안전운전불이행,건조,맑음,단일로 - 기타,승용,남,24세,상해없음,보행자,남,23세,경상
2014122500100044,2014년 12월 25일 01시,목요일,경상북도 포항시 남구 대도동,경상사고,0,0,1,0,차대차 - 기타,신호위반,건조,맑음,교차로 - 교차로안,승용,남,44세,상해없음,승용,남,49세,경상
2014122500100062,2014년 12월 25일 02시,목요일,경상북도 포항시 북구 동빈1가,중상사고,0,1,0,0,차대사람 - 기타,안전거리미확보,건조,맑음,단일로 - 기타,승용,남,35세,상해없음,보행자,여,18세,중상
2014122500100063,2014년 12월 25일 02시,목요일,경상북도 구미시 황상동,경상사고,0,0,1,0,차대사람 - 기타,안전운전불이행,건조,맑음,단일로 - 기타,승용,남,24세,상해없음,보행자,남,33세,경상
2014122500100112,2014년 12월 25일 05시,목요일,경상북도 울진군 북면,중상사고,0,1,0,0,차대사람 - 기타,안전운전불이행,건조,맑음,단일로 - 기타,화물,남,23세,상해없음,보행자,남,57세,중상
2014122500100121,2014년 12월 25일 06시,목요일,경상북도 경주시 동천동,중상사고,0,1,0,0,차대차 - 기타,안전운전불이행,건조,맑음,교차로 - 교차로안,승용,남,52세,상해없음,승용,남,56세,중상
2014122500100122,2014년 12월 25일 06시,목요일,경상북도 포항시 북구 항구동,중상사고,0,1,0,0,차대사람 - 기타,안전운전불이행,건조,맑음,단일로 - 기타,승용,남,63세,상해없음,보행자,여,77세,중상
2014122500100123,2014년 12월 25일 06시,목요일,경상북도 영덕군 남정면,중상사고,0,1,0,1,차량단독 - 공작물충돌,안전운전불이행,건조,맑음,교차로 - 교차로부근,화물,남,66세,부상신고,,,,
2014122500100134,2014년 12월 25일 07시,목요일,경상북도 김천시 응명동,경상사고,0,0,1,0,차대차 - 측면직각충돌,안전운전불이행,건조,맑음,단일로 - 기타,화물,남,46세,상해없음,승용,여,50세,경상
2014122500100144,2014년 12월 25일 08시,목요일,경상북도 구미시 고아읍,경상사고,0,0,1,0,차대차 - 기타,신호위반,건조,맑음,교차로 - 교차로안,승용,남,57세,상해없음,원동기,남,50세,경상
2014122500100163,2014년 12월 25일 09시,목요일,경상북도 영천시 성내동,중상사고,0,1,0,0,차대차 - 기타,안전운전불이행,건조,맑음,단일로 - 기타,화물,남,53세,상해없음,승용,남,64세,중상
2014122500100164,2014년 12월 25일 09시,목요일,경상북도 성주군 용암면,경상사고,0,0,1,0,차대차 - 측면직각충돌,직진우회전진행방해,건조,맑음,교차로 - 교차로안,화물,남,72세,경상,건설기계,남,56세,상해없음
2014122500100187,2014년 12월 25일 10시,목요일,경상북도 포항시 북구 장성동,경상사고,0,0,1,0,차대차 - 기타,신호위반,건조,맑음,교차로 - 교차로안,승용,남,54세,상해없음,승용,남,30세,경상
2014122500100188,2014년 12월 25일 10시,목요일,경상북도 안동시 남선면,중상사고,0,1,0,0,차대사람 - 기타,기타,건조,맑음,단일로 - 기타,승용,남,52세,상해없음,보행자,여,31세,중상
2014122500100189,2014년 12월 25일 10시,목요일,경상북도 구미시 인의동,경상사고,0,0,2,0,차대차 - 기타,안전운전불이행,건조,맑음,교차로 - 교차로안,화물,남,56세,상해없음,승용,남,25세,경상
2014122500100239,2014년 12월 25일 13시,목요일,경상북도 청도군 청도읍,경상사고,0,0,2,0,차대차 - 기타,안전운전불이행,건조,맑음,단일로 - 기타,승용,남,45세,상해없음,승용,남,43세,경상
2014122500100271,2014년 12월 25일 14시,목요일,경상북도 안동시 남문동,경상사고,0,0,1,0,차대사람 - 기타,안전운전불이행,건조,맑음,단일로 - 기타,승용,남,44세,상해없음,보행자,남,30세,경상
2014122500100272,2014년 12월 25일 14시,목요일,경상북도 영주시 휴천동,중상사고,0,3,0,0,차대차 - 추돌 - 진행중,안전운전불이행,건조,맑음,교차로 - 교차로부근,승용,남,54세,중상,승용,여,46세,중상
2014122500100273,2014년 12월 25일 14시,목요일,경상북도 성주군 성주읍,경상사고,0,0,1,0,차대차 - 기타,안전운전불이행,건조,맑음,기타 - 기타,화물,남,58세,상해없음,승용,여,46세,경상
2014122500100274,2014년 12월 25일 14시,목요일,경상북도 구미시 원평동,경상사고,0,0,1,0,차대차 - 추돌 - 진행중,안전운전불이행,건조,맑음,단일로 - 기타,기타불명,기타불명,기타불명,기타불명,이륜,남,38세,경상