사고번호,사고일시,요일,시군구,사고내용,사망자수,중상자수,경상자수,부상신고자수,사고유형,법규위반,노면상태,기상상태,도로형태,가해운전자 차종,가해운전자 성별,가해운전자 연령,가해운전자 상해정도,피해운전자 차종,피해운전자 성별,피해운전자 연령,피해운전자 상해정도
2014122900100186,2014년 12월 29일 10시,월요일,경상북도 경주시 안강읍,사망사고,1,0,1,0,차대차 - 기타,중앙선침범,건조,맑음,단일로 - 기타,승용,남,76세,사망,화물,남,37세,경상
2014122900100214,2014년 12월 29일 11시,월요일,경상북도 의성군 봉양면,중상사고,0,1,0,0,차대차 - 추돌 - 진행중,안전운전불이행,건조,맑음,단일로 - 기타,승용,남,39세,상해없음,화물,남,50세,상해없음
2014122900100215,2014년 12월 29일 11시,월요일,경상북도 영천시 화룡동,경상사고,0,0,2,0,차대차 - 기타,안전거리미확보,건조,맑음,단일로 - 기타,특수,남,21세,상해없음,승용,여,46세,경상
2014122900100216,2014년 12월 29일 11시,월요일,경상북도 포항시 남구 대송면,경상사고,0,0,1,0,차대차 - 기타,안전거리미확보,건조,맑음,단일로 - 기타,화물,남,70세,상해없음,화물,여,55세,상해없음
2014122900100240,2014년 12월 29일 12시,월요일,경상북도 경주시 동천동,중상사고,0,1,0,0,차대차 - 기타,안전운전불이행,건조,맑음,교차로 - 교차로안,승용,여,36세,상해없음,승용,남,72세,상해없음
2014122900100241,2014년 12월 29일 12시,월요일,경상북도 청송군 현동면,경상사고,0,0,1,0,차대사람 - 기타,안전운전불이행,건조,맑음,단일로 - 기타,승용,남,82세,상해없음,보행자,남,72세,경상
2014122900100259,2014년 12월 29일 13시,월요일,경상북도 포항시 북구 용흥동,경상사고,0,0,1,0,차대차 - 기타,교차로운행방법위반,건조,맑음,교차로 - 교차로안,승용,남,55세,상해없음,승용,남,34세,경상
2014122900100261,2014년 12월 29일 13시,월요일,경상북도 영주시 영주동,중상사고,0,1,0,0,차대사람 - 차도통행중,안전운전불이행,건조,맑음,단일로 - 기타,승용,남,29세,상해없음,보행자,남,65세,중상
2014122900100262,2014년 12월 29일 13시,월요일,경상북도 포항시 남구 연일읍,중상사고,0,1,0,0,차대차 - 추돌 - 진행중,안전운전불이행,건조,맑음,단일로 - 기타,화물,남,55세,상해없음,이륜,남,67세,중상
2014122900100263,2014년 12월 29일 13시,월요일,경상북도 포항시 남구 장흥동,중상사고,0,1,1,0,차대차 - 기타,차로위반,건조,맑음,단일로 - 기타,화물,남,63세,상해없음,승용,여,47세,중상
2014122900100291,2014년 12월 29일 14시,월요일,경상북도 칠곡군 기산면,중상사고,0,2,0,0,차량단독 - 기타,안전운전불이행,건조,맑음,단일로 - 기타,농기계,남,67세,중상,,,,
2014122900100326,2014년 12월 29일 15시,월요일,경상북도 칠곡군 북삼읍,중상사고,0,1,0,0,차대차 - 측면직각충돌,안전운전불이행,건조,맑음,단일로 - 기타,원동기,남,83세,중상,승용,남,33세,상해없음
2014122900100327,2014년 12월 29일 15시,월요일,경상북도 포항시 남구 효자동,경상사고,0,0,2,0,차대차 - 측면직각충돌,직진우회전진행방해,건조,맑음,교차로 - 교차로안,승용,여,48세,경상,승용,남,42세,경상
2014122900100356,2014년 12월 29일 16시,월요일,경상북도 안동시 당북동,경상사고,0,0,1,0,차대차 - 기타,신호위반,건조,맑음,교차로 - 교차로안,승용,남,53세,상해없음,승용,남,23세,경상
2014122900100357,2014년 12월 29일 16시,월요일,경상북도 의성군 단북면,중상사고,0,1,0,0,차대차 - 측면직각충돌,안전운전불이행,건조,흐림,단일로 - 기타,승용,남,72세,상해없음,원동기,남,89세,상해없음
2014122900100358,2014년 12월 29일 16시,월요일,경상북도 구미시 선산읍,중상사고,0,1,0,0,차대차 - 기타,안전운전불이행,건조,맑음,단일로 - 기타,승용,여,47세,상해없음,자전거,남,75세,중상
2014122900100393,2014년 12월 29일 17시,월요일,경상북도 칠곡군 왜관읍,중상사고,0,1,0,0,차대사람 - 횡단중,안전운전불이행,건조,맑음,단일로 - 기타,승용,남,44세,상해없음,보행자,여,71세,중상
2014122900100394,2014년 12월 29일 17시,월요일,경상북도 포항시 남구 대잠동,중상사고,0,1,0,0,차대차 - 추돌 - 진행중,안전운전불이행,건조,맑음,단일로 - 기타,이륜,남,34세,중상,승용,여,21세,상해없음
2014122900100452,2014년 12월 29일 18시,월요일,경상북도 경주시 안강읍,경상사고,0,0,1,0,차대사람 - 차도통행중,안전운전불이행,건조,맑음,단일로 - 기타,승용,남,53세,상해없음,보행자,남,54세,경상
2014122900100453,2014년 12월 29일 18시,월요일,경상북도 영천시 청통면,중상사고,0,1,0,0,차대사람 - 횡단중,보행자보호의무위반,건조,맑음,단일로 - 기타,승용,남,49세,상해없음,보행자,여,78세,중상
2014122900100454,2014년 12월 29일 18시,월요일,경상북도 경산시 중방동,경상사고,0,0,1,0,차대차 - 기타,안전거리미확보,건조,맑음,단일로 - 기타,승용,남,28세,상해없음,화물,남,40세,경상
2014122900100497,2014년 12월 29일 19시,월요일,경상북도 포항시 북구 두호동,부상신고사고,0,0,0,1,차대차 - 기타,교차로운행방법위반,건조,맑음,교차로 - 교차로안,승용,남,50세,상해없음,원동기,남,16세,부상신고
2014122900100498,2014년 12월 29일 19시,월요일,경상북도 영주시 하망동,중상사고,0,1,0,0,차대사람 - 횡단중,안전운전불이행,건조,맑음,단일로 - 기타,승용,남,49세,상해없음,보행자,여,40세,중상
2014122900100499,2014년 12월 29일 19시,월요일,경상북도 경산시 중방동,경상사고,0,0,1,0,차대사람 - 기타,안전운전불이행,건조,맑음,교차로 - 교차로안,승용,여,53세,상해없음,보행자,남,7세,경상
2014122900100540,2014년 12월 29일 20시,월요일,경상북도 경주시 황성동,경상사고,0,0,1,0,차대차 - 기타,안전운전불이행,건조,맑음,교차로 - 교차로부근,승용,여,25세,상해없음,승합,남,21세,경상
2014122900100541,2014년 12월 29일 20시,월요일,경상북도 구미시 사곡동,경상사고,0,0,1,0,차대사람 - 기타,안전운전불이행,건조,맑음,단일로 - 기타,승용,남,46세,상해없음,보행자,여,24세,경상
2014122900100586,2014년 12월 29일 21시,월요일,경상북도 포항시 북구 대신동,경상사고,0,0,1,0,차대차 - 측면직각충돌,안전거리미확보,건조,맑음,단일로 - 기타,기타불명,기타불명,기타불명,기타불명,자전거,여,66세,경상
2014122900100587,2014년 12월 29일 21시,월요일,경상북도 포항시 북구 두호동,중상사고,0,1,0,0,차대차 - 기타,안전운전불이행,건조,맑음,단일로 - 기타,승용,남,47세,상해없음,화물,남,29세,중상
2014122900100616,2014년 12월 29일 22시,월요일,경상북도 포항시 남구 오천읍,경상사고,0,0,1,0,차대차 - 기타,안전운전불이행,건조,맑음,단일로 - 기타,승용,남,65세,상해없음,이륜,남,18세,경상
2014122900100661,2014년 12월 29일 23시,월요일,경상북도 포항시 남구 대잠동,경상사고,0,0,1,0,차대차 - 추돌 - 진행중,안전운전불이행,건조,맑음,단일로 - 기타,승용,여,52세,상해없음,승용,남,58세,경상
2014123000100015,2014년 12월 30일 00시,화요일,경상북도 칠곡군 석적읍,부상신고사고,0,0,0,1,차량단독 - 공작물충돌,안전운전불이행,건조,맑음,교차로 - 교차로부근,승용,남,34세,부상신고,,,,
2014123000100037,2014년 12월 30일 01시,화요일,경상북도 안동시 수상동,중상사고,0,2,0,0,차대차 - 측면직각충돌,차로위반,건조,맑음,교차로 - 교차로부근,승용,남,36세,상해없음,승용,여,53세,중상
2014123000100060,2014년 12월 30일 02시,화요일,경상북도 경주시 산내면,중상사고,0,1,0,0,차량단독 - 공작물충돌,안전운전불이행,건조,맑음,단일로 - 기타,승용,남,30세,중상,,,,
2014123000100085,2014년 12월 30일 04시,화요일,경상북도 안동시 금곡동,중상사고,0,2,2,0,차대차 - 기타,직진우회전진행방해,건조,맑음,교차로 - 교차로안,승용,남,19세,경상,승용,남,52세,중상
2014123000100113,2014년 12월 30일 06시,화요일,경상북도 포항시 북구 두호동,중상사고,0,3,0,0,차대차 - 기타,신호위반,건조,맑음,교차로 - 교차로안,승용,남,65세,상해없음,승용,남,31세,중상
2014123000100114,2014년 12월 30일 06시,화요일,경상북도 구미시 송정동,중상사고,0,1,0,0,차대사람 - 기타,안전운전불이행,건조,맑음,기타 - 기타,기타불명,기타불명,기타불명,기타불명,보행자,남,25세,중상
2014123000100137,2014년 12월 30일 07시,화요일,경상북도 구미시 비산동,경상사고,0,0,1,0,차대차 - 기타,교차로운행방법위반,건조,맑음,교차로 - 교차로안,화물,남,56세,상해없음,승용,남,43세,경상
2014123000100138,2014년 12월 30일 07시,화요일,경상북도 구미시 사곡동,중상사고,0,1,1,0,차대차 - 기타,신호위반,건조,맑음,교차로 - 교차로안,승용,여,61세,상해없음,승용,남,59세,경상
2014123000100206,2014년 12월 30일 09시,화요일,경상북도 안동시 용상동,경상사고,0,0,1,0,차대차 - 기타,교차로운행방법위반,건조,맑음,교차로 - 교차로안,승용,여,51세,상해없음,승용,남,43세,상해없음
2014123000100207,2014년 12월 30일 09시,화요일,경상북도 상주시 남성동,경상사고,0,0,1,0,차대차 - 기타,안전운전불이행,건조,맑음,단일로 - 기타,승용,여,55세,상해없음,승용,남,51세,상해없음
2014123000100241,2014년 12월 30일 10시,화요일,경상북도 안동시 남문동,경상사고,0,0,1,0,차대사람 - 기타,안전운전불이행,건조,맑음,교차로 - 교차로부근,승용,여,59세,상해없음,보행자,남,60세,경상
2014123000100273,2014년 12월 30일 11시,화요일,경상북도 포항시 북구 흥해읍,중상사고,0,1,0,0,차대차 - 기타,안전운전불이행,건조,맑음,단일로 - 기타,승용,여,21세,상해없음,원동기,남,76세,중상
2014123000100274,2014년 12월 30일 11시,화요일,경상북도 안동시 일직면,경상사고,0,0,1,0,차대차 - 측면직각충돌,안전운전불이행,건조,맑음,교차로 - 교차로안,농기계,남,47세,경상,화물,남,73세,상해없음
2014123000100275,2014년 12월 30일 11시,화요일,경상북도 칠곡군 왜관읍,경상사고,0,0,1,0,차대차 - 기타,안전운전불이행,건조,맑음,단일로 - 기타,승용,여,29세,상해없음,원동기,남,68세,경상
2014123000100276,2014년 12월 30일 11시,화요일,경상북도 경산시 압량면,경상사고,0,0,1,0,차대차 - 기타,안전운전불이행,건조,맑음,단일로 - 기타,자전거,남,16세,경상,화물,남,67세,기타불명
2014123000100309,2014년 12월 30일 12시,화요일,경상북도 김천시 양천동,경상사고,0,0,2,0,차대차 - 추돌 - 진행중,안전운전불이행,건조,맑음,교차로 - 교차로안,승용,남,33세,상해없음,승용,여,32세,경상
2014123000100310,2014년 12월 30일 12시,화요일,경상북도 상주시 냉림동,경상사고,0,0,1,1,차대차 - 측면직각충돌,교차로운행방법위반,건조,맑음,교차로 - 교차로안,승용,여,52세,부상신고,승용,남,28세,경상
2014123000100311,2014년 12월 30일 12시,화요일,경상북도 영천시 야사동,경상사고,0,0,1,0,차대사람 - 횡단중,안전운전불이행,건조,맑음,단일로 - 기타,승용,남,66세,상해없음,보행자,남,9세,경상
2014123000100312,2014년 12월 30일 12시,화요일,경상북도 구미시 광평동,경상사고,0,0,1,0,차대차 - 기타,중앙선침범,건조,맑음,교차로 - 교차로부근,승용,남,26세,상해없음,승용,남,59세,경상
2014123000100345,2014년 12월 30일 13시,화요일,경상북도 영천시 북안면,경상사고,0,0,1,0,차대차 - 측면직각충돌,안전운전불이행,건조,맑음,단일로 - 기타,승용,여,62세,경상,화물,남,55세,상해없음
2014123000100346,2014년 12월 30일 13시,화요일,경상북도 구미시 도개면,경상사고,0,0,7,0,차대차 - 기타,안전운전불이행,습기,맑음,단일로 - 기타,화물,남,56세,경상,승용,여,43세,경상
2014123000100380,2014년 12월 30일 14시,화요일,경상북도 김천시 개령면,경상사고,0,0,1,0,차대차 - 측면직각충돌,교차로운행방법위반,건조,맑음,교차로 - 교차로안,승용,남,32세,상해없음,화물,남,42세,경상
2014123000100381,2014년 12월 30일 14시,화요일,경상북도 구미시 원평동,중상사고,0,1,0,0,차대차 - 기타,안전운전불이행,건조,맑음,교차로 - 교차로안,승용,여,46세,상해없음,원동기,남,63세,중상
2014123000100417,2014년 12월 30일 15시,화요일,경상북도 경산시 백천동,경상사고,0,0,1,0,차대차 - 기타,중앙선침범,건조,맑음,단일로 - 기타,원동기,남,47세,경상,승용,남,59세,상해없음
2014123000100418,2014년 12월 30일 15시,화요일,경상북도 경산시 중산동,중상사고,0,1,0,0,차대사람 - 기타,안전운전불이행,건조,맑음,교차로 - 교차로안,화물,남,35세,상해없음,보행자,여,87세,중상
2014123000100419,2014년 12월 30일 15시,화요일,경상북도 포항시 남구 오천읍,경상사고,0,0,1,0,차대차 - 기타,신호위반,건조,맑음,교차로 - 교차로안,승용,남,28세,기타불명,승용,여,35세,경상
2014123000100448,2014년 12월 30일 16시,화요일,경상북도 경주시 외동읍,경상사고,0,0,1,0,차대차 - 기타,안전운전불이행,건조,맑음,단일로 - 기타,승합,남,32세,상해없음,승용,남,38세,경상
2014123000100449,2014년 12월 30일 16시,화요일,경상북도 포항시 북구 용흥동,경상사고,0,0,1,0,차량단독 - 기타,안전운전불이행,건조,맑음,단일로 - 기타,승합,남,58세,상해없음,,,,
2014123000100450,2014년 12월 30일 16시,화요일,경상북도 포항시 북구 남빈동,경상사고,0,0,1,0,차대차 - 기타,교차로운행방법위반,건조,맑음,교차로 - 교차로안,승용,남,74세,상해없음,승용,남,56세,경상
2014123000100485,2014년 12월 30일 17시,화요일,경상북도 경주시 외동읍,경상사고,0,0,3,0,차대차 - 기타,안전운전불이행,건조,맑음,단일로 - 기타,화물,남,62세,상해없음,승용,여,44세,경상
2014123000100486,2014년 12월 30일 17시,화요일,경상북도 경주시 외동읍,경상사고,0,0,3,0,차대차 - 기타,안전운전불이행,건조,맑음,단일로 - 기타,승용,남,32세,상해없음,승용,남,36세,경상
2014123000100487,2014년 12월 30일 17시,화요일,경상북도 포항시 북구 장성동,경상사고,0,0,1,0,차대차 - 기타,교차로운행방법위반,건조,맑음,교차로 - 교차로안,승용,여,26세,상해없음,승용,남,48세,경상
2014123000100488,2014년 12월 30일 17시,화요일,경상북도 구미시 원평동,경상사고,0,0,1,0,차대차 - 기타,안전운전불이행,건조,맑음,단일로 - 기타,화물,남,65세,상해없음,원동기,남,17세,경상
2014123000100489,2014년 12월 30일 17시,화요일,경상북도 구미시 옥성면,경상사고,0,0,5,0,차대차 - 추돌 - 진행중,안전운전불이행,건조,맑음,단일로 - 기타,승용,남,57세,상해없음,승용,남,38세,경상
2014123000100535,2014년 12월 30일 18시,화요일,경상북도 포항시 북구 청하면,경상사고,0,0,3,0,차대차 - 기타,안전거리미확보,건조,맑음,단일로 - 기타,승용,남,41세,상해없음,승용,남,43세,경상
2014123000100536,2014년 12월 30일 18시,화요일,경상북도 김천시 덕곡동,사망사고,1,0,0,0,차대사람 - 기타,보행자보호의무위반,건조,맑음,단일로 - 횡단보도상,승용,남,52세,상해없음,보행자,여,59세,사망
2014123000100537,2014년 12월 30일 18시,화요일,경상북도 성주군 성주읍,경상사고,0,0,1,0,차대차 - 기타,안전운전불이행,건조,맑음,교차로 - 교차로부근,화물,남,61세,상해없음,자전거,여,22세,경상
2014123000100538,2014년 12월 30일 18시,화요일,경상북도 구미시 형곡동,경상사고,0,0,1,0,차대사람 - 기타,안전운전불이행,건조,맑음,교차로 - 교차로부근,기타불명,기타불명,기타불명,기타불명,보행자,남,62세,경상
2014123000100539,2014년 12월 30일 18시,화요일,경상북도 포항시 남구 오천읍,중상사고,0,1,0,0,차대차 - 기타,차로위반,건조,맑음,단일로 - 기타,승용,여,41세,상해없음,이륜,남,41세,중상
2014123000100540,2014년 12월 30일 18시,화요일,경상북도 포항시 남구 오천읍,중상사고,0,1,0,0,차대차 - 측면직각충돌,신호위반,건조,맑음,교차로 - 교차로안,승용,남,26세,상해없음,이륜,남,60세,중상
2014123000100541,2014년 12월 30일 18시,화요일,경상북도 포항시 남구 청림동,경상사고,0,0,1,0,차대사람 - 기타,안전운전불이행,건조,맑음,단일로 - 기타,이륜,남,51세,상해없음,보행자,여,16세,경상
2014123000100577,2014년 12월 30일 19시,화요일,경상북도 김천시 지좌동,중상사고,0,2,2,0,차대차 - 측면직각충돌,안전운전불이행,건조,맑음,교차로 - 교차로부근,승용,남,63세,상해없음,승용,여,47세,경상
2014123000100578,2014년 12월 30일 19시,화요일,경상북도 구미시 선산읍,중상사고,0,1,0,0,차대차 - 기타,안전운전불이행,건조,맑음,단일로 - 기타,기타불명,기타불명,기타불명,기타불명,승용,남,54세,중상
2014123000100620,2014년 12월 30일 20시,화요일,경상북도 경주시 내남면,경상사고,0,0,1,0,차대차 - 기타,안전운전불이행,건조,맑음,단일로 - 기타,승용,남,32세,상해없음,승용,여,58세,경상
2014123000100621,2014년 12월 30일 20시,화요일,경상북도 경산시 중방동,중상사고,0,1,0,0,차대사람 - 기타,보행자보호의무위반,건조,맑음,교차로 - 교차로안,승용,남,52세,상해없음,보행자,남,29세,중상
2014123000100622,2014년 12월 30일 20시,화요일,경상북도 구미시 고아읍,경상사고,0,0,1,0,차대차 - 기타,안전운전불이행,건조,맑음,교차로 - 교차로부근,승용,남,47세,상해없음,승용,남,31세,경상
2014123000100651,2014년 12월 30일 21시,화요일,경상북도 경주시 동천동,중상사고,0,1,0,0,차대차 - 기타,신호위반,건조,맑음,교차로 - 교차로안,승용,남,34세,상해없음,승용,남,40세,중상
2014123000100652,2014년 12월 30일 21시,화요일,경상북도 경주시 동천동,경상사고,0,0,1,0,차대사람 - 기타,안전운전불이행,건조,맑음,단일로 - 기타,승용,남,49세,상해없음,보행자,여,54세,경상
2014123000100653,2014년 12월 30일 21시,화요일,경상북도 포항시 북구 흥해읍,중상사고,0,1,0,0,차대차 - 기타,중앙선침범,건조,맑음,단일로 - 기타,승용,여,58세,상해없음,원동기,남,21세,중상
2014123000100654,2014년 12월 30일 21시,화요일,경상북도 영주시 휴천동,경상사고,0,0,2,0,차대차 - 측면직각충돌,안전운전불이행,건조,맑음,교차로 - 교차로안,승용,남,48세,상해없음,승용,남,25세,경상
2014123000100728,2014년 12월 30일 23시,화요일,경상북도 김천시 지좌동,중상사고,0,1,0,0,차대차 - 측면직각충돌,안전운전불이행,건조,맑음,단일로 - 기타,승용,남,48세,상해없음,이륜,여,70세,중상
2014123000100729,2014년 12월 30일 23시,화요일,경상북도 포항시 남구 대도동,중상사고,0,1,0,0,차대사람 - 기타,안전운전불이행,건조,맑음,단일로 - 기타,승용,남,49세,상해없음,보행자,여,36세,중상
2014123100100018,2014년 12월 31일 00시,수요일,경상북도 구미시 사곡동,중상사고,0,1,0,0,차대차 - 기타,안전운전불이행,건조,맑음,단일로 - 기타,승용,여,35세,기타불명,원동기,남,19세,중상
2014123100100082,2014년 12월 31일 04시,수요일,경상북도 구미시 원평동,중상사고,0,1,4,0,차대차 - 기타,안전운전불이행,건조,맑음,교차로 - 교차로부근,승용,남,38세,상해없음,승합,남,53세,경상
2014123100100087,2014년 12월 31일 05시,수요일,경상북도 포항시 북구 두호동,중상사고,0,1,0,0,차대사람 - 기타,중앙선침범,건조,맑음,단일로 - 기타,승용,남,62세,상해없음,보행자,남,37세,중상
2014123100100117,2014년 12월 31일 07시,수요일,경상북도 문경시 산양면,중상사고,0,1,0,0,차대차 - 측면직각충돌,안전운전불이행,적설,눈,교차로 - 교차로안,화물,여,61세,상해없음,승용,남,55세,중상
2014123100100118,2014년 12월 31일 07시,수요일,경상북도 구미시 도개면,경상사고,0,0,3,0,차량단독 - 기타,안전운전불이행,결빙,눈,단일로 - 기타,승합,남,59세,상해없음,,,,
2014123100100141,2014년 12월 31일 08시,수요일,경상북도 안동시 송천동,경상사고,0,0,3,0,차대차 - 기타,중앙선침범,습기,맑음,단일로 - 기타,화물,남,40세,경상,승용,남,44세,경상
2014123100100142,2014년 12월 31일 08시,수요일,경상북도 김천시 구성면,경상사고,0,0,2,0,차대차 - 측면직각충돌,중앙선침범,결빙,눈,단일로 - 기타,승용,여,40세,상해없음,화물,남,48세,경상
2014123100100143,2014년 12월 31일 08시,수요일,경상북도 문경시 영순면,경상사고,0,0,1,0,차대차 - 기타,안전운전불이행,적설,맑음,교차로 - 교차로안,승용,남,28세,상해없음,승용,남,30세,경상
2014123100100177,2014년 12월 31일 09시,수요일,경상북도 경주시 동부동,경상사고,0,0,1,0,차대차 - 기타,안전운전불이행,건조,맑음,교차로 - 교차로안,승용,여,38세,상해없음,승합,남,25세,경상
2014123100100178,2014년 12월 31일 09시,수요일,경상북도 포항시 북구 흥해읍,경상사고,0,0,1,0,차대차 - 기타,불법유턴,건조,흐림,단일로 - 기타,승용,남,55세,상해없음,원동기,남,69세,경상
2014123100100179,2014년 12월 31일 09시,수요일,경상북도 예천군 용문면,중상사고,0,2,1,0,차대차 - 정면충돌,안전운전불이행,적설,눈,단일로 - 기타,승용,남,43세,상해없음,승합,남,50세,경상
2014123100100180,2014년 12월 31일 09시,수요일,경상북도 봉화군 봉화읍,중상사고,0,1,0,0,차대차 - 측면직각충돌,직진우회전진행방해,습기,흐림,교차로 - 교차로안,건설기계,남,45세,상해없음,원동기,남,42세,중상
2014123100100210,2014년 12월 31일 10시,수요일,경상북도 안동시 길안면,경상사고,0,0,1,0,차대차 - 기타,안전운전불이행,적설,흐림,단일로 - 기타,승용,남,61세,상해없음,승용,여,55세,경상
2014123100100211,2014년 12월 31일 10시,수요일,경상북도 영주시 영주동,중상사고,0,1,0,0,차대사람 - 기타,보행자보호의무위반,건조,흐림,교차로 - 교차로부근,승합,남,42세,상해없음,보행자,여,75세,중상
2014123100100212,2014년 12월 31일 10시,수요일,경상북도 구미시 고아읍,경상사고,0,0,1,0,차대차 - 기타,중앙선침범,결빙,흐림,단일로 - 기타,승용,남,45세,상해없음,화물,남,58세,경상
2014123100100234,2014년 12월 31일 11시,수요일,경상북도 안동시 광석동,경상사고,0,0,1,0,차대차 - 기타,안전운전불이행,건조,맑음,교차로 - 교차로부근,화물,남,55세,상해없음,승용,여,45세,경상
2014123100100284,2014년 12월 31일 13시,수요일,경상북도 영주시 상망동,경상사고,0,0,1,0,차대차 - 측면직각충돌,안전운전불이행,건조,맑음,단일로 - 기타,승용,남,53세,상해없음,승용,여,49세,경상
2014123100100285,2014년 12월 31일 13시,수요일,경상북도 청도군 매전면,경상사고,0,0,1,1,차대차 - 정면충돌,중앙선침범,적설,눈,단일로 - 기타,화물,남,38세,부상신고,승용,남,33세,경상
2014123100100309,2014년 12월 31일 14시,수요일,경상북도 청도군 화양읍,중상사고,0,1,3,0,차대차 - 기타,안전운전불이행,습기,흐림,단일로 - 기타,농기계,남,77세,상해없음,승용,여,31세,상해없음
2014123100100351,2014년 12월 31일 15시,수요일,경상북도 영양군 일월면,중상사고,0,1,0,0,차량단독 - 전도전복,안전운전불이행,적설,맑음,기타 - 기타,화물,남,55세,중상,,,,
2014123100100352,2014년 12월 31일 15시,수요일,경상북도 영천시 임고면,사망사고,1,0,1,0,차대차 - 추돌 - 진행중,안전운전불이행,건조,흐림,단일로 - 터널,화물,남,53세,경상,화물,남,50세,상해없음
2014123100100378,2014년 12월 31일 16시,수요일,경상북도 경주시 황오동,경상사고,0,0,1,0,차대사람 - 기타,안전운전불이행,건조,맑음,교차로 - 교차로안,승용,여,28세,상해없음,보행자,남,49세,경상
2014123100100379,2014년 12월 31일 16시,수요일,경상북도 포항시 남구 대송면,중상사고,0,1,0,0,차대차 - 측면직각충돌,안전운전불이행,건조,맑음,교차로 - 교차로안,화물,남,33세,상해없음,원동기,남,30세,중상
2014123100100380,2014년 12월 31일 16시,수요일,경상북도 포항시 남구 연일읍,경상사고,0,0,1,0,차대차 - 추돌 - 진행중,안전거리미확보,건조,맑음,단일로 - 기타,승용,여,55세,상해없음,승용,여,45세,경상
2014123100100424,2014년 12월 31일 17시,수요일,경상북도 칠곡군 왜관읍,경상사고,0,0,1,0,차대차 - 측면직각충돌,안전운전불이행,건조,맑음,교차로 - 교차로안,승용,남,50세,상해없음,승용,여,69세,경상
2014123100100425,2014년 12월 31일 17시,수요일,경상북도 경산시 사정동,중상사고,0,1,0,0,차대사람 - 기타,안전운전불이행,건조,맑음,단일로 - 기타,승합,남,58세,상해없음,보행자,남,49세,중상
2014123100100426,2014년 12월 31일 17시,수요일,경상북도 포항시 남구 연일읍,경상사고,0,0,1,0,차대차 - 측면직각충돌,교차로운행방법위반,건조,맑음,교차로 - 교차로안,승용,남,59세,상해없음,승용,여,48세,경상
2014123100100427,2014년 12월 31일 17시,수요일,경상북도 포항시 남구 해도동,경상사고,0,0,1,0,차대차 - 기타,중앙선침범,건조,맑음,단일로 - 기타,승용,남,61세,상해없음,자전거,여,55세,경상
2014123100100479,2014년 12월 31일 18시,수요일,경상북도 포항시 북구 우현동,중상사고,0,1,0,0,차대차 - 기타,신호위반,건조,맑음,교차로 - 교차로안,승용,남,36세,상해없음,원동기,남,22세,중상
2014123100100526,2014년 12월 31일 19시,수요일,경상북도 포항시 북구 송라면,경상사고,0,0,1,0,차대차 - 추돌 - 주정차중,안전거리미확보,건조,맑음,교차로 - 교차로안,승용,여,43세,상해없음,승용,여,24세,경상
2014123100100527,2014년 12월 31일 19시,수요일,경상북도 안동시 남문동,경상사고,0,0,1,0,차대차 - 기타,차로위반,건조,맑음,단일로 - 기타,승용,남,29세,상해없음,승용,남,38세,경상
2014123100100528,2014년 12월 31일 19시,수요일,경상북도 상주시 낙양동,경상사고,0,0,1,0,차대차 - 측면직각충돌,신호위반,건조,맑음,교차로 - 교차로안,승용,남,59세,상해없음,승용,남,51세,경상
2014123100100578,2014년 12월 31일 20시,수요일,경상북도 경산시 사동,경상사고,0,0,1,0,차대사람 - 기타,안전운전불이행,건조,맑음,단일로 - 기타,승용,여,31세,상해없음,보행자,여,20세,경상
2014123100100579,2014년 12월 31일 20시,수요일,경상북도 포항시 남구 상도동,경상사고,0,0,1,0,차대차 - 측면직각충돌,안전운전불이행,건조,맑음,단일로 - 기타,승용,남,16세,상해없음,승용,남,20세,경상
2014123100100611,2014년 12월 31일 21시,수요일,경상북도 안동시 길안면,중상사고,0,3,0,0,차대차 - 기타,중앙선침범,결빙,흐림,단일로 - 기타,승용,남,63세,중상,승용,남,47세,중상
2014123100100612,2014년 12월 31일 21시,수요일,경상북도 상주시 외답동,경상사고,0,0,1,0,차대차 - 추돌 - 진행중,안전운전불이행,적설,눈,단일로 - 기타,특수,남,55세,상해없음,승용,여,34세,경상
2014123100100613,2014년 12월 31일 21시,수요일,경상북도 경산시 진량읍,중상사고,0,1,0,0,차대차 - 기타,신호위반,건조,흐림,교차로 - 교차로안,승합,남,67세,상해없음,원동기,남,19세,중상
2014123100100614,2014년 12월 31일 21시,수요일,경상북도 구미시 사곡동,경상사고,0,0,1,0,차대사람 - 횡단중,안전운전불이행,건조,맑음,교차로 - 교차로안,화물,남,52세,기타불명,보행자,남,22세,경상
2014123100100640,2014년 12월 31일 22시,수요일,경상북도 구미시 송정동,경상사고,0,0,1,0,차대차 - 추돌 - 진행중,안전운전불이행,건조,맑음,교차로 - 교차로부근,기타불명,기타불명,기타불명,기타불명,승용,여,49세,경상
2014123100100676,2014년 12월 31일 23시,수요일,경상북도 영주시 영주동,중상사고,0,3,0,0,차대차 - 추돌 - 주정차중,안전운전불이행,건조,맑음,교차로 - 교차로부근,화물,남,32세,상해없음,승용,여,47세,중상